gene,log2FC,mean_responder,mean_nonresponder,statistic,p_value,fdr
SGOL1,0.6836,9.2954,8.6118,10755.0,2.5915804961818295e-06,0.004637980148019828
PCDHGC3,-0.5969,9.3405,9.9374,4890.0,2.6951781926961714e-06,0.004637980148019828
ZSWIM6,-0.3517,10.0912,10.443,4917.0,3.3269524976409647e-06,0.004637980148019828
KCND3,-1.0596,6.9705,8.0302,4978.0,5.318585574186121e-06,0.004637980148019828
PSMC4,0.2779,11.7196,11.4417,10660.0,5.400188265309747e-06,0.004637980148019828
FANCI,0.4552,13.2184,12.7632,10658.0,5.482988848219179e-06,0.004637980148019828
ESPL1,0.6354,10.1714,9.5361,10651.0,5.782467706504044e-06,0.004637980148019828
POLA2,0.3819,10.2514,9.8695,10649.0,5.870868942518681e-06,0.004637980148019828
DSN1,0.3762,9.7682,9.392,10647.0,5.960562806251386e-06,0.004637980148019828
CHST3,-0.645,7.8696,8.5146,5062.0,9.996366401273138e-06,0.006954508368682505
RFC5,0.4222,9.9468,9.5246,10566.0,1.0923831508711632e-05,0.006954508368682505
NUF2,0.7368,9.9246,9.1878,10543.0,1.2935973313486266e-05,0.007549218426195359
GPATCH1,0.2532,10.2062,9.9529,10495.0,1.8332044321900198e-05,0.007612677416450518
SPAG5,0.53,11.7358,11.2057,10489.0,1.9140987768336583e-05,0.007612677416450518
POLE,0.3443,12.0727,11.7283,10486.0,1.955809978011236e-05,0.007612677416450518
C17orf53,0.4685,8.8075,8.339,10475.0,2.1162791196691708e-05,0.007612677416450518
BRCC3,0.3395,9.7395,9.3999,10462.0,2.3220916964222145e-05,0.007612677416450518
CSTF2,0.2746,10.3641,10.0895,10455.0,2.4406648366397643e-05,0.007612677416450518
MCM2,0.5613,10.6666,10.1053,10449.0,2.5468625119947496e-05,0.007612677416450518
BLM,0.4358,10.7855,10.3497,10448.0,2.5649840047834867e-05,0.007612677416450518
ARL6IP1,0.3768,12.0676,11.6908,10446.0,2.601595559369e-05,0.007612677416450518
CCNB2,0.5494,9.6866,9.1372,10444.0,2.6387037776062717e-05,0.007612677416450518
ACVR1,-0.3137,10.9039,11.2176,5204.0,2.7922314588216667e-05,0.007612677416450518
INCENP,0.3676,10.9264,10.5588,10422.0,3.081545730423816e-05,0.007612677416450518
RFC4,0.4268,10.1753,9.7485,10419.0,3.147143571639154e-05,0.007612677416450518
E2F8,0.5691,10.06,9.4909,10419.0,3.147143571639154e-05,0.007612677416450518
CHAF1B,0.5064,9.6449,9.1385,10411.0,3.3286196889649407e-05,0.007612677416450518
TMPO,0.3649,13.1609,12.796,10407.0,3.423043520277542e-05,0.007612677416450518
SH3TC1,-0.6244,8.4827,9.1071,5236.0,3.495525048575592e-05,0.007612677416450518
RNASEH2A,0.401,10.8161,10.4151,10401.0,3.569462556936381e-05,0.007612677416450518
NUSAP1,0.51,10.8002,10.2902,10401.0,3.569462556936381e-05,0.007612677416450518
MMP10,-1.6432,6.0566,7.6998,5240.5,3.606978530190402e-05,0.007612677416450518
PLK1,0.5223,9.9901,9.4679,10397.0,3.6703583686737484e-05,0.007612677416450518
HIST1H2AM,0.5355,11.5663,11.0308,10396.0,3.696002172773349e-05,0.007612677416450518
EXT1,-0.408,11.7945,12.2025,5251.0,3.880329783148698e-05,0.00776398556325438
RAPGEF3,-0.6763,7.9076,8.5839,5264.0,4.2460352188369204e-05,0.008024230088678844
PRC1,0.5129,10.8674,10.3545,10371.0,4.3952128401430576e-05,0.008024230088678844
EXO1,0.5706,10.6256,10.055,10368.0,4.4870915722205274e-05,0.008024230088678844
POLQ,0.4899,10.9015,10.4116,10363.0,4.644283147231544e-05,0.008024230088678844
RPA3,0.3867,9.1444,8.7577,10361.0,4.7086102639448464e-05,0.008024230088678844
TGFB1,-0.4782,10.4016,10.8798,5281.0,4.773781590737117e-05,0.008024230088678844
FEN1,0.4157,9.0578,8.6421,10347.0,5.1831288249385575e-05,0.008024230088678844
HIST1H2AI,0.7089,10.6419,9.933,10345.0,5.2545075988277844e-05,0.008024230088678844
BUB1B,0.4823,12.04,11.5577,10344.0,5.2905453331235665e-05,0.008024230088678844
ZWINT,0.5351,9.1167,8.5815,10343.0,5.326817188710374e-05,0.008024230088678844
TENC1,-0.486,9.8117,10.2977,5301.0,5.4742744910811235e-05,0.008024230088678844
TYMS,0.5349,10.1077,9.5728,10326.0,5.980674055726693e-05,0.008024230088678844
BRCA1,0.3943,12.2789,11.8846,10322.0,6.145208666901618e-05,0.008024230088678844
F2RL1,-0.6652,7.5368,8.202,5321.0,6.271412285656766e-05,0.008024230088678844
NFIA,-0.5736,10.8873,11.4608,5323.0,6.356906915003406e-05,0.008024230088678844
CEP85,0.365,10.3153,9.9503,10316.0,6.40006681928668e-05,0.008024230088678844
PRIM1,0.4112,9.7385,9.3272,10315.0,6.443503993358002e-05,0.008024230088678844
RAD51,0.4585,9.6466,9.1881,10315.0,6.443503993358002e-05,0.008024230088678844
IFNGR1,-0.3595,11.7883,12.1479,5326.0,6.48722010628639e-05,0.008024230088678844
PLK3,-0.4559,9.2812,9.7371,5327.0,6.531216836422878e-05,0.008024230088678844
KIF4A,0.5343,11.5236,10.9893,10313.0,6.531216836422878e-05,0.008024230088678844
MYBL2,0.7262,11.1517,10.4255,10313.0,6.531216836422878e-05,0.008024230088678844
ST5,-0.4174,10.4213,10.8387,5333.0,6.801185347600714e-05,0.008100249607444553
OBSCN,-0.6405,12.0898,12.7303,5334.0,6.847194181558097e-05,0.008100249607444553
COPA,0.2932,14.0281,13.7349,10304.0,6.94009676491037e-05,0.008100249607444553
TPX2,0.5638,11.7547,11.1908,10297.0,7.274734701441978e-05,0.00835163395314724
KPNA2,0.4343,12.3783,11.944,10289.0,7.675854794964783e-05,0.008670001795022319
LPAR6,-0.5008,9.8537,10.3545,5355.0,7.884171608352521e-05,0.008707799003808072
KNTC1,0.3668,12.9531,12.5863,10282.0,8.043904625769125e-05,0.008707799003808072
CDCA8,0.5091,9.9956,9.4865,10281.0,8.097825328406081e-05,0.008707799003808072
ECT2,0.4459,11.9529,11.507,10279.0,8.206693335018318e-05,0.008707799003808072
NOTCH4,-0.4591,8.835,9.2941,5365.0,8.428592786638358e-05,0.008809766460422154
MCM10,0.5694,9.8909,9.3215,10264.0,9.06841582790059e-05,0.008859741862453889
ABCA6,-0.9368,9.6315,10.5684,5377.0,9.128802703697322e-05,0.008859741862453889
MCM4,0.4849,12.6284,12.1435,10263.0,9.128802703697322e-05,0.008859741862453889
BUB1,0.4334,10.9112,10.4778,10261.0,9.250717710725664e-05,0.008859741862453889
NCAPH,0.513,10.163,9.6501,10260.0,9.312250314502152e-05,0.008859741862453889
DLC1,-0.5007,10.5199,11.0206,5383.0,9.499175616437966e-05,0.008859741862453889
KIF15,0.5623,10.0701,9.5079,10250.0,9.9492065099043e-05,0.008859741862453889
IL1RL1,-0.8826,6.7043,7.5869,5391.0,0.0001001511623439316,0.008859741862453889
UST,-0.709,8.1192,8.8281,5391.0,0.0001001511623439316,0.008859741862453889
HELLS,0.3743,11.3072,10.9329,10246.0,0.00010215327137895888,0.008859741862453889
LTBP4,-0.5483,10.3398,10.888,5394.0,0.00010215327137895888,0.008859741862453889
CACYBP,0.4052,10.6787,10.2736,10242.0,0.00010488156320977121,0.008859741862453889
SSH1,-0.2414,11.4848,11.7262,5398.0,0.00010488156320977121,0.008859741862453889
CCNA2,0.509,10.3676,9.8587,10242.0,0.00010488156320977121,0.008859741862453889
RFC3,0.4222,9.5361,9.1139,10241.0,0.00010557430226639391,0.008859741862453889
NEK2,0.5921,9.7793,9.1872,10240.0,0.0001062713574819544,0.008859741862453889
NCAPG,0.5307,10.5265,9.9958,10240.0,0.0001062713574819544,0.008859741862453889
GRB10,-0.4766,9.9161,10.3927,5407.0,0.00011127372114746531,0.009061044990647669
HIST1H2BO,0.5421,11.0919,10.5497,10233.0,0.00011127372114746531,0.009061044990647669
THBD,-0.7755,10.3189,11.0944,5415.0,0.0001172625102627795,0.009438958153680975
EIF2AK1,0.2234,13.1668,12.9434,10216.0,0.00012436281506996718,0.009849545383380598
KIF23,0.4643,11.2487,10.7844,10215.0,0.00012517628717990478,0.009849545383380598
CASC5,0.4175,11.1872,10.7696,10213.0,0.00012681830154254587,0.009867872952249432
MACF1,-0.2989,15.5338,15.8326,5431.0,0.0001301634222419446,0.010016862043520198
PSMD4,0.3274,12.3589,12.0315,10207.0,0.00013186699773941159,0.010037658534446731
PRR11,0.4745,10.7723,10.2979,10199.0,0.0001388936568609639,0.010458841709648713
NCSTN,0.3236,13.4997,13.1761,10196.0,0.00014161844034452968,0.010465315810780125
DCBLD1,-0.3434,10.2143,10.5576,5445.0,0.00014253783411749925,0.010465315810780125
PCNA,0.3752,11.3919,11.0167,10194.0,0.00014346284704196659,0.010465315810780125
HIST2H2BF,0.4591,13.0059,12.5468,10191.0,0.00014627192110532695,0.01056022952062479
KIF11,0.4553,10.9959,10.5406,10185.0,0.00015204615292536072,0.010865093968737766
KIAA0141,-0.2741,9.5805,9.8546,5459.0,0.0001560141264341808,0.011036029569884526
PIEZO2,-0.6374,9.6664,10.3038,5465.0,0.0001621492415258134,0.01105963803486339
UFC1,0.2851,12.2598,11.9747,10175.0,0.0001621492415258134,0.01105963803486339
NDC80,0.5367,10.3666,9.8299,10175.0,0.0001621492415258134,0.01105963803486339
SDHC,0.3317,11.5895,11.2579,10174.0,0.00016319357362141071,0.01105963803486339
RMI1,0.3767,9.825,9.4483,10173.0,0.0001642442318471787,0.01105963803486339
C1orf112,0.3564,10.7082,10.3518,10169.0,0.00016851084097286448,0.011170965487639229
CENPI,0.4374,9.5157,9.0784,10167.0,0.00017068303686668536,0.011170965487639229
CDC6,0.4711,10.7619,10.2907,10167.0,0.00017068303686668536,0.011170965487639229
ETS2,-0.397,12.15,12.547,5483.0,0.00018194474055362829,0.011797768686083879
BORA,0.3037,9.6178,9.3141,10153.0,0.00018664208076314435,0.011958201908307509
CHAF1A,0.3895,11.1012,10.7116,10152.0,0.00018783410108722348,0.011958201908307509
KIFC1,0.5191,10.4621,9.943,10134.0,0.00021055302757893852,0.013283809478696455
HIST1H2BL,0.6005,11.2329,10.6324,10132.0,0.00021323084946649076,0.013298369907003945
ZWILCH,0.2682,10.2533,9.9852,10131.0,0.00021458172204647235,0.013298369907003945
MCM7,0.3087,12.3645,12.0559,10123.0,0.00022568163928464484,0.013829793659766405
S100A2,-1.505,7.7501,9.2551,5518.0,0.00022710642165830878,0.013829793659766405
KIAA1524,0.3945,10.4279,10.0334,10114.0,0.00023881241956134563,0.014290525753726982
RACGAP1,0.3929,11.0834,10.6905,10112.0,0.00024182613133558352,0.014290525753726982
HIST1H3H,0.6133,9.9497,9.3365,10111.0,0.0002433463323358863,0.014290525753726982
EZH2,0.4425,10.8088,10.3663,10111.0,0.0002433463323358863,0.014290525753726982
SKP2,0.4709,11.5223,11.0514,10110.0,0.0002448754948518118,0.014290525753726982
RAD54L,0.5149,10.6945,10.1796,10097.0,0.0002655926791598056,0.014738307961593053
ATAD5,0.4061,10.518,10.1119,10097.0,0.0002655926791598056,0.014738307961593053
ERI2,0.2912,9.9272,9.6361,10097.0,0.0002655926791598056,0.014738307961593053
HIST1H3B,0.4722,10.0622,9.59,10096.0,0.0002672525467436838,0.014738307961593053
PLK4,0.4018,10.0005,9.5987,10095.0,0.00026892213490519346,0.014738307961593053
PSENEN,0.2878,10.9012,10.6134,10094.0,0.00027060149626092876,0.014738307961593053
NOTCH3,-0.3379,13.3094,13.6473,5546.0,0.00027060149626092876,0.014738307961593053
MELK,0.5203,10.4251,9.9048,10094.0,0.00027060149626092876,0.014738307961593053
TICRR,0.5353,10.3936,9.8582,10092.0,0.00027398975031102065,0.014738307961593053
CIT,0.456,11.2487,10.7927,10091.0,0.00027569874953144223,0.014738307961593053
PDLIM7,-0.5255,8.4514,8.9769,5549.0,0.00027569874953144223,0.014738307961593053
HIST1H2AH,0.4531,11.3019,10.8488,10085.0,0.0002861643523740738,0.015048317992278402
GTSE1,0.4746,9.7742,9.2997,10084.0,0.0002879443968249758,0.015048317992278402
TGFBR2,-0.4187,11.9706,12.3893,5556.0,0.0002879443968249758,0.015048317992278402
SLBP,0.2599,10.972,10.7121,10079.0,0.0002970012772274606,0.015388288144921596
IGFBP4,-0.5214,9.5862,10.1077,5562.0,0.00029884437922452335,0.015388288144921596
DFNA5,-0.5727,8.7084,9.2811,5567.0,0.0003082216621085479,0.015458826213371782
HIST1H2BK,0.321,11.536,11.215,10072.0,0.00031012987915829654,0.015458826213371782
METTL13,0.2521,10.5292,10.2771,10071.0,0.0003120491529742525,0.015458826213371782
SLC20A2,-0.3391,10.1035,10.4426,5570.0,0.00031397954266896845,0.015458826213371782
HJURP,0.5024,9.7605,9.2582,10068.0,0.0003178739075718316,0.015458826213371782
FOXM1,0.5119,10.2617,9.7497,10068.0,0.0003178739075718316,0.015458826213371782
HSPG2,-0.409,14.5924,15.0014,5572.0,0.0003178739075718316,0.015458826213371782
CCNE1,0.5846,9.2498,8.6652,10068.0,0.0003178739075718316,0.015458826213371782
NID1,-0.4762,11.6331,12.1093,5575.0,0.0003238003182906332,0.015511102777316483
ZYX,-0.313,11.0967,11.4097,5575.0,0.0003238003182906332,0.015511102777316483
JAG2,-0.4601,10.208,10.6681,5577.0,0.00032780854077435944,0.015511102777316483
ATXN1,-0.4015,10.0287,10.4302,5577.0,0.00032780854077435944,0.015511102777316483
SPICE1,0.2139,11.8396,11.6257,10058.0,0.0003380331673474993,0.015863194352546746
DNA2,0.3195,9.8366,9.5171,10057.0,0.0003401135740909126,0.015863194352546746
DUSP7,-0.4608,8.4394,8.9002,5584.0,0.00034220595477749176,0.015863194352546746
FANCB,0.4438,8.8034,8.3595,10055.0,0.0003443103729240476,0.015863194352546746
CEP55,0.4645,9.739,9.2746,10052.0,0.0003506964918510773,0.015947581379435676
PRICKLE2,-0.4887,9.2933,9.7819,5588.0,0.0003506964918510773,0.015947581379435676
NUP210,0.4388,11.9434,11.5047,10047.0,0.0003615867893943451,0.01633672442663612
CEP152,0.231,11.7357,11.5047,10044.0,0.0003682719169826895,0.01651970085150927
CXCL9,1.3257,9.0705,7.7448,10043.0,0.00037052585068042434,0.01651970085150927
CREB3L4,0.3713,8.9279,8.5567,10042.0,0.00037279267563124674,0.01651970085150927
DIAPH3,0.4428,10.7409,10.2981,10041.0,0.0003750724597158324,0.01651970085150927
ACTL6A,0.2831,11.5727,11.2895,10038.0,0.0003819902504072661,0.01671923577251303
SASS6,0.2791,9.5712,9.2921,10036.0,0.00038666816553792354,0.01681505345813412
CNN2,-0.4046,10.963,11.3677,5606.0,0.0003913995738478768,0.01681505345813412
LIN9,0.3116,9.178,8.8664,10033.0,0.0003937855135469732,0.01681505345813412
USF1,0.2395,10.133,9.8934,10032.0,0.00039618503792547907,0.01681505345813412
SLIT3,-0.6523,10.8751,11.5273,5608.0,0.00039618503792547907,0.01681505345813412
SHROOM4,-0.4284,11.109,11.5375,5609.0,0.0003985982181371909,0.016815562178402094
PRIM2,0.2509,10.0621,9.8112,10026.0,0.0004108714705785202,0.017126981597984387
CFH,-0.5506,13.6836,14.2343,5614.0,0.0004108714705785202,0.017126981597984387
NOL7,0.22,10.7157,10.4958,10019.0,0.0004286478965379545,0.01746684424729362
VPS72,0.2932,10.6073,10.3142,10019.0,0.0004286478965379545,0.01746684424729362
TPT1,-0.347,15.0817,15.4287,5621.0,0.0004286478965379545,0.01746684424729362
ESCO2,0.4437,9.0273,8.5836,10018.0,0.00043124523170411566,0.01746684424729362
KIF22,0.3319,11.0047,10.6729,10016.0,0.00043648404159308624,0.01746684424729362
HIST1H2BF,0.418,11.3384,10.9204,10016.0,0.00043648404159308624,0.01746684424729362
PLA2R1,-0.5597,10.3817,10.9415,5624.0,0.00043648404159308624,0.01746684424729362
DTL,0.4735,10.0161,9.5426,10015.0,0.00043912566930640913,0.01747271058041354
XRCC3,0.2977,9.5551,9.2574,10013.0,0.0004444537554209334,0.017493430188888607
DNAJA1,0.2692,13.0052,12.7361,10012.0,0.00044714036895774105,0.017493430188888607
USP21,0.2989,10.1516,9.8527,10012.0,0.00044714036895774105,0.017493430188888607
TTK,0.5091,10.2033,9.6942,10011.0,0.00044984213350549897,0.01750135811632783
PARPBP,0.379,9.5925,9.2135,10008.0,0.00045803911974786547,0.017559281235002104
LIF,-0.76,7.6461,8.4061,5633.0,0.0004608022766983498,0.017559281235002104
MTMR4,0.2371,11.3955,11.1584,10006.0,0.00046358098066984123,0.017559281235002104
H2AFZ,0.298,10.484,10.1859,10006.0,0.00046358098066984123,0.017559281235002104
MAP3K5,-0.3609,11.6371,11.998,5635.0,0.00046637531196778396,0.017559281235002104
SKI,-0.2524,10.981,11.2334,5635.0,0.00046637531196778396,0.017559281235002104
TSHZ2,-0.5757,8.5763,9.1519,5639.0,0.0004777105295559487,0.017740204590014776
CDK2,0.316,10.658,10.342,10000.0,0.00048058421511137814,0.017740204590014776
HIST2H2AC,0.3681,11.5684,11.2003,9999.0,0.0004834740176726685,0.017740204590014776
EPB41,0.3576,12.979,12.6215,9998.0,0.0004863800201746162,0.017740204590014776
HIST2H2BE,0.3955,13.0804,12.6849,9998.0,0.0004863800201746162,0.017740204590014776
DEPDC1,0.5573,8.8302,8.2728,9998.0,0.0004863800201746162,0.017740204590014776
TIMELESS,0.3174,11.2483,10.931,9997.0,0.0004893023059335689,0.017754321494574007
NDUFAB1,0.2322,9.9081,9.6758,9995.0,0.0004951960624045977,0.017815204045761993
LTBP2,-0.5755,12.1111,12.6866,5646.0,0.0004981677016705968,0.017815204045761993
PHLDA1,-0.6396,10.5429,11.1824,5647.0,0.000501155961304457,0.017815204045761993
VRK1,0.3278,11.6083,11.2805,9993.0,0.000501155961304457,0.017815204045761993
PSMB4,0.27,12.4669,12.1969,9992.0,0.0005041609265527939,0.017831509942672807
LRIF1,0.27,10.4633,10.1933,9991.0,0.0005071826830528045,0.017848242861400958
GUCY1A2,-0.5077,8.488,8.9957,5650.0,0.0005102213168338058,0.01786539940893571
PFKFB3,-0.4153,11.0995,11.5148,5651.0,0.0005132769143187419,0.017882976273503232
SUDS3,0.2111,10.6944,10.4833,9985.0,0.000525670683619935,0.018045449987207866
PLEC,-0.3934,15.7278,16.1212,5655.0,0.000525670683619935,0.018045449987207866
HDGF,0.3047,12.5637,12.2589,9985.0,0.000525670683619935,0.018045449987207866
TNS1,-0.555,11.8042,12.3593,5657.0,0.0005319716266810085,0.018172669764132208
TEP1,-0.2963,11.5186,11.8149,5660.0,0.0005415551149746503,0.018249070328674653
DBF4,0.3193,9.5508,9.2315,9980.0,0.0005415551149746503,0.018249070328674653
HIST1H2AG,0.4599,12.2239,11.7639,9979.0,0.0005447851904614424,0.018249070328674653
GLYCTK,-0.2774,9.1949,9.4723,5662.0,0.0005480332067256384,0.018249070328674653
COL27A1,-0.5715,10.7123,11.2838,5662.0,0.0005480332067256384,0.018249070328674653
PTPRE,-0.4276,9.7952,10.2228,5664.0,0.0005545834270692529,0.018249070328674653
KIF2C,0.5026,10.4461,9.9435,9976.0,0.0005545834270692529,0.018249070328674653
DONSON,0.3364,10.1072,9.7708,9975.0,0.0005578858149264817,0.018249070328674653
ACAD9,0.213,12.7969,12.5839,9974.0,0.0005612065111199234,0.018249070328674653
DOCK6,-0.3038,11.0606,11.3643,5666.0,0.0005612065111199234,0.018249070328674653
FOXC2,-0.901,6.4955,7.3965,5666.5,0.0005628729388824396,0.018249070328674653
LDLR,-0.4418,11.6667,12.1084,5669.0,0.0005712793811443915,0.018436265005318773
CELSR1,-0.7991,10.0674,10.8665,5670.0,0.0005746742442173517,0.018460751065385844
CBX3,0.2728,11.4466,11.1738,9967.0,0.0005849718773660914,0.018705744553400634
GGH,0.5503,9.188,8.6376,9965.0,0.0005919321252698732,0.01875452814417141
RAB11FIP4,0.4579,10.7685,10.3106,9963.0,0.000598969400673815,0.01875452814417141
TOPBP1,0.2494,12.0976,11.8482,9963.0,0.000598969400673815,0.01875452814417141
PLEKHG2,-0.3182,10.5011,10.8193,5678.0,0.000602517166981871,0.01875452814417141
HMGB2,0.4101,11.2159,10.8058,9961.0,0.000606084482991637,0.01875452814417141
DUSP6,-0.523,9.7851,10.3081,5679.0,0.000606084482991637,0.01875452814417141
SLCO3A1,-0.3896,9.1061,9.4956,5680.0,0.000609671447225774,0.01875452814417141
CCDC77,0.3036,9.2964,8.9928,9960.0,0.000609671447225774,0.01875452814417141
MCM6,0.2894,11.1994,10.9101,9959.0,0.0006132781586484725,0.01875452814417141
DUSP12,0.2736,9.5878,9.3142,9959.0,0.0006132781586484725,0.01875452814417141
A4GALT,-0.4858,9.216,9.7018,5685.0,0.0006279044710558346,0.01911832613393048
HMGB3,0.4539,10.6301,10.1761,9954.0,0.0006316114184547994,0.019147942698869956
KNSTRN,0.356,9.4272,9.0711,9952.0,0.0006390864663732998,0.01929104536212163
SNX18,-0.2223,9.1803,9.4027,5689.0,0.0006428547715515471,0.019321510580152294
LOXL1,-0.5606,8.3839,8.9445,5690.0,0.0006466437347416434,0.0193523336512638
ANXA9,0.925,8.0299,7.1048,9949.0,0.0006504534594155598,0.01938351309058368
SPRED1,-0.3874,11.492,11.8794,5695.0,0.0006659020585295029,0.019759797101195374
HMGA2,-1.3508,3.9506,5.3013,5697.0,0.0006732219265478906,0.01982477655316569
PLEKHH2,-0.5275,9.923,10.4504,5697.0,0.0006737536512428151,0.01982477655316569
LRP10,-0.2484,10.7499,10.9983,5700.0,0.0006856925502567711,0.020091652424469322
RIN3,-0.3261,8.9773,9.3034,5701.0,0.0006897156828097577,0.02012532886131972
RNF217,-0.4646,8.5204,8.985,5702.0,0.000693760745787022,0.020159363081935743
NUP107,0.2694,12.2676,11.9982,9933.0,0.0007143188526896375,0.020371012704729623
PPOX,0.2981,10.0402,9.7421,9933.0,0.0007143188526896375,0.020371012704729623
KIT,-0.6177,9.5521,10.1697,5707.0,0.0007143188526896375,0.020371012704729623
PDE4A,-0.3443,8.9053,9.2496,5708.0,0.0007184978063784402,0.020371012704729623
CENPF,0.5098,12.692,12.1823,9932.0,0.0007184978063784402,0.020371012704729623
ABCA9,-0.772,8.8168,9.5887,5708.0,0.0007184978063784402,0.020371012704729623
EFNB1,-0.5423,9.3041,9.8464,5709.0,0.0007226994644115276,0.02040751753739487
PHLDB1,-0.4261,10.5126,10.9386,5710.0,0.0007269239393016559,0.020444370871202794
LDB2,-0.4527,8.6232,9.0759,5712.0,0.0007354417921737446,0.020519119006345548
AURKA,0.41,11.2271,10.8171,9928.0,0.0007354417921737446,0.020519119006345548
CCNE2,0.5573,8.3899,7.8326,9926.0,0.0007440522750008289,0.020676976515201603
TOP2A,0.4658,13.7187,13.253,9923.0,0.0007571436907084961,0.020793244180516073
PPM1H,0.6349,9.0004,8.3655,9923.0,0.0007571436907084961,0.020793244180516073
PSMC3IP,0.3216,9.817,9.4954,9923.0,0.0007571436907084961,0.020793244180516073
CXCL10,1.1099,9.3657,8.2558,9920.0,0.0007704487233871379,0.020831862586409757
ILF2,0.2721,13.0579,12.7858,9920.0,0.0007704487233871379,0.020831862586409757
STMN1,0.5022,11.7474,11.2452,9920.0,0.0007704487233871379,0.020831862586409757
JAG1,-0.5291,13.3823,13.9114,5720.0,0.0007704487233871379,0.020831862586409757
RAB5A,0.1975,10.8954,10.6979,9919.0,0.0007749317520075344,0.020872488689649093
SHC1,-0.2553,11.2873,11.5425,5723.0,0.0007839705464077355,0.02103504113598993
FOXO1,-0.3814,9.4837,9.8651,5724.0,0.0007885265508481028,0.021076532196905588
PIGM,0.2797,10.2073,9.9276,9914.0,0.0007977123747527974,0.021160529395431213
KIF18A,0.4253,9.7006,9.2754,9914.0,0.0007977123747527974,0.021160529395431213
FAM221A,0.3721,8.8466,8.4745,9913.0,0.0008023424359991695,0.021203034261517675
NDUFS2,0.261,13.2675,13.0065,9912.0,0.000806997425503235,0.02124587583007201
CD93,-0.3997,9.0739,9.4736,5731.0,0.0008211131882503778,0.021536538042387247
KNOP1,0.2269,9.9365,9.7095,9908.0,0.0008258691181252098,0.02158045311280166
PODXL2,0.6723,9.8301,9.1578,9905.0,0.0008402906752691535,0.021794650366332897
UBE2T,0.4558,9.4275,8.9717,9905.0,0.0008402906752691535,0.021794650366332897
SPTBN1,-0.2384,14.6667,14.9051,5737.0,0.0008500344417073544,0.021966019170762373
DNMBP,-0.3912,10.9704,11.3616,5739.0,0.0008598829059802187,0.022138823494777467
KIF14,0.4684,10.6966,10.2283,9898.0,0.0008748541506424601,0.022400609002995994
MAMDC2,-0.7795,6.4013,7.1808,5744.0,0.0008849688535820932,0.022400609002995994
COL4A6,-0.85,8.3287,9.1787,5745.0,0.0008900667580133436,0.022400609002995994
BRIP1,0.418,11.5424,11.1244,9895.0,0.0008900667580133436,0.022400609002995994
TMEM106C,0.3418,11.1128,10.771,9894.0,0.0008951918728375021,0.022400609002995994
CLK4,-0.2409,9.4846,9.7255,5747.0,0.0009003443300700581,0.022400609002995994
SNED1,-0.597,7.8856,8.4827,5748.0,0.0009055242622901173,0.022400609002995994
CGNL1,-0.5627,9.8095,10.3722,5748.0,0.0009055242622901173,0.022400609002995994
RFC2,0.2538,9.8371,9.5833,9891.0,0.0009107318026423511,0.022400609002995994
RPA1,0.2247,11.8609,11.6362,9891.0,0.0009107318026423511,0.022400609002995994
GADD45A,-0.3463,8.8126,9.159,5749.0,0.0009107318026423511,0.022400609002995994
WHSC1,0.2789,12.4685,12.1896,9890.0,0.0009159670848390113,0.022400609002995994
FAM50A,0.2761,12.0024,11.7263,9890.0,0.0009159670848390113,0.022400609002995994
CHD9,-0.2254,13.3976,13.623,5751.0,0.0009212302431619087,0.022400609002995994
NDST1,-0.2669,11.6334,11.9003,5751.0,0.0009212302431619087,0.022400609002995994
PARP2,0.1799,10.8391,10.6592,9889.0,0.0009212302431619087,0.022400609002995994
FANCD2,0.331,12.9161,12.5851,9884.0,0.000947968916654738,0.022971025340253044
GGCT,0.3553,9.9895,9.6343,9883.0,0.0009534021838008065,0.023023018941920853
PTPRG,-0.3845,11.0982,11.4828,5758.0,0.0009588642831618773,0.023075349054923117
SNORA22,0.3119,11.8754,11.5636,9881.0,0.0009643553536485559,0.023128015553427524
RIN2,-0.3309,12.0625,12.3934,5760.0,0.0009698755347591452,0.023155596749056342
RBMS3,-0.4992,8.6045,9.1038,5761.0,0.0009754249665816965,0.023155596749056342
TRIB2,-0.4869,9.574,10.061,5761.0,0.0009754249665816965,0.023155596749056342
CDK1,0.4668,10.359,9.8922,9873.0,0.001009343742223268,0.02364024825013226
CENPJ,0.2777,11.6534,11.3758,9873.0,0.001009343742223268,0.02364024825013226
MKI67,0.4389,15.005,14.5661,9873.0,0.001009343742223268,0.02364024825013226
SAMD4A,-0.456,9.6273,10.0832,5767.0,0.001009343742223268,0.02364024825013226
ATF6,0.2259,12.6721,12.4462,9871.0,0.0010208904535986294,0.02383098615517067
TDRKH,0.444,8.7889,8.3448,9869.0,0.0010325593191119304,0.023943751363380294
ARHGAP6,-0.556,7.4039,7.9599,5771.0,0.0010325593191119304,0.023943751363380294
UHMK1,0.2447,12.4633,12.2186,9868.0,0.0010384399253007442,0.024000642893997066
ENSA,0.2986,9.3026,9.004,9867.0,0.0010443515100072302,0.024036635395035536
ZFP36L2,-0.3808,10.3332,10.7141,5774.0,0.0010502942211739075,0.024036635395035536
H2AFV,0.2309,10.1927,9.9618,9866.0,0.0010502942211739075,0.024036635395035536
CCNF,0.357,9.5982,9.2412,9864.0,0.0010622736177540047,0.024174443153397503
NCAPD2,0.2868,12.6478,12.361,9863.0,0.0010683106021548991,0.024174443153397503
ARHGEF17,-0.3228,10.5761,10.8989,5778.0,0.0010743793109951746,0.024174443153397503
HIPK2,-0.2235,11.4664,11.69,5778.0,0.0010743793109951746,0.024174443153397503
FANCA,0.3713,11.7887,11.4173,9861.0,0.0010804798953324888,0.024174443153397503
ZHX3,-0.2523,9.0464,9.2987,5779.0,0.0010804798953324888,0.024174443153397503
TFDP1,0.2532,10.7994,10.5463,9861.0,0.0010804798953324888,0.024174443153397503
FCGRT,-0.3148,9.2752,9.59,5780.0,0.001086612506853919,0.024234227342350298
ANP32E,0.3735,11.6936,11.3201,9858.0,0.001098974421357174,0.024415595672707315
NCAPG2,0.3408,11.261,10.9203,9857.0,0.0011052040308793688,0.024415595672707315
LRRC32,-0.4991,8.4788,8.9778,5783.0,0.0011052040308793688,0.024415595672707315
TLCD1,0.401,8.5608,8.1597,9856.0,0.0011114662806706865,0.02447672441363779
DDX12P,0.3919,8.7646,8.3727,9853.0,0.0011304504235346922,0.02481675334173495
NR2F1,-0.5032,7.9887,8.4919,5791.0,0.001156229046703708,0.025288182020266753
LMNB1,0.3783,11.5887,11.2104,9848.0,0.0011627580480545329,0.025288182020266753
ARHGAP26,-0.2818,10.6258,10.9076,5792.0,0.0011627580480545329,0.025288182020266753
KLF7,-0.378,8.975,9.3531,5793.0,0.0011693211067742184,0.025352184862971677
ALDOB,-1.2042,1.3051,2.5093,5856.0,0.0011742429809785964,0.025380319740102193
TUFT1,0.4463,11.3644,10.918,9844.0,0.001189216237707165,0.025546261695286124
SULF2,-0.7367,10.2881,11.0248,5796.0,0.001189216237707165,0.025546261695286124
IGFBP7,-0.486,12.6954,13.1814,5797.0,0.0011959171397813782,0.02559932621628882
NHS,-0.4572,11.675,12.1322,5798.0,0.0012026529094900788,0.02559932621628882
WWTR1,-0.4115,9.1105,9.522,5798.0,0.0012026529094900788,0.02559932621628882
CEP68,-0.2344,9.1629,9.3973,5799.0,0.0012094237108897943,0.025665437113215846
TCHP,0.2434,10.1948,9.9515,9839.0,0.001223071068355469,0.02574441956898211
PDE4D,-0.4056,10.0464,10.4521,5801.0,0.001223071068355469,0.02574441956898211
HIP1,-0.2762,10.6628,10.939,5802.0,0.0012299479559082728,0.02574441956898211
SMC2,0.3391,11.0917,10.7526,9838.0,0.0012299479559082728,0.02574441956898211
CACHD1,-0.5477,9.3396,9.8873,5803.0,0.0012368605381302383,0.02574441956898211
CPNE8,-0.5144,8.5069,9.0212,5804.0,0.0012438089824651014,0.02574441956898211
CKAP2L,0.4451,9.4987,9.0535,9835.0,0.0012507934570407417,0.02574441956898211
UBE2C,0.5009,10.0268,9.5259,9834.0,0.001257814130671459,0.02574441956898211
ITGAE,0.4018,8.5676,8.1658,9834.0,0.001257814130671459,0.02574441956898211
SLC22A3,-0.9507,6.7385,7.6893,5806.0,0.001257814130671459,0.02574441956898211
FANCG,0.2457,10.43,10.1843,9833.0,0.001264871172860219,0.02574441956898211
CDC20,0.5371,9.5967,9.0596,9833.0,0.001264871172860219,0.02574441956898211
HADH,0.2641,11.9024,11.6382,9833.0,0.001264871172860219,0.02574441956898211
TPST1,-0.3908,9.7416,10.1324,5808.0,0.0012719647538009151,0.02574441956898211
LIMS1,-0.2172,10.5781,10.7953,5808.0,0.0012719647538009151,0.02574441956898211
ALG10,0.1887,10.0921,9.9034,9832.0,0.0012719647538009151,0.02574441956898211
ATAD2,0.357,12.3832,12.0262,9830.0,0.0012862622161819116,0.02595877319862227
NFATC4,-0.3971,8.6107,9.0078,5812.0,0.0013007078932702923,0.026174877518884646
MALL,-0.6592,6.9238,7.5831,5813.0,0.0013079867452202752,0.02624593460394724
HIST1H2BN,0.3984,10.7036,10.3053,9825.0,0.0013226573478699916,0.026311684448071523
ATXN7L3B,0.2046,9.6559,9.4513,9824.0,0.0013300494494669884,0.026311684448071523
ADAMTS10,-0.556,8.175,8.731,5816.0,0.0013300494494669884,0.026311684448071523
CENPO,0.3287,9.4751,9.1464,9824.0,0.0013300494494669884,0.026311684448071523
CNOT10,0.2027,10.4684,10.2657,9824.0,0.0013300494494669884,0.026311684448071523
ZGRF1,0.2679,10.1596,9.8917,9820.0,0.0013600006513611487,0.026828407215442603
KRT18,0.562,14.334,13.7721,9819.0,0.001367585042234699,0.026902241715644933
KIF20A,0.4337,10.2554,9.8217,9816.0,0.0013905729106534026,0.027201345749626408
HENMT1,0.1922,8.9017,8.7094,9816.0,0.0013905729106534026,0.027201345749626408
CES1,-0.8617,7.4742,8.3359,5825.0,0.0013983143705940879,0.027201345749626408
MPHOSPH9,0.2245,11.0101,10.7855,9814.0,0.0014060955535291674,0.027201345749626408
LYVE1,-0.7186,6.8796,7.5982,5826.0,0.0014060955535291674,0.027201345749626408
PEPD,0.2826,11.6825,11.3999,9814.0,0.0014060955535291674,0.027201345749626408
HIST1H1C,0.2615,12.2587,11.9971,9813.0,0.001413916643215642,0.027277295461264853
EVC,-0.5322,10.5599,11.0921,5828.0,0.0014217778241476001,0.027353599182707813
HIST1H2BJ,0.3935,11.5563,11.1628,9811.0,0.001429679281558565,0.027430257558231863
MAF,-0.4665,10.6146,11.0811,5830.0,0.0014376212014238715,0.027507271239266044
SYNPO,-0.4338,11.9788,12.4126,5831.0,0.001445603770463004,0.02758464088433901
TACC3,0.3571,10.3037,9.9466,9808.0,0.0014536271761419958,0.027662367159028253
HMGN1,0.2724,12.1189,11.8465,9807.0,0.0014616916066757806,0.02774045073590919
DHRS1,-0.2925,8.8245,9.117,5834.0,0.0014697972510305849,0.027818892294505907
TRMT1L,0.2083,10.9301,10.7218,9804.0,0.0014861329408388327,0.02805226141427047
TROAP,0.4688,9.4124,8.9436,9803.0,0.0014943633680026098,0.028131792113231927
KRT8,0.592,14.3434,13.7514,9802.0,0.00150263577241284,0.028211684488490936
KIAA0101,0.3753,8.8703,8.495,9801.0,0.0015109503468279909,0.028291939248225723
EPHB6,-0.8345,10.2925,11.127,5840.0,0.0015193072847721693,0.028302990963239044
RAD18,0.2767,9.404,9.1273,9799.0,0.0015277067805375352,0.028302990963239044
IRS2,-0.3841,9.053,9.4371,5841.0,0.0015277067805375352,0.028302990963239044
RAPGEF4,-0.3067,8.552,8.8587,5841.0,0.0015277067805375352,0.028302990963239044
SGIP1,-0.5185,8.1661,8.6845,5842.0,0.0015361490291867183,0.028384305148798385
ANKH,-0.4289,10.8654,11.2943,5844.0,0.001553162569253839,0.028490045117288657
CCDC8,-0.6891,8.118,8.8071,5844.0,0.001553162569253839,0.028490045117288657
HIST1H2BD,0.3324,13.0562,12.7238,9795.0,0.0015617342546711305,0.028490045117288657
MAP3K4,-0.1871,11.4341,11.6212,5846.0,0.0015703494809757848,0.028490045117288657
EXOSC2,0.2435,9.9442,9.7007,9794.0,0.0015703494809757848,0.028490045117288657
TLR2,-0.4699,9.229,9.6989,5846.0,0.0015703494809757848,0.028490045117288657
KIF13B,-0.2383,11.864,12.1023,5846.0,0.0015703494809757848,0.028490045117288657
RBBP4,0.1839,12.5654,12.3815,9793.0,0.0015790084471190983,0.02857311668003888
HIST1H2BH,0.4736,11.3109,10.8374,9791.0,0.0015964583986544526,0.028814428262312196
CTDSP1,-0.2389,9.1378,9.3767,5850.0,0.001605249785884018,0.028898622752045702
IFT74,0.2267,9.6603,9.4336,9789.0,0.0016140857166321817,0.02890905952321015
UGT1A10,-1.6522,8.8892,10.5414,5851.0,0.0016140857166321817,0.02890905952321015
CENPE,0.3367,11.8479,11.5112,9785.0,0.0016498789448035089,0.02947475063892595
MST1R,-0.8549,8.5836,9.4386,5856.0,0.0016589406526413728,0.02951116273529341
IRAK3,-0.4718,8.8229,9.2946,5857.0,0.0016680481334121215,0.02951116273529341
DYNC2H1,-0.2983,12.0934,12.3917,5857.0,0.0016680481334121215,0.02951116273529341
HMCES,0.1865,10.5462,10.3597,9782.0,0.0016772015948374663,0.02951116273529341
MTAP,0.5913,9.4797,8.8884,9782.0,0.0016772015948374663,0.02951116273529341
ADRB2,-0.5256,8.5094,9.035,5858.0,0.0016772015948374663,0.02951116273529341
EOGT,-0.2795,10.1038,10.3833,5861.0,0.0017049399524554035,0.02977479921956407
GGT5,-0.57,8.0435,8.6136,5861.0,0.0017049399524554035,0.02977479921956407
TNFRSF10B,-0.3428,12.9269,13.2697,5861.0,0.0017049399524554035,0.02977479921956407
CNKSR3,-0.3146,8.3702,8.6848,5863.0,0.0017236659390329643,0.02995243814155794
CSRP1,-0.2934,10.5728,10.8662,5863.0,0.0017236659390329643,0.02995243814155794
KIF20B,0.2851,11.0146,10.7295,9775.0,0.001742580902946448,0.030206173424094
ANLN,0.4755,11.8538,11.3782,9774.0,0.0017521097855714971,0.03029635760088196
GLB1L2,0.6852,8.1271,7.4418,9772.0,0.0017713114277656194,0.030552940710942444
NR1D2,0.2609,11.2373,10.9764,9771.0,0.0017809846200832634,0.030644312762759442
PSMB2,0.2012,11.5138,11.3126,9769.0,0.001800476835325535,0.03084551085450705
TOP3A,0.2057,9.8439,9.6381,9768.0,0.0018102962960448946,0.03084551085450705
EXTL3,-0.2362,11.1434,11.3797,5872.0,0.0018102962960448946,0.03084551085450705
ITGB3,-0.5773,9.4038,9.9811,5872.0,0.0018102962960448946,0.03084551085450705
LRRC8A,-0.3095,10.6595,10.969,5873.0,0.001820164952103482,0.030938386309661857
GBA,0.2381,12.7911,12.553,9766.0,0.0018300830245183786,0.030975661774806144
ALDH1L1,-1.0533,7.3644,8.4178,5875.0,0.0018400507351591256,0.030975661774806144
C12orf29,0.2221,9.3588,9.1367,9765.0,0.0018400507351591256,0.030975661774806144
EHD2,-0.4822,9.138,9.6202,5875.0,0.0018400507351591256,0.030975661774806144
RAB34,-0.5311,9.2733,9.8044,5876.0,0.0018500683067503025,0.031069612355329422
SESN1,-0.3022,9.5392,9.8414,5877.0,0.0018601359628740767,0.031089575532236655
PTHLH,-0.9349,6.1631,7.098,5877.0,0.0018601359628740767,0.031089575532236655
CD59,-0.3088,12.9862,13.295,5879.0,0.0018804224273513913,0.03135380537795665
GPCPD1,-0.2351,10.6469,10.882,5882.0,0.0019112333972120632,0.031791846747449115
GPR133,-0.8287,7.1962,8.0249,5884.0,0.0019320308848344095,0.03206164048932552
HIST1H3F,0.4724,10.5712,10.0988,9755.0,0.0019425073699350687,0.03208344130107379
NISCH,-0.2027,11.8999,12.1027,5885.0,0.0019425073699350687,0.03208344130107379
GANC,-0.2467,10.719,10.9657,5886.0,0.0019530359908234802,0.03218143774996902
IQGAP3,0.4904,11.2896,10.7992,9752.0,0.001974250570048233,0.03245464023954877
FECH,0.1999,10.6457,10.4458,9750.0,0.0019956764915536494,0.03273002920456723
FRMD6,-0.5055,10.7285,11.234,5891.0,0.0020064692936349465,0.03275362345763527
PRKG1,-0.4837,8.8573,9.341,5891.0,0.0020064692936349465,0.03275362345763527
ANTXR2,-0.4188,8.7561,9.1749,5894.0,0.002039169908967428,0.03313296258120394
RFWD3,0.2496,11.1071,10.8575,9746.0,0.002039169908967428,0.03313296258120394
TCN1,-1.5042,6.7117,8.2158,5894.5,0.0020446432901304375,0.033144992964776514
PORCN,-0.2996,8.9298,9.2294,5895.0,0.002050178312298826,0.0331579647136921
HMMR,0.4064,9.3298,8.9234,9744.0,0.002061241214598148,0.03326007425306643
NCAPD3,0.2368,11.3737,11.1369,9743.0,0.0020723588571427906,0.03336259557832405
NOMO2,0.2597,10.0341,9.7744,9742.0,0.002083531482122367,0.033465529746107656
HIST1H2BI,0.3745,11.0241,10.6496,9740.0,0.0021060426527218287,0.03374969495883517
LCAT,-0.3098,8.6609,8.9707,5903.0,0.002140227884370487,0.03421921432476375
DAPK1,0.362,12.815,12.453,9734.0,0.002174921215504041,0.03461584834585182
RABGAP1L,0.2176,12.8529,12.6353,9734.0,0.002174921215504041,0.03461584834585182
YAP1,-0.3005,12.0868,12.3872,5907.0,0.0021865997327603333,0.03472280709415105
CLSPN,0.4401,10.8875,10.4475,9732.0,0.002198335705103795,0.03478097996110506
HLTF,0.2916,11.6579,11.3662,9731.0,0.00221012938493385,0.03478097996110506
ADCY9,-0.3153,9.7171,10.0324,5909.0,0.00221012938493385,0.03478097996110506
LSM3,0.3004,10.6312,10.3308,9731.0,0.00221012938493385,0.03478097996110506
SEC11C,0.328,10.3488,10.0208,9730.0,0.0022219810255941106,0.03481103606764107
SESN3,-0.5027,10.1181,10.6208,5910.0,0.0022219810255941106,0.03481103606764107
MMP13,-1.265,7.4541,8.7191,5911.0,0.0022338805490373153,0.03484173238812836
TFAP2C,0.4661,8.7619,8.2959,9729.0,0.002233890881375073,0.03484173238812836
SF3B4,0.2204,9.9509,9.7305,9726.0,0.0022699722966067096,0.035302906357271104
B4GALT3,0.2854,10.5046,10.2192,9725.0,0.002282117574807131,0.035302906357271104
DDIT4,-0.5416,8.9891,9.5307,5915.0,0.002282117574807131,0.035302906357271104
BRCA2,0.3379,11.9209,11.583,9724.0,0.002294322353878129,0.035302906357271104
RRM2,0.4834,10.7933,10.3099,9724.0,0.002294322353878129,0.035302906357271104
DLGAP5,0.4195,10.4957,10.0762,9723.0,0.002306586893848067,0.035302906357271104
ITGA6,-0.4333,13.6875,14.1208,5917.0,0.002306586893848067,0.035302906357271104
HIST1H4B,0.311,10.0752,9.7643,9723.0,0.002306586893848067,0.035302906357271104
PAX6,1.3113,6.1402,4.8289,9721.5,0.0023131183126071397,0.035302906357271104
CCT8,0.2201,12.797,12.5768,9722.0,0.002318911455711082,0.035302906357271104
MICA,-0.3698,8.957,9.3268,5918.0,0.002318911455711082,0.035302906357271104
TM4SF1,-0.6563,9.9517,10.608,5919.0,0.002331296301429812,0.035414464205884975
ORC6,0.3853,9.7817,9.3964,9720.0,0.002343741693938083,0.035449725880450096
CEP89,0.271,10.267,9.9959,9720.0,0.002343741693938083,0.035449725880450096
AMT,-0.35,9.3841,9.7341,5921.0,0.0023562478971436815,0.03556207763727846
LRP1,-0.3699,14.682,15.052,5925.0,0.0024068861293347087,0.03620761058459192
RAD1,0.2364,9.906,9.6696,9714.0,0.00241970037892175,0.03620761058459192
PDLIM5,-0.3109,11.8208,12.1317,5926.0,0.00241970037892175,0.03620761058459192
TNFRSF1A,-0.248,11.9102,12.1582,5926.0,0.00241970037892175,0.03620761058459192
CBX2,0.5972,8.5431,7.9459,9712.0,0.002445516393145039,0.0363227984362125
NFIX,-0.449,10.267,10.716,5928.0,0.002445516393145039,0.0363227984362125
PKD1,-0.2746,12.2315,12.506,5929.0,0.002458518700380512,0.0363227984362125
NTAN1,0.331,10.9532,10.6222,9711.0,0.002458518700380512,0.0363227984362125
NSDHL,0.2109,10.3488,10.138,9711.0,0.002458518700380512,0.0363227984362125
SEPHS1,0.2483,9.97,9.7218,9711.0,0.002458518700380512,0.0363227984362125
GMPS,0.2106,11.811,11.6004,9710.0,0.0024715842377604456,0.03643895666744506
PDCD6,0.2288,11.6647,11.436,9709.0,0.002484713279082215,0.036555561120615025
NT5E,-0.6269,9.9821,10.6091,5933.0,0.0025111629737638416,0.03686724173012198
TRAFD1,0.2177,11.3793,11.1616,9706.0,0.002524484179749809,0.036908064114379774
GAS2L3,0.3283,9.8955,9.5673,9706.0,0.002524484179749809,0.036908064114379774
ARHGAP11A,0.3651,10.5576,10.1926,9704.0,0.0025513206981657333,0.03722270593594714
MED8,0.1833,9.8025,9.6191,9703.0,0.0025648365693041937,0.0373421008208675
MRPL9,0.2497,10.1948,9.9451,9702.0,0.002578417889234546,0.03746195119981229
LIG1,0.2642,11.7857,11.5215,9700.0,0.002605778004126296,0.037781083567073395
PCDHB12,-0.5016,8.0114,8.513,5942.0,0.002633403310430439,0.03810273426228175
C11orf24,-0.2181,9.9418,10.1599,5943.0,0.002647316123495471,0.0381464090799152
SH3RF2,-0.8119,7.0153,7.8273,5943.0,0.002647316123495471,0.0381464090799152
MSN,-0.4112,12.3834,12.7946,5944.0,0.002661296092244942,0.038235572579613755
GLI3,-0.6268,11.5869,12.2138,5945.0,0.0026753435047851977,0.038235572579613755
AP3M2,-0.2847,9.3265,9.6113,5945.0,0.0026753435047851977,0.038235572579613755
SYNE1,-0.4307,13.7949,14.2256,5945.0,0.0026753435047851977,0.038235572579613755
HN1,0.3096,11.4982,11.1886,9694.0,0.0026894586502655134,0.03824970435883457
HIST1H3G,0.4825,9.8576,9.375,9694.0,0.0026894586502655134,0.03824970435883457
MITF,-0.4526,8.3816,8.8342,5947.0,0.0027036418188809246,0.03824970435883457
PSMA4,0.2041,11.4384,11.2343,9693.0,0.0027036418188809246,0.03824970435883457
ASPM,0.4472,13.6141,13.1669,9693.0,0.0027036418188809246,0.03824970435883457
PCNX,-0.2168,13.2241,13.4409,5949.0,0.0027322133915427082,0.038575988671317715
CTPS1,0.3279,11.9079,11.58,9690.0,0.0027466023812330984,0.03870111966956819
PFDN2,0.2854,9.6505,9.3651,9689.0,0.0027610605653522508,0.038826721162975524
TENM2,-1.0891,5.7426,6.8317,5954.0,0.002804853244256396,0.03936350154213936
GLI2,-0.5935,7.586,8.1795,5955.0,0.0028195911713889896,0.03941236920805807
ALDH5A1,0.4481,10.8939,10.4458,9685.0,0.0028195911713889896,0.03941236920805807
RAD51C,0.2779,10.2455,9.9676,9684.0,0.0028343997809336754,0.03954044156549508
KRTCAP2,0.2052,12.1849,11.9797,9683.0,0.002849279373697452,0.03966899295030469
UNG,0.2431,11.2112,10.9681,9680.0,0.002894347075541202,0.04005753472334987
GPN3,0.213,9.5627,9.3497,9680.0,0.002894347075541202,0.04005753472334987
PSAT1,0.4919,10.395,9.9031,9680.0,0.002894347075541202,0.04005753472334987
STIL,0.3508,11.2443,10.8936,9677.0,0.002940064559096297,0.04053006320344757
MAN2C1,-0.2312,10.7762,11.0074,5963.0,0.002940064559096297,0.04053006320344757
CRYAB,-0.618,9.072,9.69,5964.0,0.0029554495477906698,0.04058237879054522
GNB2L1,-0.2302,13.5207,13.7509,5964.0,0.0029554495477906698,0.04058237879054522
LRCH1,-0.2305,10.4874,10.7179,5967.0,0.0030020463294225764,0.04106119227528575
ORC1,0.3696,10.0806,9.711,9673.0,0.0030020463294225764,0.04106119227528575
LAMB2,-0.2985,12.635,12.9335,5968.0,0.0030177269008248137,0.041115061257735744
SLC24A3,-0.571,7.8993,8.4703,5968.0,0.0030177269008248137,0.041115061257735744
TGFB1I1,-0.4199,8.6304,9.0503,5969.0,0.0030334821499247463,0.04124946698237475
DARS2,0.2117,11.5865,11.3748,9669.0,0.0030652179424339866,0.04151977031115127
ELN,-0.6685,10.5507,11.2192,5971.0,0.0030652179424339866,0.04151977031115127
PPARGC1A,-0.9302,5.8201,6.7503,5972.0,0.0030811957641834046,0.04165562536018607
VBP1,0.2655,9.8355,9.57,9666.0,0.0031133896258267717,0.04192897605704785
PSMD7,0.2322,12.0784,11.8462,9666.0,0.0031133896258267717,0.04192897605704785
BHLHE40,-0.386,12.2735,12.6595,5977.0,0.0031622505775147887,0.04250526064171989
C12orf65,0.2113,9.6752,9.4639,9662.0,0.003178692236291754,0.04256287137810928
PDGFRB,-0.4227,11.2073,11.63,5978.0,0.003178692236291754,0.04256287137810928
NLRP1,-0.4388,10.5794,11.0182,5980.0,0.0032118095153782426,0.04284248006894064
DKC1,0.2433,12.2652,12.0219,9660.0,0.0032118095153782426,0.04284248006894064
NUAK1,-0.4436,8.5855,9.0291,5981.0,0.0032284857894130307,0.04290149142933483
FAM160B2,-0.2367,9.3837,9.6204,5981.0,0.0032284857894130307,0.04290149142933483
ATP5J,0.2131,10.128,9.9149,9658.0,0.003245240924165873,0.04304246627260153
TMED3,0.244,9.8471,9.6031,9657.0,0.0032620752493639823,0.043183956467478204
FLAD1,0.2207,10.4314,10.2107,9656.0,0.003278989095885603,0.04332596346884316
TCF7L1,-0.4833,8.0507,8.534,5985.0,0.003295982795762884,0.04338678105023961
MCC,-0.6042,9.7275,10.3317,5985.0,0.003295982795762884,0.04338678105023961
RUNX1,-0.2727,11.213,11.4857,5986.0,0.003313056682184771,0.04344819465419466
ELK3,-0.2563,10.4619,10.7182,5986.0,0.003313056682184771,0.04344819465419466
SH3PXD2A,-0.3724,10.9452,11.3176,5988.0,0.0033474463532194377,0.04347497040326677
CD200,-0.4889,7.9312,8.4202,5988.0,0.0033474463532194377,0.04347497040326677
EHD3,-0.3702,8.4879,8.8581,5988.0,0.0033474463532194377,0.04347497040326677
SLC2A9,-0.5659,9.1085,9.6744,5988.0,0.0033474463532194377,0.04347497040326677
CYBRD1,-0.4901,10.5281,11.0181,5988.0,0.0033474463532194377,0.04347497040326677
TSPAN9,-0.2948,8.8154,9.1103,5989.0,0.0033647628100200756,0.04347497040326677
ATP6AP1,0.1743,12.398,12.2237,9651.0,0.0033647628100200756,0.04347497040326677
SHCBP1,0.3835,9.2486,8.8651,9651.0,0.0033647628100200756,0.04347497040326677
WDR62,0.467,10.8076,10.3405,9649.0,0.0033996406554160207,0.043683822953905306
HIST1H3D,0.3541,10.6096,10.2556,9649.0,0.0033996406554160207,0.043683822953905306
SLC37A1,0.3707,10.3463,9.9755,9649.0,0.0033996406554160207,0.043683822953905306
HIST1H4H,0.2918,10.1298,9.838,9647.0,0.0034348473425203736,0.04405537717888311
CDKN2A,1.1484,6.8923,5.7438,9646.0,0.0034525601468601863,0.0442016064140071
AIM1,-0.4483,12.2373,12.6856,5996.0,0.003488279940820913,0.04449621935440593
MAPKBP1,-0.2127,10.2812,10.4939,5996.0,0.003488279940820913,0.04449621935440593
GDPD3,0.5888,8.9355,8.3468,9642.0,0.003524320742158165,0.04469892385934705
KSR2,0.7302,7.5246,6.7944,9641.0,0.0035423928264944936,0.04469892385934705
SPINT2,0.4063,13.7514,13.3451,9641.0,0.003542467905460176,0.04469892385934705
ELL2,-0.3516,10.3716,10.7232,5999.0,0.003542467905460176,0.04469892385934705
CDC45,0.381,9.311,8.93,9641.0,0.003542467905460176,0.04469892385934705
ITGA3,-0.5261,12.1955,12.7216,5999.0,0.003542467905460176,0.04469892385934705
ARRDC4,-0.2979,9.1186,9.4165,6001.0,0.003579017505774558,0.044917311098457396
PDE1A,-0.5581,7.5358,8.0939,6001.0,0.003579017505774558,0.044917311098457396
NCKAP5,-0.5077,7.593,8.1007,6001.0,0.003579017505774558,0.044917311098457396
AQP3,-0.8599,10.7403,11.6002,6004.0,0.003634485371913935,0.04544048511734057
CHMP4B,0.2166,13.2642,13.0476,9636.0,0.003634485371913935,0.04544048511734057
CPSF6,0.3157,12.1722,11.8565,9635.0,0.00365314766829398,0.04544048511734057
MFGE8,-0.3658,10.4546,10.8204,6005.0,0.00365314766829398,0.04544048511734057
WDR76,0.3714,10.0294,9.658,9635.0,0.00365314766829398,0.04544048511734057
SNRPG,0.1967,10.3836,10.1869,9634.0,0.0036718970623848945,0.04559272185794577
HDAC7,-0.2099,10.5547,10.7646,6007.0,0.003690733912338041,0.045745503695758055
HIST1H3I,0.4004,9.8566,9.4563,9631.0,0.0037286714185429067,0.04613407410610597
HIST1H2AL,0.4266,10.6815,10.2549,9630.0,0.003747772797212508,0.0462071353853507
CCNB1,0.3633,10.9332,10.5699,9630.0,0.003747772797212508,0.0462071353853507
HTATSF1,0.3056,11.989,11.6834,9628.0,0.003786242620947376,0.04651764399034118
ZNF473,0.1993,9.5989,9.3996,9628.0,0.003786242620947376,0.04651764399034118
TARS2,0.1942,10.5775,10.3834,9626.0,0.003825070967949561,0.04683037060935451
ZNF687,0.2317,10.2128,9.9811,9626.0,0.003825070967949561,0.04683037060935451
JMJD1C,-0.1784,13.1678,13.3462,6015.0,0.0038446205053466703,0.04698756963166271
ITGA2,-0.5227,13.0403,13.563,6016.0,0.0038642607772502047,0.047058126393619774
RPN1,0.2197,13.6328,13.4131,9624.0,0.0038642607772502047,0.047058126393619774
WDR34,0.3324,9.0144,8.6819,9623.0,0.0038839921541499686,0.047058126393619774
RAPGEF5,-0.3386,9.1609,9.4994,6017.0,0.0038839921541499686,0.047058126393619774
PRELP,-0.7577,8.2014,8.9591,6017.0,0.0038839921541499686,0.047058126393619774
RBPMS,-0.3418,11.6509,11.9927,6018.0,0.0039038150077857167,0.04721660880746697
HAUS1,0.2248,9.4288,9.204,9620.0,0.0039437366384914175,0.04761722013681965
CENPU,0.3863,10.0229,9.6366,9619.0,0.003963836165316894,0.04777752954511912
RBM42,0.1719,9.5921,9.4202,9618.0,0.003984028668395272,0.04793840681232318
LRRC45,0.2386,9.2894,9.0507,9617.0,0.004004314525759887,0.04801521788642479
TLR5,-0.3627,8.9721,9.3349,6024.0,0.004024694116711602,0.04801521788642479
SAE1,0.2128,11.5967,11.3839,9616.0,0.004024694116711602,0.04801521788642479
NOTCH1,-0.3805,12.4386,12.8192,6024.0,0.004024694116711602,0.04801521788642479
CCND1,-0.6232,10.8891,11.5123,6024.0,0.004024694116711602,0.04801521788642479
UNC5B,-0.4194,9.643,10.0624,6025.0,0.0040451678218217215,0.04817739839492775
MRC2,-0.451,10.2142,10.6653,6026.0,0.0040657360229349165,0.04825821926883597
PAF1,0.1645,12.0769,11.9125,9614.0,0.0040657360229349165,0.04825821926883597
NFE2L2,-0.2217,12.2355,12.4571,6027.0,0.004086399103172172,0.04842140933928041
RCC1,0.2744,10.3456,10.0713,9609.0,0.004170007922616375,0.04916256815165399
ZBTB20,-0.2781,9.2709,9.549,6031.0,0.004170007922616375,0.04916256815165399
CPEB2,-0.289,8.6619,8.9509,6031.0,0.004170007922616375,0.04916256815165399
APH1A,0.2238,11.4312,11.2073,9608.0,0.004191151190164682,0.04924602648443502
LPCAT1,0.4239,10.7677,10.3439,9608.0,0.004191151190164682,0.04924602648443502
BAG3,-0.2409,11.8629,12.1039,6033.0,0.004212391662529645,0.049412694828635015
IL6R,-0.3513,8.0,8.3513,6035.0,0.004255165791558342,0.049830979997128884
POLR2K,0.258,10.5665,10.3084,9603.0,0.004298333462415546,0.05025246951134568
MYADM,-0.429,8.6021,9.0311,6039.0,0.004341897848704715,0.05067718439079853
SCARA3,-0.5281,7.969,8.4971,6041.0,0.004385862145013585,0.05110514575961754
ITGB5,-0.3649,11.1059,11.4708,6042.0,0.004407995263495067,0.051192687944039736
MSH2,0.232,12.5764,12.3444,9598.0,0.004407995263495067,0.051192687944039736
HIST3H2BB,0.496,8.4021,7.9061,9597.0,0.004430229567008094,0.05136572459893656
ABLIM1,-0.3069,11.0587,11.3656,6044.0,0.0044525654608197525,0.051454316703169516
ATP10A,-0.4409,7.8968,8.3377,6044.0,0.0044525654608197525,0.051454316703169516
ADAMTSL1,-0.6196,7.3333,7.9529,6047.0,0.004520186756672281,0.05214969992912024
PLEKHG3,-0.3255,10.0177,10.3432,6048.0,0.004542933090976247,0.05232592176991226
STAT1,0.3842,14.7878,14.4036,9589.0,0.004611795568157183,0.05303186266634606
BRIX1,0.2733,11.5593,11.286,9588.0,0.00463495893408545,0.0531237600906717
PPP4C,0.1602,10.6799,10.5197,9588.0,0.00463495893408545,0.0531237600906717
FAM111B,0.4843,9.1424,8.658,9587.0,0.004658227597879103,0.053216260795998956
PAXBP1,0.1995,11.8693,11.6698,9587.0,0.004658227597879103,0.053216260795998956
ADAMTS1,-0.5508,10.9555,11.5063,6054.0,0.004681601978228505,0.05339618673214042
CDK6,-0.3963,8.2655,8.6618,6055.0,0.004705082495182453,0.053576736119939385
IQCA1,-0.7415,6.8961,7.6376,6056.0,0.0047286695701511455,0.05375791071390986
ZNF131,0.2171,10.6227,10.4056,9583.0,0.004752363625909055,0.05385243118485618
ATP2B4,-0.3266,12.8255,13.1521,6057.0,0.004752363625909055,0.05385243118485618
HIST1H2BC,0.253,12.5635,12.3106,9582.0,0.004776165086597908,0.0540347077567773
KCNG1,0.6994,7.8194,7.1199,9581.0,0.0048000743777295764,0.05421761430200036
MYH9,-0.244,16.4701,16.7141,6060.0,0.0048240919261890265,0.05440115259114613
PYCR1,0.5132,10.2264,9.7132,9579.0,0.004848218160237235,0.05458532439894109
NEAT1,-0.3593,8.8459,9.2051,6063.0,0.0048967984050413945,0.054867646768807815
EHF,0.3367,12.1238,11.7871,9577.0,0.0048967984050413945,0.054867646768807815
SLC26A2,-0.3265,11.1873,11.5138,6063.0,0.0048967984050413945,0.054867646768807815
GPLD1,0.634,8.4237,7.7897,9576.0,0.004921253279225646,0.05505357302622555
HNMT,-0.4391,10.0247,10.4638,6065.0,0.0049458185658611134,0.05524013942061464
MRPL15,0.2231,10.0142,9.7911,9574.0,0.004970494700132657,0.05542734774686146
DNAJB11,0.2332,11.5535,11.3203,9573.0,0.004995282118618683,0.05561519980395332
PSMD8,0.2257,12.3116,12.0858,9572.0,0.005020181259294046,0.0558036973949781
BNC1,-1.3379,3.5912,4.9291,6070.0,0.005053970697442651,0.056090264333107584
MEF2A,-0.1652,11.317,11.4821,6070.0,0.005070316466112059,0.05618263641168156
GIT1,0.22,10.5238,10.3038,9569.0,0.005095553415212962,0.056195528451553345
HLCS,0.1762,11.4689,11.2927,9569.0,0.005095553415212962,0.056195528451553345
FRMD4B,-0.296,10.1653,10.4614,6071.0,0.005095553415212962,0.056195528451553345
PLTP,-0.3761,12.4739,12.85,6072.0,0.005120903852425551,0.05638630452600021
MEIS2,-0.2702,9.4082,9.6783,6073.0,0.005146368222750715,0.05648905433216811
TK2,-0.1951,10.4627,10.6577,6073.0,0.005146368222750715,0.05648905433216811
TXNL4A,0.185,9.2764,9.0914,9566.0,0.005171946972603262,0.05659241351428226
FAM20C,-0.4309,8.5185,8.9493,6074.0,0.005171946972603262,0.05659241351428226
KANK2,-0.3348,9.1767,9.5115,6076.0,0.005223449403636926,0.05706679590276036
DSC3,-1.461,8.5675,10.0285,6077.0,0.005249373984743527,0.057171642325286036
FAM122B,0.214,11.1952,10.9812,9563.0,0.005249373984743527,0.057171642325286036
SEPT10,-0.2385,10.9657,11.2042,6078.0,0.005275414745234316,0.057366039535521614
RTN3,0.2744,11.2554,10.981,9561.0,0.00530157213863739,0.05747199641931523
PLEK2,-0.5009,7.5592,8.0601,6079.0,0.00530157213863739,0.05747199641931523
PARP1,0.2134,13.8796,13.6663,9560.0,0.005327846619912227,0.057616793513217454
CKS2,0.3419,8.8594,8.5175,9559.0,0.005354238645452549,0.057616793513217454
KRT5,-1.3966,11.4335,12.8301,6081.0,0.005354238645452549,0.057616793513217454
FZD4,-0.3294,10.3635,10.6929,6081.0,0.005354238645452549,0.057616793513217454
PRPSAP2,0.169,9.5557,9.3867,9558.0,0.005380748673089278,0.057616793513217454
CHEK2,0.1535,10.0541,9.9006,9558.0,0.005380748673089278,0.057616793513217454
C5orf22,0.1924,9.9542,9.7619,9558.0,0.005380748673089278,0.057616793513217454
SEMA6D,-0.4507,7.7287,8.1794,6082.0,0.005380748673089278,0.057616793513217454
SNAI2,-0.5318,9.7399,10.2717,6083.0,0.005407377162093353,0.057725399795944744
WDR91,-0.3063,9.7948,10.1012,6083.0,0.005407377162093353,0.057725399795944744
TFPI,-0.5238,9.5078,10.0316,6084.0,0.005434124573178686,0.0578346115288303
AKR1B1,0.5829,12.9798,12.397,9556.0,0.005434124573178686,0.0578346115288303
CLU,-0.6242,12.2314,12.8556,6085.0,0.005460991368505015,0.05803235592358212
SMC3,0.2276,13.2762,13.0486,9554.0,0.005487978011680835,0.05807840605904802
MCM3,0.2557,12.5107,12.255,9554.0,0.005487978011680835,0.05807840605904802
SIPA1L1,-0.1546,12.3183,12.4729,6087.0,0.005515084967766233,0.05807840605904802
PAPSS2,-0.3714,10.6109,10.9823,6087.0,0.005515084967766233,0.05807840605904802
TUBGCP6,-0.1676,11.4313,11.5989,6087.0,0.005515084967766233,0.05807840605904802
CGN,0.6143,11.8616,11.2473,9553.0,0.005515084967766233,0.05807840605904802
LRIG3,-0.4764,10.6851,11.1615,6088.0,0.005542312703275823,0.058103017756048786
CEP85L,-0.284,9.519,9.803,6088.0,0.005542312703275823,0.058103017756048786
FLT4,-0.3659,8.6002,8.9661,6088.0,0.005542312703275823,0.058103017756048786
ROS1,-1.0963,4.2898,5.3861,6090.0,0.005594109966362228,0.0585583738332357
NCOR2,-0.2139,12.2776,12.4915,6091.0,0.005624725273373786,0.05864302676871442
KIAA0247,-0.2341,9.0251,9.2591,6091.0,0.005624725273373786,0.05864302676871442
UBALD2,0.2291,10.8023,10.5732,9548.0,0.0056524408209170695,0.05864302676871442
MKRN2,0.1868,9.5467,9.3599,9548.0,0.0056524408209170695,0.05864302676871442
PTPN14,-0.2502,11.1061,11.3563,6092.0,0.0056524408209170695,0.05864302676871442
SORBS1,-0.5329,10.1755,10.7084,6092.0,0.0056524408209170695,0.05864302676871442
HIVEP2,-0.2307,12.4672,12.698,6093.0,0.005680279502375955,0.05867108754445253
MICAL3,-0.2114,11.5571,11.7685,6093.0,0.005680279502375955,0.05867108754445253
DTX3L,0.2169,12.109,11.8921,9547.0,0.005680279502375955,0.05867108754445253
PSMD11,0.1985,12.0995,11.901,9546.0,0.005708241793052521,0.05870017221255038
COL4A5,-0.5306,12.3755,12.9061,6094.0,0.005708241793052521,0.05870017221255038
RAB3IP,0.4519,11.0156,10.5637,9546.0,0.005708241793052521,0.05870017221255038
ZDHHC7,-0.2252,10.0977,10.3229,6095.0,0.005736328169723533,0.05881626086760454
ADAMTSL2,-0.4803,8.218,8.6983,6095.0,0.005736328169723533,0.05881626086760454
LPCAT2,-0.3728,10.1351,10.5079,6099.0,0.0058499241236596,0.059893302102321896
CEP78,0.2314,9.9711,9.7398,9540.0,0.005878638133766843,0.060011811735815164
SPRY2,-0.4315,10.0358,10.4673,6100.0,0.005878638133766843,0.060011811735815164
NIPAL2,-0.2926,9.7795,10.0721,6101.0,0.005907479121656812,0.06021845165787869
GATS,0.3122,9.9131,9.6009,9536.0,0.005994768831306993,0.06075450958848462
CP,-1.0054,9.1503,10.1556,6104.0,0.005994768831306993,0.06075450958848462
AFAP1L2,-0.4019,9.4837,9.8856,6104.0,0.005994768831306993,0.06075450958848462
PLD1,-0.3076,10.8764,11.184,6104.0,0.005994768831306993,0.06075450958848462
RCC2,0.1999,11.9201,11.7201,9533.0,0.0060832189694627475,0.0615618243398087
CA12,-0.7921,10.2351,11.0272,6108.0,0.006112962526913359,0.06168454838036636
LPP,-0.2343,12.1344,12.3686,6108.0,0.006112962526913359,0.06168454838036636
RANBP1,0.183,10.9923,10.8093,9531.0,0.006142837001670958,0.06189681657942693
TANC1,-0.175,12.2971,12.4722,6111.0,0.0062029807015831565,0.062234203228061384
GPR124,-0.3715,9.6249,9.9964,6111.0,0.0062029807015831565,0.062234203228061384
BNIPL,0.6243,8.1688,7.5446,9529.0,0.0062029807015831565,0.062234203228061384
TMEM106B,0.22,10.7118,10.4918,9528.0,0.006233250929779046,0.062359223230346664
PPIE,0.1779,10.2323,10.0544,9528.0,0.006233250929779046,0.062359223230346664
RTTN,0.245,10.9634,10.7184,9527.0,0.0062636540813701515,0.06257399362601308
KIRREL,-0.3782,9.8493,10.2275,6115.0,0.006324861177616076,0.06309544562228686
RNF180,-0.4037,8.297,8.7008,6117.0,0.0063866060514083806,0.06353040082104104
FAM65A,-0.204,11.2102,11.4142,6117.0,0.0063866060514083806,0.06353040082104104
LEPREL1,-0.4224,9.0198,9.4421,6119.0,0.006448892788427707,0.0639682665684975
MYO1B,-0.3657,12.42,12.7857,6119.0,0.006448892788427707,0.0639682665684975
WDFY2,-0.2238,8.9568,9.1806,6121.0,0.0065117254990374185,0.06450016077759411
ANKRD27,0.2209,11.621,11.4001,9518.0,0.006543347885698393,0.06472184356433029
SEC13,0.1641,11.4519,11.2878,9517.0,0.006575108318372976,0.06485279373741683
NFIC,-0.2436,10.2572,10.5008,6123.0,0.006575108318372976,0.06485279373741683
EPT1,0.2102,11.2296,11.0194,9516.0,0.0066070073178383475,0.06498437113317689
NHSL2,-0.4551,8.0951,8.5502,6124.0,0.0066070073178383475,0.06498437113317689
PAFAH1B3,0.3227,8.9633,8.6405,9515.0,0.006639045406431099,0.06511657560397337
HIPK3,-0.2106,12.9986,13.2092,6125.0,0.006639045406431099,0.06511657560397337
CDCA2,0.3907,9.7738,9.3831,9514.0,0.00667122310804995,0.0653406649310123
UGT1A9,-1.4658,7.3279,8.7938,6126.5,0.006687358275255204,0.06540722067264272
UPF3B,0.1705,10.417,10.2465,9513.0,0.006703540948158585,0.06547405475586411
TNS3,-0.2625,11.6963,11.9588,6128.0,0.006735999453788325,0.06560807256589658
TRNAU1AP,0.1694,9.3928,9.2234,9512.0,0.006735999453788325,0.06560807256589658
TG,-0.5196,8.5954,9.1151,6129.0,0.006768599153540975,0.06583402760034368
THOC1,0.2127,11.0987,10.886,9510.0,0.006801340577591503,0.06592296484381437
BNIP3,-0.4142,7.8577,8.2719,6130.0,0.006801340577591503,0.06592296484381437
TGFBI,-0.4123,12.3909,12.8032,6131.0,0.006834224257690879,0.06592296484381437
CD58,-0.2221,9.2687,9.4908,6131.0,0.006834224257690879,0.06592296484381437
DLG3,0.2446,10.9911,10.7464,9509.0,0.006834224257690879,0.06592296484381437
DLL1,-0.3872,8.5236,8.9107,6131.0,0.006834224257690879,0.06592296484381437
RECQL4,0.3481,8.8921,8.544,9508.0,0.006867250727168723,0.06605955610214638
NLRX1,-0.243,9.4158,9.6588,6132.0,0.006867250727168723,0.06605955610214638
CFI,-0.5447,10.052,10.5968,6133.0,0.006900420520936135,0.06628757874912998
NUDT5,0.2277,10.7771,10.5494,9506.0,0.006933734175488358,0.06642536310662787
MT1X,-0.6086,8.7206,9.3292,6134.0,0.006933734175488358,0.06642536310662787
APOBEC3B,0.6057,9.2866,8.6809,9505.0,0.006967185825849808,0.06665464800331448
SVEP1,-0.4677,10.4357,10.9034,6137.0,0.007034543692626594,0.06693330092318484
COCH,0.6082,8.4514,7.8432,9503.0,0.007034543692626594,0.06693330092318484
SPRY1,-0.3625,10.021,10.3835,6137.0,0.007034543692626594,0.06693330092318484
PTRF,-0.4172,11.2516,11.6688,6137.0,0.007034543692626594,0.06693330092318484
RLIM,0.1692,12.0415,11.8723,9501.0,0.0071024792485924635,0.06748800838248714
LATS2,-0.2411,9.3963,9.6373,6140.0,0.007136667423311986,0.06772097827297269
OSMR,-0.4194,11.6998,12.1191,6142.0,0.007205487304530911,0.06818922647787834
DDX11,0.2679,10.8739,10.606,9498.0,0.007205487304530911,0.06818922647787834
GALNT10,-0.3171,8.9198,9.2368,6143.0,0.007240120111172387,0.0684245089588937
TGFB3,-0.4954,9.6239,10.1193,6144.0,0.007274902231280317,0.06866056647662541
SSRP1,0.1951,12.7343,12.5392,9495.0,0.00730983421895533,0.06889740112428556
MYLK,-0.4102,12.6697,13.0799,6146.0,0.0073449166299147765,0.06900292470030933
EPB41L2,-0.3101,11.6346,11.9448,6146.0,0.0073449166299147765,0.06900292470030933
ACVR1B,-0.2445,9.4923,9.7369,6147.0,0.0073801500214953145,0.06900292470030933
POLA1,0.203,11.899,11.696,9493.0,0.0073801500214953145,0.06900292470030933
DOCK3,0.6064,10.0963,9.4899,9493.0,0.0073801500214953145,0.06900292470030933
HAS2,-0.5504,7.8697,8.4201,6147.0,0.0073801500214953145,0.06900292470030933
TUBG1,0.1962,11.4992,11.303,9490.0,0.007486761677676692,0.06990638937169318
BICD2,-0.2324,10.0255,10.2579,6151.0,0.007522604597588877,0.07014753661373489
FTSJ2,0.1901,9.3862,9.1961,9488.0,0.00755860130918919,0.07038947469182433
SLC25A12,-0.1867,10.7895,10.9762,6153.0,0.0075947523795863335,0.07053852906398288
PTEN,-0.194,12.352,12.546,6153.0,0.0075947523795863335,0.07053852906398288
GLS,-0.2242,12.0354,12.2597,6155.0,0.0076675198733983,0.0710831020908213
YARS,0.1707,11.9318,11.7611,9484.0,0.00770413743923081,0.0710831020908213
BAZ2B,-0.2089,13.2198,13.4287,6156.0,0.00770413743923081,0.0710831020908213
ACTA2,-0.4504,13.5478,13.9983,6156.0,0.00770413743923081,0.0710831020908213
PI4K2B,0.2167,10.3495,10.1328,9484.0,0.00770413743923081,0.0710831020908213
EIF4A3,0.1581,11.5983,11.4402,9483.0,0.007740911648700758,0.07123469681452221
ADH1B,-1.1448,7.9004,9.0452,6157.0,0.007740911648700758,0.07123469681452221
RBL1,0.2258,10.4815,10.2557,9482.0,0.007777843077132828,0.07148062345034277
DCAF13,0.2394,11.1336,10.8942,9481.0,0.007814932301502816,0.07172735374498587
CFAP44,0.1854,11.1315,10.9461,9479.0,0.007889586454230456,0.0723177669358323
CDC7,0.2942,9.889,9.5948,9478.0,0.007927152544818324,0.07237789996266326
ASNS,0.3141,10.5418,10.2277,9478.0,0.007927152544818324,0.07237789996266326
RUSC2,-0.3145,9.0778,9.3923,6162.0,0.007927152544818324,0.07237789996266326
PTK2B,-0.3027,11.0846,11.3873,6164.0,0.008002765672474677,0.07275170492751107
ERGIC1,-0.143,11.8894,12.0324,6164.0,0.008002765672474677,0.07275170492751107
SUZ12,0.1768,11.6781,11.5013,9475.0,0.008040813881749759,0.07275170492751107
STRBP,0.2568,11.0159,10.7592,9475.0,0.008040813881749759,0.07275170492751107
SNRPC,0.1958,10.0598,9.864,9475.0,0.008040813881749759,0.07275170492751107
TMED4,0.1646,10.2929,10.1283,9475.0,0.008040813881749759,0.07275170492751107
GDE1,0.2162,10.5688,10.3526,9475.0,0.008040813881749759,0.07275170492751107
MAMLD1,-0.412,8.5363,8.9483,6166.0,0.008079023972240721,0.07300310306787325
RPL3,-0.2098,13.799,14.0088,6167.0,0.008117396534225104,0.07306700247966376
KLHDC3,0.2051,11.5191,11.3141,9473.0,0.008117396534225104,0.07306700247966376
ZNF608,-0.4002,9.3754,9.7757,6167.0,0.008117396534225104,0.07306700247966376
PTGS1,-0.4245,8.5984,9.0229,6168.0,0.008155932159654653,0.07326450485925444
PROS1,-0.4271,8.8737,9.3008,6169.0,0.008194631442158009,0.07326450485925444
DISP1,-0.224,10.299,10.5231,6169.0,0.008194631442158009,0.07326450485925444
SNCAIP,-0.408,8.8975,9.3055,6169.0,0.008194631442158009,0.07326450485925444
MCTP1,-0.4724,8.9757,9.4481,6169.0,0.008194631442158009,0.07326450485925444
F2R,-0.3529,10.4157,10.7686,6170.0,0.008233494977043159,0.07326450485925444
LCLAT1,0.1418,10.1227,9.981,9470.0,0.008233494977043159,0.07326450485925444
PLAA,0.1801,11.1492,10.9691,9470.0,0.008233494977043159,0.07326450485925444
AXL,-0.3501,10.3729,10.7231,6170.0,0.008233494977043159,0.07326450485925444
PPP2CB,-0.1982,11.1612,11.3594,6171.0,0.008272523361300022,0.07342519784433973
PARVA,-0.2849,10.7304,11.0153,6171.0,0.008272523361300022,0.07342519784433973
FAT2,-1.2155,10.0533,11.2688,6174.0,0.008390603605481994,0.07400427839948413
SLC50A1,0.2155,10.8216,10.606,9466.0,0.008390603605481994,0.07400427839948413
NSF,0.1404,11.2273,11.0868,9466.0,0.008390603605481994,0.07400427839948413
MRS2,0.1883,10.0549,9.8666,9466.0,0.008390603605481994,0.07400427839948413
CXXC1,0.2302,10.3413,10.1111,9466.0,0.008390603605481994,0.07400427839948413
WDR27,-0.1705,9.4564,9.6268,6175.0,0.008430297390851722,0.07423845272606609
EMP1,-0.4517,10.5216,10.9733,6176.0,0.00847015903585989,0.07423845272606609
MYO5B,0.3801,13.533,13.153,9464.0,0.00847015903585989,0.07423845272606609
MCM8,0.2342,10.9558,10.7216,9464.0,0.00847015903585989,0.07423845272606609
SLCO2A1,-0.4629,8.7499,9.2128,6176.0,0.00847015903585989,0.07423845272606609
MEIS1,-0.3233,9.4129,9.7362,6177.0,0.008510189147640823,0.07449606825116085
UBE2L6,0.3339,9.7933,9.4594,9462.0,0.008550388335028383,0.07475451873933053
ODF2,0.203,11.7279,11.5249,9460.0,0.00863129638047105,0.07536779121251717
GLTSCR2,-0.1841,11.6111,11.7952,6181.0,0.008672006464713618,0.07562896796063445
KDM1A,0.19,12.8137,12.6237,9458.0,0.008712888076942664,0.07579671453767636
ATG16L2,-0.2332,9.4024,9.6356,6182.0,0.008712888076942664,0.07579671453767636
CLN8,-0.1947,9.6785,9.8733,6183.0,0.008753941834526598,0.0760593730362156
GPX3,-0.4483,8.159,8.6073,6184.0,0.008795168356548118,0.07613419530396351
NOMO1,0.2065,10.9679,10.7613,9456.0,0.008795168356548118,0.07613419530396351
DOCK5,-0.2592,11.9403,12.1995,6184.0,0.008795168356548118,0.07613419530396351
PROCR,-0.4399,8.9357,9.3757,6186.0,0.008878142178820846,0.07666292192143327
COL16A1,-0.5479,10.5216,11.0696,6186.0,0.008878142178820846,0.07666292192143327
ZDHHC13,0.2631,11.0533,10.7902,9453.0,0.008919890725830838,0.07683394188560069
TPD52,0.2405,10.1106,9.8701,9453.0,0.008919890725830838,0.07683394188560069
STAB1,-0.3862,11.7803,12.1665,6188.0,0.008961814530800824,0.07710022992530487
MTMR10,-0.2078,10.2531,10.4609,6189.0,0.009003914221421428,0.07717798199830388
MASTL,0.237,11.7785,11.5414,9451.0,0.009003914221421428,0.07717798199830388
TMEM173,-0.3455,8.4729,8.8184,6189.0,0.009003914221421428,0.07717798199830388
NDUFS6,0.237,11.727,11.4899,9450.0,0.00904619042711205,0.07744556425558152
HDC,-0.5751,7.3426,7.9177,6191.0,0.009088643779023365,0.07761923461524467
GBP1,0.4523,12.6852,12.233,9449.0,0.009088643779023365,0.07761923461524467
NNMT,-0.5748,9.5706,10.1453,6192.0,0.009131274910039582,0.07788832910475907
FUT11,-0.1894,9.1476,9.337,6193.0,0.009174084454780946,0.07796858426799876
UCK2,0.2538,10.2722,10.0184,9447.0,0.009174084454780946,0.07796858426799876
FILIP1,-0.4532,7.7469,8.2001,6193.0,0.009174084454780946,0.07796858426799876
TMEM97,0.6206,11.0047,10.384,9446.0,0.009217073049606011,0.0782261399907075
RPL4,-0.1915,13.7281,13.9196,6195.0,0.009260241332614097,0.0782261399907075
CDC123,0.2001,11.5319,11.3318,9445.0,0.009260241332614097,0.0782261399907075
GOLPH3L,0.2456,10.4764,10.2309,9445.0,0.009260241332614097,0.0782261399907075
RNF145,-0.2633,10.6122,10.8755,6195.0,0.009260241332614097,0.0782261399907075
TUBG2,-0.2461,10.0824,10.3285,6196.0,0.009303589943647543,0.07830894275885066
ZNF276,-0.218,10.9498,11.1678,6196.0,0.009303589943647543,0.07830894275885066
KIAA0930,-0.226,9.0426,9.2686,6196.0,0.009303589943647543,0.07830894275885066
RBFOX2,-0.1623,11.4911,11.6534,6197.0,0.009347119524294158,0.07858088598875389
CKAP2,0.2876,11.4685,11.1809,9441.0,0.009434724169519106,0.07903274325256256
AHNAK,-0.3091,17.9563,18.2655,6199.0,0.009434724169519106,0.07903274325256256
RAF1,0.1481,12.4685,12.3204,9441.0,0.009434724169519106,0.07903274325256256
SPOCD1,-0.7334,6.1695,6.9029,6200.0,0.009478800526021148,0.07911804539180703
ACVRL1,-0.3146,9.1407,9.4554,6200.0,0.009478800526021148,0.07911804539180703
FBXO21,0.1096,10.6038,10.4942,9440.0,0.009478800526021148,0.07911804539180703
MAGOH,0.1537,10.2718,10.1181,9439.0,0.009523060435988337,0.07929844498600039
GABBR1,-0.4362,10.381,10.8171,6201.0,0.009523060435988337,0.07929844498600039
MDM1,0.2198,9.5863,9.3665,9438.0,0.00956750454977052,0.079573912543994
EVC2,-0.4317,9.0537,9.4854,6204.0,0.009656947998978,0.0798387148687344
COBLL1,-0.3946,11.9781,12.3727,6204.0,0.009656947998978,0.0798387148687344
IDH2,0.2247,12.7255,12.5008,9436.0,0.009656947998978,0.0798387148687344
PGD,0.2101,12.1442,11.9341,9435.0,0.00970194864390875,0.0798387148687344
COX6B1,0.1863,12.5806,12.3943,9435.0,0.00970194864390875,0.0798387148687344
H2AFX,0.3026,9.2189,8.9163,9435.0,0.00970194864390875,0.0798387148687344
STIP1,0.2034,13.1365,12.9332,9435.0,0.00970194864390875,0.0798387148687344
MMP7,-1.0041,8.0413,9.0455,6205.0,0.00970194864390875,0.0798387148687344
MUC3A,-0.7257,8.2043,8.93,6205.0,0.00970194864390875,0.0798387148687344
MCM5,0.2047,10.1402,9.9355,9434.0,0.009747136111669913,0.08002250198127128
IL33,-0.648,7.2242,7.8723,6206.0,0.009747136111669913,0.08002250198127128
PMM2,0.1627,11.6367,11.474,9433.0,0.009792511061430748,0.08030088403184957
E2F7,0.4386,9.4775,9.0389,9431.0,0.009883826052484352,0.08085832703384854
AHDC1,-0.2622,9.4262,9.6885,6209.0,0.009883826052484352,0.08085832703384854
COL17A1,-0.9138,10.1549,11.0687,6210.0,0.009929767420978116,0.08085832703384854
ANKRD13A,0.2557,11.4912,11.2355,9430.0,0.009929767420978116,0.08085832703384854
IFFO2,-0.3085,9.6578,9.9663,6210.0,0.009929767420978116,0.08085832703384854
TPM3,0.1864,13.2702,13.0838,9430.0,0.009929767420978116,0.08085832703384854
SNX9,-0.1798,11.4487,11.6285,6211.0,0.009975898925878031,0.08095158769168465
CEP128,0.2708,10.8259,10.5551,9429.0,0.009975898925878031,0.08095158769168465
PCCB,0.1989,11.3661,11.1672,9429.0,0.009975898925878031,0.08095158769168465
BLCAP,-0.2968,9.2815,9.5782,6212.0,0.010022221235229225,0.08113943966509857
DKK3,-0.3584,9.7755,10.1338,6212.0,0.010022221235229225,0.08113943966509857
ARAP1,-0.1558,11.379,11.5348,6213.0,0.010068735018858634,0.08123427573394817
SLC7A8,-0.4094,8.7625,9.1719,6213.0,0.010068735018858634,0.08123427573394817
HIST1H2AD,0.3752,9.0798,8.7046,9427.0,0.010068735018858634,0.08123427573394817
ERF,-0.2101,9.1839,9.394,6215.0,0.01016233969718219,0.08161337717817302
PLSCR4,-0.4046,8.5832,8.9878,6215.0,0.01016233969718219,0.08161337717817302
TNFRSF11B,-0.6024,7.7071,8.3095,6215.0,0.01016233969718219,0.08161337717817302
SYCP2,0.3851,9.4947,9.1096,9425.0,0.01016233969718219,0.08161337717817302
TADA1,0.2197,9.3233,9.1036,9424.0,0.010209431940459153,0.08171045929032622
RUVBL1,0.2004,10.6539,10.4535,9424.0,0.010209431940459153,0.08171045929032622
CDK17,-0.1541,10.5695,10.7237,6216.0,0.010209431940459153,0.08171045929032622
KDELR2,0.1782,12.5282,12.35,9422.0,0.01030419962012647,0.08237478303623935
YKT6,0.1615,11.292,11.1305,9421.0,0.010351876415849564,0.08256741519384339
SMC4,0.2216,12.6223,12.4006,9421.0,0.010351876415849564,0.08256741519384339
SERPINA3,-0.9429,8.2518,9.1947,6220.0,0.010399749424714378,0.08276073320599409
TRIM28,0.2001,12.5384,12.3384,9420.0,0.010399749424714378,0.08276073320599409
GSDMC,-0.8106,6.1541,6.9647,6221.0,0.0104478106020963,0.08295473783918296
CDC42BPA,-0.2271,12.2086,12.4357,6221.0,0.010447819330880962,0.08295473783918296
CREBRF,-0.2008,10.5189,10.7197,6222.0,0.010496086820310576,0.08314942986723413
SCN4B,-0.5057,7.9115,8.4172,6222.0,0.010496086820310576,0.08314942986723413
IL1RAP,-0.3693,9.5072,9.8765,6223.0,0.010544552580767993,0.08315709653504308
DEDD,0.1953,10.3512,10.1559,9417.0,0.010544552580767993,0.08315709653504308
TBC1D4,-0.2388,11.406,11.6447,6223.0,0.010544552580767993,0.08315709653504308
GPT2,0.3447,9.0688,8.7241,9417.0,0.010544552580767993,0.08315709653504308
LNPEP,-0.191,11.9333,12.1243,6224.0,0.010593217301823422,0.08335314692659487
TTF2,0.1789,11.0067,10.8278,9416.0,0.010593217301823422,0.08335314692659487
IL4R,-0.3228,11.5207,11.8435,6225.0,0.010642081674854725,0.08345632471333442
NME1,0.2773,9.9929,9.7156,9415.0,0.010642081674854725,0.08345632471333442
ALYREF,0.2067,9.3504,9.1436,9415.0,0.010642081674854725,0.08345632471333442
TRAF5,-0.2807,10.1824,10.4631,6226.0,0.010691146393049413,0.08365374099500004
NOSTRIN,-0.3178,8.4377,8.7555,6226.0,0.010691146393049413,0.08365374099500004
DST,-0.2174,15.6002,15.8176,6227.0,0.010740412151406831,0.08394543113426567
ITM2B,-0.3215,14.3182,14.6396,6229.0,0.010839549577678268,0.08462582574412587
TNIK,-0.4105,9.6632,10.0738,6230.0,0.010889422644668294,0.08482605871035824
LAMA2,-0.4014,12.5607,12.9621,6230.0,0.010889422644668294,0.08482605871035824
CXCL13,0.8569,8.3166,7.4597,9409.0,0.01093949954997708,0.08512146149832164
PALMD,-0.395,8.9636,9.3586,6232.0,0.010989780997693594,0.08532310014062998
GJA1,-0.4237,12.2388,12.6624,6232.0,0.010989780997693594,0.08532310014062998
FER1L6,-0.7555,5.1409,5.8963,6232.5,0.011014989562448237,0.08542411063767996
EML5,0.5387,8.5202,7.9815,9406.0,0.011090960345827435,0.08572847163557343
CKAP5,0.1925,13.3999,13.2075,9406.0,0.011090960345827435,0.08572847163557343
AASS,-0.2616,10.9926,11.2542,6234.0,0.011090960345827435,0.08572847163557343
HEPH,-0.445,8.9832,9.4282,6235.0,0.011141859663550618,0.08593220619366186
PEX19,0.2115,12.8138,12.6022,9405.0,0.011141859663550618,0.08593220619366186
SEC16B,-0.4139,8.2323,8.6462,6236.0,0.011192966358297217,0.08623140088795975
GLE1,0.1787,11.3549,11.1762,9403.0,0.011244281143296059,0.08643655416740098
BCAM,-0.4759,10.2463,10.7222,6237.0,0.011244281143296059,0.08643655416740098
NCCRP1,0.9076,6.7706,5.8629,9400.0,0.011399443920409933,0.08743764166583116
TBC1D31,0.2122,10.1171,9.9049,9400.0,0.011399481199615001,0.08743764166583116
PHLDB2,-0.4753,11.8497,12.3249,6241.0,0.011451635514618771,0.08755000383064986
PSMB10,0.1914,9.3173,9.1258,9399.0,0.011451635514618771,0.08755000383064986
ROR1,-0.4568,7.6752,8.132,6241.0,0.011451635514618771,0.08755000383064986
HEATR2,0.174,9.8888,9.7148,9396.0,0.011609371462184697,0.08865913669539742
PDZD2,-0.4115,9.3207,9.7323,6245.0,0.01166237686591595,0.08867711747232292
PIP5K1A,0.2071,11.9042,11.6972,9395.0,0.01166237686591595,0.08867711747232292
PLEKHG1,-0.2567,11.1363,11.393,6245.0,0.01166237686591595,0.08867711747232292
TOM1L1,0.286,11.2848,10.9988,9395.0,0.01166237686591595,0.08867711747232292
DSEL,-0.389,7.9783,8.3673,6246.0,0.011715596861716603,0.08888875928775879
ADAMTSL3,-0.583,7.3915,7.9745,6246.0,0.011715596861716603,0.08888875928775879
ACTN1,-0.3056,12.6428,12.9484,6247.0,0.011769032181240974,0.08919754584981661
PPP1R18,-0.2578,9.5216,9.7793,6248.0,0.011822683557996257,0.08950730049367328
YWHAB,0.2469,12.0287,11.7818,9391.0,0.0118765517273444,0.08952797819870058
ERN1,-0.2231,9.6557,9.8788,6249.0,0.0118765517273444,0.08952797819870058
PEBP1,0.2523,12.5112,12.2589,9391.0,0.0118765517273444,0.08952797819870058
DNAJC9,0.1734,9.3455,9.1721,9391.0,0.0118765517273444,0.08952797819870058
INPP1,-0.2913,8.9556,9.2469,6250.0,0.011930637426503894,0.08974248538969579
MAGEF1,0.1898,9.3299,9.1401,9390.0,0.011930637426503894,0.08974248538969579
PTGFRN,-0.1859,11.115,11.3009,6251.0,0.01198494139455162,0.08995771123906215
MYCL,0.542,9.953,9.411,9389.0,0.01198494139455162,0.08995771123906215
TLR4,-0.3276,10.491,10.8186,6252.0,0.012039464372424594,0.09007731730778785
CMAS,0.1667,10.5758,10.4091,9388.0,0.012039464372424594,0.09007731730778785
THSD4,-0.3839,9.919,10.3029,6252.0,0.012039464372424594,0.09007731730778785
SH3D19,-0.2468,11.0855,11.3323,6253.0,0.01209420710292182,0.09029395772042803
NASP,0.2357,13.0338,12.7981,9387.0,0.01209420710292182,0.09029395772042803
C20orf194,-0.2307,11.2746,11.5053,6254.0,0.012149170330706,0.09034576816125237
PTPRB,-0.3645,11.5337,11.8982,6254.0,0.012149170330706,0.09034576816125237
TAC3,1.2083,6.6638,5.4555,9385.0,0.012203177974206853,0.09034576816125237
LMBRD2,0.208,11.1522,10.9442,9385.0,0.012204354802305402,0.09034576816125237
HIST1H1E,0.229,11.9928,11.7637,9385.0,0.012204354802305402,0.09034576816125237
UACA,-0.2707,11.7883,12.059,6255.0,0.012204354802305402,0.09034576816125237
BARD1,0.2371,10.2151,9.978,9385.0,0.012204354802305402,0.09034576816125237
TUBB6,-0.4677,10.4639,10.9317,6255.0,0.012204354802305402,0.09034576816125237
ZEB1,-0.3179,12.3078,12.6257,6256.0,0.012259761266115478,0.09066009307983812
UHRF1BP1,0.1793,11.1527,10.9734,9383.0,0.012315390472400744,0.09097540029348355
EPHX2,-0.4524,8.3663,8.8188,6258.0,0.01237124317329636,0.09119559572904676
LRRC8C,-0.3036,9.6051,9.9087,6258.0,0.01237124317329636,0.09119559572904676
ATP5J2,0.1813,10.4325,10.2512,9381.0,0.01242732012281001,0.09132059057716528
ST6GALNAC2,-0.6068,7.7739,8.3808,6259.0,0.01242732012281001,0.09132059057716528
CHEK1,0.3142,10.1889,9.8747,9381.0,0.01242732012281001,0.09132059057716528
D2HGDH,-0.2091,8.7865,8.9955,6260.0,0.012483622076823462,0.09163816080083304
F11R,0.3116,12.8215,12.5099,9379.0,0.012540149793094328,0.09176454441069967
TNFRSF14,-0.302,9.3248,9.6268,6261.0,0.012540149793094328,0.09176454441069967
MAP4,-0.18,13.6871,13.8671,6261.0,0.012540149793094328,0.09176454441069967
RRP1B,0.1538,10.8958,10.742,9377.0,0.012653885552828082,0.09250016756414933
STEAP1,-0.4991,8.0107,8.5098,6264.0,0.012711095121200456,0.0928214798058048
FGG,-1.074,1.5291,2.6031,6329.0,0.01274576813097301,0.09295014564664486
WRAP53,0.2216,9.2753,9.0538,9375.0,0.012768533501652485,0.09295014564664486
PMEPA1,-0.4468,7.7322,8.179,6265.0,0.012768533501652485,0.09295014564664486
SLC3A1,-0.8133,3.9214,4.7347,6265.5,0.012797237143507787,0.09306235899894603
SMC1B,0.7756,6.9499,6.1743,9374.0,0.012826160756284474,0.09307967754798513
IL6ST,-0.326,12.4066,12.7326,6266.0,0.012826201461345943,0.09307967754798513
MYO1D,-0.196,12.7681,12.964,6267.0,0.012884099769328243,0.09330646399648984
NLRP3,-0.4223,8.898,9.3203,6267.0,0.012884099769328243,0.09330646399648984
FHOD3,-0.5565,9.7424,10.2989,6268.0,0.01294222919653421,0.09353398458547893
CLIP4,-0.2968,10.5896,10.8864,6268.0,0.01294222919653421,0.09353398458547893
CACNA1C,-0.3761,10.2242,10.6003,6269.0,0.013000590515787508,0.09376224035227591
MERTK,-0.2344,11.8484,12.0827,6269.0,0.013000590515787508,0.09376224035227591
HIST1H1B,0.3615,10.0796,9.7182,9370.0,0.013059184501802346,0.09389473210074109
GCNT1,-0.3668,8.5407,8.9074,6270.0,0.013059184501802346,0.09389473210074109
EYA4,-0.4573,7.4299,7.8872,6270.0,0.013059184501802346,0.09389473210074109
GALNT5,-0.5709,7.9065,8.4774,6271.0,0.013118011931184911,0.09412442372345076
REEP6,0.4552,8.2998,7.8446,9369.0,0.013118011931184911,0.09412442372345076
HIST1H2AJ,0.4867,10.1968,9.7101,9368.0,0.013177073582435101,0.0942584742571941
SGMS1,-0.218,9.0779,9.2959,6272.0,0.013177073582435101,0.0942584742571941
FAH,-0.2611,9.9835,10.2447,6272.0,0.013177073582435101,0.0942584742571941
PCDHB14,-0.3745,9.7601,10.1346,6273.0,0.013236370235947842,0.09458602118606402
DYNLL2,0.1618,9.3182,9.1564,9366.0,0.013295902674014804,0.09472147144061616
ENTPD5,-0.276,9.4781,9.7541,6274.0,0.013295902674014804,0.09472147144061616
PLXDC2,-0.3598,11.4461,11.8059,6274.0,0.013295902674014804,0.09472147144061616
UMPS,0.1724,11.9851,11.8127,9365.0,0.013355671680825786,0.09505057802929165
LMCD1,-0.4257,8.1452,8.5709,6277.0,0.01347592254693886,0.09571185151745723
FKBP4,0.2771,11.9362,11.6591,9363.0,0.01347592254693886,0.09571185151745723
NDUFAF6,0.2623,10.0121,9.7498,9361.0,0.01359712914582556,0.09647486870133373
HP,-1.1558,4.7614,5.9172,6280.0,0.013652123414435183,0.09661376167543824
CA2,-0.5227,9.7213,10.244,6280.0,0.013658092825743805,0.09661376167543824
GBE1,-0.1912,9.3466,9.5378,6280.0,0.013658092825743805,0.09661376167543824
RRM1,0.2254,11.9251,11.6997,9359.0,0.01371929781948944,0.09694878166486837
ACP1,0.1026,10.2896,10.187,9358.0,0.013780744924580575,0.09718686476015886
MRVI1,-0.3849,9.4534,9.8383,6282.0,0.013780744924580575,0.09718686476015886
CEP192,0.2157,12.8876,12.6719,9357.0,0.013842434940445137,0.09742570038988674
SYT1,0.5361,7.9728,7.4367,9357.0,0.013842434940445137,0.09742570038988674
MED16,-0.1265,9.2577,9.3842,6284.0,0.013904368668422172,0.09756742864224496
ZFP36L1,-0.2552,12.3801,12.6353,6284.0,0.013904368668422172,0.09756742864224496
PIK3R1,-0.2474,11.763,12.0103,6284.0,0.013904368668422172,0.09756742864224496
FBXO5,0.3025,8.8024,8.4999,9355.0,0.01396654691176327,0.09790563365673492
SCN7A,-0.86,5.6706,6.5306,6286.0,0.014028926982190748,0.09814673350735657
HIST1H2AK,0.3018,9.4369,9.135,9354.0,0.014028970475633862,0.09814673350735657
CD109,-0.5427,10.5133,11.056,6287.0,0.014091640167114646,0.09848678252525336
APOL6,0.2403,10.9739,10.7336,9352.0,0.014154556795202793,0.09872944346295334
CDH3,-0.5351,11.465,12.0001,6288.0,0.014154556795202793,0.09872944346295334
RPS14,-0.1879,12.8517,13.0396,6289.0,0.014217721170813423,0.09887457930407786
GTPBP4,0.1934,11.3841,11.1907,9351.0,0.014217721170813423,0.09887457930407786
CPSF3,0.187,11.4862,11.2992,9351.0,0.014217721170813423,0.09887457930407786
SLC9A7,-0.2996,9.7485,10.0481,6290.0,0.014281134106780731,0.09892263318475317
SHKBP1,0.1233,11.0197,10.8964,9350.0,0.014281134106780731,0.09892263318475317
NRP1,-0.3382,11.3667,11.7049,6290.0,0.014281134106780731,0.09892263318475317
MGLL,-0.2773,9.0712,9.3485,6290.0,0.014281134106780731,0.09892263318475317
JADE2,-0.2229,9.255,9.4779,6291.0,0.014344796417859367,0.09916743268930815
ITGA5,-0.4332,10.8955,11.3287,6291.0,0.014344796417859367,0.09916743268930815
THOP1,0.2108,9.0625,8.8517,9348.0,0.014408708920725783,0.09936620162270289
ARHGEF40,-0.2234,9.8608,10.0842,6292.0,0.014408708920725783,0.09936620162270289
DBI,0.2243,11.8856,11.6612,9347.0,0.014472872433979286,0.09936620162270289
SNRPD1,0.2578,10.9873,10.7295,9347.0,0.014472872433979286,0.09936620162270289
ECH1,0.2117,10.9771,10.7654,9347.0,0.014472872433979286,0.09936620162270289
RPS6KA1,-0.1815,10.4155,10.597,6293.0,0.014472872433979286,0.09936620162270289
DNAJC21,0.1612,12.2813,12.1201,9347.0,0.014472872433979286,0.09936620162270289
CPED1,-0.3581,9.6736,10.0317,6294.0,0.014537287778143474,0.09971070157721719
TRIP13,0.4413,9.638,9.1967,9345.0,0.01460195577566731,0.09986083622753729
SLC39A13,-0.221,9.4353,9.6564,6295.0,0.01460195577566731,0.09986083622753729
FAM3B,0.9015,9.6627,8.7612,9345.0,0.01460195577566731,0.09986083622753729
SGSM3,-0.1474,10.1314,10.2788,6296.0,0.0146668772509265,0.10010929959867279
IGF1R,-0.3209,12.7606,13.0815,6296.0,0.0146668772509265,0.10010929959867279
MRPS21,0.2306,10.6203,10.3897,9343.0,0.014732053030224486,0.10035852857068296
ENG,-0.2799,11.4079,11.6878,6297.0,0.014732053030224486,0.10035852857068296
COLEC12,-0.5588,8.1997,8.7585,6299.0,0.01486317081579716,0.10115333840916181
POLD3,0.1647,10.0288,9.8641,9340.0,0.014929114484328597,0.10140503271945021
PLB1,-0.4722,8.7949,9.2671,6300.0,0.014929114484328597,0.10140503271945021
SHANK3,-0.2915,11.0878,11.3793,6301.0,0.014995315781414593,0.10146105934033468
RBMS1,-0.1736,11.0196,11.1932,6301.0,0.014995315781414593,0.10146105934033468
DGKH,-0.3081,12.1933,12.5014,6301.0,0.014995315781414593,0.10146105934033468
PEAK1,-0.1897,11.6554,11.8451,6301.0,0.014995315781414593,0.10146105934033468
BTBD3,-0.2279,10.1518,10.3797,6303.0,0.015128494607025457,0.10226336653764409
IER3IP1,0.1645,10.9785,10.814,9336.0,0.01519547381327571,0.10261707146998052
NBEAL1,-0.1584,12.4978,12.6562,6305.0,0.015262714003533458,0.10277383285263925
PSME1,0.1302,12.7279,12.5977,9335.0,0.015262714003533458,0.10277383285263925
MST4,0.2675,9.984,9.7165,9335.0,0.015262714003533458,0.10277383285263925
FBLIM1,-0.2418,8.8654,9.1072,6306.0,0.015330216021504039,0.10312920537809105
DENND3,-0.2799,9.4081,9.688,6309.0,0.015534301507836802,0.10430173869547568
SRGAP3,-0.2583,9.433,9.6913,6309.0,0.015534301507836802,0.10430173869547568
VWA5B1,-0.9552,4.6931,5.6483,6310.0,0.015594867051477068,0.10446159059797681
KIAA1958,0.2608,8.9741,8.7134,9330.0,0.015602859312506602,0.10446159059797681
SLC35D1,-0.2948,10.7643,11.0591,6310.0,0.015602859312506602,0.10446159059797681
CCT3,0.2045,12.9679,12.7634,9329.0,0.015671683192520554,0.10472213492101282
DPP4,-0.5756,8.3613,8.9369,6311.0,0.015671683192520554,0.10472213492101282
RNMT,0.1628,10.7648,10.602,9328.0,0.015740774003232746,0.1050835465630495
FLNA,-0.3263,15.4425,15.7688,6313.0,0.015810132601942216,0.10534572655699462
AOX1,-0.7052,7.989,8.6942,6313.0,0.015810132601942216,0.10534572655699462
LFNG,-0.3433,7.7791,8.1224,6314.0,0.015879759847893683,0.10570908575551279
HMGCS1,0.3182,11.7619,11.4438,9325.0,0.015949656602278654,0.10603669713500737
IFITM2,-0.3697,10.7302,11.0999,6316.0,0.016019823728236154,0.10603669713500737
ALG13,-0.1651,11.0955,11.2606,6316.0,0.016019823728236154,0.10603669713500737
DENND2C,-0.3982,8.8915,9.2897,6316.0,0.016019823728236154,0.10603669713500737
DAAM2,-0.3355,9.4142,9.7496,6316.0,0.016019823728236154,0.10603669713500737
SSFA2,-0.2393,12.4191,12.6585,6316.0,0.016019823728236154,0.10603669713500737
SHB,-0.2422,8.6698,8.912,6317.0,0.016090262090853794,0.10630198624740482
EGR1,-0.5664,11.6603,12.2267,6317.0,0.016090262090853794,0.10630198624740482
CCDC88A,-0.3076,11.8867,12.1943,6319.0,0.016231955996167054,0.10683495097853184
CCDC58,0.1967,9.227,9.0303,9321.0,0.016231955996167054,0.10683495097853184
EIF4B,-0.1435,11.8662,12.0097,6319.0,0.016231955996167054,0.10683495097853184
SNORA38,0.288,9.1646,8.8767,9321.0,0.016231955996167054,0.10683495097853184
C14orf159,-0.211,10.3425,10.5535,6320.0,0.016303213278787827,0.10700225172572742
ATP10D,-0.2732,11.3998,11.673,6320.0,0.016303213278787827,0.10700225172572742
DZIP3,0.1922,10.6974,10.5052,9320.0,0.016303213278787827,0.10700225172572742
L3MBTL3,-0.1602,10.0736,10.2338,6323.0,0.016518636927045714,0.10811216299074873
SSC5D,-0.4736,9.3365,9.8101,6323.0,0.016518636927045714,0.10811216299074873
NHSL1,-0.2209,10.2182,10.4391,6323.0,0.016518636927045714,0.10811216299074873
PPFIBP1,-0.1971,12.2204,12.4175,6324.0,0.016590998332583994,0.10828216339523365
EHMT2,0.1734,10.9028,10.7294,9316.0,0.016590998332583994,0.10828216339523365
AFAP1L1,-0.2691,8.8874,9.1565,6324.0,0.016590998332583994,0.10828216339523365
RBM8A,0.1975,10.8258,10.6283,9315.0,0.01666363796572773,0.10865498759217065
C11orf96,-0.5602,8.8163,9.3764,6326.0,0.01673655670913751,0.10902893640380462
PIK3IP1,-0.3663,8.5327,8.899,6327.0,0.01680975544743023,0.10930243026773807
VMA21,0.2036,9.0419,8.8383,9313.0,0.01680975544743023,0.10930243026773807
RRN3P2,-0.3785,7.7978,8.1763,6328.0,0.016883235067179907,0.10957673324880526
SERPINE2,-0.5158,9.343,9.8588,6328.0,0.016883235067179907,0.10957673324880526
PISD,-0.1255,9.155,9.2805,6329.0,0.016956996456918106,0.10975031995175369
ITGAV,-0.2878,13.4844,13.7722,6329.0,0.016956996456918106,0.10975031995175369
ITGA1,-0.2925,12.3156,12.6081,6329.0,0.016956996456918106,0.10975031995175369
FCGBP,-0.586,10.0778,10.6638,6330.0,0.017031040507134866,0.11002617774120431
RASL11A,-0.4153,7.5851,8.0004,6330.0,0.017031040507134866,0.11002617774120431
ZNF154,-0.4094,8.7105,9.1199,6331.0,0.01710536811027914,0.11030284795238011
SCARNA7,-0.265,14.5518,14.8168,6331.0,0.01710536811027914,0.11030284795238011
HBEGF,-0.4432,8.1758,8.619,6332.0,0.017179980160759584,0.11058033186194795
LAMTOR2,0.1803,11.6975,11.5172,9308.0,0.017179980160759584,0.11058033186194795
INTS8,0.1738,12.0514,11.8776,9307.0,0.01725487755494498,0.11096042930879678
C1orf74,-0.3186,7.537,7.8556,6334.0,0.017330061191164974,0.1112396136771112
GHR,-0.3959,8.4195,8.8153,6334.0,0.017330061191164974,0.1112396136771112
CEP112,-0.3003,9.369,9.6693,6335.0,0.01740553196971054,0.11149497215138512
UGT1A7,-1.1689,7.7462,8.9151,6335.0,0.01740553196971054,0.11149497215138512
F3,-0.5026,9.2261,9.7287,6336.0,0.01748129079283462,0.11149497215138512
LAMB1,-0.2655,14.0469,14.3123,6336.0,0.01748129079283462,0.11149497215138512
HIST1H4E,0.1692,11.7849,11.6157,9304.0,0.01748129079283462,0.11149497215138512
PIGP,0.189,8.9809,8.792,9304.0,0.01748129079283462,0.11149497215138512
SCARNA2,-0.2241,13.3181,13.5423,6336.0,0.01748129079283462,0.11149497215138512
SEC14L2,-0.3779,8.091,8.4689,6337.0,0.01755733856475259,0.11177640178996581
BICD1,-0.2499,10.2854,10.5353,6337.0,0.01755733856475259,0.11177640178996581
C21orf59,0.1514,10.0777,9.9263,9302.0,0.01763367619164273,0.11216043085383655
CMBL,-0.3521,7.8684,8.2205,6339.0,0.017710304581646904,0.11254561069444036
SERP1,0.1523,10.4541,10.3018,9300.0,0.01778722464487077,0.11272754225161084
GATA6,-0.4268,8.8914,9.3182,6340.0,0.01778722464487077,0.11272754225161084
SKA2,0.2119,9.4051,9.1931,9300.0,0.01778722464487077,0.11272754225161084
COL18A1,-0.3641,12.2194,12.5835,6341.0,0.01786443729338452,0.11301233456691218
MRPS25,0.1706,10.7052,10.5346,9299.0,0.01786443729338452,0.11301233456691218
PTPLB,0.2392,10.2828,10.0436,9298.0,0.017941943441223067,0.11319588280980643
DZIP1,-0.3105,9.3575,9.6679,6342.0,0.017941943441223067,0.11319588280980643
PLAGL1,-0.3593,8.3083,8.6676,6342.0,0.017941943441223067,0.11319588280980643
PSMD2,0.1936,13.2711,13.0775,9297.0,0.018019744004386662,0.11338029403658563
ZNF92,0.1966,11.567,11.3704,9297.0,0.018019744004386662,0.11338029403658563
CHMP5,0.1638,11.6944,11.5306,9297.0,0.018019744004386662,0.11338029403658563
ARHGAP42,-0.2826,10.1607,10.4432,6344.0,0.018097839900841135,0.11376945496013507
LPA,-0.9359,6.0998,7.0356,6345.0,0.018165520444373272,0.11404033397978985
HIBCH,-0.1814,11.254,11.4354,6345.0,0.01817623205051847,0.11404033397978985
EFEMP1,-0.6164,11.0774,11.6938,6346.0,0.018254921375316924,0.11404033397978985
THBS1,-0.4308,14.0991,14.5299,6346.0,0.018254921375316924,0.11404033397978985
SNRPB,0.1905,10.0662,9.8757,9294.0,0.018254921375316924,0.11404033397978985
ANKRD32,0.1845,9.7906,9.6061,9294.0,0.018254921375316924,0.11404033397978985
BICC1,-0.4875,9.4409,9.9284,6346.0,0.018254921375316924,0.11404033397978985
PLAU,-0.4102,9.901,10.3112,6347.0,0.018333908799101642,0.11443169636373333
MOCOS,0.3196,11.1026,10.7831,9292.0,0.018413195247704708,0.11472206967942712
LIMA1,-0.24,11.9421,12.182,6348.0,0.018413195247704708,0.11472206967942712
SERPINF1,-0.4871,11.5671,12.0542,6349.0,0.018492781648925774,0.1151155110110464
RPS6KA2,-0.2146,9.3022,9.5168,6350.0,0.018572668932532004,0.11540763135272547
GBP4,0.3547,11.1166,10.7619,9290.0,0.018572668932532004,0.11540763135272547
CDKN1A,-0.3415,10.582,10.9235,6351.0,0.01865285803025864,0.11558559399144545
DEK,0.2677,12.6525,12.3848,9289.0,0.01865285803025864,0.11558559399144545
SGOL2,0.2875,9.5369,9.2495,9288.0,0.018733349875809022,0.11558559399144545
PVRL4,0.4021,12.3828,11.9806,9288.0,0.018733349875809022,0.11558559399144545
RP1L1,-0.5388,6.2034,6.7423,6352.0,0.018733349875809022,0.11558559399144545
SLC39A7,0.1628,11.7888,11.6261,9288.0,0.018733349875809022,0.11558559399144545
ARHGAP24,-0.3375,9.5247,9.8622,6352.0,0.018733349875809022,0.11558559399144545
HIST1H4C,0.2492,9.7661,9.5169,9288.0,0.018733349875809022,0.11558559399144545
RAE1,0.166,10.2084,10.0424,9287.0,0.018814145404854956,0.11597143262219457
AADAC,-0.9612,4.8075,5.7687,6353.5,0.01885352518609918,0.11597143262219457
KIAA1191,-0.1503,9.7049,9.8551,6354.0,0.018895245555036987,0.11597143262219457
EDIL3,-0.427,8.7193,9.1464,6354.0,0.018895245555036987,0.11597143262219457
HMCN1,-0.5022,12.071,12.5731,6354.0,0.018895245555036987,0.11597143262219457
RAB11A,0.1808,11.7403,11.5596,9286.0,0.018895245555036987,0.11597143262219457
IRS1,-0.3963,11.2554,11.6517,6355.0,0.018976651265964352,0.1162672693049417
HAUS6,0.2103,9.8194,9.6091,9285.0,0.018976651265964352,0.1162672693049417
SDF2,0.1242,9.2698,9.1456,9284.0,0.019058363479215416,0.11666583867565171
SMARCD2,0.1575,11.3056,11.1481,9283.0,0.019140383138337616,0.11696344076594967
TAP1,0.4069,13.4949,13.0881,9283.0,0.019140383138337616,0.11696344076594967
TFPI2,-0.6818,5.8195,6.5013,6357.5,0.01918149491053683,0.11711247502919742
PCDHGA10,-0.3224,8.3146,8.6369,6358.0,0.0192227111888478,0.11715983155396094
SUCO,0.1705,12.2309,12.0604,9282.0,0.0192227111888478,0.11715983155396094
ECM2,-0.3857,7.92,8.3056,6359.0,0.01930534857823213,0.11756117921161705
NFYB,0.1685,10.8064,10.6379,9280.0,0.019388296255946357,0.11765705258266235
MMAB,0.1574,11.026,10.8686,9280.0,0.019388296255946357,0.11765705258266235
KIZ,-0.1487,10.3462,10.495,6360.0,0.019388296255946357,0.11765705258266235
CHMP1B,0.1456,10.1807,10.0352,9280.0,0.019388296255946357,0.11765705258266235
FEM1C,-0.1524,9.7644,9.9168,6361.0,0.019471555173415738,0.11806000076141161
UGCG,-0.2465,11.1142,11.3606,6362.0,0.019555126284035246,0.11836175399057806
FAM127B,0.1721,9.9261,9.7539,9278.0,0.019555126284035246,0.11836175399057806
SMTN,-0.259,10.1931,10.4521,6363.0,0.019639010543169442,0.11856206106363414
MTBP,0.2517,9.7096,9.4579,9277.0,0.019639010543169442,0.11856206106363414
ETV3,0.1947,9.8656,9.6708,9277.0,0.019639010543169442,0.11856206106363414
PSMB9,0.4419,9.1654,8.7235,9276.0,0.019723208908152705,0.1188654319998222
MYC,-0.4502,10.1808,10.631,6364.0,0.019723208908152705,0.1188654319998222
C11orf31,0.1357,9.3259,9.1902,9275.0,0.019807722338288956,0.11906736440775757
TAGLN,-0.4357,11.7307,12.1663,6365.0,0.019807722338288956,0.11906736440775757
PML,-0.2229,11.2958,11.5187,6365.0,0.019807722338288956,0.11906736440775757
AKAP13,-0.1576,14.0084,14.166,6366.0,0.019892551794851897,0.11947473432191066
COMMD2,0.1379,9.8881,9.7502,9273.0,0.019977698241084738,0.11978066847801062
TSPAN1,-0.649,9.5846,10.2336,6367.0,0.019977698241084738,0.11978066847801062
CFTR,-0.9677,4.9769,5.9446,6368.0,0.02006237364929571,0.12008745981481066
PDE3A,-0.3237,9.3702,9.6939,6368.0,0.020063162642200268,0.12008745981481066
LRIG1,-0.4221,8.8707,9.2927,6369.0,0.020148945965380798,0.12049792365120557
OTUD7B,0.1961,11.0487,10.8526,9270.0,0.020235049179777895,0.12090959846927013
STK17A,-0.264,9.5047,9.7688,6371.0,0.02032147325651242,0.12101299082938476
GEM,-0.5491,7.5476,8.0966,6371.0,0.02032147325651242,0.12101299082938476
MMS22L,0.2008,10.2648,10.0639,9269.0,0.02032147325651242,0.12101299082938476
HIST1H4D,0.1912,9.7308,9.5396,9269.0,0.02032147325651242,0.12101299082938476
ZBTB33,0.1665,10.9627,10.7961,9268.0,0.020408219168674226,0.12122032132165021
CEP41,-0.323,9.6202,9.9432,6372.0,0.020408219168674226,0.12122032132165021
CCDC80,-0.5498,11.4472,11.997,6372.0,0.020408219168674226,0.12122032132165021
PPP1CC,0.1754,12.2679,12.0924,9267.0,0.02049528789132219,0.12153133031577418
CTDSP2,-0.1473,11.3331,11.4803,6373.0,0.02049528789132219,0.12153133031577418
NGLY1,0.1752,11.0213,10.846,9266.0,0.020582680401483776,0.12194628667647282
COL21A1,-0.3735,6.9867,7.3603,6375.0,0.020670397678155036,0.12205294682978053
SOCS5,-0.1891,9.282,9.4711,6375.0,0.020670397678155036,0.12205294682978053
GPSM2,0.2887,11.2001,10.9114,9265.0,0.020670397678155036,0.12205294682978053
TPCN1,-0.1711,11.5707,11.7418,6375.0,0.020670397678155036,0.12205294682978053
C15orf39,-0.1461,9.6937,9.8398,6376.0,0.020758440702300214,0.12226354940135273
FNIP2,-0.1844,11.278,11.4624,6376.0,0.020758440702300214,0.12226354940135273
SYNGAP1,-0.2087,11.8254,12.0341,6376.0,0.020758440702300214,0.12226354940135273
PRUNE,0.2199,10.2354,10.0155,9263.0,0.020846810456851675,0.12247501143400359
PDAP1,0.1538,10.3664,10.2126,9263.0,0.020846810456851675,0.12247501143400359
XPR1,0.2413,12.0194,11.7781,9263.0,0.020846810456851675,0.12247501143400359
MYO15B,-0.3292,10.0703,10.3995,6378.0,0.020935507926709382,0.12269567691123538
CES2,-0.182,9.9634,10.1455,6378.0,0.020935507926709382,0.12269567691123538
ZNF649,-0.332,9.0317,9.3637,6379.0,0.02102453409874089,0.12269567691123538
MARK2,0.1399,11.6901,11.5502,9261.0,0.02102453409874089,0.12269567691123538
RPS9,-0.1556,12.1581,12.3137,6379.0,0.02102453409874089,0.12269567691123538
PLEKHG4B,0.9487,7.5805,6.6318,9261.0,0.02102453409874089,0.12269567691123538
PALLD,-0.3569,12.9087,13.2656,6379.0,0.02102453409874089,0.12269567691123538
RPS25,-0.1747,12.71,12.8847,6379.0,0.02102453409874089,0.12269567691123538
SCARNA1,0.2071,10.9346,10.7275,9260.0,0.02111388996178072,0.1229098681648798
EIF3L,-0.1396,12.6179,12.7575,6380.0,0.02111388996178072,0.1229098681648798
RALGPS1,0.2118,9.7394,9.5276,9260.0,0.02111388996178072,0.1229098681648798
ILK,-0.1743,12.1944,12.3688,6381.0,0.02120357650663035,0.12332944042851524
CSAG1,0.9646,4.8865,3.9219,9253.5,0.02126861641549104,0.12354518961605733
MSH6,0.1603,13.2052,13.0449,9258.0,0.021293594726057574,0.12354518961605733
SGK223,-0.2881,8.8596,9.1477,6382.0,0.021293594726057574,0.12354518961605733
RHOC,-0.1871,11.3876,11.5747,6383.0,0.021383945614796215,0.1239666979639221
TARS,0.2312,12.8666,12.6354,9256.0,0.021474630169545806,0.12428664055977627
BMPR2,-0.1604,13.42,13.5804,6384.0,0.021474630169545806,0.12428664055977627
C12orf57,-0.1477,9.9008,10.0485,6385.0,0.02156564938897102,0.1244021768294597
ACP6,0.2466,9.6387,9.3921,9255.0,0.02156564938897102,0.1244021768294597
MYEF2,0.5187,9.4453,8.9266,9255.0,0.02156564938897102,0.1244021768294597
PEG3,-0.4409,6.762,7.2029,6385.0,0.02156564938897102,0.1244021768294597
DNMT1,0.2427,13.6909,13.4482,9254.0,0.021657004273701416,0.12482633821294734
MT1E,-0.5144,8.3972,8.9115,6387.0,0.021748695826330697,0.12494349210155363
FMN1,-0.3866,9.3603,9.7469,6387.0,0.021748695826330697,0.12494349210155363
MMRN1,-0.6316,6.9001,7.5316,6387.0,0.021748695826330697,0.12494349210155363
FOXP1,-0.2288,12.0725,12.3013,6387.0,0.021748695826330697,0.12494349210155363
STAT6,-0.2324,12.355,12.5874,6388.0,0.021840725051416494,0.12516415510234838
PCDHB13,-0.378,9.4394,9.8174,6388.0,0.021840725051416494,0.12516415510234838
TBC1D10B,0.1612,10.3801,10.219,9252.0,0.021840725051416494,0.12516415510234838
ADAMTS9,-0.3768,10.4977,10.8744,6389.0,0.021933092955479648,0.12548811271832022
SEC23A,-0.1729,12.799,12.9719,6389.0,0.021933092955479648,0.12548811271832022
PGRMC1,0.1683,10.8495,10.6812,9250.0,0.022025800547003854,0.12581295369548776
PCDHGB6,-0.3183,8.2259,8.5442,6390.0,0.022025800547003854,0.12581295369548776
NEK6,-0.2383,8.9117,9.1501,6391.0,0.0221188488364349,0.12624148198985624
PSD3,-0.3117,11.0321,11.3438,6392.0,0.02221223883618028,0.12625999072221633
TMEM194A,0.1902,9.6577,9.4675,9248.0,0.02221223883618028,0.12625999072221633
ACTR6,0.1534,10.0079,9.8545,9248.0,0.02221223883618028,0.12625999072221633
ANXA4,0.2596,12.2456,11.986,9248.0,0.02221223883618028,0.12625999072221633
TFG,0.1154,11.7681,11.6527,9248.0,0.02221223883618028,0.12625999072221633
EEF2,-0.1565,14.292,14.4485,6393.0,0.022305971560608435,0.12658729241405256
SETDB1,0.1902,11.9244,11.7342,9247.0,0.022305971560608435,0.12658729241405256
MKL1,-0.1531,9.4166,9.5698,6394.0,0.022400048026048308,0.1269154824647381
ATL1,0.2714,9.1471,8.8757,9246.0,0.022400048026048308,0.1269154824647381
RPRD1A,0.1703,10.6366,10.4663,9245.0,0.02249446925078848,0.12703932916392882
TRPV4,-0.4014,9.5151,9.9165,6395.0,0.02249446925078848,0.12703932916392882
PDIA3P1,0.1716,11.6952,11.5237,9245.0,0.02249446925078848,0.12703932916392882
ZNF850,0.282,10.2299,9.9478,9245.0,0.02249446925078848,0.12703932916392882
SNORA27,0.212,9.5568,9.3448,9243.0,0.02268435006111904,0.12769976163827704
PSMC3,0.1588,12.0195,11.8607,9243.0,0.02268435006111904,0.12769976163827704
TCF7L2,-0.1541,10.7526,10.9067,6397.0,0.02268435006111904,0.12769976163827704
SORBS3,-0.2179,9.422,9.6399,6397.0,0.02268435006111904,0.12769976163827704
EEF1D,-0.1395,12.2332,12.3727,6398.0,0.02277981169307927,0.12813415364388284
XYLB,0.2329,9.69,9.457,9241.0,0.022875622177078118,0.1284667057787314
SLC35A2,0.1515,9.2431,9.0916,9241.0,0.022875622177078118,0.1284667057787314
ZNF681,0.2291,10.8884,10.6593,9240.0,0.022971782541192472,0.1286971145087767
TRIT1,0.2237,10.462,10.2383,9240.0,0.022971782541192472,0.1286971145087767
NLK,0.1679,10.8967,10.7287,9240.0,0.022971782541192472,0.1286971145087767
TMPRSS4,-0.8462,9.4035,10.2497,6401.0,0.023068293815454628,0.12892838115692637
CENPN,0.2441,9.321,9.077,9239.0,0.023068293815454628,0.12892838115692637
ALDH1A3,-0.3453,9.4909,9.8362,6401.0,0.023068293815454628,0.12892838115692637
MASP1,-0.6684,6.6562,7.3246,6402.0,0.023165157031851426,0.12926342206697652
MTSS1,-0.3796,11.2551,11.6347,6402.0,0.023165157031851426,0.12926342206697652
THRA,-0.1891,8.9801,9.1692,6403.0,0.023262373224323545,0.12939348664808403
POLK,-0.1481,10.6824,10.8305,6403.0,0.023262373224323545,0.12939348664808403
DROSHA,0.2145,13.0286,12.814,9237.0,0.023262373224323545,0.12939348664808403
NAV1,-0.2469,11.273,11.5198,6403.0,0.023262373224323545,0.12939348664808403
GNL2,0.1119,11.8303,11.7184,9236.0,0.023359943428764456,0.12952469028633212
SRPX,-0.4582,7.4524,7.9106,6404.0,0.023359943428764456,0.12952469028633212
CYCS,0.1933,11.6043,11.411,9236.0,0.023359943428764456,0.12952469028633212
BNC2,-0.494,9.9354,10.4295,6404.0,0.023359943428764456,0.12952469028633212
RAN,0.1886,12.0584,11.8698,9235.0,0.023457868683019842,0.12965702792990366
LYST,-0.2009,13.6402,13.8411,6405.0,0.023457868683019842,0.12965702792990366
HSP90AA1,0.1898,16.3563,16.1665,9235.0,0.023457868683019842,0.12965702792990366
MAPK8IP3,-0.1294,11.2329,11.3623,6405.0,0.023457868683019842,0.12965702792990366
NCOA7,-0.2003,11.2902,11.4905,6406.0,0.023556150026886324,0.12979049460132566
C7,-0.9506,8.6848,9.6354,6406.0,0.023556150026886324,0.12979049460132566
RBL2,-0.1818,12.5528,12.7346,6406.0,0.023556150026886324,0.12979049460132566
MRPL3,0.1462,11.5588,11.4126,9234.0,0.023556150026886324,0.12979049460132566
ARF1,0.1464,10.8005,10.6541,9232.0,0.02375378515238966,0.1306738078728867
EMILIN1,-0.3756,8.7881,9.1637,6408.0,0.02375378515238966,0.1306738078728867
ELF5,0.6871,7.3953,6.7082,9231.0,0.02385282270709038,0.1309118703657058
FEM1B,-0.1469,11.1212,11.2682,6409.0,0.02385314102336722,0.1309118703657058
FADS3,-0.3053,8.6602,8.9655,6409.0,0.02385314102336722,0.1309118703657058
RAD23B,0.1573,12.9661,12.8088,9230.0,0.02395285716263529,0.13115078867078572
WDHD1,0.2566,10.7658,10.5092,9230.0,0.02395285716263529,0.13115078867078572
CEBPB,-0.286,8.8659,9.1519,6410.0,0.02395285716263529,0.13115078867078572
MXRA8,-0.4407,7.609,8.0497,6411.0,0.02405293461973204,0.13139056251324766
ANO1,-0.4012,10.9082,11.3094,6411.0,0.02405293461973204,0.13139056251324766
ERP29,0.1369,11.1137,10.9769,9229.0,0.02405293461973204,0.13139056251324766
KIAA1731,0.1419,11.8171,11.6752,9227.0,0.02425417769528896,0.13238659890889212
SLC5A6,0.1978,10.4133,10.2156,9226.0,0.024355345422547355,0.1324227360202633
AREG,-0.6697,10.4835,11.1531,6414.0,0.024355345422547355,0.1324227360202633
TBCB,0.1237,9.8156,9.6919,9226.0,0.024355345422547355,0.1324227360202633
IGSF9,0.5767,8.6617,8.085,9226.0,0.024355345422547355,0.1324227360202633
TMSB4X,-0.2436,13.9419,14.1855,6414.0,0.024355345422547355,0.1324227360202633
TMEM147,0.1993,10.7426,10.5433,9225.0,0.024456878685228504,0.13287162252339427
GGCX,0.1644,11.7161,11.5517,9224.0,0.024558778542585938,0.13301247187450063
BGN,-0.4215,12.689,13.1105,6416.0,0.024558778542585938,0.13301247187450063
NUP155,0.2419,13.0904,12.8485,9224.0,0.024558778542585938,0.13301247187450063
ECE1,-0.1807,12.7227,12.9033,6416.0,0.024558778542585938,0.13301247187450063
IGFBP5,-0.5711,9.9197,10.4908,6417.0,0.024661046055812794,0.13336008148946488
RPS2,-0.1913,8.7929,8.9842,6417.0,0.024661046055812794,0.13336008148946488
PODN,-0.4443,8.8211,9.2655,6418.0,0.024763682288040812,0.13350274600704373
TTC39B,-0.2385,9.1968,9.4353,6418.0,0.024763682288040812,0.13350274600704373
CAV2,-0.335,8.7547,9.0898,6418.0,0.024763682288040812,0.13350274600704373
TNFRSF10A,-0.3239,8.958,9.2819,6418.0,0.024763682288040812,0.13350274600704373
UTRN,-0.2644,13.764,14.0284,6419.0,0.024866688304338944,0.13385197401636098
VDR,-0.3044,8.8468,9.1512,6419.0,0.024866688304338944,0.13385197401636098
PSME2,0.1759,11.5814,11.4055,9220.0,0.024970065171712328,0.13430519692588436
HIST1H2AC,0.2272,12.132,11.9047,9219.0,0.025073813959100757,0.1345531947552357
CAMSAP3,0.3585,9.3379,8.9795,9219.0,0.025073813959100757,0.1345531947552357
CBLB,-0.1466,12.366,12.5126,6421.0,0.025073813959100757,0.1345531947552357
MCUR1,0.1764,9.8782,9.7018,9218.0,0.025177935737377786,0.1350084869593083
TRAF3IP2,-0.254,9.424,9.678,6423.0,0.025282431579349007,0.13525811180304131
DEPTOR,-0.3824,8.9676,9.35,6423.0,0.025282431579349007,0.13525811180304131
PCSK5,-0.3416,8.6226,8.9642,6423.0,0.025282431579349007,0.13525811180304131
FREM2,0.9249,10.6873,9.7624,9215.0,0.025492549755249904,0.13627811140153823
FEZ1,-0.342,8.0767,8.4187,6426.0,0.02559817424444003,0.13653009461828905
ABCA8,-0.4994,8.5873,9.0867,6426.0,0.02559817424444003,0.13653009461828905
RPGR,-0.1982,11.3878,11.586,6426.0,0.02559817424444003,0.13653009461828905
MED12L,0.3392,8.4312,8.092,9213.0,0.025704177107842376,0.1366790829811846
LAMB3,-0.705,11.9452,12.6502,6427.0,0.025704177107842376,0.1366790829811846
DENR,0.1657,11.7094,11.5437,9213.0,0.025704177107842376,0.1366790829811846
PDSS1,0.1724,9.697,9.5247,9213.0,0.025704177107842376,0.1366790829811846
GUSB,0.1321,12.2604,12.1283,9212.0,0.02581055942790341,0.13672567902693464
TUBA1B,0.2314,14.4498,14.2185,9212.0,0.02581055942790341,0.13672567902693464
EEF1A1,-0.1764,11.5163,11.6927,6428.0,0.02581055942790341,0.13672567902693464
CHST15,-0.366,8.1889,8.555,6428.0,0.02581055942790341,0.13672567902693464
LMOD1,-0.4753,9.9792,10.4544,6428.0,0.02581055942790341,0.13672567902693464
IGF2BP3,0.8953,7.3942,6.499,9211.0,0.02591715369471245,0.13677393217017383
CD81,-0.1581,13.3963,13.5543,6429.0,0.025917322288993384,0.13677393217017383
LTBP3,-0.2436,11.9659,12.2095,6429.0,0.025917322288993384,0.13677393217017383
ANKRD50,-0.2884,10.9224,11.2107,6429.0,0.025917322288993384,0.13677393217017383
CREB3L1,-0.4209,9.2959,9.7167,6429.0,0.025917322288993384,0.13677393217017383
UBB,0.1675,15.1215,14.954,9210.0,0.026024466777404952,0.13713268686393296
AHNAK2,-0.6947,13.1313,13.826,6430.0,0.026024466777404952,0.13713268686393296
JAM3,-0.3295,9.6608,9.9903,6431.0,0.02613199398135181,0.1375957547754938
DNASE2,0.1203,10.5306,10.4102,9208.0,0.026239904990966848,0.13794641004120828
GLIPR1,-0.3716,9.3175,9.6891,6433.0,0.026348200898300915,0.13794641004120828
BMP1,-0.2891,10.1406,10.4296,6433.0,0.026348200898300915,0.13794641004120828
TLN1,-0.166,13.5373,13.7033,6433.0,0.026348200898300915,0.13794641004120828
PTPRK,-0.1709,12.8183,12.9892,6433.0,0.026348200898300915,0.13794641004120828
CHPF,-0.2848,8.6363,8.9212,6433.0,0.026348200898300915,0.13794641004120828
BACE2,-0.2046,10.8376,11.0422,6433.0,0.026348200898300915,0.13794641004120828
FGB,-1.35,1.756,3.106,6486.5,0.026356175444114907,0.13794641004120828
MAP3K6,-0.3286,9.093,9.4216,6434.0,0.02645688279732099,0.13806076768229425
NAALADL2,0.3747,10.4313,10.0566,9206.0,0.02645688279732099,0.13806076768229425
DCAF12,0.1368,10.5962,10.4595,9206.0,0.02645688279732099,0.13806076768229425
DNAH1,-0.2234,10.6372,10.8606,6434.0,0.02645688279732099,0.13806076768229425
SPINT1,0.2132,12.4393,12.2261,9205.0,0.026565951783908828,0.13847879089538992
RCN2,0.1824,10.7085,10.5261,9204.0,0.02667540895585906,0.13847879089538992
ITPKB,-0.2772,9.5186,9.7958,6436.0,0.02667540895585906,0.13847879089538992
USP14,0.1546,11.485,11.3304,9204.0,0.02667540895585906,0.13847879089538992
DDOST,0.1347,12.7644,12.6296,9204.0,0.02667540895585906,0.13847879089538992
CDCP1,-0.2827,10.6998,10.9825,6436.0,0.02667540895585906,0.13847879089538992
RUNX1T1,-0.3629,7.7095,8.0723,6436.0,0.02667540895585906,0.13847879089538992
DOCK9,-0.1275,12.8713,12.9988,6437.0,0.02678525541287777,0.1385355566147585
RHOB,-0.3411,9.1738,9.5148,6437.0,0.02678525541287777,0.1385355566147585
ZNF333,-0.1099,9.6166,9.7265,6437.0,0.02678525541287777,0.1385355566147585
CYB5A,0.3266,12.1501,11.8235,9203.0,0.02678525541287777,0.1385355566147585
RBM17,0.1722,12.5291,12.3569,9203.0,0.02678525541287777,0.1385355566147585
HPS1,-0.1513,10.6188,10.77,6439.0,0.0270061205904914,0.1394718749964685
SPEG,-0.5502,7.0818,7.632,6439.0,0.0270061205904914,0.1394718749964685
SERPINH1,-0.2396,12.4922,12.7318,6440.0,0.02711714152003987,0.13963333975355824
DPYD,-0.3146,11.7118,12.0265,6440.0,0.02711714152003987,0.13963333975355824
VWA8,-0.2663,12.0933,12.3596,6440.0,0.02711714152003987,0.13963333975355824
ZNF354B,-0.182,9.3122,9.4941,6440.0,0.02711714152003987,0.13963333975355824
PTPRZ1,-0.8701,5.5294,6.3995,6441.0,0.02722848638488554,0.1400011591309704
STXBP5,-0.1243,11.822,11.9463,6441.0,0.02722855615256057,0.1400011591309704
ZNF846,-0.3023,9.2615,9.5638,6442.0,0.02734036559729052,0.14026709177862676
PTPN13,-0.3792,13.3407,13.7199,6442.0,0.02734036559729052,0.14026709177862676
ANGPTL2,-0.3749,8.4581,8.833,6442.0,0.02734036559729052,0.14026709177862676
IDH1,0.261,13.0106,12.7496,9196.0,0.027565173369829193,0.1411103136761066
GALNT12,0.3079,10.5251,10.2172,9196.0,0.027565173369829193,0.1411103136761066
SPRED2,-0.2271,9.5783,9.8053,6444.0,0.027565173369829193,0.1411103136761066
KLF10,-0.2059,10.1792,10.3851,6445.0,0.0276781739256091,0.14148193576718288
KIAA1549L,-0.5591,8.1401,8.6992,6445.0,0.0276781739256091,0.14148193576718288
PKD2,-0.2074,12.3276,12.535,6446.0,0.027791573749537057,0.14195798028301096
ANXA10,-1.2339,5.8426,7.0765,6447.0,0.027901471753653973,0.1423316342638252
COPS3,0.1537,10.9758,10.8222,9193.0,0.027905373960335853,0.1423316342638252
CPA3,-0.4843,8.5318,9.0162,6448.0,0.028019575678619915,0.1426025352306506
CDH13,-0.3937,9.6406,10.0342,6448.0,0.028019575678619915,0.1426025352306506
CCDC174,0.1661,10.0522,9.8861,9192.0,0.028019575678619915,0.1426025352306506
PCDHB15,-0.2916,8.5458,8.8375,6449.0,0.028134180026892996,0.14308181752239046
SRPX2,-0.3767,11.4481,11.8248,6450.0,0.028249188129546476,0.14356245607490128
GFPT2,-0.5226,7.7759,8.2985,6451.0,0.028364601112857102,0.14373176671008558
DIRC2,0.1272,10.4324,10.3052,9189.0,0.028364601112857102,0.14373176671008558
FILIP1L,-0.3603,10.3621,10.7224,6451.0,0.028364601112857102,0.14373176671008558
ERBB2,0.2698,13.5006,13.2308,9189.0,0.028364601112857102,0.14373176671008558
GTF3C5,0.1905,10.4383,10.2478,9188.0,0.028480420104985093,0.1442143036841725
SLC12A4,-0.2492,11.2174,11.4666,6453.0,0.02859664623597196,0.14469820346135234
IL1R2,-0.4532,6.8554,7.3086,6454.0,0.0287132806377386,0.145078718835558
ADAM19,-0.319,10.0168,10.3358,6454.0,0.0287132806377386,0.145078718835558
COL7A1,-0.4817,12.5398,13.0215,6455.0,0.028830324444082855,0.14525090797259874
LMLN,0.1515,9.3824,9.2309,9185.0,0.028830324444082855,0.14525090797259874
STK17B,-0.3018,10.294,10.5958,6455.0,0.028830324444082855,0.14525090797259874
C9orf78,0.1529,10.9786,10.8258,9185.0,0.028830324444082855,0.14525090797259874
EMR2,-0.3528,9.9136,10.2664,6456.0,0.028947778790677697,0.1455285677466733
AOC3,-0.4097,9.1769,9.5867,6456.0,0.028947778790677697,0.1455285677466733
TANK,-0.1711,11.4581,11.6292,6456.0,0.028947778790677697,0.1455285677466733
MTHFD2,0.2466,10.7486,10.502,9183.0,0.029065644815068768,0.14580709931226832
MCTP2,-0.3235,10.4292,10.7527,6457.0,0.029065644815068768,0.14580709931226832
TIMM50,0.1948,10.7339,10.5392,9183.0,0.029065644815068768,0.14580709931226832
SNX10,0.2753,8.9233,8.648,9182.0,0.02918392365667246,0.14629564593248193
MYO1E,-0.1767,12.7862,12.9629,6459.0,0.029302616456773362,0.14678556727237757
SIRPA,-0.3348,9.7159,10.0508,6460.0,0.029421724358522187,0.14717166834480777
TOMM5,0.1712,9.9938,9.8226,9180.0,0.029421724358522187,0.14717166834480777
TEK,-0.3113,9.939,10.2503,6461.0,0.029541248506933567,0.14734854935474057
CLTCL1,-0.3076,8.4007,8.7083,6461.0,0.029541248506933567,0.14734854935474057
P4HA2,-0.2409,10.2953,10.5362,6461.0,0.029541248506933567,0.14734854935474057
PCDHB5,-0.4861,7.5102,7.9964,6461.0,0.029541248506933567,0.14734854935474057
SH3BGRL,-0.2149,9.4491,9.664,6462.0,0.029661190048883488,0.14763135317152173
TMEM14B,0.1683,9.5887,9.4204,9178.0,0.029661190048883488,0.14763135317152173
CELSR3,0.446,10.032,9.586,9178.0,0.029661190048883488,0.14763135317152173
TRPM6,-0.4666,7.1922,7.6587,6463.0,0.02978155013310722,0.14791503232776587
VHL,0.1337,10.9627,10.8291,9177.0,0.02978155013310722,0.14791503232776587
CUBN,-0.3315,9.1968,9.5283,6463.0,0.02978155013310722,0.14791503232776587
GEN1,0.2059,10.5947,10.3888,9176.0,0.02990232991019672,0.14819958695053617
H1FX,0.2059,9.0891,8.8832,9176.0,0.02990232991019672,0.14819958695053617
CYB5R3,-0.1718,11.9295,12.1013,6464.0,0.02990232991019672,0.14819958695053617
NADK2,0.168,10.7797,10.6117,9174.0,0.03014515315461054,0.14908651662552092
IDI1,0.166,10.2323,10.0662,9174.0,0.03014515315461054,0.14908651662552092
YEATS4,0.4307,9.3565,8.9258,9174.0,0.03014515315461054,0.14908651662552092
ABCC9,-0.3862,10.4383,10.8245,6467.0,0.030267198932381105,0.14947898034094845
KIF13A,-0.1636,12.1358,12.2994,6467.0,0.030267198932381105,0.14947898034094845
RPS3,-0.1743,13.6378,13.8121,6469.0,0.03051256458902145,0.15037261774589528
C18orf25,0.1294,10.1551,10.0257,9171.0,0.03051256458902145,0.15037261774589528
TM9SF2,0.1639,13.8596,13.6957,9171.0,0.03051256458902145,0.15037261774589528
NDST2,-0.1435,10.6335,10.777,6470.0,0.030635886789412092,0.15087420195939022
SNRPF,0.2141,10.9484,10.7344,9169.0,0.03075963678859775,0.15095286365140156
SYNPO2,-0.4747,11.2983,11.773,6471.0,0.03075963678859775,0.15095286365140156
PDLIM3,-0.4584,9.3445,9.8029,6471.0,0.03075963678859775,0.15095286365140156
ZNF675,0.1653,11.9333,11.768,9169.0,0.03075963678859775,0.15095286365140156
MICAL2,-0.2752,11.9613,12.2365,6471.0,0.03075963678859775,0.15095286365140156
ANKEF1,0.1913,9.1955,9.0042,9168.0,0.0308838157519361,0.15145613565182667
LINC01000,-0.1371,12.3739,12.511,6473.0,0.031008424846619122,0.15174842711451692
BAIAP3,-0.5081,7.3028,7.8109,6473.0,0.031008424846619122,0.15174842711451692
EML1,0.2776,9.6959,9.4184,9167.0,0.031008424846619122,0.15174842711451692
NTN4,-0.3125,9.6627,9.9752,6475.0,0.031258938107942,0.15254797461318317
TIPRL,0.18,10.8148,10.6348,9165.0,0.031258938107942,0.15254797461318317
PER2,-0.2061,10.192,10.3981,6475.0,0.031258938107942,0.15254797461318317
HTRA3,-0.5601,7.5858,8.1459,6475.0,0.031258938107942,0.15254797461318317
SDC2,-0.299,8.8562,9.1552,6476.0,0.03138484461811296,0.15263060198655906
FHOD1,-0.2002,9.2204,9.4206,6476.0,0.03138484461811296,0.15263060198655906
GATSL2,0.2154,9.9104,9.695,9164.0,0.03138484461811296,0.15263060198655906
TOM1,-0.1588,9.6881,9.847,6476.0,0.03138484461811296,0.15263060198655906
ARL2BP,-0.1557,10.0023,10.158,6476.0,0.03138484461811296,0.15263060198655906
DSE,-0.2807,11.0294,11.3101,6477.0,0.031511185946685276,0.15292642770938114
NIT1,0.1689,9.7402,9.5713,9163.0,0.031511185946685276,0.15292642770938114
STRIP2,0.2835,8.6745,8.391,9163.0,0.031511185946685276,0.15292642770938114
PEA15,0.2581,11.822,11.5639,9162.0,0.031637963269981785,0.1534353578806665
DHTKD1,0.1899,11.2086,11.0186,9160.0,0.031892830615125545,0.15424412486030675
RPS13,-0.1737,10.8831,11.0568,6480.0,0.031892830615125545,0.15424412486030675
TTI1,0.1569,11.6839,11.527,9160.0,0.031892830615125545,0.15424412486030675
TARSL2,-0.1465,9.0575,9.2041,6480.0,0.031892830615125545,0.15424412486030675
TOP2B,0.2342,14.6426,14.4084,9159.0,0.03202092299869684,0.15443699983462394
KRT80,0.4486,8.0107,7.562,9159.0,0.03202092299869684,0.15443699983462394
TNIP1,-0.1567,11.5903,11.747,6481.0,0.03202092299869684,0.15443699983462394
LENG8,-0.1987,13.3965,13.5953,6481.0,0.03202092299869684,0.15443699983462394
FHL1,-0.4765,10.1962,10.6727,6482.0,0.03214945610043481,0.15473721035831273
PXDN,-0.3725,11.7469,12.1195,6482.0,0.03214945610043481,0.15473721035831273
ZBTB16,-0.6096,9.1355,9.7451,6482.0,0.03214945610043481,0.15473721035831273
NUDT19,0.1735,10.3082,10.1348,9157.0,0.032278431105723475,0.155021972650177
ZNF195,0.1525,10.7692,10.6167,9156.0,0.032407849201750556,0.155021972650177
C8orf4,-0.4796,9.5236,10.0032,6484.0,0.032407849201750556,0.155021972650177
ENTPD7,-0.2038,10.448,10.6519,6484.0,0.032407849201750556,0.155021972650177
HSPBAP1,0.1057,9.4212,9.3155,9156.0,0.032407849201750556,0.155021972650177
YBX3,-0.2032,11.2256,11.4288,6484.0,0.032407849201750556,0.155021972650177
B4GALNT3,-0.5463,8.1731,8.7194,6484.0,0.032407849201750556,0.155021972650177
CHCHD10,-0.2444,8.6804,8.9248,6484.0,0.032407849201750556,0.155021972650177
COL8A1,-0.363,9.5084,9.8714,6484.0,0.032407849201750556,0.155021972650177
NDC1,0.1807,10.7079,10.5272,9155.0,0.0325377115775043,0.15543082822459933
SARAF,-0.1554,13.0374,13.1929,6485.0,0.0325377115775043,0.15543082822459933
SNORA49,0.1567,11.7988,11.6422,9154.0,0.03266801942377071,0.15562866668344646
SOCS3,-0.3881,7.8597,8.2478,6486.0,0.03266801942377071,0.15562866668344646
CHSY1,-0.2229,12.73,12.953,6486.0,0.03266801942377071,0.15562866668344646
CCL5,0.5336,8.4792,7.9456,9154.0,0.03266801942377071,0.15562866668344646
ATAD3A,0.1504,9.8113,9.6609,9153.0,0.03279877393313031,0.15593334273843285
CLPTM1L,0.2159,11.8254,11.6095,9153.0,0.03279877393313031,0.15593334273843285
SLC4A4,-0.4225,8.0009,8.4234,6487.0,0.03279877393313031,0.15593334273843285
CNDP2,0.2068,11.1601,10.9533,9152.0,0.03292997629995528,0.15602748581095185
NOD1,-0.1823,9.1508,9.3332,6488.0,0.03292997629995528,0.15602748581095185
KRT17,-0.5961,13.9595,14.5556,6488.0,0.03292997629995528,0.15602748581095185
ATP6V1C1,0.1281,11.9526,11.8245,9152.0,0.03292997629995528,0.15602748581095185
CNOT11,0.1759,11.3562,11.1802,9152.0,0.03292997629995528,0.15602748581095185
ZNF260,0.1724,10.8158,10.6434,9151.0,0.03306162772040621,0.156123114582606
GPX4,-0.1428,10.9274,11.0701,6489.0,0.03306162772040621,0.156123114582606
FDPS,0.1848,11.778,11.5932,9151.0,0.03306162772040621,0.156123114582606
MANF,0.1847,10.4834,10.2987,9151.0,0.03306162772040621,0.156123114582606
DHRS3,-0.3782,10.071,10.4491,6489.0,0.03306162772040621,0.156123114582606
SFXN3,-0.2275,8.9462,9.1737,6490.0,0.03319372939242929,0.15643047573027075
ARHGEF5,-0.3706,8.9209,9.2915,6490.0,0.03319372939242929,0.15643047573027075
LBH,-0.2355,8.8626,9.0981,6490.0,0.03319372939242929,0.15643047573027075
MYOF,-0.3396,14.181,14.5205,6491.0,0.03332628251575284,0.15684405675928573
MRTO4,0.1251,9.7216,9.5965,9149.0,0.03332628251575284,0.15684405675928573
RB1,-0.2294,12.4952,12.7246,6492.0,0.03345928829188426,0.15715318303693188
ATP5C1,0.1422,12.602,12.4598,9148.0,0.03345928829188426,0.15715318303693188
CNOT2,0.1135,12.4419,12.3284,9148.0,0.03345928829188426,0.15715318303693188
ZBTB18,0.2184,8.9138,8.6954,9147.0,0.03359274792410704,0.1575686629018899
EHBP1L1,-0.2226,12.934,13.1566,6493.0,0.03359274792410704,0.1575686629018899
HID1,0.4321,9.7354,9.3033,9146.0,0.03372666261747726,0.1580909091768362
MLF1,0.3302,8.918,8.5879,9145.0,0.03386103357882059,0.1586145940819268
MOB3B,-0.2752,8.1859,8.4611,6497.0,0.0341311491415566,0.15966629087396184
PCNT,0.1544,13.8644,13.71,9143.0,0.0341311491415566,0.15966629087396184
PNRC1,-0.2234,11.3894,11.6128,6498.0,0.03426689616541819,0.16008744085818785
RPL13A,-0.1767,12.0969,12.2735,6498.0,0.03426689616541819,0.16008744085818785
PALM3,0.7356,8.8046,8.0689,9140.5,0.03447136121619212,0.16093282947215268
SCARNA6,-0.2406,10.4531,10.6937,6500.0,0.03453977476747758,0.16093282947215268
GJB2,-0.5664,10.3331,10.8996,6500.0,0.03453977476747758,0.16093282947215268
CCP110,0.221,11.177,10.956,9140.0,0.03453977476747758,0.16093282947215268
MAP3K8,-0.2634,9.9556,10.219,6501.0,0.034676908778671224,0.1612499284044054
ZNF664,0.184,12.2489,12.0649,9139.0,0.034676908778671224,0.1612499284044054
ELOVL7,0.3513,8.4984,8.1471,9139.0,0.034676908778671224,0.1612499284044054
ATP8B4,-0.3215,8.4834,8.8049,6502.0,0.034814507554883585,0.16178234665351676
EEF1A2,0.6843,7.9097,7.2254,9137.0,0.03495255167674299,0.1619939536305633
RRP1,0.1905,10.1582,9.9678,9137.0,0.034952572316975745,0.1619939536305633
COL4A2,-0.3137,13.3841,13.6978,6503.0,0.034952572316975745,0.1619939536305633
TOMM40L,0.1641,9.0296,8.8655,9137.0,0.034952572316975745,0.1619939536305633
PTTG1,0.2956,10.3818,10.0862,9136.0,0.0350911042875476,0.16231374063784404
KLHL5,-0.2484,11.1608,11.4092,6504.0,0.0350911042875476,0.16231374063784404
LPGAT1,-0.1288,10.3381,10.4669,6504.0,0.0350911042875476,0.16231374063784404
ANKRD6,-0.2614,8.8543,9.1157,6505.0,0.03523010469093455,0.16252728797800703
GRK5,-0.2078,9.4324,9.6403,6505.0,0.03523010469093455,0.16252728797800703
CCT2,0.3461,13.2736,12.9275,9135.0,0.03523010469093455,0.16252728797800703
FGF7,-0.5364,7.941,8.4774,6505.0,0.03523010469093455,0.16252728797800703
A2ML1,0.9292,9.9696,9.0403,9133.0,0.03550951570215048,0.1637084519171559
TDRD5,0.7784,7.9352,7.1567,9132.0,0.03564951053916147,0.16413967860444853
PARP9,0.2362,12.2194,11.9832,9132.0,0.035649928767294906,0.16413967860444853
GRIN2D,0.4395,7.8257,7.3862,9131.0,0.035790815179877804,0.16414085049422675
CMIP,-0.2515,11.9099,12.1614,6509.0,0.035790815179877804,0.16414085049422675
NES,-0.2715,10.3671,10.6386,6509.0,0.035790815179877804,0.16414085049422675
NDUFB4,0.1284,11.4481,11.3197,9131.0,0.035790815179877804,0.16414085049422675
ME2,0.1342,10.8608,10.7266,9131.0,0.035790815179877804,0.16414085049422675
PPIH,0.1669,9.413,9.2461,9131.0,0.035790815179877804,0.16414085049422675
PTGS2,-0.4947,9.9737,10.4683,6510.0,0.03593217617285745,0.1645735969512889
ERRFI1,-0.2918,11.9379,12.2297,6510.0,0.03593217617285745,0.1645735969512889
FLNC,-0.4989,10.491,10.9898,6511.0,0.0360740129809054,0.1650073892261793
POLR2J,0.1502,10.6429,10.4927,9129.0,0.0360740129809054,0.1650073892261793
CBWD1,0.1844,10.1627,9.9783,9127.0,0.03635911898943826,0.1659862518142348
FAR2,0.3637,8.5381,8.1744,9127.0,0.03635911898943826,0.1659862518142348
TM7SF2,0.3509,8.6437,8.2927,9127.0,0.03635911898943826,0.1659862518142348
CDKAL1,0.2118,10.9182,10.7064,9126.0,0.03650239066780022,0.166315056503972
ATIC,0.1655,12.654,12.4886,9126.0,0.03650239066780022,0.166315056503972
MBD5,-0.1752,11.8785,12.0537,6514.0,0.03650239066780022,0.166315056503972
PRKCE,-0.1318,9.369,9.5008,6515.0,0.03664614311697696,0.16675304759466514
ACOX3,0.174,10.7325,10.5585,9125.0,0.03664614311697696,0.16675304759466514
RALGAPA1,-0.156,9.7686,9.9246,6516.0,0.03679037758015097,0.16719209227371656
PRSS23,-0.2921,10.6488,10.941,6516.0,0.03679037758015097,0.16719209227371656
UBA2,0.167,12.5377,12.3708,9122.0,0.03708029752966917,0.16818220440432202
OXNAD1,0.1392,9.6862,9.5471,9122.0,0.03708029752966917,0.16818220440432202
RAC1,0.1794,9.9914,9.812,9122.0,0.03708029752966917,0.16818220440432202
FBLN5,-0.3327,10.6984,11.0312,6519.0,0.03722598551081523,0.16862456438049095
TBXAS1,-0.331,9.9254,10.2564,6519.0,0.03722598551081523,0.16862456438049095
NDUFB3,0.1274,9.6212,9.4938,9120.0,0.03737216049555432,0.16895883792793215
PPAT,0.1608,9.1882,9.0274,9120.0,0.03737216049555432,0.16895883792793215
RPL13,-0.1703,10.8443,11.0146,6520.0,0.03737216049555432,0.16895883792793215
WWC2,-0.1773,10.8337,11.011,6521.0,0.03751882373548198,0.16929402230643062
C11orf49,0.1041,9.5921,9.488,9119.0,0.03751882373548198,0.16929402230643062
EML3,-0.155,10.0445,10.1995,6521.0,0.03751882373548198,0.16929402230643062
CD8A,0.5045,9.054,8.5495,9118.0,0.03766597648386438,0.1696301178884259
IRF1,0.2519,10.5704,10.3185,9118.0,0.03766597648386438,0.1696301178884259
TMEM254,0.2319,8.9229,8.691,9118.0,0.03766597648386438,0.1696301178884259
RPL31,-0.1489,13.1683,13.3171,6523.0,0.03781361999563422,0.16996712505097974
SPON1,-0.4731,9.7111,10.1842,6523.0,0.03781361999563422,0.16996712505097974
ARHGEF3,-0.1849,9.8884,10.0732,6523.0,0.03781361999563422,0.16996712505097974
CISD2,0.153,10.0423,9.8892,9116.0,0.03796175552738654,0.17030504417571296
ATP5G1,0.1567,10.092,9.9353,9116.0,0.03796175552738654,0.17030504417571296
HOMER1,-0.1868,9.4162,9.6029,6524.0,0.03796175552738654,0.17030504417571296
NOX4,-0.4825,7.6171,8.0996,6525.0,0.038110384337374646,0.17075305279247258
ANKRA2,-0.1368,9.0788,9.2157,6525.0,0.038110384337374646,0.17075305279247258
STOM,-0.2311,11.9602,12.1914,6526.0,0.03825950768550582,0.17109280480306338
RAD21,0.1898,13.2931,13.1033,9114.0,0.03825950768550582,0.17109280480306338
ZBED6,-0.1569,11.831,11.9878,6526.0,0.03825950768550582,0.17109280480306338
SNORD97,-0.27,11.7068,11.9767,6528.0,0.03855924304407211,0.17221325193726847
AMPD3,-0.21,9.9662,10.1762,6528.0,0.03855924304407211,0.17221325193726847
ABCD3,0.2682,13.8211,13.5529,9111.0,0.03870985758255417,0.17255578144533856
MYH11,-0.575,14.1192,14.6942,6529.0,0.03870985758255417,0.17255578144533856
MRPL42,0.1607,10.1405,9.9798,9111.0,0.03870985758255417,0.17255578144533856
NEFM,-0.511,5.84,6.351,6531.0,0.03901236487964856,0.17368413523989462
PJA1,-0.1536,9.3922,9.5457,6531.0,0.03901258671031761,0.17368413523989462
OR7E14P,0.3328,8.0632,7.7304,9108.0,0.03916470383745516,0.17402945493254982
TOB2,-0.1718,9.4578,9.6296,6532.0,0.03916470383745516,0.17402945493254982
FMOD,-0.4017,8.6102,9.0119,6532.0,0.03916470383745516,0.17402945493254982
PLEKHG5,-0.238,10.5772,10.8152,6533.0,0.039317324368043555,0.17448619933422624
CAPNS2,-0.6463,6.6025,7.2489,6533.0,0.039317324368043555,0.17448619933422624
NBN,0.1624,12.9868,12.8243,9106.0,0.03947044957506836,0.17472285611517302
CALCRL,-0.3174,9.3239,9.6413,6534.0,0.03947044957506836,0.17472285611517302
DOT1L,0.167,11.0533,10.8862,9106.0,0.03947044957506836,0.17472285611517302
PPIA,0.1528,11.7114,11.5585,9106.0,0.03947044957506836,0.17472285611517302
LAP3,0.1912,11.8087,11.6175,9105.0,0.039624080733130465,0.17529212721043125
LMNB2,0.1894,12.1166,11.9272,9104.0,0.03977821911844112,0.17586292202426967
ERI1,0.2426,9.403,9.1603,9103.0,0.03993286600881764,0.17632399789391545
RNF138,0.1836,9.295,9.1114,9103.0,0.03993286600881764,0.17632399789391545
ALG3,0.1588,10.0729,9.9141,9102.0,0.04008802268367892,0.17667490425034832
A2M,-0.3192,14.7503,15.0695,6538.0,0.04008802268367892,0.17667490425034832
CACNA1H,-0.2815,9.6884,9.9699,6538.0,0.04008802268367892,0.17667490425034832
SALL1,-0.3072,7.4498,7.7571,6539.0,0.040243667789637914,0.17691560831108388
PTGIS,-0.6397,9.4363,10.0759,6539.0,0.04024369042404064,0.17691560831108388
CRTAP,-0.1485,12.1475,12.296,6539.0,0.04024369042404064,0.17691560831108388
CRYBG3,-0.1816,11.4698,11.6514,6539.0,0.04024369042404064,0.17691560831108388
BCAP31,0.159,11.995,11.836,9100.0,0.04039987051251094,0.1774907736506362
DMD,-0.4209,11.4071,11.828,6541.0,0.04055656423328545,0.1780674729314721
RPLP1,-0.1572,13.3901,13.5472,6542.0,0.04071377287214287,0.17842212229262608
CALD1,-0.3487,13.8837,14.2324,6542.0,0.04071377287214287,0.17842212229262608
CCDC15,0.2294,9.8168,9.5873,9098.0,0.04071377287214287,0.17842212229262608
GMDS,0.1076,10.2193,10.1118,9097.0,0.04087149771643997,0.17877770050482766
GBP2,0.0526,12.9563,12.9037,9097.0,0.04087149771643997,0.17877770050482766
SCN9A,-0.392,8.5613,8.9533,6543.0,0.04087149771643997,0.17877770050482766
CORIN,-0.4227,7.1011,7.5238,6544.0,0.04102974005510736,0.17902259788530644
ZNF726,0.3517,9.422,9.0703,9096.0,0.04102974005510736,0.17902259788530644
RPL12,-0.1771,11.0497,11.2268,6544.0,0.04102974005510736,0.17902259788530644
DHX40,0.1695,11.4915,11.322,9096.0,0.04102974005510736,0.17902259788530644
SMYD3,-0.2216,9.1445,9.3661,6545.0,0.041188501178644074,0.17915718866710834
PCSK6,0.3563,9.1649,8.8086,9095.0,0.041188501178644074,0.17915718866710834
IRF6,-0.364,11.8635,12.2274,6545.0,0.041188501178644074,0.17915718866710834
PPP2R3A,-0.2166,10.3334,10.55,6545.0,0.041188501178644074,0.17915718866710834
LEPR,-0.3264,10.0385,10.3649,6545.0,0.041188501178644074,0.17915718866710834
SIK2,-0.1259,10.6454,10.7713,6546.0,0.041347782379113254,0.1791822524758231
HIF1A,-0.1984,13.9717,14.1701,6546.0,0.041347782379113254,0.1791822524758231
MX1,0.4054,12.0144,11.6089,9094.0,0.041347782379113254,0.1791822524758231
HYLS1,0.2375,9.2034,8.966,9094.0,0.041347782379113254,0.1791822524758231
INTS7,0.1133,10.7754,10.6621,9094.0,0.041347782379113254,0.1791822524758231
SGK494,0.1936,9.354,9.1603,9094.0,0.041347782379113254,0.1791822524758231
ZNF607,0.2626,9.6461,9.3835,9093.0,0.04150758495013698,0.17954145608759067
C1R,-0.3693,10.5077,10.877,6547.0,0.04150758495013698,0.17954145608759067
CEMIP,-0.5275,10.6436,11.1712,6547.0,0.04150758495013698,0.17954145608759067
CYP2S1,-0.5189,7.6272,8.1462,6548.0,0.041667910186891824,0.18001256942554192
MAD1L1,0.1213,9.9695,9.8481,9092.0,0.041667910186891824,0.18001256942554192
ZNF551,0.1519,11.6164,11.4645,9091.0,0.04182875938610338,0.1804847824897609
ARAP3,-0.2793,9.5945,9.8738,6549.0,0.04182875938610338,0.1804847824897609
PCDHGB7,-0.2782,8.8384,9.1165,6550.0,0.04199013384604183,0.18084680647222076
ZNF423,-0.3214,8.4764,8.7978,6550.0,0.04199013384604183,0.18084680647222076
GPC1,-0.2987,9.6886,9.9873,6550.0,0.04199013384604183,0.18084680647222076
CUTC,-0.1197,9.3813,9.5011,6552.0,0.04231446374887197,0.18213164697808876
CEP70,0.1685,10.5305,10.362,9087.0,0.042477421795980984,0.1826085849215806
PCDH7,-0.4651,9.528,9.9931,6553.0,0.042477421795980984,0.1826085849215806
FAM83D,0.2785,10.2685,9.99,9086.0,0.04264091031224144,0.18283689043385254
SEPW1,-0.1585,9.598,9.7564,6554.0,0.04264091031224144,0.18283689043385254
MSRB3,-0.3848,8.4668,8.8516,6554.0,0.04264091031224144,0.18283689043385254
SNX27,0.163,11.0857,10.9227,9086.0,0.04264091031224144,0.18283689043385254
MAGEA3,1.1221,5.9677,4.8456,9078.0,0.04266107082234971,0.18283689043385254
PDXK,0.1722,11.8038,11.6315,9085.0,0.04280493060357036,0.18311724435968432
YES1,0.1041,12.1648,12.0607,9085.0,0.04280493060357036,0.18311724435968432
DOCK1,-0.1638,13.4798,13.6436,6555.0,0.04280493060357036,0.18311724435968432
PLEKHF1,0.2935,8.3376,8.0441,9084.0,0.04296948397739868,0.18326144719471557
PLCH1,0.6058,8.5845,7.9787,9084.0,0.04296948397739868,0.18326144719471557
CDH6,-0.3402,9.3142,9.6544,6556.0,0.04296948397739868,0.18326144719471557
CDK4,0.1287,12.3056,12.1769,9084.0,0.04296948397739868,0.18326144719471557
TMCO1,0.1522,13.2075,13.0553,9084.0,0.04296948397739868,0.18326144719471557
PLS1,0.3683,10.5546,10.1863,9083.0,0.04313457174266653,0.18363003399020894
GRHL3,0.4443,10.5317,10.0874,9083.0,0.04313457174266653,0.18363003399020894
PLEKHG6,0.34,8.6715,8.3314,9083.0,0.04313457174266653,0.18363003399020894
PARD3B,-0.2965,10.219,10.5155,6558.0,0.043300195209817566,0.1842231270075045
EPHA3,-0.3888,8.7969,9.1857,6559.0,0.043466355690794226,0.18470563647004368
UPK2,0.7604,9.839,9.0786,9081.0,0.043466355690794226,0.18470563647004368
PHB,0.1296,11.5085,11.3789,9080.0,0.04363305449903209,0.18511373055222188
TPGS2,0.1687,10.2911,10.1224,9080.0,0.04363305449903209,0.18511373055222188
SLC37A2,-0.3963,9.3229,9.7192,6561.0,0.043800292949454755,0.18511373055222188
FN3K,0.1892,9.7175,9.5283,9079.0,0.043800292949454755,0.18511373055222188
KIAA0907,0.1469,12.1636,12.0167,9079.0,0.043800292949454755,0.18511373055222188
USP7,0.1624,13.5844,13.422,9079.0,0.043800292949454755,0.18511373055222188
B4GALNT4,0.4301,7.6917,7.2616,9079.0,0.043800292949454755,0.18511373055222188
GAS6,-0.3284,9.5884,9.9168,6561.0,0.043800292949454755,0.18511373055222188
MRPS30,0.1977,10.0937,9.896,9079.0,0.043800292949454755,0.18511373055222188
NFKBIZ,-0.249,11.3639,11.6129,6562.0,0.04396807235846847,0.1857107422957507
FAM160A2,-0.1398,9.3405,9.4803,6563.0,0.044136394043956945,0.18630932338145298
GFPT1,0.1866,13.3077,13.1212,9075.0,0.04447466952324682,0.18739838187202015
PPP1R13B,-0.1645,10.2579,10.4224,6565.0,0.04447466952324682,0.18739838187202015
FAM198B,-0.3016,10.0587,10.3603,6565.0,0.04447466952324682,0.18739838187202015
SLC11A1,-0.3934,7.9756,8.3689,6566.0,0.04464462596015339,0.1875502793035118
RNF139,-0.1548,10.9442,11.0989,6566.0,0.04464462596015339,0.1875502793035118
TFDP2,0.1199,10.1844,10.0645,9074.0,0.04464462596015339,0.1875502793035118
NALCN,-0.3467,7.3164,7.6632,6566.0,0.04464462596015339,0.1875502793035118
THAP5,0.1271,9.7118,9.5847,9074.0,0.04464462596015339,0.1875502793035118
PDP1,-0.1662,10.8872,11.0534,6567.0,0.04481512995973434,0.18792835635210756
CEP72,0.2813,9.4089,9.1275,9073.0,0.04481512995973434,0.18792835635210756
AGT,-0.5554,7.1575,7.7129,6567.0,0.04481512995973434,0.18792835635210756
MT2A,-0.3739,10.4361,10.81,6568.0,0.04498618284717838,0.18819488559067515
PIGW,0.1542,9.2102,9.0559,9072.0,0.04498618284717838,0.18819488559067515
RPL13AP5,-0.1631,11.8236,11.9867,6568.0,0.04498618284717838,0.18819488559067515
AMY2B,-0.2735,10.245,10.5185,6568.0,0.04498618284717838,0.18819488559067515
NELFCD,0.1358,11.825,11.6892,9071.0,0.04515778594911884,0.1887999850756294
NEXN,-0.3645,10.25,10.6145,6570.0,0.04532994059362812,0.18929372330183525
RARRES2,-0.374,8.0192,8.3932,6570.0,0.04532994059362812,0.18929372330183525
MMP12,-0.6247,8.7659,9.3906,6571.0,0.045502648110211714,0.189337519141897
AHSA1,0.1203,12.3345,12.2142,9069.0,0.045502648110211714,0.189337519141897
MRC1,-0.3879,13.4284,13.8163,6571.0,0.045502648110211714,0.189337519141897
PPT1,0.1938,11.963,11.7692,9069.0,0.045502648110211714,0.189337519141897
TANC2,0.1802,13.2152,13.035,9069.0,0.045502648110211714,0.189337519141897
RPL8,-0.165,13.955,14.1201,6571.0,0.045502648110211714,0.189337519141897
ESRP1,0.3375,12.8105,12.4731,9068.0,0.0456759098298031,0.1894954955794497
VGLL1,0.4979,9.5187,9.0208,9068.0,0.0456759098298031,0.1894954955794497
SDPR,-0.3488,7.5186,7.8675,6572.0,0.0456759098298031,0.1894954955794497
PTK7,-0.2836,10.8083,11.0918,6572.0,0.0456759098298031,0.1894954955794497
DCLRE1A,0.1848,9.4433,9.2585,9068.0,0.0456759098298031,0.1894954955794497
PLXDC1,-0.2547,9.3124,9.5671,6573.0,0.045849727084757534,0.1897669259896909
CMSS1,0.166,9.8631,9.6971,9067.0,0.045849727084757534,0.1897669259896909
LITAF,-0.1775,12.8978,13.0753,6573.0,0.045849727084757534,0.1897669259896909
TMEM63A,-0.2152,11.4086,11.6238,6573.0,0.045849727084757534,0.1897669259896909
PCOLCE,-0.3224,9.7892,10.1116,6574.0,0.04602410120884669,0.19015149307702262
GYLTL1B,-0.4037,7.4376,7.8413,6574.0,0.04602410120884669,0.19015149307702262
RAD54B,0.2311,9.6267,9.3956,9066.0,0.04602410120884669,0.19015149307702262
CDK5RAP2,0.1494,12.7588,12.6094,9065.0,0.04619903353725266,0.19076169331449316
SSR4,0.2101,12.1391,11.9289,9064.0,0.046374525406562464,0.19137348345442365
GJB5,-0.7207,6.8972,7.6179,6576.5,0.0464616133099847,0.1916199517136766
ZHX2,-0.19,10.3296,10.5196,6577.0,0.04655057815476207,0.19176099930458754
KANSL1L,-0.164,9.8281,9.9922,6577.0,0.04655057815476207,0.19176099930458754
CREB5,-0.3215,7.8524,8.174,6578.0,0.04672719312123039,0.19226235806579106
CAPN3,-0.2626,10.5522,10.8148,6578.0,0.04672719312123039,0.19226235806579106
PAPPA,-0.2665,9.0353,9.3018,6579.0,0.04690437164673378,0.19287804735295164
HDAC1,0.1112,12.2634,12.1522,9060.0,0.047082115073419806,0.19326849464194543
LPL,-0.4136,7.8246,8.2382,6580.0,0.047082115073419806,0.19326849464194543
CAPN2,-0.2383,13.1589,13.3973,6580.0,0.047082115073419806,0.19326849464194543
GLO1,0.1736,11.2829,11.1092,9059.0,0.047260424744811555,0.19343352103326436
CMPK2,0.3533,8.2807,7.9274,9059.0,0.047260424744811555,0.19343352103326436
ALDH2,-0.3757,9.8868,10.2625,6581.0,0.047260424744811555,0.19343352103326436
SPAG1,0.2366,9.281,9.0444,9059.0,0.047260424744811555,0.19343352103326436
PSMA3,0.1249,11.773,11.6481,9059.0,0.047260424744811555,0.19343352103326436
MTERF4,-0.122,9.7427,9.8648,6582.0,0.047439302005801334,0.19382580626991058
KIF16B,-0.1131,11.4529,11.566,6582.0,0.047439302005801334,0.19382580626991058
MXRA5,-0.4701,12.4478,12.9179,6582.0,0.047439302005801334,0.19382580626991058
IQCG,0.1405,9.7873,9.6468,9057.0,0.047618748202645,0.1943322224144073
EIF3E,-0.159,13.1411,13.3001,6583.0,0.047618748202645,0.1943322224144073
C5orf51,0.1799,9.886,9.7062,9056.0,0.047798764682955734,0.1949532609637385
PAIP1,0.2175,8.9875,8.77,9055.0,0.04797935279569807,0.1952349840954524
FOXC1,-0.3235,10.6035,10.9271,6585.0,0.04797935279569807,0.1952349840954524
NETO2,0.3047,9.395,9.0903,9055.0,0.04797935279569807,0.1952349840954524
ATP2C1,0.1248,14.2776,14.1528,9055.0,0.04797935279569807,0.1952349840954524
PI4KB,0.1431,11.6509,11.5078,9054.0,0.04816051389118154,0.19563113618326236
TSPAN7,-0.4161,8.4303,8.8464,6586.0,0.04816051389118154,0.19563113618326236
PDLIM1,-0.1909,11.5993,11.7902,6586.0,0.04816051389118154,0.19563113618326236
NEDD4L,0.3094,12.3711,12.0616,9053.0,0.04834224932105487,0.19625551999730273
GSTM1,1.1469,9.652,8.5052,9052.0,0.0485243055141819,0.19665364395220633
TCTN2,0.1525,11.3689,11.2163,9052.0,0.04852456043829966,0.19665364395220633
P4HB,0.1434,14.7412,14.5978,9052.0,0.04852456043829966,0.19665364395220633
CLCA2,-0.9283,8.8085,9.7368,6589.0,0.048707448597224035,0.19705272243001729
SLC25A10,0.2754,8.8685,8.5931,9051.0,0.048707448597224035,0.19705272243001729
TIMP1,-0.3527,11.5345,11.8871,6589.0,0.048707448597224035,0.19705272243001729
GMFG,-0.3225,8.5401,8.8626,6590.0,0.04889091515345667,0.19756669291382403
MTERF3,0.174,9.341,9.1671,9050.0,0.04889091515345667,0.19756669291382403
CORO1C,-0.1858,11.8282,12.014,6591.0,0.04907496146394025,0.1977399051392253
TENM4,-0.369,8.8496,9.2186,6591.0,0.04907496146394025,0.1977399051392253
CCDC14,0.1599,11.7923,11.6323,9049.0,0.04907496146394025,0.1977399051392253
ECHS1,0.173,11.2324,11.0594,9049.0,0.04907496146394025,0.1977399051392253
CELF2,-0.3989,8.7429,9.1418,6591.0,0.04907496146394025,0.1977399051392253
ETS1,-0.2647,10.8835,11.1482,6592.0,0.04925958888692539,0.19791445839078514
DIAPH2,-0.2137,11.1939,11.4076,6592.0,0.04925958888692539,0.19791445839078514
TNC,-0.4935,12.2928,12.7862,6592.0,0.04925958888692539,0.19791445839078514
GCN1L1,0.0898,13.397,13.3072,9048.0,0.04925958888692539,0.19791445839078514
ABCC4,-0.3158,10.7341,11.0498,6592.0,0.04925958888692539,0.19791445839078514
USP46,0.1592,10.106,9.9468,9047.0,0.049444798781964165,0.19820373547229253
CNN1,-0.4992,7.7771,8.2763,6593.0,0.049444798781964165,0.19820373547229253
CSNK1G3,-0.1398,10.9923,11.1321,6593.0,0.049444798781964165,0.19820373547229253
NPR2,-0.1449,10.2285,10.3734,6593.0,0.049444798781964165,0.19820373547229253
CPQ,-0.2527,9.5888,9.8415,6594.0,0.04963059250990371,0.19826756380311217
PTPLAD1,0.1775,10.9904,10.8129,9046.0,0.04963059250990371,0.19826756380311217
KIF26B,-0.2969,9.9962,10.2931,6594.0,0.04963059250990371,0.19826756380311217
RAPH1,-0.147,11.5891,11.7361,6594.0,0.04963059250990371,0.19826756380311217
RCN1,0.2247,10.0745,9.8499,9046.0,0.04963059250990371,0.19826756380311217
FMR1,0.218,13.559,13.3409,9046.0,0.04963059250990371,0.19826756380311217
SNORA37,0.1662,9.2141,9.0479,9045.0,0.04981697143287992,0.1987853281734804
FNDC3A,-0.1468,13.113,13.2598,6595.0,0.04981697143287992,0.1987853281734804
BCL10,-0.1569,9.2984,9.4553,6596.0,0.050003936914310945,0.19919088180370853
MICALL2,-0.251,9.1025,9.3534,6596.0,0.050003936914310945,0.19919088180370853
EDNRB,-0.3139,8.804,9.1179,6596.0,0.050003936914310945,0.19919088180370853
MRPS15,0.1248,10.0755,9.9506,9043.0,0.05019149031889076,0.19937096239545773
SETBP1,-0.3159,12.3444,12.6602,6597.0,0.05019149031889076,0.19937096239545773
PJA2,-0.1529,11.7119,11.8648,6597.0,0.05019149031889076,0.19937096239545773
B4GALT6,0.3047,7.9997,7.6951,9043.0,0.05019149031889076,0.19937096239545773
ELF3,0.2796,12.021,11.7414,9043.0,0.05019149031889076,0.19937096239545773
INA,0.7989,6.6699,5.871,9042.0,0.05037937207380015,0.19989154106918713
KIN,0.1118,9.7821,9.6703,9042.0,0.050379633012582505,0.19989154106918713
KIFC3,-0.2481,9.0674,9.3155,6599.0,0.05056836636261214,0.20041328219432528
ACOX1,0.2841,13.9911,13.7069,9041.0,0.05056836636261214,0.20041328219432528
ASH2L,0.2057,11.5681,11.3624,9040.0,0.050757691737461766,0.2010498389352063
NFAT5,-0.1988,13.6993,13.898,6601.0,0.050947610506863084,0.20123300416218962
TPM2,-0.3261,12.5694,12.8954,6601.0,0.050947610506863084,0.20123300416218962
FGD6,-0.1757,10.7657,10.9414,6601.0,0.050947610506863084,0.20123300416218962
KIAA1324L,0.1687,10.7348,10.5662,9039.0,0.050947610506863084,0.20123300416218962
ARL6IP6,0.1486,9.5553,9.4067,9039.0,0.050947610506863084,0.20123300416218962
TRIM16,0.2131,9.7782,9.5652,9038.0,0.05113812404179057,0.20164430330217306
PPIL1,0.1661,9.2604,9.0943,9038.0,0.05113812404179057,0.20164430330217306
C1S,-0.385,14.0234,14.4084,6602.0,0.05113812404179057,0.20164430330217306
TSC22D1,-0.1463,11.532,11.6782,6603.0,0.05132923371445505,0.20205656194622187
PSIP1,0.3029,11.6454,11.3424,9037.0,0.05132923371445505,0.20205656194622187
IFT88,-0.0373,9.8362,9.8735,6603.0,0.05132923371445505,0.20205656194622187
MRPS18C,0.1543,9.661,9.5067,9036.0,0.05152094089829683,0.20246978064577592
SHFM1,0.1736,11.7923,11.6187,9036.0,0.05152094089829683,0.20246978064577592
PRKD1,-0.2421,9.9018,10.1439,6604.0,0.05152094089829683,0.20246978064577592
SH3BP4,-0.2218,10.1759,10.3976,6605.0,0.051713246967979035,0.2028839599533654
RASA3,-0.3179,10.3654,10.6833,6605.0,0.051713246967979035,0.2028839599533654
PDCD5,0.2073,10.6344,10.4271,9035.0,0.051713246967979035,0.2028839599533654
LIMK2,-0.1909,10.8043,10.9952,6606.0,0.0519061532993807,0.2032991004225744
GOLT1B,0.1268,9.5286,9.4018,9034.0,0.0519061532993807,0.2032991004225744
LOC102724250,0.16,11.4077,11.2477,9034.0,0.0519061532993807,0.2032991004225744
INHBA,-0.3383,8.6335,8.9718,6607.0,0.05209966126959005,0.20382900998376488
UCHL5,0.1118,10.6248,10.513,9033.0,0.05209966126959005,0.20382900998376488
GAN,0.1971,12.0751,11.878,9032.0,0.052293772256897755,0.20436009325616908
TMEM246,-0.5946,6.843,7.4376,6608.0,0.052293772256897755,0.20436009325616908
CDYL,0.1438,11.7846,11.6409,9031.0,0.052488487640789915,0.20500662518039697
GPR116,-0.2459,10.8456,11.0914,6610.0,0.05268380880194105,0.20565480102563719
SOCS6,0.1756,9.466,9.2904,9029.0,0.05287973712220748,0.20607501339277629
EEF1B2,-0.1699,10.2679,10.4378,6611.0,0.05287973712220748,0.20607501339277629
ZNF146,0.1347,11.2091,11.0744,9029.0,0.05287973712220748,0.20607501339277629
GLIS3,-0.3126,10.2765,10.5891,6612.0,0.053076273984620025,0.20672588805021916
TDRD7,0.139,11.3508,11.2118,9027.0,0.0532734207733772,0.2072632031533114
BPGM,0.357,10.2537,9.8967,9027.0,0.0532734207733772,0.2072632031533114
ZNF107,0.1677,11.6943,11.5266,9026.0,0.053471178873837906,0.20780170125054767
SEMA4B,-0.3767,11.0451,11.4217,6614.0,0.053471178873837906,0.20780170125054767
FER,-0.1413,10.5821,10.7233,6615.0,0.05366954967251475,0.2082259592003439
EIF3B,0.1389,12.8283,12.6894,9025.0,0.05366954967251475,0.2082259592003439
FAM105A,-0.1667,8.5467,8.7134,6615.0,0.05366954967251475,0.2082259592003439
TRERF1,-0.2098,9.9305,10.1403,6616.0,0.05386853455706659,0.2083055480414894
ECM1,-0.3399,10.1979,10.5378,6616.0,0.05386853455706659,0.2083055480414894
RASEF,0.3626,10.5364,10.1738,9024.0,0.05386853455706659,0.2083055480414894
ENPP1,-0.4311,8.8715,9.3026,6616.0,0.05386853455706659,0.2083055480414894
IL10RB,0.1714,11.2321,11.0608,9024.0,0.05386853455706659,0.2083055480414894
PPP3CB,-0.0988,11.1693,11.268,6616.0,0.05386853455706659,0.2083055480414894
SLC12A6,-0.1677,12.4632,12.6309,6617.0,0.05406813491629156,0.20896200265937628
GJB4,-0.702,6.7334,7.4355,6618.0,0.054268242887464645,0.20950455900620638
TUBB3,0.4605,11.3804,10.9199,9022.0,0.05426835214011972,0.20950455900620638
IGF2BP1,0.99,4.7704,3.7804,9021.0,0.054346160407883495,0.2096893450889301
SNX14,-0.1269,11.8953,12.0222,6619.0,0.054469187619606056,0.21004830446040815
RHBDF1,-0.1955,9.5249,9.7203,6620.0,0.05467064274692308,0.21070914207853733
CHD1L,0.1663,11.2013,11.035,9019.0,0.05487271891535363,0.211023421506986
OLR1,0.6229,9.0491,8.4262,9019.0,0.05487271891535363,0.211023421506986
BTBD11,-0.4836,8.2436,8.7273,6621.0,0.05487271891535363,0.211023421506986
ETFA,0.0953,12.8285,12.7332,9019.0,0.05487271891535363,0.211023421506986
COASY,0.1212,10.0759,9.9547,9018.0,0.055075417519283465,0.21157056987797154
MYO7A,0.2699,9.6886,9.4187,9018.0,0.055075417519283465,0.21157056987797154
RUNX2,-0.2169,10.9538,11.1707,6623.0,0.055278739954193884,0.21223520608509855
MAP1A,-0.2701,10.5399,10.8101,6624.0,0.05548268761665457,0.21255211235198684
RAB38,-0.4865,7.0291,7.5156,6624.0,0.05548268761665457,0.21255211235198684
ASPN,-0.5046,8.5399,9.0445,6624.0,0.05548268761665457,0.21255211235198684
EIF5A,0.1331,11.6536,11.5205,9016.0,0.05548268761665457,0.21255211235198684
VAPA,0.1247,12.1077,11.983,9015.0,0.05568726190431595,0.21310267492673474
RPS8,-0.1268,11.9557,12.0825,6625.0,0.05568726190431595,0.21310267492673474
PLA2G2A,-0.8822,8.3289,9.2112,6626.0,0.055892464215901806,0.21365443608294782
PPP3CC,-0.1573,10.1823,10.3396,6626.0,0.055892464215901806,0.21365443608294782
PASK,0.151,10.4994,10.3483,9013.0,0.056098295951201735,0.2139740558530859
TAP2,0.2863,12.3053,12.0191,9013.0,0.056098295951201735,0.2139740558530859
PRCP,-0.1763,10.8566,11.0329,6627.0,0.056098295951201735,0.2139740558530859
APBB2,-0.2137,11.3149,11.5287,6627.0,0.056098295951201735,0.2139740558530859
TECR,0.1303,11.8506,11.7203,9012.0,0.056304758511063695,0.21441121471070096
PIP4K2C,0.1097,10.6699,10.5602,9012.0,0.056304758511063695,0.21441121471070096
TRPS1,-0.2732,11.5177,11.7909,6628.0,0.056304758511063695,0.21441121471070096
EPHX3,-0.6088,6.0171,6.6259,6629.0,0.05651185329738658,0.21461632789674523
PFKL,0.138,12.4307,12.2927,9011.0,0.05651185329738658,0.21461632789674523
GORAB,0.1358,11.1397,11.0039,9011.0,0.05651185329738658,0.21461632789674523
CHORDC1,0.128,10.5302,10.4022,9011.0,0.05651185329738658,0.21461632789674523
POLR1C,0.1389,10.5702,10.4313,9011.0,0.05651185329738658,0.21461632789674523
PRPF3,0.1819,12.9737,12.7917,9010.0,0.05671958171311222,0.21528847194413273
TTN-AS1,-0.2111,9.6382,9.8493,6631.0,0.056927945162218226,0.21547120419123292
EIF2S2,0.1398,10.9021,10.7623,9009.0,0.056927945162218226,0.21547120419123292
TSPYL2,-0.1676,11.3861,11.5537,6631.0,0.056927945162218226,0.21547120419123292
FSCN1,-0.3132,9.6957,10.0089,6631.0,0.056927945162218226,0.21547120419123292
ENTPD1,-0.2553,11.6273,11.8826,6631.0,0.056927945162218226,0.21547120419123292
ZFP57,-0.8824,3.5601,4.4425,6639.0,0.056985559885128205,0.21547120419123292
NDUFV2,0.1559,11.0687,10.9128,9008.0,0.057136945049710064,0.21547120419123292
TRUB2,0.1581,9.6886,9.5305,9008.0,0.057136945049710064,0.21547120419123292
BMS1P20,0.2735,10.8002,10.5267,9008.0,0.057136945049710064,0.21547120419123292
VIM,-0.2888,14.9941,15.283,6632.0,0.057136945049710064,0.21547120419123292
GPR126,-0.3562,11.3983,11.7545,6632.0,0.057136945049710064,0.21547120419123292
BCORL1,-0.0844,10.1561,10.2405,6632.0,0.057136945049710064,0.21547120419123292
SNCA,-0.3253,7.7249,8.0501,6633.0,0.05734658278161346,0.21602911200626093
MAGI3,-0.0977,10.5796,10.6772,6633.0,0.05734658278161346,0.21602911200626093
NLRP2,0.8557,11.2362,10.3804,9006.0,0.05755685976496652,0.21658822618702878
SNORA55,0.2324,8.9861,8.7538,9006.0,0.05755685976496652,0.21658822618702878
SUMO2,0.1369,11.5075,11.3706,9005.0,0.05776777740781221,0.21703205213889962
MTHFD1,0.1143,13.2416,13.1273,9005.0,0.05776777740781221,0.21703205213889962
FABP4,-0.6609,6.833,7.4939,6635.0,0.05776777740781221,0.21703205213889962
MTUS2,0.7099,6.9771,6.2672,9003.5,0.05808532973255266,0.2180392492160722
TSPAN8,-0.6553,5.2939,5.9491,6637.0,0.0581881215472568,0.2180392492160722
CLEC2B,-0.3349,9.2745,9.6094,6637.0,0.05819154030913022,0.2180392492160722
SEMA3F,-0.2886,10.8751,11.1637,6637.0,0.05819154030913022,0.2180392492160722
GCNT2,-0.3508,8.8546,9.2055,6637.0,0.05819154030913022,0.2180392492160722
MAP4K4,-0.0949,13.4729,13.5678,6638.0,0.058404388388641794,0.21848607472524492
TMEM159,0.1379,9.3402,9.2023,9002.0,0.058404388388641794,0.21848607472524492
ITPR1,-0.265,11.6326,11.8976,6638.0,0.058404388388641794,0.21848607472524492
ZNF274,0.1226,10.4264,10.3038,9001.0,0.058617882769708696,0.21893388428601068
RUVBL2,0.1399,10.6703,10.5303,9001.0,0.058617882769708696,0.21893388428601068
HSF4,-0.2004,9.3471,9.5475,6639.0,0.058617882769708696,0.21893388428601068
KRT20,1.2841,9.1482,7.864,9000.0,0.05883102116935257,0.21903278582219898
KIAA1671,-0.2057,10.7828,10.9885,6640.0,0.05883202486528006,0.21903278582219898
ABCC3,-0.4343,11.3,11.7343,6640.0,0.05883202486528006,0.21903278582219898
SF3B6,0.1071,10.5322,10.4251,9000.0,0.05883202486528006,0.21903278582219898
WBSCR22,0.1462,10.7489,10.6027,9000.0,0.05883202486528006,0.21903278582219898
AKR1C1,-0.4427,9.0654,9.5081,6640.0,0.05883202486528006,0.21903278582219898
PNCK,-0.7504,6.0239,6.7744,6641.0,0.059045206676549625,0.21970966118803242
VSIG10,0.2648,9.9536,9.6888,8998.0,0.05926225785651178,0.22016636168124773
RPL37A,-0.1442,13.7767,13.9209,6642.0,0.05926225785651178,0.22016636168124773
PCDHB11,-0.369,9.0947,9.4637,6642.0,0.05926225785651178,0.22016636168124773
C14orf1,0.1402,9.7122,9.572,8997.0,0.05947835158282551,0.22061805939328763
PER1,-0.3351,8.3947,8.7297,6643.0,0.05947835158282551,0.22061805939328763
RPL23,-0.1662,13.8741,14.0403,6643.0,0.05947835158282551,0.22061805939328763
POLH,0.1103,11.357,11.2467,8996.0,0.05969509868493448,0.22072057871731582
ARHGAP1,-0.2035,11.2075,11.411,6644.0,0.05969509868493448,0.22072057871731582
FADS1,0.2524,10.0425,9.7901,8996.0,0.05969509868493448,0.22072057871731582
TSPAN6,0.2495,11.2371,10.9876,8996.0,0.05969509868493448,0.22072057871731582
MID2,-0.1714,9.4272,9.5985,6644.0,0.05969509868493448,0.22072057871731582
S1PR3,-0.2991,8.3696,8.6687,6644.0,0.05969509868493448,0.22072057871731582
OSBPL5,-0.1676,8.9751,9.1427,6645.0,0.059912500580494785,0.22117408622309173
KIAA1377,-0.1887,8.3371,8.5258,6645.0,0.059912500580494785,0.22117408622309173
EDNRA,-0.2564,9.0686,9.325,6645.0,0.059912500580494785,0.22117408622309173
ADH1C,-0.6186,6.2199,6.8385,6646.0,0.060130442477265136,0.22127919206128296
GMCL1,0.177,10.7143,10.5373,8994.0,0.0601305586880796,0.22127919206128296
NEU1,0.175,11.2028,11.0278,8994.0,0.0601305586880796,0.22127919206128296
MMP14,-0.2012,12.0442,12.2454,6646.0,0.0601305586880796,0.22127919206128296
LMAN1,0.1627,13.3251,13.1624,8994.0,0.0601305586880796,0.22127919206128296
STARD13,-0.2396,9.7483,9.988,6646.0,0.0601305586880796,0.22127919206128296
NUP37,0.1406,9.8769,9.7363,8993.0,0.06034927442717116,0.2217345061980481
ZDHHC20,0.1453,11.8931,11.7479,8993.0,0.06034927442717116,0.2217345061980481
OMA1,0.1337,10.3618,10.2281,8993.0,0.06034927442717116,0.2217345061980481
MYT1,0.959,5.4083,4.4492,8992.0,0.0605403763090353,0.22230725915865912
GLA,0.1749,10.0167,9.8418,8992.0,0.06056864921815245,0.22230725915865912
FANCC,0.1949,9.5147,9.3198,8991.0,0.060788684482299016,0.22276460357380432
RPL10A,-0.126,11.793,11.919,6649.0,0.060788684482299016,0.22276460357380432
CTGF,-0.4474,10.2502,10.6976,6649.0,0.060788684482299016,0.22276460357380432
EREG,-0.7205,4.4901,5.2106,6650.0,0.06099297170100811,0.22298992674181592
CYP1A1,0.8296,4.8026,3.973,8985.0,0.061003839859813,0.22298992674181592
PRPF4,0.113,10.8281,10.7151,8990.0,0.06100938164177057,0.22298992674181592
AMICA1,-0.4451,8.9914,9.4365,6650.0,0.06100938164177057,0.22298992674181592
SLC16A2,-0.2715,9.1438,9.4153,6650.0,0.06100938164177057,0.22298992674181592
RAB11FIP1,0.3099,11.994,11.6841,8989.0,0.06123074211960293,0.22368225720583165
STX16,-0.113,9.2173,9.3303,6652.0,0.06145276733969939,0.2241425675416223
SGSH,-0.1348,10.6918,10.8266,6652.0,0.06145276733969939,0.2241425675416223
IKBKB,-0.1107,11.7108,11.8215,6652.0,0.06145276733969939,0.2241425675416223
PCNXL4,-0.1229,11.5235,11.6463,6653.0,0.06167545872682264,0.22460386763595366
SMAD5,-0.1246,11.5677,11.6922,6653.0,0.06167545872682264,0.22460386763595366
NAE1,0.1452,10.8749,10.7297,8987.0,0.06167545872682264,0.22460386763595366
GSTA1,-0.92,6.0933,7.0133,6654.0,0.06189778325507366,0.22494936190930104
STOX1,0.4036,8.3942,7.9906,8986.0,0.06189881770658619,0.22494936190930104
VCL,-0.176,14.2675,14.4435,6654.0,0.06189881770658619,0.22494936190930104
USP13,0.2128,9.7824,9.5696,8986.0,0.06189881770658619,0.22494936190930104
DUSP1,-0.4271,10.2396,10.6667,6655.0,0.062122845705445816,0.22541258470219538
F13A1,-0.358,11.445,11.8029,6655.0,0.062122845705445816,0.22541258470219538
CTNNB1,-0.1074,14.9993,15.1067,6655.0,0.062122845705445816,0.22541258470219538
KLF12,-0.3171,8.6309,8.9481,6656.0,0.06234754415069146,0.225643334205319
MAN2B2,-0.1171,10.2541,10.3712,6656.0,0.06234754415069146,0.225643334205319
TMEM33,0.1212,10.8992,10.778,8984.0,0.06234754415069146,0.225643334205319
CAP2,-0.2907,8.6988,8.9895,6656.0,0.06234754415069146,0.225643334205319
PSMA6,0.1412,11.5647,11.4235,8984.0,0.06234754415069146,0.225643334205319
MANEAL,0.3043,8.6936,8.3893,8983.0,0.06257291447043828,0.22587531960643262
TRIM24,0.2421,12.5273,12.2853,8983.0,0.06257291447043828,0.22587531960643262
OSGIN2,0.1659,10.5158,10.35,8983.0,0.06257291447043828,0.22587531960643262
UPF3A,0.1422,9.3287,9.1865,8983.0,0.06257291447043828,0.22587531960643262
SEPP1,-0.3182,11.1436,11.4618,6657.0,0.06257291447043828,0.22587531960643262
PDE7B,-0.3045,8.3203,8.6248,6658.0,0.06279895809361855,0.22634127819331482
SCN8A,0.478,8.8917,8.4137,8982.0,0.06279895809361855,0.22634127819331482
ATP6V0E1,-0.1158,10.8701,10.9859,6658.0,0.06279895809361855,0.22634127819331482
OGN,-0.7043,5.7605,6.4648,6658.5,0.0629097263016795,0.22645911348340594
LRRC37A4P,0.407,9.8222,9.4152,8981.0,0.0630256764499726,0.22645911348340594
LAMA4,-0.2927,12.9766,13.2693,6659.0,0.0630256764499726,0.22645911348340594
APOL4,0.3465,10.487,10.1405,8981.0,0.0630256764499726,0.22645911348340594
SOD1,0.1485,13.6793,13.5308,8981.0,0.0630256764499726,0.22645911348340594
CD44,-0.3593,13.6956,14.0549,6659.0,0.0630256764499726,0.22645911348340594
AARS,0.177,13.7453,13.5684,8980.0,0.0632530709700407,0.22681067895708906
ZNF268,0.1544,10.4188,10.2644,8980.0,0.0632530709700407,0.22681067895708906
XPOT,0.1692,12.8405,12.6713,8980.0,0.0632530709700407,0.22681067895708906
GART,0.1325,12.2849,12.1523,8980.0,0.0632530709700407,0.22681067895708906
ELK4,-0.1516,11.7736,11.9252,6661.0,0.06348114308515396,0.2275119984776526
MRPS7,0.1349,10.613,10.4781,8978.0,0.06370989422742611,0.22809835852487986
ADCY7,-0.2638,9.5861,9.8499,6662.0,0.06370989422742611,0.22809835852487986
H2AFY2,0.2143,9.6513,9.4369,8977.0,0.06393932582974433,0.22868595443600592
XDH,-0.3654,10.2215,10.5869,6663.0,0.06393932582974433,0.22868595443600592
TMEM14A,0.1564,9.1195,8.963,8976.0,0.0641694393257609,0.2292747875501549
KCNT2,-0.2953,7.9962,8.2915,6664.0,0.0641694393257609,0.2292747875501549
SLC34A2,-1.065,4.3523,5.4172,6665.0,0.06433066191159995,0.2296307809356614
NARF,0.1322,10.5367,10.4044,8975.0,0.06440023614988419,0.2296307809356614
SALL4,-0.3498,10.1611,10.5109,6665.0,0.06440023614988419,0.2296307809356614
PDGFC,-0.2758,9.1452,9.421,6665.0,0.06440023614988419,0.2296307809356614
PPP1R1B,-0.7141,6.0653,6.7794,6666.0,0.06463002011274281,0.23010468699242514
PRRG4,0.2122,9.2496,9.0373,8974.0,0.06463171773726978,0.23010468699242514
CALR,0.1238,16.4319,16.3082,8974.0,0.06463171773726978,0.23010468699242514
CAPN13,-0.5989,7.1281,7.727,6667.0,0.0648628222866069,0.23022898647909562
CLCA4,-0.9231,7.8742,8.7973,6667.0,0.06486385514558224,0.23022898647909562
FCHSD1,-0.1643,9.4172,9.5816,6667.0,0.06486388552381203,0.23022898647909562
ZNF383,0.1085,9.5173,9.4088,8973.0,0.06486388552381203,0.23022898647909562
MCCC1,0.1685,12.3429,12.1744,8973.0,0.06486388552381203,0.23022898647909562
PRKCSH,0.1207,14.3928,14.2721,8973.0,0.06486388552381203,0.23022898647909562
AMOTL1,-0.1347,11.1954,11.3301,6668.0,0.0650967409461346,0.2309384381184299
TNKS1BP1,-0.1952,12.4776,12.6729,6669.0,0.06533028544158204,0.2311813991649313
CARD6,-0.3006,9.8538,10.1544,6669.0,0.06533028544158204,0.2311813991649313
PSMA2,0.1479,11.549,11.4011,8971.0,0.06533028544158204,0.2311813991649313
NAB1,-0.1301,10.6409,10.7711,6669.0,0.06533028544158204,0.2311813991649313
ANO9,-0.2759,8.5925,8.8684,6669.0,0.06533028544158204,0.2311813991649313
CPNE2,-0.1775,9.4577,9.6352,6670.0,0.06556452044821065,0.23177604073640543
HIC2,0.2312,7.8712,7.6401,8970.0,0.06556452044821065,0.23177604073640543
SLC29A2,0.2485,8.7232,8.4747,8969.0,0.06579944740477932,0.23190414201090567
CNNM4,0.1809,10.661,10.4801,8969.0,0.06579944740477932,0.23190414201090567
LAMA3,-0.4977,12.3539,12.8516,6671.0,0.06579944740477932,0.23190414201090567
ADCY1,0.3346,8.2523,7.9177,8969.0,0.06579944740477932,0.23190414201090567
IFNGR2,-0.1192,12.7574,12.8766,6671.0,0.06579944740477932,0.23190414201090567
XPO5,0.1164,11.8652,11.7487,8969.0,0.06579944740477932,0.23190414201090567
EXOSC3,0.1017,9.5413,9.4396,8968.0,0.06603506775074089,0.23261749469740367
SIK3,-0.1356,10.4839,10.6195,6673.0,0.06627138292623283,0.23321532393588368
MYL9,-0.3096,11.0532,11.3629,6673.0,0.06627138292623283,0.23321532393588368
LPAR3,-0.5627,6.9289,7.4916,6674.0,0.06650839437206825,0.23369708268318815
GARS,0.1716,13.9049,13.7333,8966.0,0.06650839437206825,0.23369708268318815
FOXN3,-0.1309,9.3046,9.4355,6674.0,0.06650839437206825,0.23369708268318815
SFT2D2,0.1144,10.854,10.7396,8965.0,0.06674610352972667,0.2340625753723965
NME7,0.1552,9.2016,9.0465,8965.0,0.06674610352972667,0.2340625753723965
ALOX5AP,-0.3046,8.3993,8.7039,6675.0,0.06674610352972667,0.2340625753723965
ELF1,-0.1903,12.1152,12.3055,6675.0,0.06674610352972667,0.2340625753723965
TBC1D19,-0.0932,9.6928,9.786,6676.0,0.06698451184134509,0.23442905368562703
CLK1,-0.1361,12.519,12.6552,6676.0,0.06698451184134509,0.23442905368562703
PPAPDC1B,0.222,9.1103,8.8883,8964.0,0.06698451184134509,0.23442905368562703
TTC39A,0.2836,9.3645,9.0809,8964.0,0.06698451184134509,0.23442905368562703
LMF1,-0.2215,9.3496,9.571,6677.0,0.0672236207497086,0.23503096161268563
WARS,0.249,11.7966,11.5476,8963.0,0.0672236207497086,0.23503096161268563
MAST4,-0.3228,13.0763,13.3991,6678.0,0.06746343169824132,0.23528207778027088
REXO4,0.1223,9.7407,9.6184,8962.0,0.06746343169824132,0.23528207778027088
THAP4,-0.1181,9.0927,9.2108,6678.0,0.06746343169824132,0.23528207778027088
IL20RA,-0.4379,8.1604,8.5983,6678.0,0.06746343169824132,0.23528207778027088
AHSA2,-0.1308,11.0315,11.1623,6678.0,0.06746343169824132,0.23528207778027088
RSPH3,-0.1067,9.0374,9.1441,6679.0,0.06770394613099692,0.23588593768923954
ZNF117,0.2372,13.0905,12.8533,8961.0,0.06770394613099692,0.23588593768923954
PRICKLE1,-0.2909,9.2811,9.572,6680.0,0.06794516549264963,0.2363735687754721
RABGGTA,-0.119,9.1694,9.2884,6680.0,0.06794516549264963,0.2363735687754721
YWHAE,0.1298,13.5677,13.4379,8960.0,0.06794516549264963,0.2363735687754721
PLEKHO2,-0.2047,9.2715,9.4762,6681.0,0.0681870912284847,0.2367447693966675
F5,-0.4567,11.1239,11.5807,6681.0,0.0681870912284847,0.2367447693966675
GMNN,0.2448,9.7122,9.4674,8959.0,0.0681870912284847,0.2367447693966675
RASGRP2,-0.3954,8.3171,8.7125,6681.0,0.0681870912284847,0.2367447693966675
CHST14,-0.1165,9.365,9.4815,6682.0,0.06842972478438926,0.23711695332265112
PTN,0.6006,8.2692,7.6685,8958.0,0.06842972478438926,0.23711695332265112
SPCS1,0.1218,12.1169,11.9952,8958.0,0.06842972478438926,0.23711695332265112
TAGLN2,0.2384,12.1144,11.876,8958.0,0.06842972478438926,0.23711695332265112
SMAD3,-0.2518,12.465,12.7168,6683.0,0.06867306760684261,0.23784247895683422
HIVEP3,-0.2674,8.9986,9.266,6684.0,0.06891712114290695,0.23856974758466504
BRK1,0.1183,10.8171,10.6988,8955.0,0.06916188684021823,0.23918058940348064
IQSEC1,-0.1273,10.6884,10.8157,6685.0,0.06916188684021823,0.23918058940348064
CSAD,-0.1554,10.0415,10.197,6686.0,0.06940736614697623,0.23943831779668698
CSMD2,-0.4081,7.5963,8.0044,6686.0,0.06940736614697623,0.23943831779668698
KLHL11,0.1237,9.497,9.3733,8954.0,0.06940736614697623,0.23943831779668698
WDR90,0.1746,9.7833,9.6087,8954.0,0.06940736614697623,0.23943831779668698
SPINK5,-0.5287,9.4953,10.0241,6686.0,0.06940736614697623,0.23943831779668698
PLD2,-0.1259,10.4574,10.5833,6687.0,0.06965356051193523,0.23981508567604842
CLIP2,-0.1614,9.6309,9.7923,6687.0,0.06965356051193523,0.23981508567604842
ZNF507,0.2097,10.8229,10.6132,8953.0,0.06965356051193523,0.23981508567604842
FOCAD,0.1561,11.9548,11.7987,8953.0,0.06965356051193523,0.23981508567604842
ARL4C,-0.2619,8.0033,8.2652,6688.0,0.06990047138439436,0.24054692928988386
FLVCR1,0.1668,10.3947,10.2279,8951.0,0.07014810021418826,0.2408074244117453
PROSER1,0.1559,12.1036,11.9477,8951.0,0.07014810021418826,0.2408074244117453
MRPL39,0.1547,9.5008,9.3461,8951.0,0.07014810021418826,0.2408074244117453
ZFP36,-0.329,10.3389,10.668,6689.0,0.07014810021418826,0.2408074244117453
PSMA5,0.1231,11.369,11.2459,8951.0,0.07014810021418826,0.2408074244117453
ARFIP1,0.1471,10.0107,9.8635,8950.0,0.07039644845167721,0.24118704917176884
ARHGEF28,-0.32,10.4154,10.7354,6690.0,0.07039644845167721,0.24118704917176884
KIF21A,0.1906,11.3904,11.1998,8950.0,0.07039644845167721,0.24118704917176884
BCR,-0.1083,11.8173,11.9256,6690.0,0.07039644845167721,0.24118704917176884
AGPAT3,0.1257,10.8754,10.7498,8949.0,0.07064551754773746,0.2416856665299489
GUCY1A3,-0.2718,9.8778,10.1496,6691.0,0.07064551754773746,0.2416856665299489
KIAA0513,-0.2323,8.8237,9.056,6691.0,0.07064551754773746,0.2416856665299489
CAPG,0.2335,10.9392,10.7056,8948.0,0.07089530895375176,0.24230348882534092
LSM1,0.205,9.2133,9.0082,8948.0,0.07089530895375176,0.24230348882534092
ANTXR1,-0.2912,13.3497,13.6409,6693.0,0.0711458241215995,0.24247994312271584
NSMF,-0.2006,10.109,10.3096,6693.0,0.0711458241215995,0.24247994312271584
B2M,0.2368,16.418,16.1813,8947.0,0.0711458241215995,0.24247994312271584
SCARNA17,-0.2593,9.9174,10.1767,6693.0,0.0711458241215995,0.24247994312271584
ORM1,-0.9096,2.9146,3.8242,6699.0,0.07137728814188177,0.24247994312271584
SH3GLB2,0.1601,10.5945,10.4344,8946.0,0.07139706450364701,0.24247994312271584
POGK,0.1865,10.9166,10.7301,8946.0,0.07139706450364701,0.24247994312271584
PDE5A,-0.2566,9.8924,10.149,6694.0,0.07139706450364701,0.24247994312271584
NR2C2AP,0.1707,9.3787,9.208,8946.0,0.07139706450364701,0.24247994312271584
ABCC1,-0.1902,12.3929,12.5831,6694.0,0.07139706450364701,0.24247994312271584
APOA1BP,0.136,10.5142,10.3782,8946.0,0.07139706450364701,0.24247994312271584
METTL8,-0.1215,9.0464,9.1679,6694.0,0.07139706450364701,0.24247994312271584
SNORD89,-0.3223,10.2994,10.6217,6694.0,0.07139706450364701,0.24247994312271584
SLC30A2,0.6682,6.5028,5.8346,8945.0,0.0716373229146647,0.24317797982132663
BCL9L,-0.1713,11.3593,11.5305,6696.0,0.0719017267221819,0.24360318927694236
GNAI1,-0.2671,8.66,8.9271,6696.0,0.0719017267221819,0.24360318927694236
SERTAD2,-0.1551,9.7812,9.9363,6696.0,0.0719017267221819,0.24360318927694236
GNE,0.2094,11.0752,10.8657,8944.0,0.0719017267221819,0.24360318927694236
RAB2A,0.1346,12.0846,11.9501,8943.0,0.07215515146574827,0.2441075003452344
TXNRD3,0.0927,9.3426,9.2499,8943.0,0.07215515146574827,0.2441075003452344
PHF1,-0.1314,10.1074,10.2387,6697.0,0.07215515146574827,0.2441075003452344
PADI1,-0.5897,6.3542,6.9439,6698.0,0.07240927487817014,0.24461282131465426
CDKN1B,0.1008,11.4002,11.2994,8942.0,0.0724093072376522,0.24461282131465426
IGF1,-0.5112,7.6407,8.1519,6698.0,0.0724093072376522,0.24461282131465426
JUNB,-0.3216,10.1974,10.5189,6699.0,0.07266419549254717,0.24523728242617246
BRD9,0.1569,11.146,10.9891,8941.0,0.07266419549254717,0.24523728242617246
FAS,-0.2857,11.0832,11.3689,6700.0,0.07291981768551412,0.24574469838866958
ADH5,-0.1533,11.0506,11.2039,6700.0,0.07291981768551412,0.24574469838866958
EPB41L4B,0.2393,8.8089,8.5697,8940.0,0.07291981768551412,0.24574469838866958
ZNF443,0.1864,10.445,10.2586,8939.0,0.07317617527205181,0.24649002185193786
PNKD,-0.1283,9.7021,9.8304,6702.0,0.07343326970806664,0.24711830262642515
SLC39A6,0.2048,12.9809,12.7761,8938.0,0.07343326970806664,0.24711830262642515
ESD,-0.1233,10.4701,10.5934,6703.0,0.07369110244986277,0.24762897814605994
DNAH2,-0.5234,6.9265,7.4499,6703.0,0.07369110244986277,0.24762897814605994
BTF3,-0.1147,12.5886,12.7033,6703.0,0.07369110244986277,0.24762897814605994
TMTC4,0.1851,9.7767,9.5916,8936.0,0.0739496749541316,0.2480218264864864
C2,0.3543,11.4798,11.1255,8936.0,0.0739496749541316,0.2480218264864864
ACSF3,-0.1194,10.6239,10.7433,6704.0,0.0739496749541316,0.2480218264864864
CHPF2,-0.1186,9.5588,9.6774,6704.0,0.0739496749541316,0.2480218264864864
TOP1MT,-0.2515,9.3486,9.6001,6705.0,0.07420898867794223,0.24853445610312266
MGP,-0.4773,12.1865,12.6638,6705.0,0.07420898867794223,0.24853445610312266
SLC30A1,-0.1477,9.3919,9.5395,6705.0,0.07420898867794223,0.24853445610312266
ARPC2,-0.1329,13.165,13.2979,6706.0,0.07446904507873102,0.24869180862487045
SPATA20,-0.1956,10.2706,10.4662,6706.0,0.07446904507873102,0.24869180862487045
TRO,-0.1846,8.208,8.3926,6706.0,0.07446904507873102,0.24869180862487045
PRX,-0.208,8.9923,9.2003,6706.0,0.07446904507873102,0.24869180862487045
SMG5,0.1366,12.4627,12.3261,8934.0,0.07446904507873102,0.24869180862487045
UPK1A,0.88,9.3201,8.4401,8934.0,0.07446904507873102,0.24869180862487045
PSMB3,0.1088,11.2802,11.1714,8933.0,0.07472984561429127,0.24920624230327706
PCK2,0.1148,9.6352,9.5204,8933.0,0.07472984561429127,0.24920624230327706
TMEM41A,0.1645,9.0442,8.8797,8933.0,0.07472984561429127,0.24920624230327706
C2CD2,0.1611,10.3607,10.1996,8932.0,0.07499139174276329,0.24972169109584944
NPC2,-0.1928,12.5505,12.7433,6708.0,0.07499139174276329,0.24972169109584944
GTF2I,0.1325,13.5281,13.3956,8932.0,0.07499139174276329,0.24972169109584944
RAP1GAP2,0.2241,9.922,9.6978,8931.0,0.07525368492262396,0.2501193903716828
IFIT3,0.325,9.4761,9.151,8931.0,0.07525368492262396,0.2501193903716828
CTDSPL,-0.1698,9.9403,10.1101,6709.0,0.07525368492262396,0.2501193903716828
MIS18BP1,0.0983,11.3964,11.2982,8931.0,0.07525368492262396,0.2501193903716828
ZNF189,-0.1057,9.4883,9.594,6710.0,0.0755167266126766,0.25039944908549916
ELOVL1,0.1229,11.6707,11.5478,8930.0,0.0755167266126766,0.25039944908549916
ABCB4,-0.3131,7.731,8.0442,6710.0,0.0755167266126766,0.25039944908549916
HIST1H3C,0.1672,10.2093,10.0421,8930.0,0.0755167266126766,0.25039944908549916
DBN1,-0.2544,10.2819,10.5363,6710.0,0.0755167266126766,0.25039944908549916
TSTD1,0.2251,9.0264,8.8013,8928.0,0.07604506136014026,0.2516746525071183
USP54,-0.1692,10.5097,10.679,6712.0,0.07604506136014026,0.2516746525071183
ACSF2,0.2717,10.9995,10.7278,8928.0,0.07604506136014026,0.2516746525071183
MRPS35,0.1325,10.2589,10.1264,8928.0,0.07604506136014026,0.2516746525071183
ITGBL1,-0.3302,9.7024,10.0326,6713.0,0.07631035733669664,0.2520761473721163
ACAD10,0.121,10.5489,10.4279,8927.0,0.07631035733669664,0.2520761473721163
IFITM3,-0.2378,12.1856,12.4234,6713.0,0.07631035733669664,0.2520761473721163
POMT1,0.1438,10.7894,10.6456,8927.0,0.07631035733669664,0.2520761473721163
STRA6,-0.3181,8.5272,8.8454,6714.0,0.07657640766171457,0.25283572977604296
PSMG1,0.1232,9.7485,9.6253,8925.0,0.07684321379547375,0.25335829859213876
RTN4,-0.0828,13.0751,13.1579,6715.0,0.07684321379547375,0.25335829859213876
HOOK1,0.3007,10.4519,10.1512,8925.0,0.07684321379547375,0.25335829859213876
CLCN5,-0.1093,9.6995,9.8088,6716.0,0.07711077719851762,0.25400130419624595
RPRD2,0.1349,12.6779,12.543,8924.0,0.07711077719851762,0.25400130419624595
CELSR2,-0.2757,10.5459,10.8216,6717.0,0.07737909933164332,0.254287110567573
NAV3,-0.3157,8.3189,8.6346,6717.0,0.07737909933164332,0.254287110567573
ASS1,0.5098,13.1572,12.6474,8923.0,0.07737909933164332,0.254287110567573
KIAA1586,0.1579,9.8531,9.6952,8923.0,0.07737909933164332,0.254287110567573
AP4M1,0.1171,10.7388,10.6216,8923.0,0.07737909933164332,0.254287110567573
SEMA5A,0.3198,12.4533,12.1335,8922.0,0.07764818165589077,0.25445494437819516
DNMT3B,0.2497,10.4966,10.2469,8922.0,0.07764818165589077,0.25445494437819516
VASP,-0.1585,10.9228,11.0813,6718.0,0.07764818165589077,0.25445494437819516
CEP250,0.1497,11.7751,11.6255,8922.0,0.07764818165589077,0.25445494437819516
BMP2,-0.5319,7.7957,8.3276,6718.0,0.07764818165589077,0.25445494437819516
LZTFL1,0.1384,9.5511,9.4127,8922.0,0.07764818165589077,0.25445494437819516
GBP5,0.4936,9.9997,9.5061,8921.0,0.07791802563253238,0.2549812773386094
PSMB8,0.2533,11.7095,11.4563,8921.0,0.07791802563253238,0.2549812773386094
GYS1,-0.1557,12.2486,12.4044,6719.0,0.07791802563253238,0.2549812773386094
EMX2,0.6596,6.8109,6.1512,8920.0,0.07818457945423092,0.25573405414197997
MUC5B,-0.8606,4.876,5.7366,6721.0,0.0784078883847418,0.25615636864217345
CA9,-0.7063,6.1002,6.8066,6721.0,0.0784593275523082,0.25615636864217345
FASN,0.2037,14.4968,14.2932,8919.0,0.07846000438918493,0.25615636864217345
DAB2IP,-0.1289,10.8244,10.9533,6721.0,0.07846000438918493,0.25615636864217345
TP63,-0.756,11.0781,11.8341,6722.0,0.0787321420928067,0.25620873191260474
PHKA1,0.1662,11.1674,11.0012,8918.0,0.0787321420928067,0.25620873191260474
ZHX1,-0.1468,10.6842,10.831,6722.0,0.0787321420928067,0.25620873191260474
PAK4,0.154,9.5978,9.4438,8918.0,0.0787321420928067,0.25620873191260474
RPS23,-0.1614,12.6087,12.7701,6722.0,0.0787321420928067,0.25620873191260474
CMAHP,-0.296,7.9976,8.2936,6722.0,0.0787321420928067,0.25620873191260474
PTGES3,0.1126,11.4215,11.3088,8918.0,0.0787321420928067,0.25620873191260474
TOR1AIP2,0.1379,11.4525,11.3146,8917.0,0.07900504729602251,0.2569774018643965
TMPRSS3,0.6677,8.3626,7.695,8916.0,0.07927872146110664,0.2575087599221381
TALDO1,0.1269,12.7033,12.5763,8916.0,0.07927872146110664,0.2575087599221381
GULP1,-0.3139,8.3582,8.6721,6724.0,0.07927872146110664,0.2575087599221381
GABBR2,0.7952,7.294,6.4988,8915.0,0.07955302964945662,0.25756394907612695
COL6A2,-0.3345,13.9406,14.2752,6725.0,0.07955316605050158,0.25756394907612695
AIG1,-0.2062,9.5215,9.7277,6725.0,0.07955316605050158,0.25756394907612695
ERBB3,0.2692,13.8928,13.6236,8915.0,0.07955316605050158,0.25756394907612695
PHC2,-0.1291,9.9384,10.0675,6725.0,0.07955316605050158,0.25756394907612695
POLR2H,0.1443,10.6556,10.5114,8915.0,0.07955316605050158,0.25756394907612695
SNRPB2,0.1492,10.0367,9.8874,8915.0,0.07955316605050158,0.25756394907612695
NAA50,0.1288,10.7247,10.5959,8914.0,0.07982838252680731,0.25797792470476766
ARHGEF25,-0.2269,9.6911,9.918,6726.0,0.07982838252680731,0.25797792470476766
IGFBP3,0.3155,11.8202,11.5046,8914.0,0.07982838252680731,0.25797792470476766
SH2B3,-0.205,8.5722,8.7772,6726.0,0.07982838252680731,0.25797792470476766
SLC6A8,-0.4728,11.5427,12.0156,6727.0,0.08010437235277014,0.25863112936212507
SCNN1B,0.4523,10.8585,10.4062,8913.0,0.08010437235277014,0.25863112936212507
SLC9A2,0.6803,9.7483,9.068,8912.0,0.08038113699127244,0.25892782996774655
CNP,0.1162,9.7194,9.6031,8912.0,0.08038113699127244,0.25892782996774655
COPZ2,-0.3274,7.7999,8.1273,6728.0,0.08038113699127244,0.25892782996774655
CAMK2G,0.1536,11.3277,11.1741,8912.0,0.08038113699127244,0.25892782996774655
CASK,-0.137,12.944,13.081,6728.0,0.08038113699127244,0.25892782996774655
STK10,-0.2195,9.8518,10.0713,6729.0,0.08065867790532105,0.259225663777404
TESC,-0.4431,7.7538,8.1969,6729.0,0.08065867790532105,0.259225663777404
TUBB,0.1553,14.0106,13.8552,8911.0,0.08065867790532105,0.259225663777404
HMCN2,-0.4665,6.5489,7.0154,6729.0,0.08065867790532105,0.259225663777404
UBD,0.5742,9.491,8.9168,8911.0,0.08065867790532105,0.259225663777404
ACOT7,0.2058,9.5579,9.3521,8910.0,0.08093699655803702,0.25946911914769494
TBK1,0.1129,10.9092,10.7963,8910.0,0.08093699655803702,0.25946911914769494
RPAP3,0.1263,10.9902,10.8639,8910.0,0.08093699655803702,0.25946911914769494
LEF1,-0.292,8.6515,8.9435,6730.0,0.08093699655803702,0.25946911914769494
PDIA3,0.1621,14.5277,14.3657,8910.0,0.08093699655803702,0.25946911914769494
HSPA14,0.1047,10.3905,10.2858,8909.0,0.0812160944126442,0.25946911914769494
VAMP8,0.1255,11.0695,10.944,8909.0,0.0812160944126442,0.25946911914769494
HEG1,-0.2155,12.2273,12.4427,6731.0,0.0812160944126442,0.25946911914769494
BNIP3L,-0.1718,11.1768,11.3486,6731.0,0.0812160944126442,0.25946911914769494
PRKCA,-0.2498,10.3815,10.6314,6731.0,0.0812160944126442,0.25946911914769494
LAMP3,0.341,9.0139,8.6729,8909.0,0.0812160944126442,0.25946911914769494
NELFE,0.1434,9.485,9.3416,8909.0,0.0812160944126442,0.25946911914769494
EIF6,0.118,10.6009,10.4829,8909.0,0.0812160944126442,0.25946911914769494
NAGK,0.0916,11.8183,11.7267,8908.0,0.08149597293245825,0.2598890247932628
CMTM3,-0.2471,8.8399,9.087,6732.0,0.08149597293245825,0.2598890247932628
GALNT11,-0.1248,10.1449,10.2696,6732.0,0.08149597293245825,0.2598890247932628
NEBL,0.3558,11.0442,10.6885,8908.0,0.08149597293245825,0.2598890247932628
MIR205HG,-0.5716,8.7806,9.3523,6733.0,0.08177663358087596,0.26030989316676106
GID8,0.1099,10.8783,10.7683,8907.0,0.08177663358087596,0.26030989316676106
MUC1,0.5355,13.162,12.6265,8907.0,0.08177663358087596,0.26030989316676106
SKAP2,0.1179,11.2729,11.155,8907.0,0.08177663358087596,0.26030989316676106
ARNTL,-0.1778,8.8163,8.9941,6734.0,0.08205807782136386,0.26096853723115854
ZNF513,-0.0907,10.2251,10.3158,6734.0,0.08205807782136386,0.26096853723115854
SCUBE3,-0.3856,7.0255,7.4111,6735.0,0.08234030711744744,0.2612728458284932
MRPL47,0.1243,10.1385,10.0143,8905.0,0.08234030711744744,0.2612728458284932
ZNF135,-0.3486,8.4575,8.8061,6735.0,0.08234030711744744,0.2612728458284932
CDHR1,-0.4254,5.9539,6.3793,6735.0,0.08234030711744744,0.2612728458284932
ERVMER34-1,0.4435,7.6297,7.1862,8905.0,0.08234030711744744,0.2612728458284932
CNTNAP1,-0.1781,9.1129,9.291,6736.0,0.0826233229326995,0.26193351312706864
ZNF566,0.1072,9.1396,9.0324,8904.0,0.0826233229326995,0.26193351312706864
SWAP70,-0.1443,11.5902,11.7345,6737.0,0.08290712673072964,0.26235816018766367
GRB7,0.2226,10.4598,10.2372,8903.0,0.08290712673072964,0.26235816018766367
KRAS,0.1016,10.0321,9.9305,8903.0,0.08290712673072964,0.26235816018766367
RAB25,0.2708,10.4856,10.2148,8903.0,0.08290712673072964,0.26235816018766367
MAGEA6,1.0281,5.7785,4.7504,8895.5,0.08303972315877926,0.26265907013592193
DNAJC2,0.1179,11.2622,11.1443,8902.0,0.08319171997517276,0.2629023533330933
RPL5,-0.1137,14.3227,14.4365,6738.0,0.08319171997517276,0.2629023533330933
ETV1,-0.2576,8.5789,8.8365,6739.0,0.08347710412967776,0.26332890100006007
AEBP1,-0.329,14.0996,14.4286,6739.0,0.08347710412967776,0.26332890100006007
SUB1,0.1535,11.4184,11.265,8901.0,0.08347710412967776,0.26332890100006007
CLDN11,-0.3405,7.6588,7.9992,6739.0,0.08347710412967776,0.26332890100006007
SLC39A14,-0.2955,8.3287,8.6242,6740.0,0.08376328065789647,0.263593330907916
CNPY3,0.1265,10.5442,10.4178,8900.0,0.08376328065789647,0.263593330907916
FLT1,-0.1397,11.8158,11.9555,6740.0,0.08376328065789647,0.263593330907916
ISM1,-0.3785,7.4866,7.8651,6740.0,0.08376328065789647,0.263593330907916
TRPC6,-0.1881,8.2984,8.4865,6741.0,0.08405025102347229,0.263593330907916
CTAGE5,-0.1394,12.8456,12.985,6741.0,0.08405025102347229,0.263593330907916
CCDC186,0.1085,11.621,11.5126,8899.0,0.08405025102347229,0.263593330907916
ZNF706,0.154,10.1706,10.0166,8899.0,0.08405025102347229,0.263593330907916
CPE,-0.2838,9.6541,9.9379,6741.0,0.08405025102347229,0.263593330907916
TNS4,-0.7382,10.0081,10.7462,6741.0,0.08405025102347229,0.263593330907916
GXYLT1,0.1329,9.1837,9.0508,8899.0,0.08405025102347229,0.263593330907916
LRRC75A-AS1,-0.144,10.8289,10.973,6741.0,0.08405025102347229,0.263593330907916
CCT5,0.1551,13.9145,13.7594,8899.0,0.08405025102347229,0.263593330907916
TREM1,-0.4651,6.7203,7.1854,6743.0,0.08462657912115926,0.265163281246299
RBM3,-0.1261,12.1566,12.2827,6743.0,0.08462657912115926,0.265163281246299
STK38,0.1346,11.6871,11.5525,8896.0,0.08491593978041329,0.26571328252110554
RPIA,0.1608,10.4191,10.2584,8896.0,0.08491593978041329,0.26571328252110554
SCARNA12,-0.1595,11.2115,11.3711,6744.0,0.08491593978041329,0.26571328252110554
MUC5AC,-0.8785,4.9271,5.8056,6745.0,0.08511407714515629,0.2661455482691374
RASGRP1,0.3753,8.8947,8.5195,8895.0,0.08520610013128745,0.2661455482691374
CSF1R,-0.2966,10.301,10.5975,6745.0,0.08520610013128745,0.2661455482691374
UBXN2B,0.1263,9.7288,9.6024,8895.0,0.08520610013128745,0.2661455482691374
C4A,-0.4048,9.7244,10.1292,6746.0,0.085497061637213,0.26681636481524185
ZEB2,-0.286,12.4667,12.7527,6746.0,0.085497061637213,0.26681636481524185
TIMD4,-0.5082,5.9373,6.4455,6747.0,0.08578868367131756,0.2674884892288939
STEAP2,-0.3238,9.0187,9.3425,6747.0,0.08578882576154444,0.2674884892288939
IL16,-0.3121,8.9452,9.2573,6748.0,0.08608139396754795,0.26828126477736464
CDH11,-0.2717,11.3847,11.6564,6749.0,0.08637476771839014,0.26883666592528277
MAP3K3,-0.1295,9.7321,9.8616,6749.0,0.08637476771839014,0.26883666592528277
COL4A1,-0.2653,14.8716,15.1368,6749.0,0.08637476771839014,0.26883666592528277
ATP5O,0.146,12.0148,11.8688,8890.0,0.08666894847712626,0.26927357860927914
CRTC1,-0.1372,9.2025,9.3397,6750.0,0.08666894847712626,0.26927357860927914
MGST1,0.2206,11.0387,10.818,8890.0,0.08666894847712626,0.26927357860927914
MB21D2,0.1685,8.6596,8.4911,8890.0,0.08666894847712626,0.26927357860927914
TBC1D9,0.2007,12.2511,12.0504,8889.0,0.08696393770668875,0.2697114507351379
LRRK2,-0.2866,10.7196,11.0061,6751.0,0.08696393770668875,0.2697114507351379
FGD5,-0.2248,9.7754,10.0001,6751.0,0.08696393770668875,0.2697114507351379
KIF3C,0.2527,9.0723,8.8195,8889.0,0.08696393770668875,0.2697114507351379
ALAD,-0.1292,9.2985,9.4277,6752.0,0.0872597368698755,0.2703893527874947
CD248,-0.3052,9.5181,9.8233,6752.0,0.0872597368698755,0.2703893527874947
MYO18A,-0.1161,11.8817,11.9978,6753.0,0.08755634742933824,0.27106856810241187
FOXF1,-0.4256,8.0911,8.5167,6753.0,0.08755634742933824,0.27106856810241187
TNXB,-0.4597,11.4343,11.8941,6754.0,0.08785377084757104,0.2716291201967064
ITGA8,-0.2948,9.4661,9.7609,6754.0,0.08785377084757104,0.2716291201967064
L3MBTL4,0.3317,7.9244,7.5927,8886.0,0.08785377084757104,0.2716291201967064
CST1,-0.5703,7.3147,7.885,6754.5,0.08799684664110177,0.2719514196944553
CPT1A,-0.1142,11.5366,11.6508,6755.0,0.08815200858689842,0.27207074311769486
HLA-B,0.2599,14.9271,14.6672,8885.0,0.08815200858689842,0.27207074311769486
MLEC,0.094,10.907,10.8129,8885.0,0.08815200858689842,0.27207074311769486
KRT1,-0.74,5.1792,5.9192,6756.0,0.08844904027969419,0.2725133251001202
PELP1,0.1344,10.5227,10.3883,8884.0,0.08845106210946356,0.2725133251001202
LRRC58,0.1201,10.1367,10.0167,8884.0,0.08845106210946356,0.2725133251001202
TMEM168,-0.1178,10.1744,10.2922,6756.0,0.08845106210946356,0.2725133251001202
S1PR1,-0.2857,7.8372,8.1228,6757.0,0.08875093287721662,0.27307679390999473
PPP1R13L,-0.2352,8.892,9.1272,6757.0,0.08875093287721662,0.27307679390999473
EMP2,0.2016,10.6047,10.4031,8883.0,0.08875093287721662,0.27307679390999473
BIN1,-0.2717,9.3425,9.6142,6758.0,0.0890516223519032,0.2736412950111356
EPHB4,-0.202,10.3818,10.5838,6758.0,0.0890516223519032,0.2736412950111356
IMPDH1,-0.1663,10.625,10.7914,6758.0,0.0890516223519032,0.2736412950111356
RYR3,-0.4363,7.0314,7.4677,6759.0,0.08935313199505195,0.2743270422452208
CCNH,-0.1419,9.9543,10.0962,6759.0,0.08935313199505195,0.2743270422452208
ARHGEF12,-0.111,14.1392,14.2502,6760.0,0.08965546326796317,0.275134622815752
NOS1AP,0.2914,8.6492,8.3578,8878.0,0.09026259654706027,0.27615070494498173
ST3GAL4,0.272,11.1075,10.8354,8878.0,0.09026259654706027,0.27615070494498173
PSMB6,0.1103,9.5017,9.3913,8878.0,0.09026259654706027,0.27615070494498173
SHMT1,0.1696,9.9704,9.8008,8878.0,0.09026259654706027,0.27615070494498173
EPSTI1,0.3329,10.5845,10.2516,8878.0,0.09026259654706027,0.27615070494498173
EIF2D,-0.1016,10.6937,10.7953,6762.0,0.09026259654706027,0.27615070494498173
TMEM45A,-0.4583,10.0347,10.493,6762.0,0.09026259654706027,0.27615070494498173
ADCK3,0.1106,11.2619,11.1513,8877.0,0.09056740147459719,0.2767205552035794
EHBP1,-0.1236,11.4601,11.5836,6763.0,0.09056740147459719,0.2767205552035794
ZNF337,-0.1107,10.2696,10.3803,6763.0,0.09056740147459719,0.2767205552035794
TMEM50B,0.106,9.8013,9.6953,8876.0,0.09087303387457447,0.2775010886286043
ONECUT2,0.5904,6.1296,5.5391,8875.0,0.0911734421912093,0.2775010886286043
PA2G4,0.1246,12.146,12.0213,8875.0,0.09117949520697108,0.2775010886286043
RASGRP3,-0.2083,9.1938,9.4021,6765.0,0.09117949520697108,0.2775010886286043
FMO3,-0.4579,5.887,6.345,6765.0,0.09117949520697108,0.2775010886286043
WNT5A,-0.272,8.4981,8.7701,6765.0,0.09117949520697108,0.2775010886286043
NOTCH2,-0.1568,14.2183,14.375,6765.0,0.09117949520697108,0.2775010886286043
TLE3,-0.1194,10.4322,10.5517,6765.0,0.09117949520697108,0.2775010886286043
ZNF704,0.2428,10.2861,10.0433,8875.0,0.09117949520697108,0.2775010886286043
CRISP3,0.5858,4.9387,4.3529,8873.5,0.09139999540558826,0.27805133267825133
KIF1A,0.9877,5.2916,4.3039,8874.0,0.09145117649954917,0.27807377121573496
TLN2,-0.1911,10.248,10.4392,6766.0,0.09148678693146556,0.27807377121573496
GPC4,-0.2584,8.8786,9.1369,6767.0,0.0917949105074244,0.27876832536144536
CPNE1,0.1328,12.2235,12.0906,8873.0,0.0917949105074244,0.27876832536144536
LETMD1,-0.0704,9.6144,9.6848,6768.0,0.09210386739388919,0.27934317165846945
WDR55,-0.1108,9.2515,9.3622,6768.0,0.09210386739388919,0.27934317165846945
FAM127A,-0.082,9.2906,9.3726,6768.0,0.09210386739388919,0.27934317165846945
SRPK1,0.162,12.1383,11.9763,8871.0,0.09241365904956533,0.27979803472723996
UCP2,0.2473,11.2408,10.9935,8871.0,0.09241365904956533,0.27979803472723996
CLPB,0.1,9.8966,9.7966,8871.0,0.09241365904956533,0.27979803472723996
CCT7,0.1278,12.3866,12.2588,8871.0,0.09241365904956533,0.27979803472723996
ROR2,-0.3507,8.4163,8.767,6770.0,0.09272428693280943,0.2803748624311159
RAB10,0.1282,11.8126,11.6844,8870.0,0.09272428693280943,0.2803748624311159
ARHGAP18,-0.1679,10.8563,11.0242,6770.0,0.09272428693280943,0.2803748624311159
IRF2BP2,-0.1695,10.8585,11.0281,6771.0,0.09303575250161715,0.2807106310938496
FAM126A,-0.1447,10.5603,10.705,6771.0,0.09303575250161715,0.2807106310938496
HR,-0.3788,8.2705,8.6493,6771.0,0.09303575250161715,0.2807106310938496
SCARNA5,-0.1336,14.083,14.2166,6771.0,0.09303575250161715,0.2807106310938496
IGFBP2,-0.3228,7.5622,7.885,6771.0,0.09303575250161715,0.2807106310938496
PSMD14,0.1174,11.3285,11.2112,8868.0,0.09334805721361103,0.2812893479633899
USP11,-0.0878,11.4523,11.5401,6772.0,0.09334805721361103,0.2812893479633899
BEND7,0.3266,7.8884,7.5618,8868.0,0.09334805721361103,0.2812893479633899
TRAF4,0.17,11.0061,10.8361,8867.0,0.09366120252602829,0.28174802460901033
ABCA2,-0.1927,10.6107,10.8034,6773.0,0.09366120252602829,0.28174802460901033
HIST1H1D,0.1828,10.6115,10.4286,8867.0,0.09366120252602829,0.28174802460901033
CDK14,-0.279,10.3241,10.6031,6773.0,0.09366120252602829,0.28174802460901033
LTBR,-0.1396,11.5142,11.6538,6774.0,0.09397518989570859,0.28257116996120535
DNAH17,-0.5486,4.9797,5.5283,6774.5,0.09413246251043131,0.28292259011182425
CCT4,0.115,12.3382,12.2232,8865.0,0.09429002077908157,0.28303172546759886
ABCG2,-0.0847,8.0571,8.1418,6775.0,0.09429002077908157,0.28303172546759886
DNAJC19,0.108,10.2629,10.1549,8865.0,0.09429002077908157,0.28303172546759886
FCGR3A,0.4477,10.1197,9.672,8864.0,0.09460569663215466,0.28361459482661777
SLIT2,-0.3721,9.7533,10.1253,6776.0,0.09460569663215466,0.28361459482661777
ZNF469,-0.3319,11.3338,11.6657,6776.0,0.09460569663215466,0.28361459482661777
MTMR11,-0.1669,8.4999,8.6668,6777.0,0.09492221891050064,0.28444171973908255
FNBP1L,0.134,11.8134,11.6794,8862.0,0.09523958906924536,0.2846619045035959
PLXNA2,-0.2611,11.3904,11.6515,6778.0,0.09523958906924536,0.2846619045035959
FH,0.0984,11.4999,11.4015,8862.0,0.09523958906924536,0.2846619045035959
RBMX2,0.1173,9.3966,9.2792,8862.0,0.09523958906924536,0.2846619045035959
KITLG,-0.2312,8.5037,8.7349,6778.0,0.09523958906924536,0.2846619045035959
CNTN4,-0.2906,8.413,8.7036,6778.0,0.09523958906924536,0.2846619045035959
LRP4,-0.331,9.9675,10.2985,6779.0,0.09555780856305532,0.2852477976841758
SFRP2,-0.627,8.9788,9.6058,6779.0,0.09555780856305532,0.2852477976841758
COL6A3,-0.3267,15.3503,15.677,6779.0,0.09555780856305532,0.2852477976841758
CYP2C19,-0.6286,4.6006,5.2292,6780.0,0.09583395696839524,0.285470145646009
PLCD3,-0.3745,9.7731,10.1476,6780.0,0.09587687884612496,0.285470145646009
COX7B,0.1476,11.827,11.6794,8860.0,0.09587687884612496,0.285470145646009
ELP3,-0.0741,11.0545,11.1286,6780.0,0.09587687884612496,0.285470145646009
SHROOM2,-0.2273,8.6653,8.8926,6780.0,0.09587687884612496,0.285470145646009
MFSD12,-0.1626,8.926,9.0885,6780.0,0.09587687884612496,0.285470145646009
RBBP7,0.1324,12.0324,11.9,8859.0,0.09619680137216453,0.28617935429450647
SH2B1,-0.0784,10.0349,10.1134,6781.0,0.09619680137216453,0.28617935429450647
CD209,-0.3006,8.9658,9.2664,6782.0,0.09651757759438753,0.2866465631439762
LYPD6B,0.4335,8.9347,8.5013,8858.0,0.09651757759438753,0.2866465631439762
TMEM79,0.235,8.5726,8.3376,8858.0,0.09651757759438753,0.2866465631439762
OTUD6B,0.1203,9.7295,9.6092,8858.0,0.09651757759438753,0.2866465631439762
CPEB4,-0.1338,10.3595,10.4933,6783.0,0.09683920896549802,0.286993220645528
QKI,-0.0952,11.8484,11.9437,6783.0,0.09683920896549802,0.286993220645528
PVRL1,-0.3729,12.3172,12.6901,6783.0,0.09683920896549802,0.286993220645528
CFAP97,-0.0907,10.6973,10.788,6783.0,0.09683920896549802,0.286993220645528
NFIL3,-0.2293,9.0621,9.2914,6783.0,0.09683920896549802,0.286993220645528
C3,-0.3982,14.5999,14.998,6784.0,0.09716169693767802,0.2875838392453758
STK25,-0.1049,10.107,10.2119,6784.0,0.09716169693767802,0.2875838392453758
LRRK1,-0.1969,10.3668,10.5637,6784.0,0.09716169693767802,0.2875838392453758
MORC4,0.1518,10.4603,10.3085,8855.0,0.09748504296257532,0.2881754984664056
ATAT1,0.1054,9.6748,9.5693,8855.0,0.09748504296257532,0.2881754984664056
PRF1,0.3072,7.9369,7.6297,8855.0,0.09748504296257532,0.2881754984664056
POLG2,0.0815,9.7944,9.7128,8854.0,0.09780924849129037,0.288403438814529
DOPEY1,-0.0836,11.7334,11.817,6786.0,0.09780924849129037,0.288403438814529
DNTTIP1,0.1103,9.1542,9.0439,8854.0,0.09780924849129037,0.288403438814529
CSE1L,0.1584,13.2793,13.1209,8854.0,0.09780924849129037,0.288403438814529
SET,0.1633,13.3022,13.1389,8854.0,0.09780924849129037,0.288403438814529
DPY19L3,0.1514,10.6185,10.4671,8854.0,0.09780924849129037,0.288403438814529
PAICS,0.1323,11.1404,11.0081,8853.0,0.09813431497436412,0.2892401547834478
SMOC1,-0.5044,6.3927,6.897,6788.0,0.09846024386176475,0.2897130620856884
CFLAR,-0.1192,11.9818,12.101,6788.0,0.09846024386176475,0.2897130620856884
TDP2,0.0859,10.7098,10.6239,8852.0,0.09846024386176475,0.2897130620856884
MATN2,-0.3288,10.1003,10.4291,6788.0,0.09846024386176475,0.2897130620856884
PRLR,0.5955,7.0741,6.4786,8851.0,0.09878703660287565,0.28982221086298204
NEDD4,-0.1527,11.0942,11.247,6789.0,0.09878703660287565,0.28982221086298204
ARNTL2,0.2385,10.6032,10.3646,8851.0,0.09878703660287565,0.28982221086298204
RPS12,-0.1581,12.4932,12.6514,6789.0,0.09878703660287565,0.28982221086298204
CASP3,0.1239,9.5445,9.4205,8851.0,0.09878703660287565,0.28982221086298204
AFAP1,-0.2322,9.8759,10.1081,6789.0,0.09878703660287565,0.28982221086298204
PXK,-0.1211,9.9031,10.0242,6789.0,0.09878703660287565,0.28982221086298204
OAS3,0.1885,11.5601,11.3716,8850.0,0.09911469464648225,0.29054006136848687
NEDD1,0.0909,10.6924,10.6016,8850.0,0.09911469464648225,0.29054006136848687
PIGU,0.1537,10.1685,10.0148,8849.0,0.09944321944075929,0.2911374856787781
FBXO32,-0.2323,9.7328,9.9651,6791.0,0.09944321944075929,0.2911374856787781
ZNF615,-0.2115,10.0193,10.2308,6791.0,0.09944321944075929,0.2911374856787781
PXDC1,-0.1887,8.6416,8.8303,6792.0,0.09977261243325836,0.29137097784408184
CRKL,-0.1319,10.9226,11.0545,6792.0,0.09977261243325836,0.29137097784408184
ZCCHC14,-0.1177,9.8969,10.0146,6792.0,0.09977261243325836,0.29137097784408184
VCAN,-0.2697,15.5763,15.846,6792.0,0.09977261243325836,0.29137097784408184
INF2,-0.141,12.5746,12.7155,6792.0,0.09977261243325836,0.29137097784408184
C4B,-0.4627,6.7365,7.1991,6792.0,0.09977261243325836,0.29137097784408184
NSUN2,0.1016,12.2443,12.1427,8847.0,0.10010287507089467,0.2922136032186225
RHOU,0.2531,11.278,11.0249,8846.0,0.10043400879993451,0.2929360115060148
PARP8,-0.1697,11.5288,11.6984,6794.0,0.10043400879993451,0.2929360115060148
COBL,-0.4592,5.9736,6.4328,6794.5,0.10059986419682276,0.29329760573286834
PAX8,-0.9347,4.1069,5.0416,6795.0,0.10075752070191368,0.29353366882306875
GDA,-0.4585,6.4181,6.8765,6795.0,0.10076466369422493,0.29353366882306875
UAP1,0.2038,10.8912,10.6873,8844.0,0.10109889531396785,0.2940180913138359
RANBP17,0.2896,9.1134,8.8238,8844.0,0.10109889531396785,0.2940180913138359
MVK,0.1624,10.4802,10.3179,8844.0,0.10109889531396785,0.2940180913138359
GNL3,0.1462,12.7141,12.5678,8844.0,0.10109889531396785,0.2940180913138359
PITX1,-0.3805,8.884,9.2645,6797.0,0.10143265098813287,0.2942555322576199
GPRC5C,-0.4542,8.3149,8.7691,6797.0,0.10143265098813287,0.2942555322576199
POMP,0.1193,12.5702,12.4508,8843.0,0.10143265098813287,0.2942555322576199
FBXO4,0.1173,9.491,9.3736,8843.0,0.10143265098813287,0.2942555322576199
FANCL,0.1715,11.3503,11.1788,8843.0,0.10143265098813287,0.2942555322576199
MYOM1,-0.2445,8.5088,8.7533,6797.0,0.10143265098813287,0.2942555322576199
BZW2,0.2155,11.2838,11.0683,8842.0,0.10176728353201887,0.29485986204994963
CCDC171,0.1762,9.1689,8.9928,8842.0,0.10176728353201887,0.29485986204994963
RAB27A,-0.1812,9.6877,9.8689,6798.0,0.10176728353201887,0.29485986204994963
FAM20B,0.1479,10.3633,10.2154,8841.0,0.1021027943884537,0.2955873787111787
POP1,0.1946,10.4595,10.2648,8841.0,0.1021027943884537,0.2955873787111787
ARPC1A,0.1128,12.3643,12.2515,8840.0,0.1024391849995384,0.2964386828726312
SFRP1,-0.5657,6.069,6.6347,6801.0,0.10277630083484975,0.2970464411955684
CYP1B1,-0.4395,9.7404,10.1799,6801.0,0.10277645680663461,0.2970464411955684
ZNF226,0.1057,10.7018,10.5961,8839.0,0.10277645680663461,0.2970464411955684
CYP2C9,-0.7499,5.1067,5.8566,6801.5,0.10293426246817525,0.2973798020068611
PRSS1,-0.945,3.8935,4.8384,6805.0,0.10298533834001494,0.29740466985365965
TIAM1,0.1401,11.53,11.3899,8838.0,0.10311461125035136,0.29765524426471995
NRG1,-0.523,7.0155,7.5385,6803.0,0.10345364977053186,0.2982650923602448
DAAM1,-0.142,11.2895,11.4315,6803.0,0.10345364977053186,0.2982650923602448
CXCL1,-0.4244,6.9538,7.3782,6803.0,0.10345364977053186,0.2982650923602448
PODXL,-0.2599,10.4102,10.6701,6804.0,0.1037935738062404,0.2989989293974091
PRUNE2,-0.437,8.7239,9.1609,6804.0,0.1037935738062404,0.2989989293974091
PRG4,-0.775,6.7589,7.5339,6805.0,0.10413422780705232,0.29936498223507124
TCF21,-0.4976,7.0453,7.5428,6805.0,0.10413422780705232,0.29936498223507124
UBE2D1,0.1005,9.879,9.7785,8835.0,0.10413438479574946,0.29936498223507124
AQP1,-0.3107,9.6957,10.0064,6805.0,0.10413438479574946,0.29936498223507124
COL5A3,-0.3298,8.6551,8.9849,6805.0,0.10413438479574946,0.29936498223507124
MUC20,0.3572,11.07,10.7129,8834.0,0.10447608417652635,0.2999778669488372
BRPF3,0.1489,10.8425,10.6936,8834.0,0.10447608417652635,0.2999778669488372
LRRC59,0.1289,10.4446,10.3157,8834.0,0.10447608417652635,0.2999778669488372
PDE4DIP,0.104,9.8505,9.7465,8833.0,0.10481867338522007,0.30046875551236024
STT3B,0.1379,13.3677,13.2297,8833.0,0.10481867338522007,0.30046875551236024
CTSO,-0.1878,8.996,9.1839,6807.0,0.10481867338522007,0.30046875551236024
ARRDC3,-0.1156,11.4609,11.5765,6807.0,0.10481867338522007,0.30046875551236024
PFDN4,0.1577,9.6606,9.5029,8832.0,0.10516215385764824,0.30096058989174934
CYP7B1,-0.2682,8.856,9.1243,6808.0,0.10516215385764824,0.30096058989174934
CCDC18,0.1264,10.0698,9.9433,8832.0,0.10516215385764824,0.30096058989174934
CAMTA2,-0.0855,10.5983,10.6837,6808.0,0.10516215385764824,0.30096058989174934
PRKD2,-0.1286,11.1024,11.231,6809.0,0.10550652702878353,0.3015764117479882
LIX1L,-0.1618,8.7959,8.9577,6809.0,0.10550652702878353,0.3015764117479882
RPS15,-0.1164,10.4237,10.5401,6809.0,0.10550652702878353,0.3015764117479882
MUC15,0.7201,6.2655,5.5454,8830.0,0.10577171298413185,0.30194709397644987
IL1R1,-0.2632,11.7565,12.0197,6810.0,0.10585179433274088,0.30194709397644987
ITGAX,-0.2442,10.7011,10.9453,6810.0,0.10585179433274088,0.30194709397644987
LGALS8,-0.1237,11.1384,11.262,6810.0,0.10585179433274088,0.30194709397644987
PNPLA2,0.1508,11.4965,11.3457,8830.0,0.10585179433274088,0.30194709397644987
GLT8D2,-0.3043,7.4753,7.7796,6811.0,0.10619795720276372,0.30268795046436886
MAP1B,-0.2567,12.1731,12.4298,6811.0,0.10619795720276372,0.30268795046436886
TFB1M,-0.1042,9.9016,10.0058,6812.0,0.10654501707121114,0.30330681079255756
TAF1D,-0.1154,10.2826,10.3979,6812.0,0.10654501707121114,0.30330681079255756
ALG6,0.0969,10.8135,10.7167,8828.0,0.10654501707121114,0.30330681079255756
SPTAN1,-0.0416,15.1645,15.2061,6813.0,0.10689297536954401,0.30355697749915517
UHRF1BP1L,0.1364,11.0945,10.9581,8827.0,0.10689297536954401,0.30355697749915517
ERH,0.1011,10.4959,10.3948,8827.0,0.10689297536954401,0.30355697749915517
IFIT5,0.1715,10.0436,9.8721,8827.0,0.10689297536954401,0.30355697749915517
PCDHGA9,-0.2101,8.5702,8.7802,6813.0,0.10689297536954401,0.30355697749915517
PTDSS1,0.1034,11.7512,11.6478,8827.0,0.10689297536954401,0.30355697749915517
SLC36A1,-0.146,9.6108,9.7567,6814.0,0.10724183352831225,0.30405447781326744
TXNRD1,0.2132,12.1348,11.9216,8826.0,0.10724183352831225,0.30405447781326744
TLL1,-0.2791,7.6169,7.896,6814.0,0.10724183352831225,0.30405447781326744
PRDX4,0.2143,10.8084,10.5941,8826.0,0.10724183352831225,0.30405447781326744
PDGFRA,-0.2151,11.9796,12.1947,6815.0,0.10759159297714095,0.30479932266137466
KIAA1147,-0.1112,9.0451,9.1563,6815.0,0.10759159297714095,0.30479932266137466
TTC8,0.1336,11.0303,10.8967,8824.0,0.1079422551447171,0.3055455185038213
CDC42SE1,0.1256,11.4347,11.3092,8824.0,0.1079422551447171,0.3055455185038213
GPR56,-0.2594,13.1835,13.4429,6817.0,0.1082938214587763,0.3064168208791153
CFL1,0.1162,12.6415,12.5253,8822.0,0.10864629334608902,0.30691810903697514
RIPK2,0.1425,10.1007,9.9582,8822.0,0.10864629334608902,0.30691810903697514
TFRC,0.2995,13.6458,13.3464,8822.0,0.10864629334608902,0.30691810903697514
HECTD2,-0.132,9.0064,9.1384,6818.0,0.10864629334608902,0.30691810903697514
USP12,-0.0788,9.7904,9.8692,6819.0,0.10899967223244765,0.307172919373775
DMXL1,-0.1,12.8092,12.9092,6819.0,0.10899967223244765,0.307172919373775
EIF3H,-0.0917,12.4953,12.587,6819.0,0.10899967223244765,0.307172919373775
MLXIP,-0.1198,11.3356,11.4554,6819.0,0.10899967223244765,0.307172919373775
FAT1,-0.2133,14.913,15.1263,6819.0,0.10899967223244765,0.307172919373775
REEP3,-0.0976,11.298,11.3956,6819.0,0.10899967223244765,0.307172919373775
SLC6A11,0.6312,7.0188,6.3875,8820.0,0.10934913612028369,0.3077997502721836
RSAD2,0.3594,8.2044,7.845,8820.0,0.10935395954265212,0.3077997502721836
ZNF160,-0.0933,11.3723,11.4656,6820.0,0.10935395954265212,0.3077997502721836
RPN2,0.152,15.2934,15.1414,8819.0,0.1097091567004972,0.30842762921460537
ZNF521,-0.2932,8.8,9.0932,6821.0,0.1097091567004972,0.30842762921460537
LGALS1,-0.2728,10.0462,10.319,6821.0,0.1097091567004972,0.30842762921460537
PLCB2,-0.2794,9.7266,10.006,6822.0,0.11006526512875853,0.30893268605077995
DCXR,0.1198,10.8031,10.6833,8818.0,0.11006526512875853,0.30893268605077995
SCAMP1,-0.08,10.7583,10.8383,6822.0,0.11006526512875853,0.30893268605077995
CXCL12,-0.3307,9.2726,9.6033,6822.0,0.11006526512875853,0.30893268605077995
GOLPH3,0.1168,11.4915,11.3747,8817.0,0.11042228624917906,0.30956255828783064
TUBB4B,0.1732,13.5195,13.3463,8817.0,0.11042228624917906,0.30956255828783064
KDELC2,-0.217,9.9031,10.12,6823.0,0.11042228624917906,0.30956255828783064
ORMDL2,0.1269,9.3954,9.2685,8816.0,0.11078022148245571,0.3101934790250449
RPL28,-0.1262,12.2657,12.3918,6824.0,0.11078022148245571,0.3101934790250449
PTMS,-0.1586,11.5095,11.668,6824.0,0.11078022148245571,0.3101934790250449
PTPRD,-0.4392,8.2748,8.714,6825.0,0.11113907224822517,0.3107013664488307
TMEM176A,-0.2747,8.5472,8.8219,6825.0,0.11113907224822517,0.3107013664488307
OXSR1,0.1044,11.5095,11.4051,8815.0,0.11113907224822517,0.3107013664488307
CLDND1,-0.1269,11.2356,11.3624,6825.0,0.11113907224822517,0.3107013664488307
GALNT1,0.1889,13.1325,12.9435,8814.0,0.11149883996505087,0.31083852558728153
IRF3,-0.1297,9.3848,9.5145,6826.0,0.11149883996505087,0.31083852558728153
MYO5A,-0.0816,12.5889,12.6704,6826.0,0.11149883996505087,0.31083852558728153
CAPRIN2,-0.163,11.0394,11.2024,6826.0,0.11149883996505087,0.31083852558728153
LRRFIP1,-0.1541,12.9865,13.1407,6826.0,0.11149883996505087,0.31083852558728153
JADE3,0.1266,10.0965,9.9699,8814.0,0.11149883996505087,0.31083852558728153
STON2,-0.3015,10.1231,10.4246,6826.0,0.11149883996505087,0.31083852558728153
KCNJ2,-0.2024,8.3134,8.5158,6827.0,0.11185952605040905,0.3115959669574441
PARP14,0.1867,14.181,13.9943,8813.0,0.11185952605040905,0.3115959669574441
CD274,0.3025,7.4347,7.1323,8812.0,0.11222113192067495,0.31198276571674743
PUS1,0.1113,9.7176,9.6064,8812.0,0.11222113192067495,0.31198276571674743
HACL1,0.1152,10.0758,9.9606,8812.0,0.11222113192067495,0.31198276571674743
C3orf58,0.1773,9.6427,9.4654,8812.0,0.11222113192067495,0.31198276571674743
RBP1,-0.2835,8.6244,8.908,6828.0,0.11222113192067495,0.31198276571674743
CAPN8,-0.6928,6.3953,7.0881,6829.0,0.11258325140029336,0.3128652815699422
SLFN13,0.2256,9.6193,9.3937,8810.0,0.1129471086758439,0.31314929406560743
ZNF841,-0.211,11.8321,12.0431,6830.0,0.1129471086758439,0.31314929406560743
LMBR1L,-0.1181,10.1248,10.2429,6830.0,0.1129471086758439,0.31314929406560743
NMI,0.1209,10.1024,9.9815,8810.0,0.1129471086758439,0.31314929406560743
GXYLT2,-0.3353,7.96,8.2952,6830.0,0.1129471086758439,0.31314929406560743
CCND2,-0.3023,8.518,8.8203,6831.0,0.11331148238786937,0.31314929406560743
LOC101928451,-0.1128,10.8092,10.9221,6831.0,0.11331148238786937,0.31314929406560743
CLK2,0.1053,11.7638,11.6585,8809.0,0.11331148238786937,0.31314929406560743
GSTP1,-0.1703,12.0455,12.2158,6831.0,0.11331148238786937,0.31314929406560743
EPCAM,0.275,13.3592,13.0842,8809.0,0.11331148238786937,0.31314929406560743
MBD1,0.0974,11.9369,11.8395,8809.0,0.11331148238786937,0.31314929406560743
FMNL3,-0.1849,10.8678,11.0527,6831.0,0.11331148238786937,0.31314929406560743
LAMC2,-0.4074,12.0644,12.4718,6831.0,0.11331148238786937,0.31314929406560743
TRMT6,0.1175,10.7764,10.659,8809.0,0.11331148238786937,0.31314929406560743
MPPED2,-0.3661,7.0645,7.4306,6833.0,0.11404300753995898,0.3147982584952041
VAV2,-0.2644,10.8414,11.1057,6833.0,0.11404300753995898,0.3147982584952041
SAT1,-0.1589,11.6228,11.7817,6833.0,0.11404300753995898,0.3147982584952041
SLC38A2,-0.1513,13.4331,13.5843,6834.0,0.11441016180016825,0.31568729830046427
RPL29,-0.1755,9.1063,9.2818,6835.0,0.11477824572793069,0.31620458490664777
RASGRF2,-0.2413,9.1189,9.3603,6835.0,0.11477824572793069,0.31620458490664777
RAVER2,-0.2801,8.5844,8.8645,6835.0,0.11477824572793069,0.31620458490664777
DCN,-0.3048,13.1142,13.419,6835.0,0.11477824572793069,0.31620458490664777
CNKSR1,0.2064,11.7049,11.4985,8804.0,0.11514726073031821,0.31697180302453554
ZNF334,-0.3349,7.8188,8.1537,6836.0,0.11514726073031821,0.31697180302453554
ALDH3A1,-0.5612,5.2427,5.8039,6837.0,0.11550813161641535,0.31774038064292265
NTPCR,0.0971,9.4405,9.3434,8803.0,0.11551720821317736,0.31774038064292265
RAB31,-0.2204,10.439,10.6595,6838.0,0.11588808958111547,0.3183853634117504
ANK1,-0.2687,7.8287,8.0974,6838.0,0.11588808958111547,0.3183853634117504
AARS2,0.1105,10.2747,10.1642,8802.0,0.11588808958111547,0.3183853634117504
TBC1D2,-0.2212,9.5988,9.82,6840.0,0.11663265958437878,0.32030530002721747
DSG3,-0.9375,6.1131,7.0506,6841.0,0.1169874661472868,0.3207027304153601
SORBS2,-0.2827,9.4271,9.7098,6841.0,0.11700635102259677,0.3207027304153601
CLN3,0.1307,11.5006,11.3699,8799.0,0.11700635102259677,0.3207027304153601
SLC12A2,-0.1987,11.8354,12.0341,6841.0,0.11700635102259677,0.3207027304153601
SVIL,-0.2114,12.995,13.2064,6841.0,0.11700635102259677,0.3207027304153601
MDH2,0.1064,12.3066,12.2002,8798.0,0.1173809819516518,0.3207253283680911
CEP44,0.1048,9.5183,9.4135,8798.0,0.1173809819516518,0.3207253283680911
BTG1,-0.2061,8.9563,9.1624,6842.0,0.1173809819516518,0.3207253283680911
SMARCA4,0.1231,14.2533,14.1302,8798.0,0.1173809819516518,0.3207253283680911
MRPL48,0.1228,9.3378,9.2151,8798.0,0.1173809819516518,0.3207253283680911
ITGAM,-0.249,9.1747,9.4238,6842.0,0.1173809819516518,0.3207253283680911
MTCH2,0.1137,11.4611,11.3475,8798.0,0.1173809819516518,0.3207253283680911
C14orf119,0.0602,10.2829,10.2227,8798.0,0.1173809819516518,0.3207253283680911
TRMT44,0.0772,9.6934,9.6162,8797.0,0.11775655376974531,0.3212501542849733
DNAJB4,-0.1905,9.4662,9.6568,6843.0,0.11775655376974531,0.3212501542849733
WDR5,0.1202,10.7354,10.6152,8797.0,0.11775655376974531,0.3212501542849733
ZNF354A,-0.0948,9.8956,9.9905,6843.0,0.11775655376974531,0.3212501542849733
KIAA1407,0.1439,9.8088,9.6649,8796.0,0.11813306787375566,0.3219011184124167
CD69,-0.3695,7.173,7.5425,6844.0,0.11813306787375566,0.3219011184124167
PDE8A,-0.1021,11.3688,11.4709,6844.0,0.11813306787375566,0.3219011184124167
ATP6V1C2,0.5674,5.9445,5.3771,8795.0,0.11851010814544997,0.3225531329932152
KRR1,0.1357,11.2687,11.1331,8795.0,0.11851052565922357,0.3225531329932152
THY1,-0.2596,9.6077,9.8673,6845.0,0.11851052565922357,0.3225531329932152
OSTM1,-0.1219,10.5076,10.6295,6847.0,0.11926827784992394,0.32423748050582973
BRMS1,0.1148,9.3371,9.2223,8793.0,0.11926827784992394,0.32423748050582973
ABHD12,0.1932,12.649,12.4558,8793.0,0.11926827784992394,0.32423748050582973
CHP2,-0.6896,4.9495,5.639,6847.5,0.1193357238285127,0.32429494527399083
FBN1,-0.3051,14.3664,14.6715,6848.0,0.11964857503942425,0.32476704302367754
YWHAH,-0.086,11.207,11.293,6848.0,0.11964857503942425,0.32476704302367754
CSPG4,-0.2191,8.7753,8.9944,6848.0,0.11964857503942425,0.32476704302367754
EFEMP2,-0.2197,10.8664,11.086,6849.0,0.12002982147888923,0.32542347650664394
CPXM2,-0.3125,7.9372,8.2497,6849.0,0.12002982147888923,0.32542347650664394
MAML2,-0.1556,11.4603,11.6159,6849.0,0.12002982147888923,0.32542347650664394
NDRG2,0.1481,10.8931,10.745,8790.0,0.12041201855696078,0.3259549153283326
MYB,0.3128,8.9052,8.5924,8790.0,0.12041201855696078,0.3259549153283326
ZNF506,-0.1834,11.3374,11.5207,6850.0,0.12041201855696078,0.3259549153283326
NANS,0.1185,10.0655,9.947,8790.0,0.12041201855696078,0.3259549153283326
ZNF44,-0.1109,10.6615,10.7724,6851.0,0.12079516766085852,0.32623546437678064
MRPL24,0.1438,9.1235,8.9796,8789.0,0.12079516766085852,0.32623546437678064
PNPLA6,-0.0799,12.0009,12.0809,6851.0,0.12079516766085852,0.32623546437678064
ZNF761,0.1424,12.7229,12.5806,8789.0,0.12079516766085852,0.32623546437678064
SLIRP,0.1283,11.0765,10.9483,8789.0,0.12079516766085852,0.32623546437678064
TRPV2,-0.2229,8.2783,8.5012,6851.0,0.12079516766085852,0.32623546437678064
ENDOD1,-0.1423,9.1219,9.2641,6852.0,0.12117927017636523,0.3265172870508217
ALAS1,0.1981,11.8463,11.6482,8788.0,0.12117927017636523,0.3265172870508217
CAV1,-0.2862,10.4428,10.729,6852.0,0.12117927017636523,0.3265172870508217
WRN,-0.086,12.4282,12.5142,6852.0,0.12117927017636523,0.3265172870508217
KIF5C,0.4448,8.6264,8.1816,8788.0,0.12117927017636523,0.3265172870508217
SLC25A38,0.1123,10.9739,10.8616,8788.0,0.12117927017636523,0.3265172870508217
MARK1,-0.2144,10.2339,10.4483,6853.0,0.12156432748781319,0.3274288405373676
MAPK10,-0.2981,9.6531,9.9512,6854.0,0.12195034097806909,0.32808998765632646
ZMYND11,0.087,12.4875,12.4005,8786.0,0.12195034097806909,0.32808998765632646
NT5C3A,0.1318,11.6516,11.5198,8786.0,0.12195034097806909,0.32808998765632646
AFG3L2,0.0785,12.6722,12.5936,8785.0,0.12233731202852059,0.32850007520541785
SPIRE2,0.2684,8.0687,7.8003,8785.0,0.12233731202852059,0.32850007520541785
GSDMB,0.1965,10.5936,10.3971,8785.0,0.12233731202852059,0.32850007520541785
REL,-0.1865,11.8851,12.0716,6855.0,0.12233731202852059,0.32850007520541785
SEMA6A,-0.3687,10.2255,10.5942,6855.0,0.12233731202852059,0.32850007520541785
C1GALT1,0.1077,9.5308,9.423,8784.0,0.12272524201906147,0.329289222168386
HIST1H2AE,0.1582,10.0492,9.891,8784.0,0.12272524201906147,0.329289222168386
ZAK,-0.1985,10.308,10.5065,6857.0,0.12311413232807733,0.3298271877174926
MBNL3,0.0967,9.0625,8.9658,8783.0,0.12311413232807733,0.3298271877174926
B3GALNT2,-0.0908,11.2621,11.3529,6857.0,0.12311413232807733,0.3298271877174926
MYO1C,-0.1157,13.2687,13.3845,6857.0,0.12311413232807733,0.3298271877174926
ARHGEF4,-0.5662,6.6306,7.1969,6858.0,0.12350394178608491,0.33036608184874594
CILP,-0.4592,5.8697,6.329,6858.0,0.12350398433243137,0.33036608184874594
NUTF2,0.1178,9.2353,9.1175,8782.0,0.12350398433243137,0.33036608184874594
PI4KAP2,0.1435,8.4632,8.3197,8782.0,0.12350398433243137,0.33036608184874594
PRNP,-0.1764,12.784,12.9604,6859.0,0.12389479940745005,0.3307797484751707
RANBP9,0.1057,12.0154,11.9097,8781.0,0.12389479940745005,0.3307797484751707
ITGB8,-0.3813,10.2588,10.6402,6859.0,0.12389479940745005,0.3307797484751707
CCL4,0.3986,9.1672,8.7686,8781.0,0.12389479940745005,0.3307797484751707
CAMK1D,-0.257,9.4885,9.7455,6859.0,0.12389479940745005,0.3307797484751707
MTMR1,0.1079,10.7597,10.6519,8780.0,0.12428657892690852,0.33157291894291063
RRAGD,0.1996,8.3947,8.1952,8780.0,0.12428657892690852,0.33157291894291063
CSMD3,0.6631,5.8069,5.1438,8779.5,0.12448133635234478,0.33196603140726216
NBPF14,-0.1203,10.2903,10.4106,6861.0,0.12467932426301623,0.33224098470848656
FOXRED2,0.1456,9.212,9.0664,8779.0,0.12467932426301623,0.33224098470848656
FAP,-0.3406,10.1754,10.516,6863.0,0.1254677178661025,0.33370696096327984
COL14A1,-0.3287,12.0213,12.35,6863.0,0.1254677178661025,0.33370696096327984
ABR,-0.1397,11.3195,11.4592,6863.0,0.1254677178661025,0.33370696096327984
CD276,-0.1443,9.9479,10.0922,6863.0,0.1254677178661025,0.33370696096327984
ANXA2,-0.207,13.6856,13.8927,6863.0,0.1254677178661025,0.33370696096327984
NELL2,0.3982,9.0594,8.6611,8776.0,0.12586336886954197,0.3343782899064501
ADIRF,0.4129,10.4721,10.0593,8776.0,0.12586336886954197,0.3343782899064501
PAQR7,0.1968,8.8114,8.6146,8776.0,0.12586336886954197,0.3343782899064501
TANGO6,-0.1259,10.4827,10.6087,6865.0,0.12625999116252312,0.3347969398376181
ZNF3,0.1085,9.7043,9.5958,8775.0,0.12625999116252312,0.3347969398376181
KCNQ1,-0.2203,9.9463,10.1665,6865.0,0.12625999116252312,0.3347969398376181
PAMR1,-0.2635,7.9201,8.1835,6865.0,0.12625999116252312,0.3347969398376181
TBC1D8,-0.1031,11.1959,11.299,6865.0,0.12625999116252312,0.3347969398376181
ADK,-0.1271,12.1918,12.3189,6866.0,0.12665758610921038,0.3357241012576837
RECQL,0.0865,11.0268,10.9403,8773.0,0.1270561550721155,0.33652581466339826
MAL,0.5828,7.3734,6.7906,8773.0,0.1270561550721155,0.33652581466339826
TRIM25,0.089,10.9226,10.8336,8772.0,0.12745569941208304,0.3372014593814951
COX6A1,0.1481,9.8007,9.6526,8772.0,0.12745569941208304,0.3372014593814951
TUBA4A,-0.2737,9.7662,10.0399,6868.0,0.12745569941208304,0.3372014593814951
MPC2,0.1449,9.3733,9.2284,8771.0,0.12785622048827594,0.33736891939690894
NEK1,-0.1036,11.0276,11.1313,6869.0,0.12785622048827594,0.33736891939690894
SAMD4B,0.1035,11.2426,11.1391,8771.0,0.12785622048827594,0.33736891939690894
DGKA,-0.1833,12.1118,12.2952,6869.0,0.12785622048827594,0.33736891939690894
CYLD,-0.127,12.0631,12.1901,6869.0,0.12785622048827594,0.33736891939690894
CASP4,-0.1992,11.878,12.0771,6869.0,0.12785622048827594,0.33736891939690894
CCNK,0.0729,11.0638,10.9909,8771.0,0.12785622048827594,0.33736891939690894
MRPL37,0.0802,10.6144,10.5341,8770.0,0.12825771965816093,0.33779195591053063
RASA1,-0.0446,13.0623,13.1068,6870.0,0.12825771965816093,0.33779195591053063
PABPC3,0.2541,9.1735,8.9194,8770.0,0.12825771965816093,0.33779195591053063
RPAIN,0.1249,9.9161,9.7912,8770.0,0.12825771965816093,0.33779195591053063
UBA7,-0.2072,10.8736,11.0808,6870.0,0.12825771965816093,0.33779195591053063
PLXNA3,0.1485,11.6295,11.481,8769.0,0.12866019827749367,0.3383429848055908
ASPH,-0.1642,13.1909,13.3551,6871.0,0.12866019827749367,0.3383429848055908
GINM1,-0.1086,10.0954,10.204,6871.0,0.12866019827749367,0.3383429848055908
NCAPH2,0.1315,10.3366,10.2051,8769.0,0.12866019827749367,0.3383429848055908
KRT7,0.4485,13.8668,13.4183,8768.0,0.12906365770030448,0.33914926636969317
ARRB1,0.2401,9.8135,9.5734,8768.0,0.12906365770030448,0.33914926636969317
CACNG4,0.5673,6.3501,5.7829,8767.0,0.1294585403829254,0.3398294974700232
ZC3H13,-0.091,12.8169,12.9079,6873.0,0.1294680992788836,0.3398294974700232
TRMT10C,0.0825,9.1859,9.1034,8767.0,0.1294680992788836,0.3398294974700232
NTRK2,-0.4133,8.1944,8.6077,6874.0,0.1298735243637661,0.3405107791536705
IDO1,0.4719,8.3821,7.9103,8766.0,0.1298735243637661,0.3405107791536705
SCARB1,0.2197,10.4329,10.2131,8766.0,0.1298735243637661,0.3405107791536705
HGF,-0.2089,8.667,8.8759,6875.0,0.13027993430371787,0.34132075567861436
SEC61A2,0.1778,9.2769,9.0991,8765.0,0.13027993430371787,0.34132075567861436
STAT3,-0.0958,13.957,14.0528,6876.0,0.1306873304457206,0.3420042507890065
FBXW5,-0.1155,10.0985,10.214,6876.0,0.1306873304457206,0.3420042507890065
SNX19,-0.1131,10.956,11.0692,6876.0,0.1306873304457206,0.3420042507890065
KAT2B,0.1965,11.3396,11.1432,8763.0,0.13109571413495688,0.3429448211008977
MTMR2,-0.0476,11.6534,11.701,6878.0,0.13150508671479572,0.3432464115779778
TNNC1,0.4143,7.2471,6.8328,8762.0,0.13150508671479572,0.3432464115779778
SLC25A16,-0.0737,9.7271,9.8008,6878.0,0.13150508671479572,0.3432464115779778
MICAL1,-0.1473,10.6816,10.8289,6878.0,0.13150508671479572,0.3432464115779778
VRK2,0.118,10.728,10.61,8762.0,0.13150508671479572,0.3432464115779778
CDCA7,0.23,8.6758,8.4458,8762.0,0.13150508671479572,0.3432464115779778
SPDL1,0.1405,9.4502,9.3097,8761.0,0.13191544952677794,0.3435492350450078
INPP4A,0.1497,11.2938,11.1441,8761.0,0.13191544952677794,0.3435492350450078
ARID5B,-0.1741,12.2489,12.423,6879.0,0.13191544952677794,0.3435492350450078
TRIM8,-0.1565,10.082,10.2386,6879.0,0.13191544952677794,0.3435492350450078
SEPT11,-0.1267,11.8736,12.0003,6879.0,0.13191544952677794,0.3435492350450078
SPRR3,0.6063,9.3522,8.7459,8761.0,0.13191544952677794,0.3435492350450078
ESYT1,-0.0938,13.1024,13.1962,6880.0,0.1323268039106011,0.34410865495207554
NHP2,0.1058,9.7609,9.6551,8760.0,0.1323268039106011,0.34410865495207554
TMEM65,-0.093,8.5564,8.6495,6880.0,0.1323268039106011,0.34410865495207554
SLC38A5,-0.2702,7.4376,7.7078,6880.0,0.1323268039106011,0.34410865495207554
POLB,0.1201,10.2859,10.1657,8759.0,0.13273915120410454,0.3444135886929767
APOBEC3F,0.1393,9.0137,8.8744,8759.0,0.13273915120410454,0.3444135886929767
TMEM123,-0.1219,12.7972,12.9191,6881.0,0.13273915120410454,0.3444135886929767
MPP7,0.1758,10.8717,10.6959,8759.0,0.13273915120410454,0.3444135886929767
HSPH1,0.1441,12.7755,12.6314,8759.0,0.13273915120410454,0.3444135886929767
COL5A1,-0.2958,14.1543,14.4501,6881.0,0.13273915120410454,0.3444135886929767
INADL,-0.2246,13.1499,13.3745,6882.0,0.13315249274325544,0.34510248211732714
STXBP2,0.0674,12.1818,12.1145,8758.0,0.13315249274325544,0.34510248211732714
ICE1,0.096,12.6068,12.5108,8758.0,0.13315249274325544,0.34510248211732714
ANXA2P2,-0.1911,10.1984,10.3895,6883.0,0.13356682986213286,0.34604828321291764
DIMT1,-0.0991,9.5653,9.6644,6884.0,0.13398216389291392,0.34699596662059035
ALPL,-0.2613,7.7314,7.9927,6885.0,0.1343984961658583,0.34794553369667497
H2AFJ,0.1333,9.2992,9.1659,8754.0,0.13481582800929354,0.34876809883601134
PRKDC,0.133,14.9602,14.8271,8754.0,0.13481582800929354,0.34876809883601134
EGR2,-0.3167,9.3963,9.7129,6887.0,0.1352341607496004,0.3495920368141202
MECOM,-0.2844,11.8186,12.103,6887.0,0.1352341607496004,0.3495920368141202
KDM7A,-0.127,11.3576,11.4846,6888.0,0.1356534957111976,0.3504173480138387
FBN2,0.452,11.3427,10.8906,8752.0,0.1356534957111976,0.3504173480138387
TAF4,0.1133,10.047,9.9336,8751.0,0.13607383421652747,0.35124403281177363
MFHAS1,-0.1172,8.7592,8.8764,6889.0,0.13607383421652747,0.35124403281177363
ACSM3,0.3014,8.8217,8.5204,8749.0,0.13691752713817884,0.35316148896820126
CHMP7,-0.1201,10.0662,10.1863,6891.0,0.13691752713817884,0.35316148896820126
ACTB,-0.0936,18.1342,18.2277,6892.0,0.1373408841893664,0.35347233075271334
SCN2A,-0.4286,7.5752,8.0038,6892.0,0.1373408841893664,0.35347233075271334
HSPA13,0.1632,10.1729,10.0097,8748.0,0.1373408841893664,0.35347233075271334
MPZL2,-0.2845,11.0721,11.3566,6892.0,0.1373408841893664,0.35347233075271334
SLC24A1,-0.1371,11.7193,11.8564,6892.0,0.1373408841893664,0.35347233075271334
TAF1C,-0.1254,9.7088,9.8342,6892.0,0.1373408841893664,0.35347233075271334
TIMP3,-0.3194,11.9865,12.3059,6893.0,0.13776525005398807,0.3535251176724362
PPP1R9A,0.3471,10.5402,10.1931,8747.0,0.13776525005398807,0.3535251176724362
GPRASP1,-0.1799,10.3305,10.5104,6893.0,0.13776525005398807,0.3535251176724362
INSR,-0.0961,12.7477,12.8439,6893.0,0.13776525005398807,0.3535251176724362
IFI16,-0.2213,12.8202,13.0415,6893.0,0.13776525005398807,0.3535251176724362
BBS4,-0.1103,11.0265,11.1368,6893.0,0.13776525005398807,0.3535251176724362
RPL10,-0.119,12.0374,12.1564,6893.0,0.13776525005398807,0.3535251176724362
USP18,0.1797,8.6351,8.4553,8747.0,0.13776525005398807,0.3535251176724362
PAGR1,0.1553,9.5137,9.3584,8746.0,0.13819062604437785,0.35435699530896303
RALGDS,-0.1083,11.6999,11.8082,6894.0,0.13819062604437785,0.35435699530896303
FERMT2,-0.2264,10.3945,10.6209,6895.0,0.138617013470803,0.3551902471042932
WDR66,-0.2151,7.8046,8.0197,6895.0,0.138617013470803,0.3551902471042932
TACC2,-0.2231,11.4056,11.6287,6896.0,0.13904441364144968,0.3557647163796391
TAS2R43,-0.6617,7.2766,7.9383,6896.0,0.13904441364144968,0.3557647163796391
RPL36,-0.1103,13.511,13.6213,6896.0,0.13904441364144968,0.3557647163796391
PPP1R37,0.1603,9.7579,9.5976,8744.0,0.13904441364144968,0.3557647163796391
TESK2,0.171,9.2473,9.0763,8743.0,0.13947282786240697,0.35634009978855746
GRIP1,0.222,9.4114,9.1893,8743.0,0.13947282786240697,0.35634009978855746
CCT6A,0.0969,12.4745,12.3775,8743.0,0.13947282786240697,0.35634009978855746
C16orf62,0.1112,12.0359,11.9246,8743.0,0.13947282786240697,0.35634009978855746
ADAM9,-0.0578,14.9243,14.9821,6898.0,0.1399022574376524,0.3563970566882065
MDK,0.1654,11.3113,11.1459,8742.0,0.1399022574376524,0.3563970566882065
RALBP1,0.2436,12.0289,11.7854,8742.0,0.1399022574376524,0.3563970566882065
PFN2,0.1492,9.8661,9.717,8742.0,0.1399022574376524,0.3563970566882065
URI1,0.1806,12.735,12.5544,8742.0,0.1399022574376524,0.3563970566882065
CCSER2,-0.114,11.4866,11.6006,6898.0,0.1399022574376524,0.3563970566882065
EPHX1,-0.1686,11.7808,11.9494,6898.0,0.1399022574376524,0.3563970566882065
KLF6,-0.2042,13.9599,14.1641,6898.0,0.1399022574376524,0.3563970566882065
SEC31B,-0.1684,8.9117,9.0801,6899.0,0.140332703669037,0.3571038967275676
ZNF528,-0.2076,9.7116,9.9192,6899.0,0.140332703669037,0.3571038967275676
PLCH2,-0.4981,9.1749,9.673,6899.0,0.140332703669037,0.3571038967275676
SLC7A1,0.1013,10.5237,10.4224,8740.0,0.14076416785626988,0.35794170933095787
PPP2R5A,-0.138,10.009,10.147,6900.0,0.14076416785626988,0.35794170933095787
MSH3,-0.1007,11.9846,12.0852,6901.0,0.1411966512969034,0.3581311658935945
ZNF180,0.134,9.3702,9.2363,8739.0,0.1411966512969034,0.3581311658935945
EBNA1BP2,0.1499,10.4438,10.2939,8739.0,0.1411966512969034,0.3581311658935945
C1orf85,0.1246,10.653,10.5284,8739.0,0.1411966512969034,0.3581311658935945
LCA5,-0.1264,9.72,9.8465,6901.0,0.1411966512969034,0.3581311658935945
HDAC4,-0.0887,9.9012,9.9899,6901.0,0.1411966512969034,0.3581311658935945
MYLIP,0.2069,10.4935,10.2866,8739.0,0.1411966512969034,0.3581311658935945
PAM,-0.2337,12.4445,12.6782,6902.0,0.14163015528631778,0.35871102259315857
ARFGAP3,-0.0822,10.8194,10.9016,6902.0,0.14163015528631778,0.35871102259315857
GABPB2,0.1705,9.8157,9.6453,8738.0,0.14163015528631778,0.35871102259315857
ANGPTL4,-0.2566,8.5562,8.8128,6902.0,0.14163015528631778,0.35871102259315857
E2F3,0.2194,9.7344,9.515,8737.0,0.1420646811177063,0.3592917883233287
DPY30,0.0979,10.1799,10.082,8737.0,0.1420646811177063,0.3592917883233287
OBSL1,-0.177,10.5773,10.7543,6903.0,0.1420646811177063,0.3592917883233287
LINC00998,0.0969,9.5085,9.4116,8737.0,0.1420646811177063,0.3592917883233287
CSRNP1,-0.2301,8.984,9.2141,6904.0,0.14250023008206011,0.3598734624106264
HIST1H2BG,0.1158,10.4911,10.3753,8736.0,0.14250023008206011,0.3598734624106264
POLR2A,0.0836,14.9367,14.8532,8736.0,0.14250023008206011,0.3598734624106264
KCNJ15,-0.417,9.0266,9.4436,6904.0,0.14250023008206011,0.3598734624106264
RPS4X,-0.1206,14.8112,14.9318,6905.0,0.14293680346815293,0.36058589145802417
GALNS,-0.1334,10.704,10.8374,6905.0,0.14293680346815293,0.36058589145802417
WDR81,-0.1274,9.5824,9.7098,6905.0,0.14293680346815293,0.36058589145802417
ZNF461,0.0709,9.1013,9.0304,8734.0,0.1433744025625259,0.3614294244583761
RFTN1,-0.2078,10.0924,10.3002,6906.0,0.1433744025625259,0.3614294244583761
RPL34,-0.1178,13.4965,13.6143,6907.0,0.1438130286494728,0.36188380870724324
HSD17B2,-0.5085,7.7829,8.2914,6907.0,0.1438130286494728,0.36188380870724324
FYCO1,-0.1451,12.6122,12.7573,6907.0,0.1438130286494728,0.36188380870724324
CST3,-0.1964,12.1279,12.3243,6907.0,0.1438130286494728,0.36188380870724324
EPN3,0.2841,9.4839,9.1999,8733.0,0.1438130286494728,0.36188380870724324
SEMA3E,0.4022,8.5884,8.1862,8731.0,0.144693321387045,0.36344607194738654
GALNT14,-0.5083,7.7567,8.265,6909.0,0.14469336692693327,0.36344607194738654
FANCM,0.0857,10.7386,10.6529,8731.0,0.14469336692693327,0.36344607194738654
LOC283922,-0.051,9.691,9.742,6909.0,0.14469336692693327,0.36344607194738654
MFSD10,-0.1526,9.6732,9.8257,6909.0,0.14469336692693327,0.36344607194738654
CEP135,0.1006,10.5275,10.4269,8730.0,0.14513508167465916,0.3644248752124913
SAV1,-0.1185,9.445,9.5635,6911.0,0.14557782852935325,0.3646894886494981
NET1,0.1569,13.0597,12.9028,8729.0,0.14557782852935325,0.3646894886494981
CERK,-0.1173,9.4232,9.5405,6911.0,0.14557782852935325,0.3646894886494981
EPHB2,-0.3017,9.7464,10.0481,6911.0,0.14557782852935325,0.3646894886494981
RECK,-0.1898,8.8972,9.087,6911.0,0.14557782852935325,0.3646894886494981
RMRP,-0.1016,16.8146,16.9163,6911.0,0.14557782852935325,0.3646894886494981
RECQL5,0.0859,10.0627,9.9768,8728.0,0.146021608763843,0.3646894886494981
MYD88,0.0744,11.5826,11.5082,8728.0,0.146021608763843,0.3646894886494981
CXorf22,0.5026,7.0517,6.5491,8728.0,0.146021608763843,0.3646894886494981
DDX39A,0.1243,9.8184,9.6941,8728.0,0.146021608763843,0.3646894886494981
EFHC1,-0.1003,11.6755,11.7759,6912.0,0.146021608763843,0.3646894886494981
LRRCC1,0.1708,9.9878,9.817,8728.0,0.146021608763843,0.3646894886494981
SDK2,-0.2748,6.7694,7.0442,6912.0,0.146021608763843,0.3646894886494981
NRAS,0.1043,10.7371,10.6328,8728.0,0.146021608763843,0.3646894886494981
CASP1,-0.2414,9.8265,10.0679,6912.0,0.146021608763843,0.3646894886494981
DUOX1,-0.465,9.9533,10.4183,6913.0,0.14646642364861695,0.3654094637731615
SPARCL1,-0.2107,11.4286,11.6394,6913.0,0.14646642364861695,0.3654094637731615
SGK1,-0.2589,10.7733,11.0322,6913.0,0.14646642364861695,0.3654094637731615
APOC1,0.2398,9.2264,8.9865,8726.0,0.14691227445180954,0.36613048326904707
TCF4,-0.1547,12.0383,12.193,6914.0,0.14691227445180954,0.36613048326904707
NDNF,-0.4347,6.7542,7.189,6914.0,0.14691227445180954,0.36613048326904707
MFAP4,-0.3226,8.1739,8.4964,6915.0,0.14735916243918595,0.3668525469468963
B3GNT3,0.3039,8.7207,8.4168,8725.0,0.14735916243918595,0.3668525469468963
ZNF185,0.2429,10.9635,10.7206,8725.0,0.14735916243918595,0.3668525469468963
SLC46A1,0.1653,9.3529,9.1876,8724.0,0.14780708887412658,0.3675756546113311
LPHN2,-0.2492,11.6625,11.9117,6916.0,0.14780708887412658,0.3675756546113311
CASP7,0.1302,9.4555,9.3253,8724.0,0.14780708887412658,0.3675756546113311
ADAMTS2,-0.2585,10.6658,10.9243,6917.0,0.14825605501761194,0.36843050152176593
SOAT1,0.1327,11.8856,11.7529,8723.0,0.14825605501761194,0.36843050152176593
MBNL2,-0.092,11.159,11.2509,6918.0,0.1487060621282072,0.3687636519418679
PREX2,-0.1683,10.1969,10.3652,6918.0,0.1487060621282072,0.3687636519418679
PCDHB4,-0.2525,7.8203,8.0728,6918.0,0.1487060621282072,0.3687636519418679
CSGALNACT1,-0.2723,10.1314,10.4036,6918.0,0.1487060621282072,0.3687636519418679
STAMBPL1,-0.1502,8.5839,8.7341,6918.0,0.1487060621282072,0.3687636519418679
NDE1,0.101,11.3467,11.2457,8722.0,0.1487060621282072,0.3687636519418679
MYBL1,0.1718,8.1876,8.0158,8721.0,0.14915711146204702,0.3696204004135581
ADCY3,-0.102,10.5544,10.6564,6919.0,0.14915711146204702,0.3696204004135581
SLC19A2,0.1635,10.2562,10.0927,8720.0,0.1496092042728203,0.36995524630033916
PSMB7,0.0987,10.461,10.3624,8720.0,0.1496092042728203,0.36995524630033916
ANAPC15,-0.113,9.462,9.575,6920.0,0.1496092042728203,0.36995524630033916
NDRG1,-0.287,13.5747,13.8617,6920.0,0.1496092042728203,0.36995524630033916
CEP170,-0.0879,10.4241,10.512,6920.0,0.1496092042728203,0.36995524630033916
TBL1XR1,0.082,12.4456,12.3637,8720.0,0.1496092042728203,0.36995524630033916
ZNF682,0.0818,9.6505,9.5687,8719.0,0.15006234181175482,0.3705523905880533
TPM4,-0.1208,13.2207,13.3415,6921.0,0.15006234181175482,0.3705523905880533
DGAT2,0.3854,9.5862,9.2009,8719.0,0.15006234181175482,0.3705523905880533
CMTM7,-0.1605,8.8864,9.0469,6921.0,0.15006234181175482,0.3705523905880533
VWDE,0.5454,8.2996,7.7543,8718.0,0.15051634027147948,0.37128116480070217
XPC,0.1174,11.5979,11.4805,8718.0,0.1505165253276015,0.37128116480070217
CYTH3,-0.1182,9.4206,9.5387,6922.0,0.1505165253276015,0.37128116480070217
TPM1,-0.2233,13.8795,14.1028,6923.0,0.15097175606661978,0.37161870219140186
SMARCA1,-0.2078,11.8218,12.0296,6923.0,0.15097175606661978,0.37161870219140186
KIFC2,-0.2032,8.2586,8.4618,6923.0,0.15097175606661978,0.37161870219140186
CERS2,0.1189,11.7924,11.6735,8717.0,0.15097175606661978,0.37161870219140186
ATP6V1B1,0.3728,7.4754,7.1026,8717.0,0.15097175606661978,0.37161870219140186
RBM12B,0.1214,11.3469,11.2255,8717.0,0.15097175606661978,0.37161870219140186
RBM15,0.1103,10.9473,10.837,8716.0,0.15142803527256174,0.37247998981866876
TJP3,0.2736,9.0305,8.7569,8716.0,0.15142803527256174,0.37247998981866876
RHPN2,0.3199,10.4162,10.0963,8715.0,0.15188536418665685,0.37347373785082794
NRCAM,0.5158,8.4121,7.8963,8714.0,0.1523437440475967,0.3742066782060048
USP53,-0.1602,11.3615,11.5217,6926.0,0.1523437440475967,0.3742066782060048
COX8A,0.09,9.883,9.793,8714.0,0.1523437440475967,0.3742066782060048
PGM2,0.1099,11.629,11.5191,8713.0,0.1528031760915195,0.3750720792740662
RBM47,0.0838,9.8372,9.7534,8713.0,0.1528031760915195,0.3750720792740662
CBR1,0.0494,8.7689,8.7194,8712.0,0.15326366155199492,0.3758072205352312
GSN,-0.1514,13.5262,13.6775,6928.0,0.15326366155199492,0.3758072205352312
EBF1,-0.207,8.6644,8.8713,6928.0,0.15326366155199492,0.3758072205352312
MYO10,-0.2899,11.9332,12.2231,6929.0,0.1537252016600081,0.3762801772894222
RPS18,-0.1178,13.1762,13.294,6929.0,0.1537252016600081,0.3762801772894222
SLC25A37,-0.1316,8.6268,8.7584,6929.0,0.1537252016600081,0.3762801772894222
ENY2,0.1064,10.7689,10.6625,8711.0,0.1537252016600081,0.3762801772894222
DCHS1,-0.2127,10.437,10.6497,6929.0,0.1537252016600081,0.3762801772894222
ARMC9,-0.1058,9.7484,9.8542,6930.0,0.15418779764394513,0.37688556610839363
FKBP10,-0.2045,10.8565,11.0609,6930.0,0.15418779764394513,0.37688556610839363
ADAMTS6,-0.2844,8.0198,8.3042,6930.0,0.15418779764394513,0.37688556610839363
CALM2,0.0996,11.849,11.7494,8710.0,0.15418779764394513,0.37688556610839363
YWHAZ,0.1493,12.0658,11.9165,8708.0,0.15511616214004356,0.3787581880985792
MXI1,-0.1018,9.2861,9.388,6932.0,0.15511616214004356,0.3787581880985792
NOP56,0.1121,12.6357,12.5236,8708.0,0.15511616214004356,0.3787581880985792
MGAM,-0.2039,8.1326,8.3365,6933.0,0.15558193309584045,0.3794985292477084
PLEKHA7,0.1392,11.176,11.0367,8707.0,0.15558193309584045,0.3794985292477084
SLC27A4,0.1163,10.1277,10.0115,8707.0,0.15558193309584045,0.3794985292477084
GTPBP2,0.1076,10.8064,10.6988,8706.0,0.15604876481480073,0.38023990953307224
QDPR,-0.0634,9.1474,9.2108,6934.0,0.15604876481480073,0.38023990953307224
COL15A1,-0.2422,11.6285,11.8707,6934.0,0.15604876481480073,0.38023990953307224
NID2,-0.2256,10.8492,11.0748,6935.0,0.15651665851208127,0.38058547206948096
IER5,-0.1549,8.5016,8.6565,6935.0,0.15651665851208127,0.38058547206948096
RASSF6,-0.2248,8.2185,8.4433,6935.0,0.15651665851208127,0.38058547206948096
DDX49,0.1117,10.2143,10.1026,8705.0,0.15651665851208127,0.38058547206948096
DIXDC1,-0.1968,9.0329,9.2297,6935.0,0.15651665851208127,0.38058547206948096
USP6NL,0.1491,11.0327,10.8836,8705.0,0.15651665851208127,0.38058547206948096
MYEOV,-0.5175,5.2239,5.7414,6936.0,0.15698298211054057,0.3808002302207229
E2F5,0.238,8.664,8.426,8704.0,0.15698561540014666,0.3808002302207229
LLGL1,0.098,9.6133,9.5153,8704.0,0.15698561540014666,0.3808002302207229
HGSNAT,-0.0772,10.7745,10.8517,6936.0,0.15698561540014666,0.3808002302207229
ZNF589,-0.1197,9.8373,9.957,6936.0,0.15698561540014666,0.3808002302207229
AGL,-0.1154,13.0339,13.1493,6936.0,0.15698561540014666,0.3808002302207229
NUP88,0.1017,10.9478,10.8461,8704.0,0.15698561540014666,0.3808002302207229
WHSC1L1,0.192,12.74,12.548,8703.0,0.15745563668875417,0.38154388364406416
ICA1,0.2664,10.9486,10.6822,8703.0,0.15745563668875417,0.38154388364406416
CYTH1,-0.1253,10.4603,10.5856,6937.0,0.15745563668875417,0.38154388364406416
TCP11L2,-0.1385,9.9166,10.0551,6938.0,0.1579267235849372,0.38162900112674786
ADSS,-0.0916,11.6349,11.7265,6938.0,0.1579267235849372,0.38162900112674786
GNB2,0.106,11.6981,11.5921,8702.0,0.1579267235849372,0.38162900112674786
PRKACB,-0.1705,10.0386,10.2091,6938.0,0.1579267235849372,0.38162900112674786
TF,-0.3287,6.29,6.6187,6938.0,0.1579267235849372,0.38162900112674786
HLA-G,0.4397,6.8292,6.3895,8702.0,0.1579267235849372,0.38162900112674786
PYGB,-0.1048,11.2875,11.3923,6938.0,0.1579267235849372,0.38162900112674786
AP1M2,0.2369,9.9666,9.7297,8702.0,0.1579267235849372,0.38162900112674786
CC2D1A,0.1099,10.3569,10.247,8701.0,0.1583988772929915,0.38224236308849746
MICALCL,-0.3134,8.2935,8.6069,6939.0,0.1583988772929915,0.38224236308849746
RDX,0.1797,12.8235,12.6438,8701.0,0.1583988772929915,0.38224236308849746
PRDX1,0.1191,12.1324,12.0133,8701.0,0.1583988772929915,0.38224236308849746
SPOCK3,-0.5929,4.6571,5.25,6940.0,0.15884564631138665,0.3824617770361816
MALAT1,-0.164,20.2098,20.3737,6940.0,0.15887209901445842,0.3824617770361816
PDIA5,0.1159,10.754,10.6381,8700.0,0.15887209901445842,0.3824617770361816
NAA10,0.1115,10.5191,10.4076,8700.0,0.15887209901445842,0.3824617770361816
B4GALT4,0.2243,10.4059,10.1816,8700.0,0.15887209901445842,0.3824617770361816
GPC3,-0.1652,8.6061,8.7713,6940.0,0.15887209901445842,0.3824617770361816
CD14,-0.2219,8.7502,8.9721,6940.0,0.15887209901445842,0.3824617770361816
SLC35E2,0.2274,8.8113,8.5839,8699.0,0.15934638994810923,0.382945356488198
CRY2,-0.0895,9.1052,9.1946,6941.0,0.15934638994810923,0.382945356488198
ADAMDEC1,0.4286,8.1634,7.7348,8699.0,0.15934638994810923,0.382945356488198
IRAK1,0.1034,11.7145,11.6111,8699.0,0.15934638994810923,0.382945356488198
SCNN1G,0.3678,9.9123,9.5445,8699.0,0.15934638994810923,0.382945356488198
PHGDH,0.1948,11.6646,11.4698,8698.0,0.15982175128993104,0.38395599460836605
COL8A2,-0.2515,7.7526,8.0041,6943.0,0.1602981842331097,0.38470465530653436
HSPB8,0.2486,10.6224,10.3738,8697.0,0.1602981842331097,0.38470465530653436
EBP,0.1084,10.0881,9.9797,8697.0,0.1602981842331097,0.38470465530653436
CNTRL,0.0795,11.9149,11.8354,8696.0,0.1607756899680155,0.38519061130551235
ZFPM2,-0.2662,8.9928,9.2589,6944.0,0.1607756899680155,0.38519061130551235
GLTP,0.2111,10.1079,9.8968,8696.0,0.1607756899680155,0.38519061130551235
PLXND1,-0.131,11.3464,11.4774,6944.0,0.1607756899680155,0.38519061130551235
TSC22D3,-0.2385,8.9032,9.1416,6944.0,0.1607756899680155,0.38519061130551235
MANSC1,0.2221,9.9025,9.6803,8695.0,0.16125426968218637,0.3859410972605438
SPATS2L,-0.0935,11.8048,11.8983,6945.0,0.16125426968218637,0.3859410972605438
HOXD10,-0.2692,7.869,8.1382,6945.0,0.16125426968218637,0.3859410972605438
TSEN2,0.1389,10.746,10.6071,8694.0,0.1617339245603142,0.38682468363930345
HSPA1A,-0.3267,10.9751,11.3018,6946.0,0.1617339245603142,0.38682468363930345
DMBT1,-0.6581,6.2645,6.9226,6946.5,0.16197367978848742,0.38726585167592265
NCEH1,0.1089,9.6296,9.5207,8693.0,0.16221465578422756,0.38770963633342853
ELTD1,-0.1816,9.5158,9.6974,6948.0,0.16269646453287656,0.38833106377768734
EIF2AK2,0.0825,11.8476,11.7651,8692.0,0.16269646453287656,0.38833106377768734
IGSF3,-0.1583,9.9686,10.127,6948.0,0.16269646453287656,0.38833106377768734
ZBTB4,-0.131,9.5769,9.7079,6948.0,0.16269646453287656,0.38833106377768734
TGM2,-0.2057,12.7146,12.9203,6949.0,0.16317935198231837,0.3889533702968603
BAHCC1,-0.1785,8.8921,9.0706,6949.0,0.16317935198231837,0.3889533702968603
SRGAP1,-0.1082,10.649,10.7572,6949.0,0.16317935198231837,0.3889533702968603
THEMIS2,-0.2079,8.4979,8.7058,6949.0,0.16317935198231837,0.3889533702968603
WDR74,0.0813,9.2801,9.1988,8690.0,0.16366331930570022,0.38970901907440275
PTPRS,-0.2442,11.2154,11.4596,6950.0,0.16366331930570022,0.38970901907440275
KIAA1462,-0.2304,10.3747,10.6051,6950.0,0.16366331930570022,0.38970901907440275
DPM1,0.0992,12.1731,12.0739,8689.0,0.16414836767324492,0.39020061738483847
HDAC2,0.1274,12.1916,12.0643,8689.0,0.16414836767324492,0.39020061738483847
ZBTB21,0.1026,9.7643,9.6618,8689.0,0.16414836767324492,0.39020061738483847
ZNF639,0.1264,9.7467,9.6203,8689.0,0.16414836767324492,0.39020061738483847
TRMT1,-0.0902,10.0458,10.136,6951.0,0.16414836767324492,0.39020061738483847
BMPR1A,-0.07,10.3014,10.3714,6952.0,0.16463449825223486,0.39056076939715473
ACACB,-0.2068,10.4862,10.6929,6952.0,0.16463449825223486,0.39056076939715473
CYP4F11,-0.5033,7.541,8.0442,6952.0,0.16463449825223486,0.39056076939715473
KIAA0754,-0.1955,11.5962,11.7917,6952.0,0.16463449825223486,0.39056076939715473
FLJ22184,0.2944,7.8891,7.5947,8688.0,0.16463449825223486,0.39056076939715473
LACTB,-0.0946,9.537,9.6316,6952.0,0.16463449825223486,0.39056076939715473
HK1,-0.1226,13.9498,14.0724,6953.0,0.16512171220699612,0.3913189003673752
SNORA80E,0.139,9.3176,9.1786,8687.0,0.16512171220699612,0.3913189003673752
SEL1L3,-0.1857,11.7573,11.943,6953.0,0.16512171220699612,0.3913189003673752
HERC2P2,-0.1361,9.9505,10.0867,6954.0,0.1656100106988838,0.39168081895450296
SIPA1L3,0.1251,11.697,11.5719,8686.0,0.1656100106988838,0.39168081895450296
RHOBTB2,-0.2525,9.4132,9.6657,6954.0,0.1656100106988838,0.39168081895450296
STYXL1,0.085,10.3233,10.2383,8686.0,0.1656100106988838,0.39168081895450296
SMAD1,-0.0803,10.7981,10.8784,6954.0,0.1656100106988838,0.39168081895450296
HSPB11,0.1133,9.354,9.2406,8686.0,0.1656100106988838,0.39168081895450296
SDHA,0.1391,13.2941,13.1551,8685.0,0.16609939488626557,0.39217601564009363
TBX3,0.2957,13.3481,13.0524,8685.0,0.16609939488626557,0.39217601564009363
PPCS,0.0902,10.4173,10.3271,8685.0,0.16609939488626557,0.39217601564009363
IL7R,-0.3739,10.0893,10.4632,6955.0,0.16609939488626557,0.39217601564009363
CD34,-0.193,9.5586,9.7516,6955.0,0.16609939488626557,0.39217601564009363
STRAP,0.091,11.8755,11.7845,8684.0,0.16658986592450653,0.39293662211832914
FLI1,-0.2631,9.0953,9.3584,6956.0,0.16658986592450653,0.39293662211832914
TNFSF10,-0.2555,10.7537,11.0092,6956.0,0.16658986592450653,0.39293662211832914
POLD1,0.1254,8.9643,8.8389,8683.0,0.16708142496595335,0.3938307704599701
CLTB,-0.1506,10.3519,10.5025,6957.0,0.16708142496595335,0.3938307704599701
GRAMD1C,0.2189,8.9887,8.7698,8682.0,0.16757407315992,0.39472628131144294
PAQR8,-0.2232,7.464,7.6872,6958.0,0.16757407315992,0.39472628131144294
SERPINB13,-0.7343,4.6083,5.3426,6959.0,0.1678719990032015,0.39529509381957634
ZNF395,-0.1182,8.589,8.7072,6959.0,0.16806781165266937,0.3953573681570855
RPS29,-0.138,12.0852,12.2231,6959.0,0.16806781165266937,0.3953573681570855
DNAJA4,0.1516,10.6546,10.503,8681.0,0.16806781165266937,0.3953573681570855
MRPL11,0.1036,9.5106,9.407,8680.0,0.16856264158740053,0.3959893254064294
IL1A,-0.4175,7.3632,7.7807,6960.0,0.16856264158740053,0.3959893254064294
SRD5A3,0.1688,10.2532,10.0844,8680.0,0.16856264158740053,0.3959893254064294
CIRBP,-0.1147,12.4533,12.568,6960.0,0.16856264158740053,0.3959893254064294
ZNF655,-0.0835,10.5902,10.6738,6961.0,0.16905856410423148,0.3963565866829371
PXN,-0.1668,11.2498,11.4166,6961.0,0.16905856410423148,0.3963565866829371
DLG5,-0.1247,12.1841,12.3088,6961.0,0.16905856410423148,0.3963565866829371
OS9,0.0541,13.5079,13.4538,8679.0,0.16905856410423148,0.3963565866829371
POMGNT1,-0.1053,11.6784,11.7837,6961.0,0.16905856410423148,0.3963565866829371
SFXN4,0.0744,9.1274,9.0531,8679.0,0.16905856410423148,0.3963565866829371
MEGF8,-0.1026,10.0872,10.1898,6962.0,0.1695555803401846,0.3969902136818163
MIPEP,0.0799,9.5352,9.4553,8678.0,0.1695555803401846,0.3969902136818163
FOS,-0.3611,12.1215,12.4826,6962.0,0.1695555803401846,0.3969902136818163
SNORD17,-0.0997,14.0557,14.1554,6962.0,0.1695555803401846,0.3969902136818163
MAN1A1,0.2248,11.8393,11.6145,8677.0,0.17005369142916993,0.3974919896790644
CDKN2C,0.2173,8.3608,8.1435,8677.0,0.17005369142916993,0.3974919896790644
THBS2,-0.2665,12.3588,12.6254,6963.0,0.17005369142916993,0.3974919896790644
NAIP,-0.174,9.3677,9.5417,6963.0,0.17005369142916993,0.3974919896790644
CMTM6,0.1101,10.1926,10.0825,8677.0,0.17005369142916993,0.3974919896790644
MMP1,-0.5624,8.9378,9.5002,6964.0,0.17055289850197064,0.3985258419116785
KIAA0586,-0.0741,11.1784,11.2524,6965.0,0.17105320268622637,0.3995615671820024
ANKRD20A5P,-0.3565,7.8397,8.1962,6966.0,0.17155455653922436,0.40033218912370966
KIAA0226L,-0.2813,7.7835,8.0648,6966.0,0.17155460510641907,0.40033218912370966
SNORA70,0.1525,10.5342,10.3818,8674.0,0.17155460510641907,0.40033218912370966
MROH2A,-0.3818,5.1256,5.5074,6967.0,0.17197099709666763,0.4008369659040723
CLDN1,-0.4262,11.3806,11.8068,6967.0,0.17205710688385567,0.4008369659040723
PLP2,-0.2178,12.2267,12.4445,6967.0,0.17205710688385567,0.4008369659040723
PTGDS,-0.366,7.1546,7.5206,6967.0,0.17205710688385567,0.4008369659040723
TDRD3,-0.0681,10.4137,10.4819,6967.0,0.17205710688385567,0.4008369659040723
S100A9,0.3969,9.8352,9.4383,8672.0,0.1725607091366539,0.40174290095877235
ZNF85,0.0565,10.079,10.0224,8672.0,0.1725607091366539,0.40174290095877235
ST6GAL1,-0.2233,9.2665,9.4898,6969.0,0.17306541297972577,0.4023828310415071
SLC39A11,0.0925,9.9801,9.8876,8671.0,0.17306541297972577,0.4023828310415071
TSEN54,0.0872,9.9866,9.8994,8671.0,0.17306541297972577,0.4023828310415071
POLR2J2,0.3149,7.2244,6.9096,8671.0,0.17306541297972577,0.4023828310415071
SMCHD1,0.082,13.5529,13.471,8670.0,0.17357121952476295,0.40289003988462546
ATG7,0.1357,11.1311,10.9953,8670.0,0.17357121952476295,0.40289003988462546
C5orf15,-0.1109,9.1471,9.2581,6970.0,0.17357121952476295,0.40289003988462546
GRAMD4,-0.1419,9.6184,9.7603,6970.0,0.17357121952476295,0.40289003988462546
N4BP1,-0.0837,11.3892,11.4729,6970.0,0.17357121952476295,0.40289003988462546
TCIRG1,-0.1704,11.4515,11.622,6971.0,0.1740781298802193,0.40366527932158136
CARF,-0.0861,9.7911,9.8772,6971.0,0.1740781298802193,0.40366527932158136
S100A8,0.4339,9.1047,8.6707,8669.0,0.1740781298802193,0.40366527932158136
LOC100093631,0.0927,8.9759,8.8831,8668.0,0.174586145151298,0.4044415396938604
CAD,0.072,12.2053,12.1333,8668.0,0.174586145151298,0.4044415396938604
CNPPD1,-0.0787,9.4477,9.5264,6972.0,0.174586145151298,0.4044415396938604
MCCC2,0.1133,12.9991,12.8858,8667.0,0.17509526643993334,0.40481748130698353
SPNS2,0.3685,8.3868,8.0183,8667.0,0.17509526643993334,0.40481748130698353
USP1,0.1694,11.4543,11.2849,8667.0,0.17509526643993334,0.40481748130698353
ACOT9,-0.1061,10.0558,10.1619,6973.0,0.17509526643993334,0.40481748130698353
GCC2,-0.1165,12.6907,12.8071,6973.0,0.17509526643993334,0.40481748130698353
ZNF567,0.1194,9.5597,9.4403,8667.0,0.17509526643993334,0.40481748130698353
SLC12A1,-0.7921,1.1161,1.9082,7047.0,0.1752299695590681,0.404995206871998
PLA2G2F,0.4754,8.0967,7.6213,8666.0,0.17560451567635738,0.4055954091022336
RALA,0.0905,10.2607,10.1702,8666.0,0.17560549484477683,0.4055954091022336
CCDC146,-0.1153,9.3472,9.4625,6975.0,0.1761168314611805,0.4066423246695177
EMC1,0.0711,11.7145,11.6433,8664.0,0.17662927738118184,0.4074225393611385
SLC25A4,0.1377,9.383,9.2453,8664.0,0.17662927738118184,0.4074225393611385
C2orf69,0.0764,9.7566,9.6802,8664.0,0.17662927738118184,0.4074225393611385
ELMO1,-0.2407,9.8911,10.1318,6977.0,0.17714283369348838,0.40847259280721077
MSTO1,0.1122,9.1404,9.0282,8662.0,0.17765750148346138,0.4093897607399408
PDZD8,-0.0555,11.3237,11.3792,6978.0,0.17765750148346138,0.4093897607399408
CLSTN2,-0.1947,7.2278,7.4225,6979.0,0.1781732818331011,0.41017340324694507
ZNF277,-0.0773,9.6282,9.7056,6979.0,0.1781732818331011,0.41017340324694507
NRP2,-0.1754,11.3852,11.5607,6979.0,0.1781732818331011,0.41017340324694507
RPS27A,-0.0727,12.2948,12.3675,6980.0,0.1786901758210303,0.4109580628159853
MMP2,-0.2999,14.0235,14.3234,6980.0,0.1786901758210303,0.4109580628159853
JPH2,-0.2303,7.32,7.5503,6980.0,0.1786901758210303,0.4109580628159853
SLC16A7,-0.2469,8.601,8.8479,6981.0,0.17920818452247977,0.41160869669102196
BRD3,0.0916,9.9735,9.8819,8659.0,0.17920818452247977,0.41160869669102196
MRPS18B,0.0888,10.1799,10.0912,8659.0,0.17920818452247977,0.41160869669102196
C7orf73,0.1042,10.0354,9.9312,8659.0,0.17920818452247977,0.41160869669102196
FBXO22,0.0686,10.4687,10.4002,8658.0,0.17972730900927059,0.4125304310035798
PDK4,-0.2703,9.7514,10.0217,6982.0,0.17972730900927059,0.4125304310035798
PLN,-0.3671,7.1063,7.4734,6983.0,0.18024755034980178,0.4131828461864687
DUSP10,-0.2338,9.0538,9.2876,6983.0,0.18024755034980178,0.4131828461864687
ADM,-0.222,7.6117,7.8337,6983.0,0.18024755034980178,0.4131828461864687
ITGB4,-0.1916,14.3723,14.5639,6983.0,0.18024755034980178,0.4131828461864687
CCL21,-0.6741,5.3372,6.0113,6984.0,0.18071255034289213,0.41397144342447495
C20orf24,0.1136,9.2707,9.1571,8656.0,0.18076890960903103,0.41397144342447495
ALS2CL,-0.2928,10.2774,10.5702,6984.0,0.18076890960903103,0.41397144342447495
TIMP2,-0.2046,10.8352,11.0398,6985.0,0.18129138784846266,0.4146256006214187
CARD11,-0.3806,10.313,10.6936,6985.0,0.18129138784846266,0.4146256006214187
APOPT1,0.0495,9.2018,9.1523,8655.0,0.18129138784846266,0.4146256006214187
SLC12A7,0.172,10.832,10.6599,8655.0,0.18129138784846266,0.4146256006214187
PABPC1,0.1938,16.9251,16.7313,8654.0,0.1818149861261289,0.41514520633885904
NUDCD1,0.102,9.7706,9.6686,8654.0,0.1818149861261289,0.41514520633885904
GPR183,-0.3086,8.5134,8.8219,6986.0,0.1818149861261289,0.41514520633885904
WSB1,-0.0547,13.0558,13.1105,6986.0,0.1818149861261289,0.41514520633885904
EGFR,-0.3707,12.7567,13.1274,6986.0,0.1818149861261289,0.41514520633885904
SH3BP2,-0.1173,11.4375,11.5548,6987.0,0.1823397054965764,0.41607199660883826
ZNF717,0.1919,10.4855,10.2936,8653.0,0.1823397054965764,0.41607199660883826
DCBLD2,-0.2533,10.3972,10.6505,6988.0,0.18286554701084967,0.41700013862487145
ZFY,0.6396,10.0998,9.4602,8652.0,0.18286554701084967,0.41700013862487145
SDR42E1,-0.5785,7.3681,7.9465,6989.0,0.18339251171647586,0.41752202846244485
ZMPSTE24,0.1384,11.5069,11.3684,8651.0,0.18339251171647586,0.41752202846244485
ERLIN2,0.2325,12.2989,12.0664,8651.0,0.18339251171647586,0.41752202846244485
GRAMD3,-0.1351,10.4375,10.5725,6989.0,0.18339251171647586,0.41752202846244485
EIF1,-0.043,11.5359,11.5789,6989.0,0.18339251171647586,0.41752202846244485
LEPRE1,-0.0975,10.7987,10.8962,6990.0,0.1839206006574492,0.4183163255615839
COX6C,0.1501,9.9409,9.7908,8650.0,0.1839206006574492,0.4183163255615839
SLC25A5,0.1157,12.0029,11.8872,8650.0,0.1839206006574492,0.4183163255615839
ZNF385A,-0.2101,8.8264,9.0365,6991.0,0.18444981487421463,0.41911163321353834
KDM6B,-0.1324,12.428,12.5604,6991.0,0.18444981487421463,0.41911163321353834
MTFR1,0.0729,10.2461,10.1732,8649.0,0.18444981487421463,0.41911163321353834
GREB1L,-0.546,6.3848,6.9308,6992.0,0.18497915932877873,0.4196359016170343
RGS2,-0.2055,9.9576,10.1631,6992.0,0.18498015540365342,0.4196359016170343
PCDH18,-0.1632,8.6677,8.8309,6992.0,0.18498015540365342,0.4196359016170343
RIMKLB,0.1678,10.6827,10.5149,8648.0,0.18498015540365342,0.4196359016170343
SIDT2,-0.1116,11.0219,11.1334,6992.0,0.18498015540365342,0.4196359016170343
SHH,-0.4727,5.3137,5.7864,6993.0,0.18534827959917866,0.420334845217956
AGBL5,0.0879,9.7248,9.6369,8647.0,0.18551162327906678,0.4204329766418462
SMARCA2,0.1484,13.1277,12.9793,8647.0,0.18551162327906678,0.4204329766418462
ZNF320,-0.2521,11.0598,11.3118,6994.0,0.1860442195301607,0.42150361351333404
CALM3,0.1019,11.015,10.9132,8645.0,0.18657794518302984,0.42203015184649806
FYTTD1,0.0889,11.4268,11.3379,8645.0,0.18657794518302984,0.42203015184649806
NF2,-0.118,12.1912,12.3092,6995.0,0.18657794518302984,0.42203015184649806
HERC5,0.2281,9.2453,9.0173,8645.0,0.18657794518302984,0.42203015184649806
AGRN,-0.1294,13.1598,13.2891,6995.0,0.18657794518302984,0.42203015184649806
IKZF2,0.1289,10.7679,10.6389,8644.0,0.18711280126014274,0.4229667357084505
SHROOM1,-0.2052,8.1279,8.3331,6996.0,0.18711280126014274,0.4229667357084505
CDK10,-0.09,9.8165,9.9064,6997.0,0.1876487887803252,0.4239046670414895
CASP8,-0.1249,11.4853,11.6102,6997.0,0.1876487887803252,0.4239046670414895
MARCO,-0.3186,5.5383,5.8569,6998.0,0.1881798998019415,0.4245702058754829
SNX25,-0.0642,10.5606,10.6249,6998.0,0.18818590875874608,0.4245702058754829
MKNK2,-0.1588,11.2562,11.415,6998.0,0.18818590875874608,0.4245702058754829
RPS6KA5,0.1197,10.1108,9.9912,8642.0,0.18818590875874608,0.4245702058754829
SPARC,-0.2394,13.9952,14.2346,6999.0,0.18872416220690047,0.4250998095641441
AMER1,-0.1074,9.2871,9.3945,6999.0,0.18872416220690047,0.4250998095641441
PFKFB2,0.0691,9.9324,9.8632,8641.0,0.18872416220690047,0.4250998095641441
ANKRD36C,-0.1834,12.4707,12.6541,6999.0,0.18872416220690047,0.4250998095641441
WDR41,-0.1252,10.3772,10.5025,6999.0,0.18872416220690047,0.4250998095641441
CLTA,0.0703,11.4718,11.4015,8640.0,0.18926355013259488,0.4256302638338349
GBP3,0.1424,12.3951,12.2527,8640.0,0.18926355013259488,0.4256302638338349
ZNF438,-0.1017,9.2818,9.3836,7000.0,0.18926355013259488,0.4256302638338349
PLXNB1,-0.144,12.013,12.1571,7000.0,0.18926355013259488,0.4256302638338349
MICALL1,-0.132,10.9615,11.0935,7000.0,0.18926355013259488,0.4256302638338349
TRIM6,0.2488,8.0201,7.7714,8639.0,0.18980407353993167,0.4265718636072341
RMND5A,0.1112,10.7697,10.6585,8639.0,0.18980407353993167,0.4265718636072341
URB2,0.0834,9.3441,9.2607,8638.0,0.19034573342929262,0.42669371677507556
CCM2,-0.0969,10.7569,10.8538,7002.0,0.19034573342929262,0.42669371677507556
KLHL2,-0.1135,10.4926,10.6061,7002.0,0.19034573342929262,0.42669371677507556
ITGA11,-0.2265,10.1812,10.4078,7002.0,0.19034573342929262,0.42669371677507556
PCDHB10,-0.2098,8.3502,8.56,7002.0,0.19034573342929262,0.42669371677507556
ZNF823,0.1767,10.499,10.3223,8638.0,0.19034573342929262,0.42669371677507556
VEPH1,0.359,6.7526,6.3936,8638.0,0.19034573342929262,0.42669371677507556
LRRC37A2,-0.1129,10.1763,10.2892,7002.0,0.19034573342929262,0.42669371677507556
MAGEA12,0.6709,4.1755,3.5046,8627.5,0.1906846694116623,0.42731671676475874
LIPC,-0.3175,6.6336,6.9511,7003.0,0.19088853079732515,0.4273632932140882
NUCKS1,0.1475,13.151,13.0036,8637.0,0.19088853079732515,0.4273632932140882
AFF1,-0.0911,13.1315,13.2226,7003.0,0.19088853079732515,0.4273632932140882
CD163L1,-0.1523,8.7414,8.8936,7004.0,0.1914324666369246,0.4283072089004418
PPIC,-0.1789,8.8697,9.0486,7004.0,0.1914324666369246,0.4283072089004418
SORD,0.1308,9.9484,9.8176,8635.0,0.19197754193722094,0.4291154568102005
SNRPD3,0.0834,11.6702,11.5868,8635.0,0.19197754193722094,0.4291154568102005
ANXA6,-0.1792,11.9058,12.0851,7005.0,0.19197754193722094,0.4291154568102005
LOXL2,-0.2295,10.1083,10.3378,7006.0,0.19252375768356145,0.4300618421237578
RNFT1,0.0795,9.4053,9.3258,8634.0,0.19252375768356145,0.4300618421237578
BSCL2,0.0871,9.2876,9.2005,8633.0,0.19307111485749606,0.4305977762251736
PDE8B,-0.2302,8.751,8.9812,7007.0,0.19307111485749606,0.4305977762251736
COL9A2,0.2625,8.5133,8.2508,8633.0,0.19307111485749606,0.4305977762251736
SMAD9,-0.1888,8.316,8.5049,7007.0,0.19307111485749606,0.4305977762251736
NOD2,-0.2418,8.7517,8.9935,7007.0,0.19307111485749606,0.4305977762251736
ING4,0.0852,9.5534,9.4682,8632.0,0.19361961443676157,0.43113455004789863
HSP90B1,0.1501,15.8445,15.6944,8632.0,0.19361961443676157,0.43113455004789863
TCF3,0.1049,9.2597,9.1548,8632.0,0.19361961443676157,0.43113455004789863
PLIN2,0.1376,10.985,10.8474,8632.0,0.19361961443676157,0.43113455004789863
ALDH9A1,0.0675,10.668,10.6005,8632.0,0.19361961443676157,0.43113455004789863
ZNF577,-0.2069,9.2565,9.4633,7009.0,0.1941692573952668,0.43167216175842965
EML2,-0.1463,10.4478,10.5941,7009.0,0.1941692573952668,0.43167216175842965
CPNE3,0.1145,12.9398,12.8253,8631.0,0.1941692573952668,0.43167216175842965
CRACR2A,-0.2221,8.8973,9.1194,7009.0,0.1941692573952668,0.43167216175842965
FOXN2,-0.1304,9.0141,9.1444,7009.0,0.1941692573952668,0.43167216175842965
BCL11A,-0.2849,7.3069,7.5918,7010.0,0.19472004470307613,0.4320736606640184
ADAM22,0.2623,9.3191,9.0568,8630.0,0.19472004470307613,0.4320736606640184
HPRT1,0.1262,10.8908,10.7645,8630.0,0.19472004470307613,0.4320736606640184
SELP,-0.3958,7.3895,7.7853,7010.0,0.19472004470307613,0.4320736606640184
LOC101928641,0.1683,10.5895,10.4212,8630.0,0.19472004470307613,0.4320736606640184
FAM20A,-0.246,9.6406,9.8865,7010.0,0.19472004470307613,0.4320736606640184
LUC7L,-0.067,10.8241,10.8911,7011.0,0.19527197732639467,0.4331611204360918
CD3EAP,0.1267,9.1505,9.0239,8628.0,0.1958250562275523,0.4337010970150376
SCPEP1,0.1228,12.4784,12.3557,8628.0,0.1958250562275523,0.4337010970150376
TYRO3,0.0741,8.8459,8.7718,8628.0,0.1958250562275523,0.4337010970150376
CD2AP,0.1353,14.0775,13.9423,8628.0,0.1958250562275523,0.4337010970150376
C20orf96,0.1904,9.2868,9.0964,8628.0,0.1958250562275523,0.4337010970150376
CD97,-0.1952,10.8121,11.0074,7013.0,0.19637928236498892,0.4339678492906334
PHF13,0.0732,9.7058,9.6326,8627.0,0.19637928236498892,0.4339678492906334
INTS10,-0.0933,11.0225,11.1158,7013.0,0.19637928236498892,0.4339678492906334
AUTS2,-0.2246,10.4499,10.6745,7013.0,0.19637928236498892,0.4339678492906334
MLLT3,0.1114,9.919,9.8076,8627.0,0.19637928236498892,0.4339678492906334
PDGFD,-0.2003,7.9795,8.1798,7013.0,0.19637928236498892,0.4339678492906334
MAK16,-0.1005,10.5508,10.6513,7013.0,0.19637928236498892,0.4339678492906334
NABP1,-0.1618,9.6325,9.7943,7014.0,0.19693465669323817,0.4347835437650526
RYBP,0.1389,10.253,10.1141,8626.0,0.19693465669323817,0.4347835437650526
RPL19,-0.0991,14.7861,14.8852,7014.0,0.19693465669323817,0.4347835437650526
MMP28,-0.4715,7.0889,7.5605,7015.0,0.19749118016291267,0.43546307767030146
ZNF738,0.0994,10.0756,9.9762,8625.0,0.19749118016291267,0.43546307767030146
SURF1,0.0885,10.5561,10.4676,8625.0,0.19749118016291267,0.43546307767030146
MOCS2,-0.1245,10.0721,10.1966,7015.0,0.19749118016291267,0.43546307767030146
ANKFN1,0.5714,6.4938,5.9224,8624.0,0.19804707396526633,0.4360063258742461
MGAT4A,0.206,10.5484,10.3424,8624.0,0.1980488537206878,0.4360063258742461
TMEM184A,0.3201,9.8356,9.5156,8624.0,0.1980488537206878,0.4360063258742461
RIPK4,-0.126,8.6668,8.7928,7016.0,0.1980488537206878,0.4360063258742461
SQSTM1,-0.1217,13.2476,13.3693,7016.0,0.1980488537206878,0.4360063258742461
STK39,-0.0785,11.4029,11.4813,7017.0,0.1986076783092876,0.4365503989955873
LASP1,0.0802,11.7134,11.6332,8623.0,0.1986076783092876,0.4365503989955873
PNISR,-0.09,12.4975,12.5874,7017.0,0.1986076783092876,0.4365503989955873
GAS7,-0.1779,8.71,8.8879,7017.0,0.1986076783092876,0.4365503989955873
SHMT2,0.1069,11.3718,11.2649,8623.0,0.1986076783092876,0.4365503989955873
ARID4A,-0.1085,11.7777,11.8862,7018.0,0.19916765486746735,0.43736942208744867
RAD51B,-0.0374,9.4477,9.4852,7018.0,0.19916765486746735,0.43736942208744867
PLD3,0.1061,12.0192,11.9132,8622.0,0.19916765486746735,0.43736942208744867
IGF2,-0.3954,4.8662,5.2616,7019.0,0.19972776485028376,0.43791505218002236
MAN2A1,-0.073,11.8959,11.9689,7019.0,0.1997287843300002,0.43791505218002236
SYNJ2,-0.0842,11.1069,11.191,7019.0,0.1997287843300002,0.43791505218002236
CHAMP1,0.1531,10.9555,10.8024,8621.0,0.1997287843300002,0.43791505218002236
PKN1,0.1413,10.613,10.4718,8621.0,0.1997287843300002,0.43791505218002236
MINA,0.0708,10.3471,10.2763,8620.0,0.20029106762766047,0.43873579812214775
NDUFA1,0.0728,12.5236,12.4508,8620.0,0.20029106762766047,0.43873579812214775
MGAT4B,-0.0986,11.3455,11.4441,7020.0,0.20029106762766047,0.43873579812214775
SHANK2,-0.2717,10.6188,10.8905,7021.0,0.2008545056872083,0.43942021347313953
FNDC1,-0.4024,9.1823,9.5847,7021.0,0.2008545056872083,0.43942021347313953
ADCY5,-0.2213,7.1254,7.3467,7021.0,0.2008545056872083,0.43942021347313953
PDZRN3,-0.2095,8.5026,8.7121,7021.0,0.2008545056872083,0.43942021347313953
OGT,-0.073,13.6949,13.7679,7022.0,0.20141909943137537,0.4401054456530177
DPP3,0.1073,10.3823,10.275,8618.0,0.20141909943137537,0.4401054456530177
LXN,-0.1906,9.2932,9.4838,7022.0,0.20141909943137537,0.4401054456530177
VARS,0.1045,11.8294,11.725,8618.0,0.20141909943137537,0.4401054456530177
CYBA,-0.1719,11.3832,11.5551,7023.0,0.201984849778848,0.4402427335827179
RDH13,-0.1573,8.6876,8.8449,7023.0,0.201984849778848,0.4402427335827179
WWC1,0.1308,11.1264,10.9956,8617.0,0.201984849778848,0.4402427335827179
HERPUD1,-0.0819,12.2257,12.3076,7023.0,0.201984849778848,0.4402427335827179
SNX7,-0.0982,10.2754,10.3736,7023.0,0.201984849778848,0.4402427335827179
DOCK4,-0.1443,11.3677,11.512,7023.0,0.201984849778848,0.4402427335827179
MRPS22,0.0628,10.5157,10.4529,8617.0,0.201984849778848,0.4402427335827179
MCU,-0.0923,9.7273,9.8195,7023.0,0.201984849778848,0.4402427335827179
COL6A5,0.5009,6.4396,5.9387,8616.0,0.20253312874844775,0.44106652947223335
ZMIZ1,-0.1629,11.713,11.8759,7024.0,0.20255175764425282,0.44106652947223335
RASAL2,-0.0677,11.5193,11.587,7024.0,0.20255175764425282,0.44106652947223335
BMP3,0.4936,7.882,7.3884,8615.0,0.20311879959898627,0.4410691866786981
THBS3,-0.0886,10.7754,10.864,7025.0,0.203119823938141,0.4410691866786981
DENND5B,0.2365,9.2467,9.0102,8615.0,0.203119823938141,0.4410691866786981
STIM1,-0.0817,11.1659,11.2477,7025.0,0.203119823938141,0.4410691866786981
CAND1,0.0697,13.1701,13.1004,8615.0,0.203119823938141,0.4410691866786981
FAM13B,-0.0707,11.6957,11.7664,7025.0,0.203119823938141,0.4410691866786981
OLFML2B,-0.1979,8.8376,9.0355,7025.0,0.203119823938141,0.4410691866786981
HTRA1,-0.2171,11.6618,11.8789,7025.0,0.203119823938141,0.4410691866786981
PGM1,-0.1847,11.4794,11.6641,7025.0,0.203119823938141,0.4410691866786981
ABCC5,-0.1557,11.8497,12.0054,7026.0,0.2036890495669732,0.44175732862109424
MPRIP,-0.0821,12.5913,12.6734,7026.0,0.2036890495669732,0.44175732862109424
MTDH,0.1021,12.6626,12.5606,8614.0,0.2036890495669732,0.44175732862109424
ANXA1,-0.1928,13.052,13.2448,7026.0,0.2036890495669732,0.44175732862109424
ASAH1,0.1519,13.3381,13.1861,8613.0,0.20425943543310376,0.44272015671248083
RALB,-0.1299,9.5602,9.6901,7027.0,0.20425943543310376,0.44272015671248083
AMOT,0.4089,9.2985,8.8897,8612.0,0.20483098243476572,0.44327298207375293
IGFN1,-0.5198,8.1921,8.7118,7028.0,0.20483098243476572,0.44327298207375293
HMGN2,0.1421,9.9284,9.7862,8612.0,0.20483098243476572,0.44327298207375293
MYO19,0.0865,10.5189,10.4324,8612.0,0.20483098243476572,0.44327298207375293
CYR61,-0.3187,12.0916,12.4103,7028.0,0.20483098243476572,0.44327298207375293
COX5A,0.0878,10.4089,10.3211,8611.0,0.2054036914660553,0.4441006641978343
RPS17,-0.0987,16.1498,16.2484,7029.0,0.2054036914660553,0.4441006641978343
SMAD6,-0.2596,7.1429,7.4024,7029.0,0.2054036914660553,0.4441006641978343
CRTAC1,-0.5865,6.1729,6.7593,7030.0,0.20597756341691742,0.44520397426193603
ANAPC4,0.0745,11.258,11.1835,8609.0,0.20655259917312885,0.44562164263999426
SERPINA1,-0.5611,10.6042,11.1652,7031.0,0.20655259917312885,0.44562164263999426
S100A13,-0.0998,9.2772,9.377,7031.0,0.20655259917312885,0.44562164263999426
NACA,-0.0696,15.0389,15.1085,7031.0,0.20655259917312885,0.44562164263999426
CYTH2,0.1083,11.2529,11.1446,8609.0,0.20655259917312885,0.44562164263999426
ERP44,0.1053,11.4102,11.3049,8609.0,0.20655259917312885,0.44562164263999426
OLFM4,-0.6542,6.3522,7.0063,7032.0,0.20712591604696695,0.4463147642193338
KMT2B,0.0766,12.381,12.3044,8608.0,0.20712879961628372,0.4463147642193338
B4GALT1,0.1116,12.8417,12.7301,8608.0,0.20712879961628372,0.4463147642193338
SLCO2B1,-0.1968,9.1421,9.3389,7032.0,0.20712879961628372,0.4463147642193338
AMIGO2,-0.2514,10.5461,10.7975,7033.0,0.2077061656237792,0.4470086901854105
OBFC1,-0.1288,9.1161,9.2449,7033.0,0.2077061656237792,0.4470086901854105
ACO1,0.0819,10.772,10.69,8607.0,0.2077061656237792,0.4470086901854105
MRPS10,0.1219,9.1186,8.9967,8607.0,0.2077061656237792,0.4470086901854105
APMAP,0.0817,11.3353,11.2537,8606.0,0.20828469806879868,0.44797842155276324
PRKCD,-0.1383,11.4971,11.6355,7034.0,0.20828469806879868,0.44797842155276324
FGFR1,-0.1366,11.1209,11.2574,7035.0,0.2088643978202971,0.44839895093057647
FUZ,0.0556,9.6772,9.6216,8605.0,0.2088643978202971,0.44839895093057647
SAMD12,0.2538,9.0953,8.8415,8605.0,0.2088643978202971,0.44839895093057647
ABCG1,-0.1488,10.3556,10.5044,7035.0,0.2088643978202971,0.44839895093057647
PLEKHH1,-0.1801,10.1369,10.3169,7035.0,0.2088643978202971,0.44839895093057647
APLP2,-0.1051,14.5904,14.6955,7035.0,0.2088643978202971,0.44839895093057647
PKP1,-0.5577,9.9729,10.5306,7036.0,0.2094452657429865,0.448957819405612
DHCR7,0.1674,10.2142,10.0468,8604.0,0.2094452657429865,0.448957819405612
EMP3,-0.1878,9.5576,9.7454,7036.0,0.2094452657429865,0.448957819405612
DENND1A,0.1098,10.5336,10.4238,8604.0,0.2094452657429865,0.448957819405612
MYO1F,-0.2097,10.3251,10.5348,7036.0,0.2094452657429865,0.448957819405612
KIAA1841,0.1448,10.0502,9.9054,8603.0,0.21002730269731917,0.449654906997654
PTBP3,0.0754,13.0884,13.013,8603.0,0.21002730269731917,0.449654906997654
ACSS3,-0.2047,8.6517,8.8563,7037.0,0.21002730269731917,0.449654906997654
PRKAR2A,0.0442,10.4485,10.4044,8603.0,0.21002730269731917,0.449654906997654
RPL18,-0.1034,13.4116,13.515,7038.0,0.21061050953947413,0.4503527933755534
TNNT3,-0.5857,7.8592,8.4449,7038.0,0.21061050953947413,0.4503527933755534
CYP24A1,-0.5243,10.4801,11.0044,7038.0,0.21061050953947413,0.4503527933755534
EXOC3,0.091,11.4384,11.3474,8602.0,0.21061050953947413,0.4503527933755534
ZNF426,-0.077,9.5488,9.6258,7039.0,0.21119488712134082,0.4511890770319554
IFI6,0.3461,8.3949,8.0488,8601.0,0.21119488712134082,0.4511890770319554
GTF3A,0.1114,11.2645,11.1531,8601.0,0.21119488712134082,0.4511890770319554
GGT6,0.3305,7.8177,7.4872,8600.5,0.21148699743617205,0.45167534097148915
SYTL1,-0.3149,8.9463,9.2612,7040.0,0.21178043629050458,0.4517509580695716
UBR7,0.0899,12.4934,12.4035,8600.0,0.21178043629050458,0.4517509580695716
PIP5K1B,0.2399,7.989,7.7491,8600.0,0.21178043629050458,0.4517509580695716
CNIH1,-0.0974,10.5214,10.6188,7040.0,0.21178043629050458,0.4517509580695716
CRISPLD2,-0.209,10.5139,10.7229,7041.0,0.21236715789023097,0.45258892474293594
PHF14,0.1447,12.3412,12.1964,8599.0,0.21236715789023097,0.45258892474293594
ITSN1,-0.092,11.9221,12.0141,7041.0,0.21236715789023097,0.45258892474293594
NCF2,-0.1618,9.61,9.7718,7042.0,0.2129550527594508,0.45315230461088846
WDR45B,0.1072,12.5251,12.4179,8598.0,0.2129550527594508,0.45315230461088846
HLA-C,0.1538,14.3893,14.2354,8598.0,0.2129550527594508,0.45315230461088846
ECI2,-0.103,8.8877,8.9907,7042.0,0.2129550527594508,0.45315230461088846
NAV2,0.2351,11.7638,11.5288,8598.0,0.2129550527594508,0.45315230461088846
SPATA6,-0.0668,9.053,9.1197,7043.0,0.21354412173274506,0.4542677656422885
POT1,0.0467,10.2249,10.1782,8596.0,0.21413436564032995,0.4551086381120579
COL22A1,-0.2383,6.6382,6.8765,7044.0,0.21413436564032995,0.4551086381120579
ICMT,0.0674,9.3563,9.2889,8596.0,0.21413436564032995,0.4551086381120579
ZNF606,0.0905,9.6106,9.52,8595.0,0.2147257853080412,0.45539814491587294
FAM60A,0.1447,9.098,8.9533,8595.0,0.2147257853080412,0.45539814491587294
GJB3,-0.3192,9.0592,9.3784,7045.0,0.2147257853080412,0.45539814491587294
FRK,-0.1694,9.2568,9.4262,7045.0,0.2147257853080412,0.45539814491587294
RPL14,-0.0596,13.4531,13.5127,7045.0,0.2147257853080412,0.45539814491587294
SRSF5,-0.0158,13.4862,13.502,7045.0,0.2147257853080412,0.45539814491587294
ATP1B1,0.2509,11.6722,11.4213,8595.0,0.2147257853080412,0.45539814491587294
BTN3A3,0.1105,10.9146,10.804,8594.0,0.2153183815573202,0.45637851877902946
GSTO1,-0.0949,10.4968,10.5917,7046.0,0.2153183815573202,0.45637851877902946
CACNB2,-0.2441,7.6198,7.8639,7047.0,0.21591215520519713,0.4568074993661618
PITPNM1,-0.0888,9.4033,9.4921,7047.0,0.21591215520519713,0.4568074993661618
SLC38A9,0.025,9.3743,9.3493,8593.0,0.21591215520519713,0.4568074993661618
SEH1L,0.0903,10.898,10.8076,8593.0,0.21591215520519713,0.4568074993661618
HS2ST1,0.0673,10.48,10.4127,8593.0,0.21591215520519713,0.4568074993661618
ANKRD46,0.1042,8.9276,8.8234,8593.0,0.21591215520519713,0.4568074993661618
DKK1,-0.3517,6.573,6.9247,7048.0,0.21650710706427723,0.4573753456323178
STAT4,-0.2506,8.073,8.3236,7048.0,0.21650710706427723,0.4573753456323178
FAM179B,-0.0879,11.0524,11.1403,7048.0,0.21650710706427723,0.4573753456323178
PPFIA4,-0.2331,7.3878,7.6209,7048.0,0.21650710706427723,0.4573753456323178
DCLK2,0.2381,8.96,8.7219,8592.0,0.21650710706427723,0.4573753456323178
DPYSL3,-0.2639,10.4238,10.6877,7049.0,0.21710323794272546,0.45780607507163695
PLEKHF2,0.0803,10.1423,10.062,8591.0,0.21710323794272546,0.45780607507163695
SLFN5,-0.1602,11.7016,11.8618,7049.0,0.21710323794272546,0.45780607507163695
ECHDC1,0.0962,10.7077,10.6115,8591.0,0.21710323794272546,0.45780607507163695
MYL12B,0.096,12.8928,12.7967,8591.0,0.21710323794272546,0.45780607507163695
LOC101930307,0.0693,12.6155,12.5462,8591.0,0.21710323794272546,0.45780607507163695
SLFN11,0.1918,10.484,10.2921,8590.0,0.21770054864425126,0.45837550876599265
DTX4,0.2122,10.7664,10.5542,8590.0,0.21770054864425126,0.45837550876599265
WDFY4,-0.2842,10.2496,10.5338,7050.0,0.21770054864425126,0.45837550876599265
OSBPL3,-0.1753,11.1095,11.2848,7050.0,0.21770054864425126,0.45837550876599265
ACKR1,-0.388,6.6735,7.0615,7050.0,0.21770054864425126,0.45837550876599265
GSS,0.0897,11.7327,11.643,8589.0,0.21829903996809352,0.45894571506951637
ACADVL,-0.0952,13.7451,13.8403,7051.0,0.21829903996809352,0.45894571506951637
SSBP2,-0.1778,9.1792,9.357,7051.0,0.21829903996809352,0.45894571506951637
ADAMTS12,-0.2341,9.7519,9.9859,7051.0,0.21829903996809352,0.45894571506951637
DCAF15,0.1109,9.6533,9.5425,8589.0,0.21829903996809352,0.45894571506951637
MED1,0.0586,12.509,12.4503,8588.0,0.2188987127090063,0.45951669217661
PGM5,-0.3089,7.3849,7.6937,7052.0,0.2188987127090063,0.45951669217661
GPR125,-0.0895,11.1327,11.2222,7052.0,0.2188987127090063,0.45951669217661
MBIP,-0.138,9.13,9.268,7052.0,0.2188987127090063,0.45951669217661
SLC27A3,-0.0896,9.0783,9.1679,7052.0,0.2188987127090063,0.45951669217661
CASP8AP2,0.1186,11.2705,11.1519,8587.0,0.21949956765724232,0.46050193897653324
RAB24,-0.1344,9.0463,9.1807,7053.0,0.21949956765724232,0.46050193897653324
PMS2P9,0.1726,9.7671,9.5945,8586.0,0.22010160559853997,0.46135035737999863
ACVR2B,0.1943,9.8223,9.628,8586.0,0.22010160559853997,0.46135035737999863
CCDC127,0.1238,8.9666,8.8429,8586.0,0.22010160559853997,0.46135035737999863
OAT,-0.1975,11.1682,11.3656,7055.0,0.22070482731410646,0.4617854513536563
UGT1A4,-0.4283,8.2559,8.6842,7055.0,0.22070482731410646,0.4617854513536563
TOMM34,0.263,9.7929,9.5299,8585.0,0.22070482731410646,0.4617854513536563
HSDL2,0.1027,10.8883,10.7856,8585.0,0.22070482731410646,0.4617854513536563
CLN5,-0.1079,9.5166,9.6246,7055.0,0.22070482731410646,0.4617854513536563
MAPK6,-0.084,11.1161,11.2001,7055.0,0.22070482731410646,0.4617854513536563
CCDC124,0.0941,9.4857,9.3916,8584.0,0.22130923358060406,0.46291175709825877
SELT,0.0565,9.2734,9.2169,8583.0,0.22191482517013494,0.4636245586713768
USO1,-0.0663,12.6838,12.7501,7057.0,0.22191482517013494,0.4636245586713768
ERICH1,-0.075,9.235,9.31,7057.0,0.22191482517013494,0.4636245586713768
TSPAN13,0.1964,11.0288,10.8324,8583.0,0.22191482517013494,0.4636245586713768
ULK4,-0.0218,10.3997,10.4215,7058.0,0.22252160285022626,0.4642235176437483
NEFH,-0.2523,6.8158,7.0681,7058.0,0.22252160285022626,0.4642235176437483
GBAS,0.0583,10.7549,10.6966,8582.0,0.22252160285022626,0.4642235176437483
SCOC,0.1126,9.1845,9.0719,8582.0,0.22252160285022626,0.4642235176437483
LGR4,-0.2245,10.3034,10.5279,7059.0,0.22312956738381506,0.4642235176437483
STYX,-0.1169,9.2046,9.3215,7059.0,0.22312956738381506,0.4642235176437483
RHBDL2,0.1227,8.8053,8.6826,8581.0,0.22312956738381506,0.4642235176437483
PCNXL2,-0.1202,11.281,11.4012,7059.0,0.22312956738381506,0.4642235176437483
HMGCL,0.0627,10.5216,10.459,8581.0,0.22312956738381506,0.4642235176437483
GPC6,-0.2329,8.6156,8.8485,7059.0,0.22312956738381506,0.4642235176437483
SMPD1,-0.0858,9.2709,9.3567,7059.0,0.22312956738381506,0.4642235176437483
EMC10,-0.1176,9.2909,9.4086,7059.0,0.22312956738381506,0.4642235176437483
STK4,0.0955,11.2956,11.2001,8581.0,0.22312956738381506,0.4642235176437483
MEST,-0.2433,10.2968,10.5401,7059.0,0.22312956738381506,0.4642235176437483
MGAT1,-0.1495,10.2387,10.3883,7060.0,0.22373871952923363,0.46466258981708874
GPRIN3,-0.2617,8.7455,9.0072,7060.0,0.22373871952923363,0.46466258981708874
SCARNA4,0.1218,9.5376,9.4158,8580.0,0.22373871952923363,0.46466258981708874
VPS51,-0.0891,9.9374,10.0265,7060.0,0.22373871952923363,0.46466258981708874
KMT2E,-0.0765,13.8577,13.9342,7060.0,0.22373871952923363,0.46466258981708874
LDB1,-0.0914,11.5226,11.614,7060.0,0.22373871952923363,0.46466258981708874
AFTPH,0.0558,11.8823,11.8265,8579.0,0.2243490600401944,0.46565396190322506
PPIP5K1,-0.0998,11.4806,11.5804,7061.0,0.2243490600401944,0.46565396190322506
DDX58,0.165,10.9706,10.8056,8578.0,0.2249605896657757,0.46650844223554255
HIST1H2BM,0.2523,9.9816,9.7293,8578.0,0.2249605896657757,0.46650844223554255
BTG2,-0.3014,8.5181,8.8195,7062.0,0.2249605896657757,0.46650844223554255
TXNDC15,-0.0736,9.6183,9.6919,7063.0,0.22557330915040652,0.46708748787117
KIF5A,0.3429,7.4543,7.1114,8577.0,0.22557330915040652,0.46708748787117
ZNF8,0.0987,9.7868,9.6881,8577.0,0.22557330915040652,0.46708748787117
TRIO,-0.0918,13.9206,14.0124,7063.0,0.22557330915040652,0.46708748787117
NDUFB1,0.0848,11.2715,11.1867,8577.0,0.22557330915040652,0.46708748787117
SLC9A4,0.6113,7.8882,7.2768,8576.0,0.226186166621557,0.4678054035128945
LAD1,-0.1378,11.779,11.9168,7064.0,0.22618721923385132,0.4678054035128945
DYNLT1,0.0682,10.1971,10.129,8576.0,0.22618721923385132,0.4678054035128945
USP45,-0.0003,9.3319,9.3322,7064.0,0.22618721923385132,0.4678054035128945
CLDN4,0.1723,8.7169,8.5446,8575.0,0.22680232065119643,0.4685240859941972
ABL2,-0.0958,10.8029,10.8987,7065.0,0.22680232065119643,0.4685240859941972
RHOBTB1,-0.0545,8.9359,8.9904,7065.0,0.22680232065119643,0.4685240859941972
ZDHHC21,0.0907,9.4064,9.3157,8575.0,0.22680232065119643,0.4685240859941972
MAML3,-0.1624,10.2231,10.3855,7066.0,0.22741861413283337,0.4692435341108521
SLC29A3,0.1348,11.9495,11.8147,8574.0,0.22741861413283337,0.4692435341108521
C1QBP,0.0803,10.9119,10.8316,8574.0,0.22741861413283337,0.4692435341108521
SLC17A5,0.1647,11.367,11.2023,8574.0,0.22741861413283337,0.4692435341108521
STX7,-0.0948,10.2693,10.3642,7067.0,0.22803610040444722,0.46982548135697083
CARD8,-0.1221,9.7781,9.9001,7067.0,0.22803610040444722,0.46982548135697083
MGAT2,-0.0755,11.3903,11.4658,7067.0,0.22803610040444722,0.46982548135697083
TRIB1,-0.1831,10.9541,11.1372,7067.0,0.22803610040444722,0.46982548135697083
FZD6,-0.0992,12.2951,12.3943,7067.0,0.22803610040444722,0.46982548135697083
RBM19,-0.082,11.3309,11.4128,7068.0,0.22865478018699825,0.4706847224131537
KIF2A,0.0606,11.9006,11.84,8572.0,0.22865478018699825,0.4706847224131537
ZFHX3,0.1192,13.2219,13.1027,8572.0,0.22865478018699825,0.4706847224131537
SBF1,-0.0683,11.3708,11.4391,7069.0,0.22927465419670967,0.47140646017015786
LYPLA1,0.126,10.5625,10.4365,8571.0,0.22927465419670967,0.47140646017015786
CDK2AP1,-0.0486,10.1789,10.2276,7069.0,0.22927465419670967,0.47140646017015786
WNK3,0.288,8.0232,7.7353,8571.0,0.22927465419670967,0.47140646017015786
DSG1,-0.5546,5.4592,6.0137,7070.0,0.22988700755414804,0.4722674535596374
SMARCC1,0.0776,13.2506,13.1731,8570.0,0.2298957231450527,0.4722674535596374
LNX1,0.1787,8.5033,8.3246,8570.0,0.2298957231450527,0.4722674535596374
CAPN5,0.2018,10.208,10.0062,8569.0,0.23051798773873045,0.4731293869092407
APPL1,0.059,11.8397,11.7808,8569.0,0.23051798773873045,0.4731293869092407
BST2,0.1785,9.5366,9.3581,8569.0,0.23051798773873045,0.4731293869092407
SERPINB3,-0.7559,7.2779,8.0337,7072.0,0.23113272288983722,0.47329928804201693
PLAT,-0.3452,10.506,10.8512,7072.0,0.23114144867966557,0.47329928804201693
DENND5A,-0.1053,11.7225,11.8278,7072.0,0.23114144867966557,0.47329928804201693
STK3,0.1115,10.7216,10.6102,8568.0,0.23114144867966557,0.47329928804201693
S100A11,0.061,13.7733,13.7123,8568.0,0.23114144867966557,0.47329928804201693
ATP13A3,-0.0627,13.406,13.4687,7072.0,0.23114144867966557,0.47329928804201693
PWWP2B,0.0818,8.4219,8.3401,8568.0,0.23114144867966557,0.47329928804201693
OAS1,0.1137,11.6078,11.4942,8568.0,0.23114144867966557,0.47329928804201693
TSPAN15,0.1524,10.8461,10.6936,8567.0,0.23176610666498343,0.47430100671387465
ARRDC1,0.0843,9.0415,8.9572,8567.0,0.23176610666498343,0.47430100671387465
TET2,-0.0928,12.9878,13.0805,7074.0,0.23239196238699966,0.47530400484700897
ABCA10,-0.1796,8.6463,8.8259,7074.0,0.23239196238699966,0.47530400484700897
PSMA7,0.0808,11.1426,11.0618,8565.0,0.233019016533203,0.4761692946548062
PELI1,-0.1241,10.5452,10.6694,7075.0,0.233019016533203,0.4761692946548062
FERMT1,-0.2159,11.7869,12.0028,7075.0,0.233019016533203,0.4761692946548062
NAPA,0.0724,10.5737,10.5013,8564.0,0.23364726978624328,0.47689648216644176
GLIS2,-0.1805,9.5962,9.7767,7076.0,0.23364726978624328,0.47689648216644176
ARL5B,0.0787,9.7713,9.6926,8564.0,0.23364726978624328,0.47689648216644176
ZNF331,0.1522,10.2237,10.0715,8564.0,0.23364726978624328,0.47689648216644176
IFT81,0.1542,9.9377,9.7834,8563.0,0.23427672282391554,0.4779026769402507
NSA2,-0.1077,10.5807,10.6885,7077.0,0.23427672282391554,0.4779026769402507
FLCN,-0.0619,10.8369,10.8987,7078.0,0.2349073763191456,0.4789101474128025
CDK11A,0.0116,10.2379,10.2263,8562.0,0.2349073763191456,0.4789101474128025
ARL1,0.085,11.449,11.364,8561.0,0.23553923093997609,0.4795003588001897
SLAMF7,0.2835,9.0298,8.7463,8561.0,0.23553923093997609,0.4795003588001897
KDM1B,0.1243,10.8864,10.7621,8561.0,0.23553923093997609,0.4795003588001897
TBC1D8B,0.0867,10.0943,10.0077,8561.0,0.23553923093997609,0.4795003588001897
BCCIP,0.0883,11.0047,10.9164,8561.0,0.23553923093997609,0.4795003588001897
MCAM,-0.1658,10.5339,10.6997,7080.0,0.23617228734955154,0.480509740938091
CTSF,-0.1762,8.8522,9.0284,7080.0,0.23617228734955154,0.480509740938091
CHD6,0.1153,13.2361,13.1207,8559.0,0.23680654620610397,0.4811013179812434
MYH14,0.3153,13.8516,13.5363,8559.0,0.23680654620610397,0.4811013179812434
ITGA7,-0.215,9.8066,10.0216,7081.0,0.23680654620610397,0.4811013179812434
PHYH,0.1511,10.932,10.7809,8559.0,0.23680654620610397,0.4811013179812434
TACSTD2,0.0699,11.8833,11.8134,8559.0,0.23680654620610397,0.4811013179812434
PCDHGB4,-0.2166,7.9937,8.2103,7082.0,0.23744200816293914,0.4821126074702995
MINK1,-0.0829,11.8046,11.8875,7082.0,0.23744200816293914,0.4821126074702995
COMP,-0.401,10.2117,10.6127,7083.0,0.23807867386842085,0.4829852123698005
ZNF676,-0.2876,7.068,7.3556,7083.0,0.23807867386842085,0.4829852123698005
EPS8L2,0.0988,10.5983,10.4996,8557.0,0.23807867386842085,0.4829852123698005
PLA2G6,-0.0891,9.6876,9.7767,7084.0,0.23871654396595832,0.48329920711003355
TNFAIP3,-0.2316,11.2748,11.5063,7084.0,0.23871654396595832,0.48329920711003355
FAM189B,0.1055,9.0931,8.9875,8556.0,0.23871654396595832,0.48329920711003355
CDC25B,0.1083,9.9656,9.8573,8556.0,0.23871654396595832,0.48329920711003355
ACSL1,0.0843,11.6129,11.5286,8556.0,0.23871654396595832,0.48329920711003355
HN1L,0.0989,10.7611,10.6622,8556.0,0.23871654396595832,0.48329920711003355
ROBO1,-0.2001,11.3011,11.5012,7084.0,0.23871654396595832,0.48329920711003355
SNX31,0.402,9.6577,9.2557,8555.0,0.23935561909399006,0.48375393954262985
ACACA,0.0638,13.9318,13.868,8555.0,0.23935561909399006,0.48375393954262985
HLA-DQB1,-0.3849,9.0098,9.3948,7085.0,0.23935561909399006,0.48375393954262985
SOX9,-0.363,9.2482,9.6112,7085.0,0.23935561909399006,0.48375393954262985
SMS,0.1489,11.9502,11.8013,8555.0,0.23935561909399006,0.48375393954262985
GAS8,0.0958,9.5232,9.4274,8555.0,0.23935561909399006,0.48375393954262985
PTPN12,-0.0982,12.8193,12.9175,7086.0,0.23999589988597103,0.4843490740350015
WLS,-0.2186,10.8406,11.0592,7086.0,0.23999589988597103,0.4843490740350015
BZW1,-0.0443,10.4892,10.5335,7086.0,0.23999589988597103,0.4843490740350015
SIAE,-0.0956,11.0349,11.1305,7086.0,0.23999589988597103,0.4843490740350015
AXIN2,-0.1662,9.8585,10.0247,7086.0,0.23999589988597103,0.4843490740350015
MAPKAPK3,-0.0946,10.3473,10.4419,7087.0,0.24063738697035697,0.4853639461271342
FGFR3,-0.3622,10.1769,10.5391,7087.0,0.24063738697035697,0.4853639461271342
AKAP6,-0.2128,8.4016,8.6144,7088.0,0.24128008097059161,0.48568105979794574
RGS5,-0.1725,10.079,10.2516,7088.0,0.24128008097059161,0.48568105979794574
SLC14A1,-0.518,10.583,11.101,7088.0,0.24128008097059161,0.48568105979794574
DDX60,0.1468,11.5495,11.4028,8552.0,0.24128008097059161,0.48568105979794574
NBPF9,0.0044,10.6764,10.6719,7088.0,0.24128008097059161,0.48568105979794574
ZC3H12A,-0.2119,9.5984,9.8103,7088.0,0.24128008097059161,0.48568105979794574
ZNF326,0.0784,11.4822,11.4037,8552.0,0.24128008097059161,0.48568105979794574
PMP22,-0.1784,10.5359,10.7143,7089.0,0.2419239825050914,0.4862783150066461
MRPL32,0.095,9.4594,9.3644,8551.0,0.2419239825050914,0.4862783150066461
KAT6B,-0.0608,13.6224,13.6832,7089.0,0.2419239825050914,0.4862783150066461
CLMN,0.1584,10.5876,10.4292,8551.0,0.2419239825050914,0.4862783150066461
BAMBI,0.3089,10.2302,9.9212,8551.0,0.2419239825050914,0.4862783150066461
KRT4,-0.5566,7.5789,8.1355,7090.0,0.24256610176092563,0.4865973510705199
TNNT1,0.4927,6.7862,6.2934,8550.0,0.24256722317442647,0.4865973510705199
ZNF28,0.0818,11.9799,11.8981,8550.0,0.24256909218723188,0.4865973510705199
PHACTR2,-0.066,11.3429,11.4089,7090.0,0.24256909218723188,0.4865973510705199
PDIA4,0.1248,13.0962,12.9714,8550.0,0.24256909218723188,0.4865973510705199
INSIG1,0.1623,9.5467,9.3844,8550.0,0.24256909218723188,0.4865973510705199
HSPA2,-0.1698,9.2752,9.445,7090.0,0.24256909218723188,0.4865973510705199
CYP1A2,0.3556,2.2122,1.8566,8495.0,0.243023348886093,0.4867783711372404
ZNF813,0.0891,10.8313,10.7422,8549.0,0.24321541062533258,0.4867783711372404
MAP4K1,0.1214,8.5428,8.4215,8549.0,0.24321541062533258,0.4867783711372404
B3GALNT1,-0.3002,10.0448,10.345,7091.0,0.24321541062533258,0.4867783711372404
SLC18B1,-0.2065,8.8166,9.0231,7091.0,0.24321541062533258,0.4867783711372404
CTBP2,-0.0434,9.4453,9.4887,7091.0,0.24321541062533258,0.4867783711372404
CYP4V2,-0.0764,10.3855,10.462,7091.0,0.24321541062533258,0.4867783711372404
KIAA1919,0.0989,10.0445,9.9457,8549.0,0.24321541062533258,0.4867783711372404
ZNF518A,0.1125,11.8672,11.7547,8548.0,0.24386293842264406,0.48779553206905923
STT3A,0.0918,13.138,13.0461,8548.0,0.24386293842264406,0.48779553206905923
PRDX5,-0.1027,10.6302,10.733,7093.0,0.24451167617733283,0.48797813287827346
CDH5,-0.1867,9.8053,9.992,7093.0,0.24451167617733283,0.48797813287827346
POLR2J3,0.152,9.9114,9.7594,8547.0,0.24451167617733283,0.48797813287827346
COL28A1,-0.2006,7.5889,7.7895,7093.0,0.24451167617733283,0.48797813287827346
UXS1,0.104,10.1481,10.0442,8547.0,0.24451167617733283,0.48797813287827346
UGT1A3,-0.4206,7.535,7.9556,7093.0,0.24451167617733283,0.48797813287827346
SLC35A1,-0.0937,10.4235,10.5172,7093.0,0.24451167617733283,0.48797813287827346
SNRK,-0.078,10.4109,10.4889,7093.0,0.24451167617733283,0.48797813287827346
BLMH,0.1,10.1386,10.0387,8546.0,0.24516162448246814,0.4887181486623184
ZNF613,-0.1826,8.3087,8.4913,7094.0,0.24516162448246814,0.4887181486623184
ATP10B,0.3141,8.6035,8.2894,8546.0,0.24516162448246814,0.4887181486623184
RMND5B,0.1177,9.2937,9.1759,8546.0,0.24516162448246814,0.4887181486623184
LY6D,-0.5803,5.3813,5.9616,7095.0,0.24563736189615415,0.4894588927591191
RPL27,-0.077,13.1239,13.2009,7095.0,0.24581278392600625,0.4894588927591191
MAEA,0.0834,9.7681,9.6847,8545.0,0.24581278392600625,0.4894588927591191
VPS13A,-0.0692,14.2848,14.354,7095.0,0.24581278392600625,0.4894588927591191
CALML3,-0.5129,4.0231,4.5359,7097.0,0.24606659091382765,0.4898249960686569
SYT14,-0.4813,7.1132,7.5945,7095.5,0.246138282566697,0.48982847195640217
ABCC2,-0.0899,8.2321,8.322,7096.0,0.2464651550907786,0.49020036384570365
ACER3,-0.0807,9.0845,9.1652,7096.0,0.2464651550907786,0.49020036384570365
AADAT,0.1419,9.3573,9.2154,8543.0,0.2471187385544762,0.49094256059489266
HSF2,0.1392,9.6197,9.4805,8543.0,0.2471187385544762,0.49094256059489266
SOD2,-0.1625,11.8486,12.0111,7097.0,0.2471187385544762,0.49094256059489266
ZNF350,-0.1905,9.2357,9.4262,7097.0,0.2471187385544762,0.49094256059489266
NR2F2,-0.1537,11.7438,11.8974,7098.0,0.2477735348896356,0.4919642939699796
APCDD1,-0.1462,10.0926,10.2388,7098.0,0.2477735348896356,0.4919642939699796
ECHDC2,-0.1478,9.568,9.7158,7099.0,0.24842954466362643,0.49284762075903
ADAMTS4,-0.2373,7.4841,7.7214,7099.0,0.24842954466362643,0.49284762075903
DUSP16,0.0871,10.6088,10.5216,8541.0,0.24842954466362643,0.49284762075903
PDCL3,0.067,9.4056,9.3386,8540.0,0.2490867684386351,0.4934525146748972
ABCA1,-0.1262,13.8224,13.9487,7100.0,0.2490867684386351,0.4934525146748972
IGF2BP2,-0.3517,8.1735,8.5252,7100.0,0.2490867684386351,0.4934525146748972
YEATS2,0.0803,12.7596,12.6792,8540.0,0.2490867684386351,0.4934525146748972
ZNF280C,0.0912,9.8077,9.7165,8540.0,0.2490867684386351,0.4934525146748972
HAS3,-0.4455,9.2207,9.6662,7101.0,0.24974520677165313,0.4936397637657033
THNSL2,-0.3222,7.8422,8.1644,7101.0,0.24974520677165313,0.4936397637657033
SLC1A4,0.1837,9.242,9.0583,8539.0,0.24974520677165313,0.4936397637657033
ULK1,0.0947,10.0382,9.9434,8539.0,0.24974520677165313,0.4936397637657033
C8orf59,0.0752,10.3131,10.2379,8539.0,0.24974520677165313,0.4936397637657033
C1QB,0.1795,11.2671,11.0876,8539.0,0.24974520677165313,0.4936397637657033
ENPEP,-0.128,9.3642,9.4923,7101.0,0.24974520677165313,0.4936397637657033
PC,-0.1485,8.5703,8.7187,7101.0,0.24974520677165313,0.4936397637657033
CASQ1,0.4128,7.4426,7.0298,8538.0,0.25040480650941965,0.4943854626675717
LRRFIP2,-0.0614,10.7654,10.8268,7102.0,0.25040486021446196,0.4943854626675717
CRLF3,0.0461,10.1502,10.1041,8538.0,0.25040486021446196,0.4943854626675717
IFT172,-0.1101,10.6336,10.7437,7102.0,0.25040486021446196,0.4943854626675717
PCLO,0.2288,10.6983,10.4695,8537.0,0.25106572931361926,0.49513187901528466
SFRP4,-0.397,9.1324,9.5294,7103.0,0.25106572931361926,0.49513187901528466
ABCA4,-0.2468,7.0235,7.2703,7103.0,0.25106572931361926,0.49513187901528466
ATP8B2,-0.1671,10.5467,10.7138,7103.0,0.25106572931361926,0.49513187901528466
PLAUR,-0.1775,9.02,9.1975,7104.0,0.25172781461044513,0.4957395629125273
GLCCI1,0.121,10.0938,9.9728,8536.0,0.25172781461044513,0.4957395629125273
EVPL,0.2427,12.1511,11.9084,8536.0,0.25172781461044513,0.4957395629125273
NHLRC3,0.0791,10.2542,10.1752,8536.0,0.25172781461044513,0.4957395629125273
ACBD5,0.0856,12.9018,12.8163,8536.0,0.25172781461044513,0.4957395629125273
SLC1A5,0.0658,10.3258,10.26,8535.0,0.25239111664100866,0.4963479331190631
CHCHD2,0.0771,10.566,10.489,8535.0,0.25239111664100866,0.4963479331190631
KIAA0100,0.0572,14.0137,13.9565,8535.0,0.25239111664100866,0.4963479331190631
PRRX1,-0.2977,8.5406,8.8384,7105.0,0.25239111664100866,0.4963479331190631
COX2,0.1423,9.1736,9.0313,8535.0,0.25239111664100866,0.4963479331190631
IL20RB,-0.467,6.2226,6.6896,7106.0,0.2530556359361138,0.4970963866649663
TES,-0.1572,11.3513,11.5085,7106.0,0.2530556359361138,0.4970963866649663
TAOK1,0.0884,13.4224,13.334,8534.0,0.2530556359361138,0.4970963866649663
MEF2C,-0.1951,9.8323,10.0274,7106.0,0.2530556359361138,0.4970963866649663
NUP188,0.0728,12.1889,12.1161,8533.0,0.25372137302128506,0.4979850827545009
TRPM4,-0.1559,11.4055,11.5614,7107.0,0.25372137302128506,0.4979850827545009
RNPEP,0.0734,10.7731,10.6996,8533.0,0.25372137302128506,0.4979850827545009
KIAA1468,0.0653,11.7385,11.6732,8532.0,0.2543883284167556,0.4987350122907445
EHHADH,0.0805,8.6747,8.5942,8532.0,0.2543883284167556,0.4987350122907445
OLA1,-0.0473,10.7982,10.8456,7108.0,0.2543883284167556,0.4987350122907445
TTC39C,0.0395,9.6193,9.5798,8532.0,0.2543883284167556,0.4987350122907445
ANXA5,-0.1225,12.9005,13.023,7109.0,0.25505650263745105,0.4997651617151846
AMACR,0.1185,7.9768,7.8583,8531.0,0.25505650263745105,0.4997651617151846
ADAMTS14,-0.2287,7.3687,7.5973,7110.0,0.2557258961929777,0.5006565420853852
ABI3BP,-0.2835,11.3514,11.6349,7110.0,0.2557258961929777,0.5006565420853852
MRPL30,0.0818,9.3153,9.2334,8530.0,0.2557258961929777,0.5006565420853852
ATPIF1,0.0943,10.1243,10.0299,8529.0,0.2563965095876082,0.5014087563926334
ZNF672,0.0531,10.1158,10.0627,8529.0,0.2563965095876082,0.5014087563926334
ERV3-1,0.1534,11.1386,10.9852,8529.0,0.2563965095876082,0.5014087563926334
AHI1,-0.0788,11.6163,11.6951,7111.0,0.2563965095876082,0.5014087563926334
ESYT2,-0.075,12.0653,12.1402,7112.0,0.2570683433202675,0.5020759414145479
CLDN7,0.1435,9.9342,9.7906,8528.0,0.2570683433202675,0.5020759414145479
POU6F2,0.5865,7.2518,6.6652,8527.0,0.2577349231804986,0.5020759414145479
REPS2,-0.1984,9.2134,9.4118,7113.0,0.2577413978845209,0.5020759414145479
WDR35,0.0141,10.4492,10.4351,7113.0,0.2577413978845209,0.5020759414145479
DIO2,-0.184,7.2826,7.4666,7113.0,0.2577413978845209,0.5020759414145479
CNTN1,-0.1943,8.8783,9.0726,7113.0,0.2577413978845209,0.5020759414145479
SIGMAR1,0.1287,10.0165,9.8879,8527.0,0.2577413978845209,0.5020759414145479
S100A4,-0.2908,10.6328,10.9236,7113.0,0.2577413978845209,0.5020759414145479
KBTBD7,0.1047,9.1907,9.086,8527.0,0.2577413978845209,0.5020759414145479
WRNIP1,0.0878,10.9648,10.877,8527.0,0.2577413978845209,0.5020759414145479
RPS11,-0.0658,15.5146,15.5804,7113.0,0.2577413978845209,0.5020759414145479
C14orf2,0.0852,9.9172,9.8319,8527.0,0.2577413978845209,0.5020759414145479
AGAP6,-0.0817,10.566,10.6477,7113.0,0.2577413978845209,0.5020759414145479
SLC31A1,0.1013,10.1604,10.0591,8526.0,0.258415673768558,0.5028299425955021
CRAT,0.1599,9.5392,9.3793,8526.0,0.258415673768558,0.5028299425955021
SLC4A7,-0.0839,11.7521,11.836,7114.0,0.258415673768558,0.5028299425955021
SP100,-0.1199,12.1326,12.2525,7114.0,0.258415673768558,0.5028299425955021
GABRE,-0.3889,9.891,10.2799,7115.0,0.25909117145518135,0.5035846443798598
EDEM2,0.0363,10.453,10.4167,8525.0,0.25909117145518135,0.5035846443798598
CMYA5,0.1543,11.9639,11.8096,8525.0,0.25909117145518135,0.5035846443798598
DPY19L1,-0.1493,9.9853,10.1347,7115.0,0.25909117145518135,0.5035846443798598
ATP5F1,0.0629,10.9522,10.8893,8524.0,0.259767891421792,0.5043400453636843
PDK3,-0.075,9.21,9.285,7116.0,0.259767891421792,0.5043400453636843
NR4A1,-0.3488,9.3855,9.7343,7116.0,0.259767891421792,0.5043400453636843
FOXK1,-0.0907,9.3608,9.4515,7116.0,0.259767891421792,0.5043400453636843
CTSV,0.2432,6.3817,6.1385,8523.0,0.2604457801012522,0.5050961441387577
SLC8A1,-0.1475,9.7241,9.8716,7117.0,0.26044583414037614,0.5050961441387577
ANKS1A,0.1046,12.219,12.1144,8523.0,0.26044583414037614,0.5050961441387577
PSMG2,0.0946,9.9777,9.883,8523.0,0.26044583414037614,0.5050961441387577
MT1G,-0.3518,5.1611,5.5129,7118.0,0.26112445948206153,0.505852939292579
SEMA4C,-0.0663,10.17,10.2362,7118.0,0.2611250000774915,0.505852939292579
CNNM2,-0.0526,10.1834,10.236,7118.0,0.2611250000774915,0.505852939292579
AR,-0.2832,8.5042,8.7874,7118.0,0.2611250000774915,0.505852939292579
PMS1,0.0745,11.7157,11.6412,8521.0,0.2618053896942547,0.5061908183403826
RND3,-0.1577,10.2574,10.4151,7119.0,0.2618053896942547,0.5061908183403826
CEACAM1,-0.2017,10.0042,10.2059,7119.0,0.2618053896942547,0.5061908183403826
PRKAR2B,0.2384,8.8146,8.5763,8521.0,0.2618053896942547,0.5061908183403826
SEC61B,0.1018,9.1899,9.0881,8521.0,0.2618053896942547,0.5061908183403826
ESRP2,0.1474,10.9374,10.7901,8521.0,0.2618053896942547,0.5061908183403826
C6orf48,-0.0439,10.7267,10.7707,7119.0,0.2618053896942547,0.5061908183403826
PSD4,-0.1971,10.0493,10.2464,7120.0,0.2624870034463268,0.5063902162905308
S100P,0.1989,10.6739,10.475,8520.0,0.2624870034463268,0.5063902162905308
CSF3R,-0.1227,9.1464,9.2691,7120.0,0.2624870034463268,0.5063902162905308
PACS1,-0.0983,12.1749,12.2732,7120.0,0.2624870034463268,0.5063902162905308
PPID,0.0604,10.3145,10.2541,8520.0,0.2624870034463268,0.5063902162905308
PDE10A,-0.2897,10.0274,10.317,7120.0,0.2624870034463268,0.5063902162905308
FCN1,-0.3136,7.5305,7.8441,7120.0,0.2624870034463268,0.5063902162905308
TRNT1,0.0475,10.2325,10.185,8520.0,0.2624870034463268,0.5063902162905308
MX2,0.1175,10.9329,10.8154,8519.0,0.263169841783901,0.506869747528234
DDR2,-0.124,11.5712,11.6952,7121.0,0.263169841783901,0.506869747528234
IFI35,0.1007,8.7149,8.6142,8519.0,0.263169841783901,0.506869747528234
G6PD,0.1281,10.8155,10.6875,8519.0,0.263169841783901,0.506869747528234
CYFIP2,0.0992,10.899,10.7998,8519.0,0.263169841783901,0.506869747528234
PGAP1,-0.1987,10.5608,10.7595,7121.0,0.263169841783901,0.506869747528234
SULT1E1,0.5849,6.3023,5.7174,8518.5,0.2634962390105796,0.5069324822434225
VPS37B,0.05,9.8924,9.8424,8518.0,0.2638539051516885,0.5069324822434225
DYSF,-0.1179,11.6137,11.7316,7122.0,0.2638539051516885,0.5069324822434225
KSR1,-0.0822,9.9588,10.041,7122.0,0.2638539051516885,0.5069324822434225
TPD52L1,-0.2127,7.957,8.1697,7122.0,0.2638539051516885,0.5069324822434225
NDUFA8,0.0882,9.7296,9.6414,8518.0,0.2638539051516885,0.5069324822434225
AKAP11,-0.083,12.4952,12.5781,7122.0,0.2638539051516885,0.5069324822434225
FAM213A,0.1957,10.6623,10.4667,8518.0,0.2638539051516885,0.5069324822434225
H6PD,-0.1426,12.3958,12.5383,7122.0,0.2638539051516885,0.5069324822434225
CHL1,-0.2947,8.0877,8.3824,7123.0,0.2645391939889058,0.5078311336360491
MAPK13,0.1206,10.6943,10.5736,8517.0,0.2645391939889058,0.5078311336360491
CSGALNACT2,-0.1071,10.8367,10.9437,7123.0,0.2645391939889058,0.5078311336360491
LTF,-0.6131,6.1951,6.8082,7124.0,0.2652257087292612,0.5085913576755248
PABPC4,0.0542,12.8275,12.7733,8516.0,0.2652257087292612,0.5085913576755248
SLC11A2,0.1088,12.7615,12.6527,8516.0,0.2652257087292612,0.5085913576755248
SCARNA8,0.184,8.3418,8.1578,8516.0,0.2652257087292612,0.5085913576755248
PIK3R3,0.1499,10.1826,10.0326,8515.0,0.26591344980094156,0.5092129857686611
CCNG1,-0.1155,10.4179,10.5334,7125.0,0.26591344980094156,0.5092129857686611
SPATA13,-0.0697,9.9075,9.9772,7125.0,0.26591344980094156,0.5092129857686611
LY6E,-0.156,9.8928,10.0488,7125.0,0.26591344980094156,0.5092129857686611
CD82,-0.1834,10.1025,10.2859,7125.0,0.26591344980094156,0.5092129857686611
UGT2B7,-0.4368,5.9015,6.3383,7126.0,0.2665655497781434,0.5101138608303483
ROMO1,0.1071,9.9421,9.835,8514.0,0.2666024176265993,0.5101138608303483
TPP1,-0.0744,11.7936,11.868,7126.0,0.2666024176265993,0.5101138608303483
GOLIM4,-0.0769,12.3149,12.3918,7127.0,0.26729261262333937,0.5108761370636588
TNNT2,-0.2677,7.4348,7.7025,7127.0,0.26729261262333937,0.5108761370636588
RORA,-0.1514,8.8872,9.0386,7127.0,0.26729261262333937,0.5108761370636588
VAMP5,0.0964,9.1583,9.0619,8513.0,0.26729261262333937,0.5108761370636588
TXLNGY,0.4458,8.8758,8.43,8512.5,0.26763361416453635,0.5113883219629599
GREM1,-0.3309,7.3827,7.7136,7128.0,0.267984035202706,0.5116390944723419
PABPC1L,0.211,10.9553,10.7443,8512.0,0.267984035202706,0.5116390944723419
CMTR2,-0.0398,9.4827,9.5225,7128.0,0.267984035202706,0.5116390944723419
NLRC5,0.1308,11.7481,11.6172,8511.0,0.26867668577066894,0.5122632263686345
PTP4A3,-0.1783,8.2909,8.4692,7129.0,0.26867668577066894,0.5122632263686345
EVL,0.1151,10.5268,10.4117,8511.0,0.26867668577066894,0.5122632263686345
GPD2,0.0935,12.4986,12.4051,8511.0,0.26867668577066894,0.5122632263686345
GOLGA4,0.0678,14.1245,14.0567,8511.0,0.26867668577066894,0.5122632263686345
COL5A2,-0.2153,14.3251,14.5404,7130.0,0.2693705647276119,0.5130274856642552
AMZ2,0.1131,11.12,11.0068,8510.0,0.2693705647276119,0.5130274856642552
TM2D1,-0.0528,10.0315,10.0843,7130.0,0.2693705647276119,0.5130274856642552
FAM73B,0.0783,9.0019,8.9236,8510.0,0.2693705647276119,0.5130274856642552
FAT4,-0.1149,11.0566,11.1715,7131.0,0.2700656724683186,0.5135134141448915
SOX13,-0.1462,9.965,10.1111,7131.0,0.2700656724683186,0.5135134141448915
PKP4,-0.0505,12.1544,12.2049,7131.0,0.2700656724683186,0.5135134141448915
MRPS33,0.076,9.7833,9.7074,8509.0,0.2700656724683186,0.5135134141448915
DYNC1LI1,0.0724,10.206,10.1336,8509.0,0.2700656724683186,0.5135134141448915
GPR137B,-0.0903,10.3228,10.413,7131.0,0.2700656724683186,0.5135134141448915
SUMO1,0.0773,9.3318,9.2545,8508.0,0.27076200938195916,0.5141394662965998
TBL2,0.0765,9.5226,9.4461,8508.0,0.27076200938195916,0.5141394662965998
MPEG1,-0.2036,9.4876,9.6912,7132.0,0.27076200938195916,0.5141394662965998
IL12RB2,0.1946,8.4913,8.2967,8508.0,0.27076200938195916,0.5141394662965998
MORF4L2,0.1031,11.1887,11.0856,8508.0,0.27076200938195916,0.5141394662965998
DUS1L,0.0856,10.3787,10.293,8507.0,0.27145957585207914,0.5146268028403114
REEP4,0.1035,8.9241,8.8207,8507.0,0.27145957585207914,0.5146268028403114
ZNF585B,0.0543,10.239,10.1847,8507.0,0.27145957585207914,0.5146268028403114
GYPC,-0.188,8.9012,9.0892,7133.0,0.27145957585207914,0.5146268028403114
UCHL3,0.0588,9.9765,9.9177,8507.0,0.27145957585207914,0.5146268028403114
DGCR2,-0.1132,9.7778,9.8911,7133.0,0.27145957585207914,0.5146268028403114
SCMH1,-0.0985,10.9142,11.0127,7134.0,0.2721583722565848,0.5153934778022886
REV3L,-0.105,12.348,12.453,7134.0,0.2721583722565848,0.5153934778022886
GJA5,-0.1006,8.2879,8.3885,7134.0,0.2721583722565848,0.5153934778022886
VAV3,-0.1425,10.3588,10.5012,7134.0,0.2721583722565848,0.5153934778022886
LSM14B,0.0962,10.2826,10.1864,8505.0,0.27285839896773056,0.5160214334245253
RAB27B,0.1548,9.0838,8.929,8505.0,0.27285839896773056,0.5160214334245253
ATP9A,-0.1197,11.725,11.8447,7135.0,0.27285839896773056,0.5160214334245253
ABCA13,0.3472,9.7809,9.4337,8505.0,0.27285839896773056,0.5160214334245253
KTN1,-0.1127,14.5396,14.6523,7135.0,0.27285839896773056,0.5160214334245253
LOC102723407,0.4952,6.5916,6.0964,8504.0,0.2734873152824725,0.5162323560856393
ATP2A3,0.097,10.3202,10.2232,8504.0,0.2735596563521073,0.5162323560856393
SLC2A10,-0.1554,11.2189,11.3742,7136.0,0.2735596563521073,0.5162323560856393
DAG1,0.0759,13.8585,13.7826,8504.0,0.2735596563521073,0.5162323560856393
ENTPD4,-0.0875,11.3006,11.3881,7136.0,0.2735596563521073,0.5162323560856393
ACTN4,0.1159,15.6268,15.5109,8504.0,0.2735596563521073,0.5162323560856393
TPMT,0.0813,10.815,10.7337,8504.0,0.2735596563521073,0.5162323560856393
NDUFA4,0.1139,12.0908,11.9769,8504.0,0.2735596563521073,0.5162323560856393
CXCL14,-0.2866,7.0274,7.3141,7136.5,0.2739106922674852,0.5167555436285558
PIK3C2G,-0.3606,4.1262,4.4868,7137.5,0.27411615177083826,0.5170007536551038
FAM83H,-0.0804,11.925,12.0054,7137.0,0.2742621447706284,0.5170007536551038
PNKP,-0.0596,11.3478,11.4074,7137.0,0.2742621447706284,0.5170007536551038
BPNT1,0.0822,10.3033,10.2211,8502.0,0.27496586457851724,0.517909077365077
PPARA,-0.1014,10.1518,10.2533,7138.0,0.27496586457851724,0.517909077365077
CDK18,-0.1051,9.2485,9.3537,7138.0,0.27496586457851724,0.517909077365077
HLA-H,0.2287,9.1791,8.9503,8501.0,0.27567081612529465,0.518261134315554
ZNF358,-0.0602,10.0171,10.0774,7139.0,0.27567081612529465,0.518261134315554
AFF3,-0.1948,7.9484,8.1432,7139.0,0.27567081612529465,0.518261134315554
KCNMA1,-0.2493,10.2957,10.5451,7139.0,0.27567081612529465,0.518261134315554
SPOCK1,-0.2335,8.1526,8.3861,7139.0,0.27567081612529465,0.518261134315554
PLVAP,-0.1142,9.1168,9.231,7139.0,0.27567081612529465,0.518261134315554
GUCY1B3,-0.1534,9.5424,9.6958,7139.0,0.27567081612529465,0.518261134315554
CSK,0.035,10.0919,10.0569,8500.0,0.2763769997547665,0.5190314103734592
ACSS1,-0.0677,8.6892,8.7569,7140.0,0.2763769997547665,0.5190314103734592
LAPTM5,-0.1651,10.8802,11.0453,7140.0,0.2763769997547665,0.5190314103734592
TSPAN17,-0.0902,9.2537,9.3439,7140.0,0.2763769997547665,0.5190314103734592
ITGA9,-0.1773,10.7276,10.9049,7141.0,0.2770844158050103,0.5202204192714444
EIF1AY,0.5624,8.2008,7.6385,8498.5,0.27723948648124597,0.5203720514146786
CHRDL1,-0.3847,6.6649,7.0496,7142.0,0.27779001400392456,0.5205739447290259
NHP2L1,-0.0787,9.4705,9.5492,7142.0,0.2777930646083635,0.5205739447290259
FHDC1,0.1783,9.2747,9.0964,8498.0,0.2777930646083635,0.5205739447290259
SERPINB5,-0.2137,8.9851,9.1988,7142.0,0.2777930646083635,0.5205739447290259
KDR,-0.124,10.9997,11.1237,7142.0,0.2777930646083635,0.5205739447290259
VAT1,-0.0697,10.3616,10.4313,7142.0,0.2777930646083635,0.5205739447290259
PCDHB16,-0.2474,8.1163,8.3637,7143.0,0.27850294649141016,0.5216250693445694
GPATCH4,0.0719,9.8577,9.7858,8497.0,0.27850294649141016,0.5216250693445694
SELENBP1,-0.2815,8.3093,8.5909,7144.0,0.2792140617749683,0.5218404255698167
STARD9,-0.1603,10.3192,10.4795,7144.0,0.2792140617749683,0.5218404255698167
ABCB1,-0.2375,9.2378,9.4753,7144.0,0.2792140617749683,0.5218404255698167
TXNDC11,0.118,11.3602,11.2422,8496.0,0.2792140617749683,0.5218404255698167
LUM,-0.207,12.8185,13.0255,7144.0,0.2792140617749683,0.5218404255698167
ACSL4,-0.1074,11.4653,11.5727,7144.0,0.2792140617749683,0.5218404255698167
CHN2,0.1794,9.0209,8.8415,8496.0,0.2792140617749683,0.5218404255698167
ALDH1B1,-0.1484,8.4618,8.6102,7144.0,0.2792140617749683,0.5218404255698167
SNORA53,0.0951,13.0185,12.9233,8495.0,0.27992641077407865,0.5230321917424954
CASC4,-0.0725,12.3832,12.4558,7146.0,0.280639993797991,0.5240858337512883
SLC2A1,-0.1682,12.7266,12.8948,7146.0,0.280639993797991,0.5240858337512883
ADH7,-0.6236,3.1321,3.7557,7153.5,0.28096337320637377,0.5245498540560478
SPIRE1,-0.1655,9.5816,9.7472,7147.0,0.28135481115015193,0.5248608797241646
PPAP2C,0.2374,9.5121,9.2747,8493.0,0.28135481115015193,0.5248608797241646
GRHL1,0.2124,11.6422,11.4298,8493.0,0.28135481115015193,0.5248608797241646
TMEM70,0.0861,10.8953,10.8092,8492.0,0.28207086312819263,0.525776485090959
TMEM258,0.0924,9.7083,9.6158,8492.0,0.28207086312819263,0.525776485090959
FOSB,-0.3335,8.22,8.5535,7148.0,0.28207086312819263,0.525776485090959
JUND,-0.1325,9.0216,9.1541,7149.0,0.2827881500239169,0.5264129225458506
LOC729218,-0.0978,10.0335,10.1313,7149.0,0.2827881500239169,0.5264129225458506
ARHGAP21,-0.0786,11.6958,11.7743,7149.0,0.2827881500239169,0.5264129225458506
SCLT1,0.0796,10.2184,10.1388,8491.0,0.2827881500239169,0.5264129225458506
NFYC,0.0886,10.8204,10.7319,8491.0,0.2827881500239169,0.5264129225458506
CPD,-0.0798,12.7054,12.7852,7150.0,0.2835066721232885,0.5271899163248511
RASSF3,-0.0873,9.8376,9.925,7150.0,0.2835066721232885,0.5271899163248511
SCRN3,-0.0842,9.9932,10.0774,7150.0,0.2835066721232885,0.5271899163248511
CD3G,0.1421,8.2301,8.088,8490.0,0.2835066721232885,0.5271899163248511
ISOC1,0.1152,9.4389,9.3237,8489.0,0.2842264297064181,0.5274079722400757
KIAA1467,0.1631,9.2153,9.0522,8489.0,0.2842264297064181,0.5274079722400757
SRPRB,0.101,10.9551,10.854,8489.0,0.2842264297064181,0.5274079722400757
CR1,-0.2409,10.1335,10.3744,7151.0,0.2842264297064181,0.5274079722400757
CDS1,0.1746,9.7727,9.5982,8489.0,0.2842264297064181,0.5274079722400757
TPCN2,-0.0965,10.3722,10.4687,7151.0,0.2842264297064181,0.5274079722400757
CLEC2D,0.0769,10.0233,9.9465,8489.0,0.2842264297064181,0.5274079722400757
SLC4A2,-0.0533,10.5433,10.5966,7151.0,0.2842264297064181,0.5274079722400757
CADM1,-0.1728,9.8436,10.0163,7152.0,0.28494742304755294,0.5281860253049268
HAVCR1,-0.5451,7.8985,8.4436,7152.0,0.28494742304755294,0.5281860253049268
GIMAP8,-0.2357,8.6535,8.8891,7152.0,0.28494742304755294,0.5281860253049268
GRSF1,0.0723,11.5846,11.5123,8488.0,0.28494742304755294,0.5281860253049268
RAC2,-0.3068,10.0488,10.3557,7153.0,0.2856696524150626,0.5286851416127599
STAG3,0.2901,7.3448,7.0547,8487.0,0.2856696524150626,0.5286851416127599
KLHL6,-0.2234,8.102,8.3253,7153.0,0.2856696524150626,0.5286851416127599
IGSF10,-0.2119,7.551,7.7629,7153.0,0.2856696524150626,0.5286851416127599
SGCE,0.097,9.9126,9.8156,8487.0,0.2856696524150626,0.5286851416127599
RN7SL2,-0.1834,9.1305,9.3139,7153.0,0.2856696524150626,0.5286851416127599
NRIP1,0.1043,11.8629,11.7586,8486.0,0.2863931180714284,0.529604173713814
PRDX6,0.1174,11.1404,11.0229,8486.0,0.2863931180714284,0.529604173713814
LARP1B,0.0756,11.5374,11.4618,8486.0,0.2863931180714284,0.529604173713814
HEPHL1,-0.4627,3.4368,3.8995,7156.0,0.28695608762812796,0.5299647062133457
DAPP1,0.0144,9.1371,9.1227,8485.0,0.2871178202732305,0.5299647062133457
ZNF812,-0.4707,7.9682,8.4388,7155.0,0.2871178202732305,0.5299647062133457
PDS5B,0.1073,12.3565,12.2492,8485.0,0.2871178202732305,0.5299647062133457
SH2D4A,0.2029,10.0593,9.8565,8485.0,0.2871178202732305,0.5299647062133457
MOXD1,-0.1595,9.2321,9.3916,7155.0,0.2871178202732305,0.5299647062133457
DENND2A,-0.1432,8.6479,8.7912,7155.0,0.2871178202732305,0.5299647062133457
PAPD4,-0.0553,11.5529,11.6082,7156.0,0.2878437592711356,0.530605381988882
ABCD1,0.1074,9.089,8.9817,8484.0,0.2878437592711356,0.530605381988882
ITFG1,-0.0315,12.0411,12.0725,7156.0,0.2878437592711356,0.530605381988882
PCMTD2,0.0864,10.2755,10.1891,8484.0,0.2878437592711356,0.530605381988882
ID3,-0.1347,8.9958,9.1304,7156.0,0.2878437592711356,0.530605381988882
ZNF654,-0.1052,10.1128,10.2181,7157.0,0.28857093530988576,0.5316659457971928
ASUN,0.0382,10.8846,10.8464,8483.0,0.28857093530988576,0.5316659457971928
ADAM28,-0.1771,9.8388,10.0159,7158.0,0.2892993486282861,0.5324476579353187
TOB1,0.1274,11.6236,11.4962,8482.0,0.2892993486282861,0.5324476579353187
FRY,-0.1378,13.3004,13.4382,7158.0,0.2892993486282861,0.5324476579353187
SCYL2,0.0606,12.1292,12.0687,8482.0,0.2892993486282861,0.5324476579353187
MAGEA4,-0.635,3.6452,4.2802,7164.0,0.2899733735466251,0.5332300034688164
LEPREL2,-0.1307,8.8952,9.0259,7159.0,0.290028999459192,0.5332300034688164
PNPT1,0.0897,11.202,11.1124,8481.0,0.290028999459192,0.5332300034688164
TRPA1,0.3735,8.5483,8.1748,8481.0,0.290028999459192,0.5332300034688164
SH3PXD2B,-0.1681,11.294,11.4621,7160.0,0.2907598880294987,0.5341530681717155
CD38,0.366,7.9146,7.5487,8480.0,0.2907598880294987,0.5341530681717155
SOS1,0.0475,13.9972,13.9498,8480.0,0.2907598880294987,0.5341530681717155
CLIC1,-0.0478,11.9851,12.0329,7161.0,0.2914920145601281,0.5346565159676733
KIAA0922,-0.183,10.4469,10.6298,7161.0,0.2914920145601281,0.5346565159676733
PNP,-0.1208,10.6098,10.7305,7161.0,0.2914920145601281,0.5346565159676733
CALCOCO1,-0.075,10.4401,10.5151,7161.0,0.2914920145601281,0.5346565159676733
ZNF816,-0.1168,10.9184,11.0352,7161.0,0.2914920145601281,0.5346565159676733
ACAT2,0.1116,9.8225,9.7109,8479.0,0.2914920145601281,0.5346565159676733
DOPEY2,0.0734,11.8001,11.7267,8478.0,0.29222537926601755,0.5351606514121132
SNORA74A,-0.1475,11.3443,11.4919,7162.0,0.29222537926601755,0.5351606514121132
ATP2C2,-0.1902,9.3431,9.5332,7162.0,0.29222537926601755,0.5351606514121132
SKIL,0.1024,12.7472,12.6447,8478.0,0.29222537926601755,0.5351606514121132
TMEM165,0.0727,11.2988,11.2261,8478.0,0.29222537926601755,0.5351606514121132
PERP,-0.2087,11.9842,12.1929,7162.0,0.29222537926601755,0.5351606514121132
DRAP1,0.0518,9.5938,9.5419,8477.0,0.2929599823561083,0.5358053686183929
CTSL,0.1389,12.3964,12.2576,8477.0,0.2929599823561083,0.5358053686183929
ZNF398,0.0778,9.4443,9.3665,8477.0,0.2929599823561083,0.5358053686183929
TLDC1,-0.1826,9.1753,9.3579,7163.0,0.2929599823561083,0.5358053686183929
IFT52,0.1678,10.4966,10.3287,8477.0,0.2929599823561083,0.5358053686183929
WASL,-0.0748,11.0886,11.1634,7164.0,0.29369582403333283,0.5368707532512216
AZIN1,0.0751,12.2121,12.137,8476.0,0.29369582403333283,0.5368707532512216
TUFM,0.106,12.8068,12.7007,8475.0,0.29443290449460446,0.5377969823097848
MGST3,0.0987,11.5413,11.4425,8475.0,0.29443290449460446,0.5377969823097848
FOXRED1,0.0921,10.6766,10.5845,8475.0,0.29443290449460446,0.5377969823097848
GLCE,0.1287,9.9128,9.7842,8474.0,0.29517122393080475,0.5387240242865325
DEF6,-0.1271,9.3156,9.4427,7166.0,0.29517122393080475,0.5387240242865325
ZNF397,0.1004,10.1634,10.063,8474.0,0.29517122393080475,0.5387240242865325
CCDC138,0.1024,8.9613,8.8589,8473.0,0.2959107825267715,0.5393709552407551
KRT16,0.2923,10.9027,10.6104,8473.0,0.2959107825267715,0.5393709552407551
SNCG,0.2267,9.464,9.2373,8473.0,0.2959107825267715,0.5393709552407551
PAK1IP1,0.0908,10.4225,10.3317,8473.0,0.2959107825267715,0.5393709552407551
LHFPL2,-0.1779,8.5396,8.7175,7167.0,0.2959107825267715,0.5393709552407551
FKBP9,-0.083,11.0165,11.0995,7168.0,0.2966515804612888,0.5398781231731823
LCK,0.1117,7.7603,7.6487,8472.0,0.2966515804612888,0.5398781231731823
TRAK2,-0.0489,11.7981,11.847,7168.0,0.2966515804612888,0.5398781231731823
PTER,0.0731,9.8414,9.7683,8472.0,0.2966515804612888,0.5398781231731823
ITM2C,0.1767,10.0158,9.8391,8472.0,0.2966515804612888,0.5398781231731823
SCARNA9,-0.1139,10.9816,11.0955,7168.0,0.2966515804612888,0.5398781231731823
COG6,0.0546,12.3884,12.3338,8471.0,0.29739361790707397,0.5405262149502308
RNF6,0.0611,11.0612,11.0001,8471.0,0.29739361790707397,0.5405262149502308
LRP6,0.0482,12.5253,12.4771,7169.0,0.29739361790707397,0.5405262149502308
TXNRD2,-0.2193,8.6129,8.8322,7169.0,0.29739361790707397,0.5405262149502308
SSBP3,-0.0355,9.7967,9.8322,7169.0,0.29739361790707397,0.5405262149502308
ARHGAP31,-0.1321,12.0254,12.1575,7170.0,0.29813689503076646,0.5413151869070412
SSR1,0.0958,12.316,12.2202,8470.0,0.29813689503076646,0.5413151869070412
GALM,0.1128,9.3732,9.2605,8470.0,0.29813689503076646,0.5413151869070412
ALDH1A1,-0.1812,9.4373,9.6186,7170.0,0.29813689503076646,0.5413151869070412
RFX5,0.0972,11.4475,11.3503,8469.0,0.2988814119929166,0.5425263162743378
PPP2R2A,-0.0931,11.0637,11.1568,7172.0,0.2996271689479745,0.5428949713176365
PIGK,0.0826,10.0053,9.9227,8468.0,0.2996271689479745,0.5428949713176365
KLHDC4,0.0784,9.2832,9.2047,8468.0,0.2996271689479745,0.5428949713176365
DUSP5,-0.198,8.8458,9.0438,7172.0,0.2996271689479745,0.5428949713176365
ABCB6,-0.1622,9.1697,9.3319,7172.0,0.2996271689479745,0.5428949713176365
HPGD,0.2792,11.793,11.5138,8468.0,0.2996271689479745,0.5428949713176365
SLC16A3,-0.1432,9.9431,10.0863,7172.0,0.2996271689479745,0.5428949713176365
IMPACT,0.1229,10.2016,10.0787,8467.0,0.300374166044278,0.5439669730561363
XYLT1,-0.1256,9.0194,9.145,7173.0,0.300374166044278,0.5439669730561363
QSER1,0.0725,12.0718,11.9993,8466.0,0.30112240342404195,0.5441961783686622
ADD3,-0.123,12.1742,12.2972,7174.0,0.30112240342404195,0.5441961783686622
MAP2K3,-0.0897,9.4671,9.5569,7174.0,0.30112240342404195,0.5441961783686622
ZNF543,0.0514,10.0697,10.0184,8466.0,0.30112240342404195,0.5441961783686622
RPS6,-0.0942,14.7103,14.8045,7174.0,0.30112240342404195,0.5441961783686622
PRPS1,0.1075,11.327,11.2195,8466.0,0.30112240342404195,0.5441961783686622
TAF4B,0.1412,9.1221,8.9809,8466.0,0.30112240342404195,0.5441961783686622
PTS,-0.0581,9.3619,9.4201,7174.0,0.30112240342404195,0.5441961783686622
CASQ2,-0.373,6.2736,6.6466,7174.5,0.3014950691881544,0.5444266763345585
SLC6A14,0.3576,6.5625,6.2049,8465.0,0.3018672775807665,0.5444266763345585
UPK1B,0.2093,11.4652,11.2559,8465.0,0.30187188122334585,0.5444266763345585
NIPSNAP3A,0.0818,10.1151,10.0333,8465.0,0.30187188122334585,0.5444266763345585
ABHD5,0.0806,10.8603,10.7797,8465.0,0.30187188122334585,0.5444266763345585
AP1S1,0.0884,9.7051,9.6167,8465.0,0.30187188122334585,0.5444266763345585
POGZ,0.1403,12.8453,12.705,8465.0,0.30187188122334585,0.5444266763345585
ALDH3B2,0.3283,8.5738,8.2455,8465.0,0.30187188122334585,0.5444266763345585
KRT6A,-0.6331,10.7756,11.4087,7176.0,0.3026225995721248,0.5453592549674704
NIPAL1,0.2032,9.0865,8.8833,8464.0,0.3026225995721248,0.5453592549674704
KIAA1211,0.2302,8.8635,8.6333,8464.0,0.3026225995721248,0.5453592549674704
GALT,-0.0485,9.9978,10.0463,7177.0,0.30337455859415585,0.5462926289109986
ENGASE,-0.067,9.5885,9.6554,7177.0,0.30337455859415585,0.5462926289109986
NNT,0.0523,12.1038,12.0515,8463.0,0.30337455859415585,0.5462926289109986
VPS28,-0.0893,9.6372,9.7264,7178.0,0.30412775840704853,0.5465246836347346
ANKRD36BP2,0.3549,8.6883,8.3334,8462.0,0.30412775840704853,0.5465246836347346
PTP4A1,-0.111,10.8849,10.996,7178.0,0.30412775840704853,0.5465246836347346
GOLGA8A,0.1416,10.1744,10.0328,8462.0,0.30412775840704853,0.5465246836347346
MUC16,0.5769,10.1151,9.5382,8462.0,0.30412775840704853,0.5465246836347346
ZNF616,-0.0424,9.8284,9.8707,7178.0,0.30412775840704853,0.5465246836347346
CRIM1,-0.1181,12.174,12.2921,7178.0,0.30412775840704853,0.5465246836347346
SLC40A1,-0.0977,12.0708,12.1685,7178.0,0.30412775840704853,0.5465246836347346
CCDC102B,-0.1146,10.2491,10.3637,7179.0,0.3048821991222329,0.5475993948327769
EFHD2,-0.1477,10.5729,10.7206,7179.0,0.3048821991222329,0.5475993948327769
SLC43A3,-0.1179,9.7172,9.8351,7180.0,0.30563788084494914,0.5482536064439495
LRP5,-0.1046,12.1861,12.2908,7180.0,0.30563788084494914,0.5482536064439495
TMEM67,0.1551,10.8146,10.6595,8460.0,0.30563788084494914,0.5482536064439495
UROS,0.0733,10.8243,10.751,8460.0,0.30563788084494914,0.5482536064439495
NLGN4X,-0.1722,8.6299,8.8021,7180.0,0.30563788084494914,0.5482536064439495
GLG1,-0.0332,13.3856,13.4188,7181.0,0.3063948036742359,0.5491893550372854
CYB5R2,0.0909,9.403,9.3121,8459.0,0.3063948036742359,0.5491893550372854
CD47,0.1209,11.5946,11.4737,8459.0,0.3063948036742359,0.5491893550372854
HLA-DRB5,-0.5063,3.0378,3.5441,7186.5,0.3065346385613896,0.549299404771088
ITLN1,0.5569,4.0584,3.5016,8455.5,0.30744377688326174,0.5507876105176469
MRPL19,0.0427,10.7586,10.7159,8457.0,0.3079123730176049,0.5512040767490508
ALPK2,-0.1501,8.0048,8.155,7183.0,0.3079123730176049,0.5512040767490508
ZSCAN9,0.0798,9.1444,9.0646,8457.0,0.3079123730176049,0.5512040767490508
SPAG16,0.014,9.1092,9.0952,8456.0,0.3086730196986601,0.552142313397118
SMARCE1,0.0735,12.2038,12.1304,8456.0,0.3086730196986601,0.552142313397118
MMP9,-0.2291,10.0345,10.2637,7184.0,0.3086730196986601,0.552142313397118
SLC38A6,-0.0808,9.2403,9.3211,7185.0,0.30943490782021066,0.5527991478226876
HSPA5,0.1085,13.623,13.5145,8455.0,0.30943490782021066,0.5527991478226876
UQCR10,0.0495,10.7087,10.6593,8455.0,0.30943490782021066,0.5527991478226876
PCED1A,-0.0601,10.7661,10.8262,7185.0,0.30943490782021066,0.5527991478226876
OGG1,0.0325,9.5541,9.5216,8455.0,0.30943490782021066,0.5527991478226876
POLD2,0.1021,10.1121,10.01,8454.0,0.31019803745012553,0.5538798715612516
SEC61G,0.0608,10.5107,10.45,8454.0,0.31019803745012553,0.5538798715612516
ZNF493,-0.1989,11.5819,11.7808,7187.0,0.31096240865000824,0.5548203179047153
NR3C1,-0.1564,12.1167,12.2732,7187.0,0.31096240865000824,0.5548203179047153
SLC23A2,-0.1615,10.3579,10.5194,7187.0,0.31096240865000824,0.5548203179047153
LSR,0.1336,10.4601,10.3265,8452.0,0.31172802147518475,0.5555728906958058
GPD1L,0.2121,10.7285,10.5164,8452.0,0.31172802147518475,0.5555728906958058
PCDHGB3,-0.1838,7.89,8.0739,7188.0,0.31172802147518475,0.5555728906958058
C6orf132,0.0915,10.8284,10.7368,8452.0,0.31172802147518475,0.5555728906958058
IFT122,0.1069,11.4965,11.3896,8451.0,0.3124948759746936,0.5555728906958058
EMC3,0.1007,11.1145,11.0139,8451.0,0.3124948759746936,0.5555728906958058
RGS12,-0.0817,10.0418,10.1235,7189.0,0.3124948759746936,0.5555728906958058
GLB1,0.0793,12.4307,12.3513,8451.0,0.3124948759746936,0.5555728906958058
NPIPB3,0.1134,10.445,10.3316,8451.0,0.3124948759746936,0.5555728906958058
RPL7A,-0.0784,12.2783,12.3567,7189.0,0.3124948759746936,0.5555728906958058
FBRSL1,0.1099,9.4676,9.3577,8451.0,0.3124948759746936,0.5555728906958058
IFNAR1,0.0832,11.4368,11.3536,8451.0,0.3124948759746936,0.5555728906958058
MPDZ,-0.1566,11.249,11.4056,7189.0,0.3124948759746936,0.5555728906958058
ITGB1,-0.0752,14.6914,14.7665,7189.0,0.3124948759746936,0.5555728906958058
COL9A1,0.4472,6.0759,5.6288,8450.5,0.31284146313006744,0.5560479102283914
IL6,-0.3543,6.0272,6.3815,7190.0,0.31326291733331313,0.5560914053879598
SORL1,-0.1932,13.5663,13.7595,7190.0,0.3132629721912753,0.5560914053879598
STOML2,0.1106,11.2088,11.0982,8450.0,0.3132629721912753,0.5560914053879598
MRPL45,0.0393,9.8299,9.7906,8450.0,0.3132629721912753,0.5560914053879598
AMPD2,-0.0925,10.3171,10.4097,7190.0,0.3132629721912753,0.5560914053879598
TSKU,-0.1817,9.2353,9.417,7191.0,0.31403231016136146,0.5566105462060275
UGT1A1,-0.5389,8.5575,9.0964,7191.0,0.31403231016136146,0.5566105462060275
BTK,-0.185,9.4058,9.5908,7191.0,0.31403231016136146,0.5566105462060275
KIF7,-0.0941,8.5047,8.5988,7191.0,0.31403231016136146,0.5566105462060275
PCDHB9,-0.275,8.795,9.07,7191.0,0.31403231016136146,0.5566105462060275
ATG4C,0.0447,9.3118,9.2671,8449.0,0.31403231016136146,0.5566105462060275
PITPNC1,-0.109,9.9462,10.0553,7192.0,0.3148028899150648,0.5571303103551172
ZFP30,0.1119,9.4759,9.364,8448.0,0.3148028899150648,0.5571303103551172
ZDHHC4,0.027,9.9473,9.9203,8448.0,0.3148028899150648,0.5571303103551172
ARL13B,0.0815,9.798,9.7165,8448.0,0.3148028899150648,0.5571303103551172
GHITM,0.0825,12.1302,12.0477,8448.0,0.3148028899150648,0.5571303103551172
CFL2,-0.1258,11.1306,11.2565,7192.0,0.3148028899150648,0.5571303103551172
SQRDL,0.0545,10.8134,10.759,8447.0,0.3155747114761682,0.5577914448429091
CHD1,-0.0702,12.3432,12.4134,7193.0,0.3155747114761682,0.5577914448429091
GPR155,-0.1632,8.8513,9.0145,7193.0,0.3155747114761682,0.5577914448429091
NAMPT,-0.1033,12.2378,12.3411,7193.0,0.3155747114761682,0.5577914448429091
MVP,-0.1987,11.5734,11.7721,7193.0,0.3155747114761682,0.5577914448429091
CCNL2,-0.0607,12.1627,12.2234,7194.0,0.31634777486211496,0.5588757485770411
SLC44A4,0.2169,9.8616,9.6447,8446.0,0.31634777486211496,0.5588757485770411
TGS1,0.0455,11.3093,11.2638,8445.0,0.31712208008399734,0.5596789130111475
AGFG2,0.1667,9.3964,9.2297,8445.0,0.31712208008399734,0.5596789130111475
TRIM29,-0.3273,10.9976,11.3249,7195.0,0.31712208008399734,0.5596789130111475
DNAH7,-0.1543,8.1159,8.2703,7195.0,0.31712208008399734,0.5596789130111475
SLC3A2,0.0593,11.5569,11.4976,8444.0,0.31789762714654735,0.5607650082889852
ZNF692,-0.0936,9.7505,9.8441,7196.0,0.31789762714654735,0.5607650082889852
PARP6,0.0869,11.301,11.2141,8443.0,0.3186744160481265,0.5610047600766792
PTPRF,0.1376,14.0612,13.9236,8443.0,0.3186744160481265,0.5610047600766792
BBS9,-0.0647,11.7883,11.8531,7197.0,0.3186744160481265,0.5610047600766792
POLR3GL,-0.041,9.5954,9.6364,7197.0,0.3186744160481265,0.5610047600766792
NDUFS4,-0.0721,11.1721,11.2442,7197.0,0.3186744160481265,0.5610047600766792
ATP1A2,-0.3028,6.8714,7.1742,7197.0,0.3186744160481265,0.5610047600766792
ANGPT2,-0.1034,9.0681,9.1715,7197.0,0.3186744160481265,0.5610047600766792
SPTBN5,-0.1848,8.2528,8.4376,7197.0,0.3186744160481265,0.5610047600766792
AACS,0.0807,9.8718,9.7911,8442.0,0.3194524467807145,0.5620918303531014
TRAF2,0.09,9.6232,9.5332,8442.0,0.3194524467807145,0.5620918303531014
TMPRSS11E,-0.3956,6.2361,6.6317,7198.5,0.3198413792255642,0.562332680658799
TTN,-0.2211,12.0167,12.2377,7199.0,0.32023171932990013,0.562332680658799
DAP,0.0251,11.1442,11.1191,8441.0,0.32023171932990013,0.562332680658799
GATA2,0.3101,9.337,9.027,8441.0,0.32023171932990013,0.562332680658799
NBEA,-0.1126,11.0469,11.1595,7199.0,0.32023171932990013,0.562332680658799
CKAP4,-0.0541,11.2782,11.3323,7199.0,0.32023171932990013,0.562332680658799
ZNF510,0.089,9.786,9.697,8441.0,0.32023171932990013,0.562332680658799
VPS36,-0.0636,11.3453,11.409,7199.0,0.32023171932990013,0.562332680658799
SRGAP2,-0.0265,10.5526,10.5792,7200.0,0.3210122336748711,0.5629974135800456
NBPF19,-0.089,9.9739,10.0629,7200.0,0.3210122336748711,0.5629974135800456
RARRES3,0.2757,9.1656,8.8899,8440.0,0.3210122336748711,0.5629974135800456
CACNA2D1,-0.1583,10.677,10.8354,7200.0,0.3210122336748711,0.5629974135800456
BDH2,-0.1551,8.9764,9.1315,7200.0,0.3210122336748711,0.5629974135800456
NUCB2,0.1287,10.7679,10.6392,8439.0,0.32179398978840346,0.5638036803823341
TRABD,-0.1145,9.2292,9.3437,7201.0,0.32179398978840346,0.5638036803823341
ATXN7L1,-0.0507,9.9425,9.9933,7201.0,0.32179398978840346,0.5638036803823341
NUDT9,0.0109,10.0177,10.0068,8439.0,0.32179398978840346,0.5638036803823341
ARHGAP28,0.2459,9.0265,8.7806,8438.0,0.32257698763685183,0.5643284147941228
ANXA8L1,-0.4953,9.1576,9.6529,7202.0,0.32257698763685183,0.5643284147941228
TRAM2,-0.1009,9.4113,9.5122,7202.0,0.32257698763685183,0.5643284147941228
SLC27A2,0.2216,8.4862,8.2646,8438.0,0.32257698763685183,0.5643284147941228
ANP32B,0.123,13.4732,13.3502,8438.0,0.32257698763685183,0.5643284147941228
ADRBK2,-0.0923,10.449,10.5414,7202.0,0.32257698763685183,0.5643284147941228
CCL20,-0.1909,5.7275,5.9184,7202.5,0.3229688973450179,0.5648729241026873
AGPAT5,-0.0398,9.1919,9.2317,7203.0,0.3233612271801398,0.5652767533555964
CXADR,0.1754,11.0451,10.8697,8437.0,0.3233612271801398,0.5652767533555964
CBLC,0.2461,8.9483,8.7022,8436.0,0.3241467083717493,0.5662258415383787
ETV5,-0.0718,8.7917,8.8635,7204.0,0.3241467083717493,0.5662258415383787
SNORA65,0.1097,9.2215,9.1118,8436.0,0.3241467083717493,0.5662258415383787
SEMA3A,-0.2893,8.6005,8.8898,7205.0,0.32493343115871187,0.5667518850322439
THUMPD3,0.0949,10.7772,10.6823,8435.0,0.32493343115871187,0.5667518850322439
COL3A1,-0.2256,17.1269,17.3526,7205.0,0.32493343115871187,0.5667518850322439
SNORD15A,-0.1539,9.1579,9.3118,7205.0,0.32493343115871187,0.5667518850322439
PARD6B,0.1159,9.4645,9.3487,8435.0,0.32493343115871187,0.5667518850322439
LAMC3,-0.2048,9.4053,9.6101,7205.0,0.32493343115871187,0.5667518850322439
EEF1G,-0.0754,12.9342,13.0097,7206.0,0.3257213954815974,0.5675608192479787
ZFYVE9,-0.1437,11.6837,11.8275,7206.0,0.3257213954815974,0.5675608192479787
CHMP4C,0.131,9.0489,8.918,8434.0,0.3257213954815974,0.5675608192479787
DES,-0.4237,10.6032,11.0269,7206.0,0.3257213954815974,0.5675608192479787
PNPLA3,-0.1844,6.24,6.4244,7207.0,0.32651054643226396,0.5683703059222879
FUT3,0.2856,9.3286,9.043,8433.0,0.3265106012745058,0.5683703059222879
RAB15,0.2028,9.5306,9.3277,8433.0,0.3265106012745058,0.5683703059222879
C15orf48,0.2594,9.5577,9.2982,8433.0,0.3265106012745058,0.5683703059222879
LAMA1,-0.2861,9.2361,9.5222,7208.0,0.32730104846505614,0.5690390373388252
ATP6V0B,0.0698,10.601,10.5313,8432.0,0.32730104846505614,0.5690390373388252
UBLCP1,-0.0889,9.89,9.979,7208.0,0.32730104846505614,0.5690390373388252
MBNL1,-0.113,11.5399,11.6529,7208.0,0.32730104846505614,0.5690390373388252
ANKRD44,-0.1706,10.6171,10.7877,7208.0,0.32730104846505614,0.5690390373388252
PLIN3,-0.1125,8.7003,8.8128,7209.0,0.32809273697437835,0.5698495627558461
UGT1A5,-0.3629,7.9176,8.2804,7209.0,0.32809273697437835,0.5698495627558461
IGBP1,-0.0795,10.1246,10.2041,7209.0,0.32809273697437835,0.5698495627558461
OSBPL2,0.0709,11.1887,11.1178,8431.0,0.32809273697437835,0.5698495627558461
ZDHHC23,0.1267,8.917,8.7903,8430.0,0.32888566671710184,0.5706606352873796
RPL24,-0.0566,11.7337,11.7902,7210.0,0.32888566671710184,0.5706606352873796
C19orf33,0.272,10.9728,10.7008,8430.0,0.32888566671710184,0.5706606352873796
ANKAR,-0.0933,9.0321,9.1253,7210.0,0.32888566671710184,0.5706606352873796
SBSN,0.205,6.8827,6.6777,8429.0,0.3296796182949502,0.5713308346256462
NCKAP1,-0.0354,13.6792,13.7146,7211.0,0.32967983760134745,0.5713308346256462
RN7SL1,-0.1913,8.3814,8.5727,7211.0,0.32967983760134745,0.5713308346256462
FASTKD3,0.0562,9.0837,9.0274,8429.0,0.32967983760134745,0.5713308346256462
RPL36AL,-0.0946,10.2674,10.362,7211.0,0.32967983760134745,0.5713308346256462
BCS1L,-0.0471,9.9884,10.0356,7212.0,0.3304752495287172,0.571718916118974
HSD17B10,0.0703,10.4609,10.3905,8428.0,0.3304752495287172,0.571718916118974
PPP2R2D,0.0472,9.7781,9.7309,8428.0,0.3304752495287172,0.571718916118974
AGAP11,0.1985,11.5262,11.3277,8428.0,0.3304752495287172,0.571718916118974
HSBP1,0.0816,10.6123,10.5307,8428.0,0.3304752495287172,0.571718916118974
C11orf84,0.1228,9.4564,9.3337,8428.0,0.3304752495287172,0.571718916118974
MED10,0.0635,9.1051,9.0416,8428.0,0.3304752495287172,0.571718916118974
KIAA0020,0.072,11.3217,11.2497,8427.0,0.3312719023942856,0.5725313752386926
ANKMY2,0.0729,9.1028,9.0299,8427.0,0.3312719023942856,0.5725313752386926
TRPC1,0.1665,9.2042,9.0377,8427.0,0.3312719023942856,0.5725313752386926
ZNF429,-0.1828,10.7375,10.9203,7213.0,0.3312719023942856,0.5725313752386926
SNORA51,0.2273,8.9341,8.7069,8426.0,0.3320697960865894,0.5737687594360684
TAPBPL,0.0683,9.3433,9.275,8425.0,0.3328689304876187,0.5747241420623258
RNF213,0.0837,17.0547,16.9709,8425.0,0.3328689304876187,0.5747241420623258
SMURF1,-0.0559,11.1207,11.1766,7215.0,0.3328689304876187,0.5747241420623258
PTH2R,0.4057,5.9315,5.5258,8424.0,0.33366470218513067,0.5755384596615934
ZNF611,0.0592,11.0846,11.0254,8424.0,0.33366930547280726,0.5755384596615934
SEMA3D,0.2202,8.9417,8.7215,8424.0,0.33366930547280726,0.5755384596615934
PPAP2B,-0.135,9.5855,9.7204,7216.0,0.33366930547280726,0.5755384596615934
ETHE1,-0.1397,10.7063,10.8459,7217.0,0.33447092091102426,0.5760698128725782
PDCD4,-0.0555,12.3246,12.3801,7217.0,0.33447092091102426,0.5760698128725782
INPP5D,-0.1589,11.3172,11.4761,7217.0,0.33447092091102426,0.5760698128725782
BOC,-0.1545,8.7632,8.9177,7217.0,0.33447092091102426,0.5760698128725782
APBB1IP,-0.2291,9.7404,9.9696,7217.0,0.33447092091102426,0.5760698128725782
DCTN6,-0.0606,10.069,10.1296,7217.0,0.33447092091102426,0.5760698128725782
ERBB4,0.2936,7.3081,7.0145,8422.0,0.3352737766645639,0.5770268513103812
ARAP2,-0.1202,11.8159,11.9361,7218.0,0.3352737766645639,0.5770268513103812
VPS13B,-0.0446,15.0286,15.0732,7218.0,0.3352737766645639,0.5770268513103812
TRANK1,-0.1377,11.7965,11.9342,7219.0,0.3360778725891371,0.577842706050019
IL17RC,0.0557,9.25,9.1943,8421.0,0.3360778725891371,0.577842706050019
PARVG,-0.1546,8.8438,8.9983,7219.0,0.3360778725891371,0.577842706050019
KIFAP3,0.081,10.7498,10.6689,8421.0,0.3360778725891371,0.577842706050019
MOCS1,-0.1408,11.2803,11.4211,7221.0,0.33768978434125596,0.5796180293484843
TOMM6,0.0672,10.5408,10.4736,8419.0,0.33768978434125596,0.5796180293484843
FAM49B,0.0585,11.0686,11.0101,8419.0,0.33768978434125596,0.5796180293484843
RASA2,-0.0824,11.1295,11.2119,7221.0,0.33768978434125596,0.5796180293484843
CASP10,-0.1317,9.5354,9.6671,7221.0,0.33768978434125596,0.5796180293484843
ZNF280D,-0.0854,11.4887,11.5741,7221.0,0.33768978434125596,0.5796180293484843
ACO2,-0.0551,12.0019,12.057,7221.0,0.33768978434125596,0.5796180293484843
ZCCHC7,0.0612,11.2462,11.185,8418.0,0.3384975998472246,0.580862213116911
ZNF702P,-0.0936,8.4527,8.5463,7223.0,0.3393066548810546,0.5821079138001042
GATAD1,0.0412,9.6261,9.5848,8416.0,0.3401169492654045,0.5832122908192037
EIF2AK3,0.0538,12.4642,12.4104,8416.0,0.3401169492654045,0.5832122908192037
CYP2C18,-0.2074,6.1847,6.392,7225.0,0.3409238850095081,0.5840318407931788
PPP1R3B,-0.132,9.8797,10.0117,7225.0,0.3409284828162952,0.5840318407931788
NOC2L,0.0564,11.3013,11.2449,8415.0,0.3409284828162952,0.5840318407931788
FBL,0.0987,11.5724,11.4738,8415.0,0.3409284828162952,0.5840318407931788
CYP4F8,0.4209,7.3997,6.9788,8414.0,0.34174016080981595,0.5849948695105712
PPP2R2B,-0.2194,7.8105,8.0299,7226.0,0.3417412553431025,0.5849948695105712
PPME1,0.1091,10.9042,10.7951,8414.0,0.3417412553431025,0.5849948695105712
GALNT2,-0.0612,11.8547,11.916,7227.0,0.34255526664854696,0.5851011054487255
MBOAT2,-0.1294,9.7139,9.8433,7227.0,0.34255526664854696,0.5851011054487255
MSX2,0.1966,8.1498,7.9532,8413.0,0.34255526664854696,0.5851011054487255
HK2,-0.1026,12.4272,12.5298,7227.0,0.34255526664854696,0.5851011054487255
SLC25A13,0.0933,12.6502,12.5569,8413.0,0.34255526664854696,0.5851011054487255
TEX10,0.0631,9.9766,9.9135,8413.0,0.34255526664854696,0.5851011054487255
SAMD9,-0.1353,12.6864,12.8217,7227.0,0.34255526664854696,0.5851011054487255
ATXN1L,-0.0566,10.2536,10.3103,7227.0,0.34255526664854696,0.5851011054487255
SH3RF1,-0.0727,10.1019,10.1745,7227.0,0.34255526664854696,0.5851011054487255
PM20D1,-0.5477,6.844,7.3917,7228.0,0.3433584804047307,0.5859219608309918
ACSS2,0.0367,10.2136,10.1769,8412.0,0.34337051652868633,0.5859219608309918
TRIM2,-0.0838,9.4796,9.5634,7228.0,0.34337051652868633,0.5859219608309918
PSMB8-AS1,0.0948,8.6289,8.5341,8412.0,0.34337051652868633,0.5859219608309918
TXNDC16,0.0952,9.3937,9.2985,8411.0,0.34418700477290665,0.5866005340532162
SLC9A9,-0.1908,9.2022,9.393,7229.0,0.34418700477290665,0.5866005340532162
ZBTB1,-0.0845,11.6064,11.6909,7229.0,0.34418700477290665,0.5866005340532162
ANKRD36B,-0.1843,10.6158,10.8001,7229.0,0.34418700477290665,0.5866005340532162
CROT,-0.1554,11.2448,11.4003,7229.0,0.34418700477290665,0.5866005340532162
C11orf80,0.1048,10.1931,10.0883,8410.0,0.3450047311639136,0.5875652072813442
FRZB,-0.0919,8.7184,8.8103,7230.0,0.3450047311639136,0.5875652072813442
ARNT,0.0692,11.8501,11.7809,8410.0,0.3450047311639136,0.5875652072813442
ERN2,-0.3914,5.9572,6.3486,7231.0,0.3457930734461455,0.5885305806635477
STXBP4,0.0949,9.312,9.2172,8409.0,0.3458236954777236,0.5885305806635477
C2orf43,0.0483,9.4362,9.3879,8409.0,0.3458236954777236,0.5885305806635477
RPS24,-0.0603,15.9122,15.9725,7232.0,0.3466438974836572,0.5892104888538959
ZNF436,0.0731,10.2445,10.1715,8408.0,0.3466438974836572,0.5892104888538959
PRDX2,0.0667,10.0283,9.9616,8408.0,0.3466438974836572,0.5892104888538959
SLC22A5,-0.11,9.9975,10.1075,7232.0,0.3466438974836572,0.5892104888538959
PPP1CA,0.0562,12.0029,11.9467,8408.0,0.3466438974836572,0.5892104888538959
GSTM4,0.1593,11.4867,11.3274,8407.0,0.34746533694432813,0.5903201733675716
PROM2,-0.2021,11.3977,11.5998,7233.0,0.34746533694432813,0.5903201733675716
TOMM7,-0.0458,11.2497,11.2955,7234.0,0.3482880136156372,0.5910009593773461
LAMC1,-0.1659,13.5591,13.725,7234.0,0.3482880136156372,0.5910009593773461
CDK19,0.1082,10.0603,9.9521,8406.0,0.3482880136156372,0.5910009593773461
PIK3C2B,0.1096,12.0386,11.929,8406.0,0.3482880136156372,0.5910009593773461
PPP3CA,-0.0752,11.0839,11.1591,7234.0,0.3482880136156372,0.5910009593773461
KRT13,-0.3921,11.3878,11.7799,7235.0,0.34911192724676265,0.5919687231256849
NPAS2,-0.1169,11.2438,11.3607,7235.0,0.34911192724676265,0.5919687231256849
GARNL3,-0.087,9.5504,9.6375,7235.0,0.34911192724676265,0.5919687231256849
ZNF678,0.0788,10.4801,10.4013,8403.0,0.35076346435151773,0.5940499494204785
TTLL12,0.0785,9.3536,9.2751,8403.0,0.35076346435151773,0.5940499494204785
FTL,-0.0738,15.2209,15.2947,7237.0,0.35076346435151773,0.5940499494204785
HSD11B1,-0.1988,7.5386,7.7374,7237.0,0.35076346435151773,0.5940499494204785
QPCT,0.1506,9.3232,9.1726,8403.0,0.35076346435151773,0.5940499494204785
ADAMTS13,-0.1266,8.4703,8.5969,7238.0,0.3515910872898206,0.5948761498648498
FHL2,-0.1879,10.1116,10.2995,7238.0,0.3515910872898206,0.5948761498648498
MAN1B1,0.0596,12.1571,12.0975,8402.0,0.3515910872898206,0.5948761498648498
RAB11FIP3,-0.0412,9.981,10.0222,7238.0,0.3515910872898206,0.5948761498648498
NIPBL,0.0669,14.8011,14.7343,8401.0,0.3524199461172707,0.595128257212261
PTP4A2,0.062,11.4237,11.3617,8401.0,0.3524199461172707,0.595128257212261
COMMD7,0.0462,9.8831,9.8369,8401.0,0.3524199461172707,0.595128257212261
CANT1,0.0457,11.1155,11.0698,8401.0,0.3524199461172707,0.595128257212261
SNORA16A,0.0998,8.4441,8.3443,8401.0,0.3524199461172707,0.595128257212261
ARHGAP27,0.0268,8.9084,8.8816,8401.0,0.3524199461172707,0.595128257212261
TRIP6,-0.0785,8.9538,9.0322,7239.0,0.3524199461172707,0.595128257212261
FAM162A,-0.105,10.4033,10.5083,7239.0,0.3524199461172707,0.595128257212261
ANKRD19P,0.3175,6.478,6.1604,8400.0,0.35324813047072734,0.5958116652135965
FRMD4A,-0.0086,9.8846,9.8932,7240.0,0.35325004054931497,0.5958116652135965
ELOVL5,-0.0934,10.6037,10.6971,7240.0,0.35325004054931497,0.5958116652135965
AGA,0.0593,10.6462,10.5869,8400.0,0.35325004054931497,0.5958116652135965
ZNF711,0.1105,9.6224,9.5118,8400.0,0.35325004054931497,0.5958116652135965
PTPN21,-0.0494,10.2373,10.2867,7241.0,0.35408137029462927,0.596495510265405
RSU1,-0.072,10.9737,11.0457,7241.0,0.35408137029462927,0.596495510265405
LTBP1,-0.1254,12.8547,12.98,7241.0,0.35408137029462927,0.596495510265405
OSR1,-0.1782,7.8394,8.0176,7241.0,0.35408137029462927,0.596495510265405
QRSL1,0.0412,9.8728,9.8317,8399.0,0.35408137029462927,0.596495510265405
CUEDC1,-0.0527,8.7214,8.7742,7242.0,0.3549139350551124,0.597610552342138
LSP1,-0.1098,9.4608,9.5706,7242.0,0.3549139350551124,0.597610552342138
ABL1,-0.0596,11.0958,11.1553,7243.0,0.3557477345258764,0.5981515930095348
GTF2H3,0.1005,9.8286,9.7282,8397.0,0.3557477345258764,0.5981515930095348
EPS8,0.115,12.3324,12.2174,8397.0,0.3557477345258764,0.5981515930095348
SWT1,0.0828,9.6019,9.5191,8397.0,0.3557477345258764,0.5981515930095348
NBPF10,-0.0879,10.9251,11.013,7243.0,0.3557477345258764,0.5981515930095348
SGK2,0.2456,7.3254,7.0798,8397.0,0.3557477345258764,0.5981515930095348
TLR6,-0.1492,8.4468,8.596,7244.0,0.3565827683952403,0.5985496469491534
IRF9,0.0914,10.093,10.0015,8396.0,0.3565827683952403,0.5985496469491534
GEMIN4,-0.0567,9.2202,9.2769,7244.0,0.3565827683952403,0.5985496469491534
PSMD5,-0.0003,9.264,9.2643,8396.0,0.3565827683952403,0.5985496469491534
PGM3,0.0565,10.804,10.7475,8396.0,0.3565827683952403,0.5985496469491534
LDHA,-0.1206,15.279,15.3996,7244.0,0.3565827683952403,0.5985496469491534
ADAM23,-0.1074,8.4917,8.5991,7244.0,0.3565827683952403,0.5985496469491534
CEACAM6,-0.297,9.3476,9.6445,7245.0,0.3574190363447215,0.5993787144449436
NBPF11,0.1103,11.2889,11.1786,8395.0,0.3574190363447215,0.5993787144449436
SH3BP1,-0.1213,11.0925,11.2138,7245.0,0.3574190363447215,0.5993787144449436
TBC1D1,0.1015,12.127,12.0255,8395.0,0.3574190363447215,0.5993787144449436
ND2,0.1501,8.9486,8.7985,8394.0,0.3582565380490288,0.6003518870441131
NOL6,-0.0665,10.4328,10.4993,7246.0,0.3582565380490288,0.6003518870441131
JAK2,-0.0978,10.807,10.9048,7246.0,0.3582565380490288,0.6003518870441131
EMB,-0.1446,9.1523,9.2968,7247.0,0.35909527317605416,0.6014695522726399
LARGE,-0.0746,10.6246,10.6992,7247.0,0.35909527317605416,0.6014695522726399
PPP1R3C,-0.2788,9.8925,10.1713,7248.0,0.35993524138686595,0.6023002378571618
CCL2,-0.2313,8.9352,9.1665,7248.0,0.35993524138686595,0.6023002378571618
RBM7,-0.064,9.399,9.463,7248.0,0.35993524138686595,0.6023002378571618
FKBP11,-0.0444,8.6809,8.7253,7248.0,0.35993524138686595,0.6023002378571618
SEZ6L2,-0.1718,7.9458,8.1175,7249.0,0.36077644233570105,0.6035636468411166
SERPINB4,-0.5657,5.4641,6.0298,7250.0,0.36129293755858116,0.6041071055144828
PCSK7,-0.0599,10.0492,10.1091,7250.0,0.36161887566995743,0.6041071055144828
PDE9A,0.1062,9.2808,9.1746,8390.0,0.36161887566995743,0.6041071055144828
DNAH11,0.3476,6.7905,6.4428,8390.0,0.36161887566995743,0.6041071055144828
VILL,-0.178,8.6934,8.8713,7250.0,0.36161887566995743,0.6041071055144828
ATP5G3,-0.07,10.1066,10.1766,7250.0,0.36161887566995743,0.6041071055144828
ASAP1,-0.0686,12.3717,12.4403,7251.0,0.3624625410301874,0.6047951333891833
TENM1,0.3985,7.367,6.9685,8389.0,0.3624625410301874,0.6047951333891833
PARVB,-0.1275,9.012,9.1395,7251.0,0.3624625410301874,0.6047951333891833
TUBB2B,0.4333,6.2075,5.7741,8389.0,0.3624625410301874,0.6047951333891833
HAT1,0.0349,10.5145,10.4796,8389.0,0.3624625410301874,0.6047951333891833
PLBD2,-0.0661,10.5211,10.5872,7252.0,0.3633074380500897,0.6054835765503993
RPS6KA6,0.2667,8.2212,7.9545,8388.0,0.3633074380500897,0.6054835765503993
NOP10,0.0408,12.2897,12.2489,8388.0,0.3633074380500897,0.6054835765503993
SULT1A1,-0.1343,8.3914,8.5257,7252.0,0.3633074380500897,0.6054835765503993
COL1A1,-0.2119,17.3517,17.5636,7252.0,0.3633074380500897,0.6054835765503993
ZNF420,0.1044,9.2951,9.1907,8387.0,0.36415356635650276,0.606285930209319
SNORA7B,0.1371,9.5853,9.4482,8387.0,0.36415356635650276,0.606285930209319
IFI44L,0.2505,9.5315,9.281,8387.0,0.36415356635650276,0.606285930209319
PTPRO,-0.215,8.331,8.5459,7253.0,0.36415356635650276,0.606285930209319
LGR5,-0.2415,6.4143,6.6558,7254.0,0.3650008712077226,0.606285930209319
PI4KAP1,0.1206,9.0456,8.925,8386.0,0.3650009255693972,0.606285930209319
IFI27,0.2429,10.2227,9.9799,8386.0,0.3650009255693972,0.606285930209319
RNF38,0.0369,10.8487,10.8118,8386.0,0.3650009255693972,0.606285930209319
ERGIC3,0.0749,12.9223,12.8474,8386.0,0.3650009255693972,0.606285930209319
ATP1B3,-0.15,11.2479,11.3979,7254.0,0.3650009255693972,0.606285930209319
SGCB,-0.1271,9.4351,9.5621,7254.0,0.3650009255693972,0.606285930209319
ZBTB37,0.0621,9.3861,9.324,8386.0,0.3650009255693972,0.606285930209319
ZNF766,0.0459,10.2221,10.1762,8386.0,0.3650009255693972,0.606285930209319
ABCA3,0.1648,9.6926,9.5279,8386.0,0.3650009255693972,0.606285930209319
NPM1,-0.0774,12.5974,12.6747,7255.0,0.3658495153018694,0.6072633694380164
SNRPE,0.1065,9.0312,8.9247,8385.0,0.3658495153018694,0.6072633694380164
AKNA,-0.1879,10.2205,10.4084,7255.0,0.3658495153018694,0.6072633694380164
C19orf10,0.1005,10.2648,10.1643,8384.0,0.3666993351601333,0.6076657463621423
CCDC125,0.0647,9.4253,9.3606,8384.0,0.3666993351601333,0.6076657463621423
ZFYVE19,0.1005,9.5855,9.485,8384.0,0.3666993351601333,0.6076657463621423
JMY,-0.0533,10.0814,10.1347,7256.0,0.3666993351601333,0.6076657463621423
URB1,-0.0669,11.7087,11.7755,7256.0,0.3666993351601333,0.6076657463621423
ZNF7,-0.0704,9.6692,9.7396,7256.0,0.3666993351601333,0.6076657463621423
PLEKHG4,-0.0533,8.8181,8.8714,7256.0,0.3666993351601333,0.6076657463621423
PKHD1,-0.1809,9.9121,10.093,7257.0,0.36755038474351454,0.6083291331058802
PRKX,-0.1045,9.2374,9.3418,7257.0,0.36755038474351454,0.6083291331058802
OSER1,0.186,10.006,9.82,8383.0,0.36755038474351454,0.6083291331058802
INPP4B,-0.2248,11.5597,11.7845,7257.0,0.36755038474351454,0.6083291331058802
MYBPC1,0.3395,7.1577,6.8182,8382.0,0.36839962336904064,0.6083291331058802
FBXL17,-0.0548,9.9132,9.968,7258.0,0.3684026636444435,0.6083291331058802
HMOX1,0.1424,10.6828,10.5404,8382.0,0.3684026636444435,0.6083291331058802
TMEM120B,0.0285,9.2188,9.1903,8382.0,0.3684026636444435,0.6083291331058802
CIAPIN1,0.0483,9.5037,9.4554,8382.0,0.3684026636444435,0.6083291331058802
COL6A1,-0.1513,13.5638,13.715,7258.0,0.3684026636444435,0.6083291331058802
ARNT2,0.1767,9.1159,8.9391,8382.0,0.3684026636444435,0.6083291331058802
SLC25A36,0.0468,10.2681,10.2213,8382.0,0.3684026636444435,0.6083291331058802
SNORA54,-0.1901,9.4984,9.6885,7258.0,0.3684026636444435,0.6083291331058802
CPM,0.2112,9.3939,9.1827,8382.0,0.3684026636444435,0.6083291331058802
PIGR,-0.3218,8.0653,8.3871,7258.0,0.3684026636444435,0.6083291331058802
HLA-F,0.1322,11.8228,11.6906,8381.0,0.3692561714484479,0.6084472867419954
FAM63A,0.0577,9.167,9.1092,8381.0,0.3692561714484479,0.6084472867419954
FANCE,0.1218,10.0267,9.9048,8381.0,0.3692561714484479,0.6084472867419954
ZNF138,0.0791,9.8678,9.7886,8381.0,0.3692561714484479,0.6084472867419954
AGAP3,-0.0608,10.5938,10.6546,7259.0,0.3692561714484479,0.6084472867419954
ND4,0.1101,10.9286,10.8185,8381.0,0.3692561714484479,0.6084472867419954
POU5F1,-0.3644,7.1376,7.502,7259.0,0.3692561714484479,0.6084472867419954
SYDE2,-0.1158,9.2849,9.4007,7259.0,0.3692561714484479,0.6084472867419954
IL17RE,0.1301,8.3157,8.1856,8381.0,0.3692561714484479,0.6084472867419954
ANK3,-0.0656,12.1293,12.1949,7260.0,0.37011090773414634,0.6094255083146547
ADIPOR2,0.055,9.4585,9.4035,8380.0,0.37011090773414634,0.6094255083146547
MAGI1,0.1223,11.4727,11.3504,8380.0,0.37011090773414634,0.6094255083146547
PCDHB8,-0.2522,8.0882,8.3404,7261.0,0.37096687207324164,0.610260983116963
TM9SF3,0.0643,13.28,13.2157,8379.0,0.37096687207324164,0.610260983116963
AP5M1,-0.0738,10.4439,10.5177,7261.0,0.37096687207324164,0.610260983116963
TMX4,-0.0613,10.1143,10.1757,7261.0,0.37096687207324164,0.610260983116963
BPIFB1,-0.4678,5.0261,5.4939,7262.0,0.3716830619732062,0.61081020886833
HPSE2,-0.3545,4.9449,5.2994,7262.0,0.3717622513217994,0.61081020886833
C9orf3,-0.0544,10.5567,10.6112,7262.0,0.37182406403051416,0.61081020886833
PPP2R1B,-0.0226,10.7295,10.7521,7262.0,0.37182406403051416,0.61081020886833
LCN2,0.4336,9.0625,8.6289,8378.0,0.37182406403051416,0.61081020886833
SBDS,-0.0672,11.317,11.3842,7262.0,0.37182406403051416,0.61081020886833
PVALB,-0.3329,4.328,4.6609,7263.0,0.37266275560722517,0.6117898334730886
EXOC6B,-0.0624,11.8967,11.9591,7263.0,0.3726824831638149,0.6117898334730886
PRDM1,-0.0941,10.7643,10.8584,7263.0,0.3726824831638149,0.6117898334730886
TBCE,0.0603,11.3176,11.2573,8376.0,0.3735421290240598,0.6127700935946336
ERLIN1,0.0575,11.039,10.9815,8376.0,0.3735421290240598,0.6127700935946336
PLEKHA1,-0.065,10.8431,10.9081,7264.0,0.3735421290240598,0.6127700935946336
WDR72,-0.0266,9.0053,9.032,7265.0,0.3744027845410389,0.6133202846994199
ZNF462,-0.0349,11.9298,11.9647,8375.0,0.37440300115522207,0.6133202846994199
PIK3CD,-0.162,9.9945,10.1565,7265.0,0.37440300115522207,0.6133202846994199
SLC25A32,0.0495,9.2195,9.17,8375.0,0.37440300115522207,0.6133202846994199
EFCAB13,-0.2086,8.9454,9.154,7265.0,0.37440300115522207,0.6133202846994199
ZNF282,0.0771,9.5729,9.4958,8375.0,0.37440300115522207,0.6133202846994199
PLEKHS1,0.3127,6.4251,6.1124,8374.5,0.37483335549554164,0.6138816624263981
SRC,-0.1003,10.1081,10.2084,7266.0,0.37526509909432726,0.6143014233187409
NOLC1,0.0767,12.0728,11.9961,8374.0,0.37526509909432726,0.6143014233187409
CD63,-0.0339,13.8207,13.8546,7267.0,0.37612842237144517,0.6152831912794278
ZIK1,0.1245,8.8123,8.6878,8373.0,0.37612842237144517,0.6152831912794278
NELFB,0.0495,10.0575,10.008,8373.0,0.37612842237144517,0.6152831912794278
ZNF432,-0.1835,9.5241,9.7076,7268.0,0.3769929705096855,0.6159780150441735
PNPO,0.0674,10.1762,10.1089,8372.0,0.3769929705096855,0.6159780150441735
RBM4,0.0827,9.7397,9.6569,8372.0,0.3769929705096855,0.6159780150441735
ZDHHC18,0.0327,9.8866,9.8539,8372.0,0.3769929705096855,0.6159780150441735
LDHB,0.0731,13.6303,13.5571,8372.0,0.3769929705096855,0.6159780150441735
ZNF783,-0.0429,9.2469,9.2898,7269.0,0.37785874302519007,0.6169607781313607
ZNF532,-0.1092,11.6126,11.7218,7269.0,0.37785874302519007,0.6169607781313607
CHID1,0.0459,10.4138,10.3679,8371.0,0.37785874302519007,0.6169607781313607
CDH26,-0.2328,9.2595,9.4923,7270.0,0.3787257394271274,0.6173687973017162
FRRS1,-0.0908,10.4328,10.5237,7270.0,0.3787257394271274,0.6173687973017162
PAG1,-0.1368,9.3567,9.4935,7270.0,0.3787257394271274,0.6173687973017162
DCAF17,-0.0904,12.061,12.1514,7270.0,0.3787257394271274,0.6173687973017162
RASSF2,0.1134,9.2255,9.1121,8370.0,0.3787257394271274,0.6173687973017162
SLC44A3,0.0636,10.5669,10.5033,8370.0,0.3787257394271274,0.6173687973017162
RPL6,-0.0442,9.0735,9.1177,7270.0,0.3787257394271274,0.6173687973017162
TMCO3,-0.0136,10.8377,10.8513,7271.0,0.37959395921768635,0.6183522903934537
FLRT3,-0.3034,8.7003,9.0038,7271.0,0.37959395921768635,0.6183522903934537
LRRC1,0.1347,11.1119,10.9772,8369.0,0.37959395921768635,0.6183522903934537
SLFN12,-0.2325,8.612,8.8445,7272.0,0.38046340189207084,0.6189048091638031
FOXJ2,0.1269,9.6723,9.5454,8368.0,0.38046340189207084,0.6189048091638031
SNORA63,0.0909,13.6185,13.5277,8368.0,0.38046340189207084,0.6189048091638031
CBX5,0.1833,10.6333,10.4499,8368.0,0.38046340189207084,0.6189048091638031
GTF2H5,0.0719,10.1109,10.039,8368.0,0.38046340189207084,0.6189048091638031
GTF2E2,-0.0888,9.6149,9.7038,7272.0,0.38046340189207084,0.6189048091638031
GPX8,-0.1468,8.77,8.9167,7273.0,0.38133406693849226,0.6191705241758083
TSPAN2,-0.1509,7.872,8.0229,7273.0,0.38133406693849226,0.6191705241758083
CRYZ,-0.1383,9.5237,9.662,7273.0,0.38133406693849226,0.6191705241758083
HMGCR,0.0819,11.8698,11.7879,8367.0,0.38133406693849226,0.6191705241758083
ZNF614,-0.133,9.2459,9.3789,7273.0,0.38133406693849226,0.6191705241758083
GCFC2,0.0345,10.0445,10.01,8367.0,0.38133406693849226,0.6191705241758083
GTF3C4,0.0874,10.5046,10.4172,8367.0,0.38133406693849226,0.6191705241758083
PRMT5,0.0688,11.1991,11.1302,8367.0,0.38133406693849226,0.6191705241758083
PRSS3,-0.3005,6.2269,6.5274,7274.0,0.382202932304172,0.619580623779786
ATP6V1G1,0.0469,9.907,9.8601,8366.0,0.3822059538381658,0.619580623779786
ZFAND1,0.06,9.1244,9.0645,8366.0,0.3822059538381658,0.619580623779786
DNAJC10,-0.0486,12.7461,12.7948,7274.0,0.3822059538381658,0.619580623779786
DLAT,0.0304,11.831,11.8006,8366.0,0.3822059538381658,0.619580623779786
MYOCD,-0.2031,7.0286,7.2317,7274.0,0.3822059538381658,0.619580623779786
ZNF318,0.0597,11.5992,11.5395,8366.0,0.3822059538381658,0.619580623779786
ACSM6,0.3533,5.2988,4.9455,8364.0,0.3837344108263119,0.6218375573041156
CDSN,-0.4099,4.3801,4.79,7276.0,0.3837767142824793,0.6218375573041156
BCL7A,0.0806,9.0038,8.9233,8364.0,0.3839533910871049,0.6218375573041156
DUOXA1,-0.2856,8.7001,8.9857,7276.0,0.3839533910871049,0.6218375573041156
EID1,0.0021,10.5969,10.5948,8363.0,0.3848289403637605,0.622679544678238
ZNF254,0.0659,12.3185,12.2526,8363.0,0.3848289403637605,0.622679544678238
EIF4E3,0.0579,9.0892,9.0313,8363.0,0.3848289403637605,0.622679544678238
RPS5,-0.0636,13.1659,13.2296,7277.0,0.3848289403637605,0.622679544678238
TMEM62,0.089,10.2826,10.1936,8362.0,0.38570570934843706,0.623378048134573
SCRIB,0.0911,10.8381,10.7471,8362.0,0.38570570934843706,0.623378048134573
ABAT,-0.1628,10.3125,10.4754,7278.0,0.38570570934843706,0.623378048134573
MYCN,0.2796,7.2865,7.007,8362.0,0.38570570934843706,0.623378048134573
SEC14L1,-0.0375,11.2856,11.323,7278.0,0.38570570934843706,0.623378048134573
TET3,0.0804,11.6753,11.5949,8361.0,0.3865836974872757,0.6242208055115037
ARHGAP10,0.0667,11.618,11.5513,8361.0,0.3865836974872757,0.6242208055115037
BTN3A2,0.0519,11.2451,11.1931,8361.0,0.3865836974872757,0.6242208055115037
PNPLA8,0.0305,10.9099,10.8793,8361.0,0.3865836974872757,0.6242208055115037
H1F0,0.1291,12.0981,11.969,8360.0,0.38746290421938656,0.6250639756388767
CXCR4,-0.223,11.2562,11.4792,7280.0,0.38746290421938656,0.6250639756388767
PRDM15,0.0935,9.5565,9.463,8360.0,0.38746290421938656,0.6250639756388767
CLIC3,0.1491,6.7553,6.6062,8360.0,0.38746290421938656,0.6250639756388767
IMPDH2,-0.068,12.5076,12.5756,7281.0,0.38834332897684276,0.6259075564614108
TOP3B,-0.0342,9.7479,9.7821,7281.0,0.38834332897684276,0.6259075564614108
IQCE,0.0664,9.2335,9.1671,8359.0,0.38834332897684276,0.6259075564614108
CLIC6,-0.0766,7.1186,7.1952,7281.0,0.38834332897684276,0.6259075564614108
SERPINE1,-0.1999,12.811,13.0109,7282.0,0.38922497118467514,0.626607465104892
ZNF749,0.0569,9.4112,9.3543,8358.0,0.38922497118467514,0.626607465104892
PAPD7,0.099,10.3814,10.2825,8358.0,0.38922497118467514,0.626607465104892
VEGFC,-0.1065,8.0126,8.1191,7282.0,0.38922497118467514,0.626607465104892
C1QC,0.1215,10.7039,10.5824,8358.0,0.38922497118467514,0.626607465104892
BLVRA,-0.041,10.4511,10.4921,7283.0,0.39010783026086715,0.6273077233793003
WASH1,0.1431,8.5677,8.4247,8357.0,0.39010783026086715,0.6273077233793003
GPR180,0.0976,9.4628,9.3651,8357.0,0.39010783026086715,0.6273077233793003
FKBP3,0.057,10.8132,10.7563,8357.0,0.39010783026086715,0.6273077233793003
HDAC9,-0.1374,8.9415,9.0789,7283.0,0.39010783026086715,0.6273077233793003
NIN,-0.0675,12.4494,12.5169,7284.0,0.3909919056163492,0.6285850126334467
GRAMD1A,-0.0931,10.5146,10.6076,7285.0,0.3918771966549939,0.6292859454654718
CDC14B,-0.0397,9.2685,9.3082,7285.0,0.3918771966549939,0.6292859454654718
PITPNM2,-0.0596,8.7005,8.76,7285.0,0.3918771966549939,0.6292859454654718
TLE2,0.0945,9.351,9.2565,8355.0,0.3918771966549939,0.6292859454654718
SNRPD2,0.0435,11.0579,11.0144,8355.0,0.3918771966549939,0.6292859454654718
ZNF84,0.1135,11.4146,11.3011,8354.0,0.3927637027736104,0.6302759419164972
ATAD3B,0.0553,9.6163,9.561,8354.0,0.3927637027736104,0.6302759419164972
POMK,0.0836,10.2875,10.2039,8354.0,0.3927637027736104,0.6302759419164972
LPXN,-0.1351,8.6758,8.8109,7287.0,0.39365142336194014,0.631122004991682
LRRC41,-0.0827,10.6061,10.6888,7287.0,0.39365142336194014,0.631122004991682
TRPV1,0.0501,8.849,8.7989,8353.0,0.39365142336194014,0.631122004991682
SSR3,0.0769,10.771,10.6941,8353.0,0.39365142336194014,0.631122004991682
MME,0.2241,11.1944,10.9703,8351.0,0.3954305054713324,0.6335391969379411
ACAA2,0.0906,9.3779,9.2873,8351.0,0.3954305054713324,0.6335391969379411
MGME1,0.0832,9.7307,9.6475,8351.0,0.3954305054713324,0.6335391969379411
C1orf162,-0.1476,8.9534,9.101,7290.0,0.396321865736492,0.6345317845799391
KAT2A,-0.052,10.6652,10.7172,7290.0,0.396321865736492,0.6345317845799391
PARD3,-0.0462,12.2789,12.3251,7290.0,0.396321865736492,0.6345317845799391
SHROOM3,-0.122,11.0108,11.1328,7291.0,0.39721443795954836,0.6347997966751978
GOLM1,0.1661,10.526,10.3599,8349.0,0.39721443795954836,0.6347997966751978
WEE1,0.0953,11.3095,11.2142,8349.0,0.39721443795954836,0.6347997966751978
CTNNAL1,-0.0552,9.7295,9.7847,7291.0,0.39721443795954836,0.6347997966751978
BTN2A2,0.0847,9.8481,9.7634,8349.0,0.39721443795954836,0.6347997966751978
ZDHHC9,0.1022,11.3591,11.2569,8349.0,0.39721443795954836,0.6347997966751978
ATL3,-0.0984,11.2731,11.3715,7291.0,0.39721443795954836,0.6347997966751978
LAMTOR4,0.0781,9.1266,9.0485,8349.0,0.39721443795954836,0.6347997966751978
ZNF549,-0.0046,9.6759,9.6805,8348.0,0.3981082214948285,0.6355030488097296
PLCG2,-0.0955,10.7574,10.8529,7292.0,0.3981082214948285,0.6355030488097296
GTF3C6,-0.0461,9.4492,9.4954,7292.0,0.3981082214948285,0.6355030488097296
DENND4A,-0.0831,12.1018,12.1848,7292.0,0.3981082214948285,0.6355030488097296
PCCA,-0.0268,12.0558,12.0825,7292.0,0.3981082214948285,0.6355030488097296
HIVEP1,-0.0497,11.6943,11.7441,7293.0,0.3990032156895619,0.6357723593797502
SLC7A6,-0.0215,10.4413,10.4627,7293.0,0.3990032156895619,0.6357723593797502
AKAP12,-0.1922,11.6302,11.8224,7293.0,0.3990032156895619,0.6357723593797502
CNOT6L,-0.105,10.3465,10.4515,7293.0,0.3990032156895619,0.6357723593797502
TGFBR3,-0.1454,12.8704,13.0158,7293.0,0.3990032156895619,0.6357723593797502
TECPR1,-0.0679,9.1646,9.2326,7293.0,0.3990032156895619,0.6357723593797502
IDUA,-0.0952,9.4501,9.5453,7293.0,0.3990032156895619,0.6357723593797502
ADSSL1,-0.1543,7.4755,7.6299,7293.0,0.3990032156895619,0.6357723593797502
FPR1,-0.1724,7.8606,8.033,7294.0,0.399899419883876,0.6361871052809596
TRIM21,0.0691,9.5912,9.5221,8346.0,0.399899419883876,0.6361871052809596
PLK2,-0.1186,10.9131,11.0317,7294.0,0.399899419883876,0.6361871052809596
LPCAT3,0.0394,10.8469,10.8075,8346.0,0.399899419883876,0.6361871052809596
SMC6,0.0837,11.7236,11.6399,8346.0,0.399899419883876,0.6361871052809596
FAM177A1,-0.0878,10.1469,10.2347,7294.0,0.399899419883876,0.6361871052809596
LRCH4,0.0441,9.9945,9.9504,8346.0,0.399899419883876,0.6361871052809596
TIPARP,-0.055,10.7489,10.8039,7295.0,0.40079683341079264,0.6373252098945914
OLFML3,-0.1884,8.1652,8.3536,7295.0,0.40079683341079264,0.6373252098945914
SNORA23,0.0719,11.6673,11.5955,8344.0,0.40169545559622244,0.6383193273293274
GAREM,0.146,10.9631,10.8171,8344.0,0.40169545559622244,0.6383193273293274
EDN1,-0.1138,7.7784,7.8923,7296.0,0.40169545559622244,0.6383193273293274
RPS15A,0.0609,12.7216,12.6607,8343.0,0.4025952857589612,0.6394590125130427
UPK3B,0.3125,9.6951,9.3826,8343.0,0.4025952857589612,0.6394590125130427
GPAA1,0.0211,9.8361,9.815,8342.0,0.40349632321068485,0.6407448415973754
TSPYL5,0.0905,8.2031,8.1126,8341.0,0.40439856725594636,0.6417410302500323
ANPEP,-0.076,9.4522,9.5282,7299.0,0.40439856725594636,0.6417410302500323
NIP7,0.0641,9.4887,9.4245,8341.0,0.40439856725594636,0.6417410302500323
TEAD2,-0.0742,9.0285,9.1027,7300.0,0.40530201719216996,0.6424468144854609
DYNC1I1,-0.187,7.6995,7.8865,7300.0,0.40530201719216996,0.6424468144854609
RIC1,-0.0257,11.7895,11.8152,7300.0,0.40530201719216996,0.6424468144854609
MRPL4,0.0723,9.0525,8.9802,8340.0,0.40530201719216996,0.6424468144854609
CCNB1IP1,-0.073,9.9217,9.9948,7300.0,0.40530201719216996,0.6424468144854609
CXCL8,-0.2447,8.4986,8.7433,7301.0,0.40620667230964835,0.6437350817344348
MAP4K2,0.0283,9.2971,9.2688,8338.0,0.40711253189153784,0.6444414694476581
LILRB2,-0.1711,8.7267,8.8978,7302.0,0.40711253189153784,0.6444414694476581
PHKA2,-0.0374,12.5897,12.6271,7302.0,0.40711253189153784,0.6444414694476581
KLF3,-0.1143,10.638,10.7523,7302.0,0.40711253189153784,0.6444414694476581
SHISA5,-0.1097,11.7684,11.8781,7302.0,0.40711253189153784,0.6444414694476581
ESPN,0.1643,7.6416,7.4773,8337.0,0.40801959521385534,0.645439626221511
C1orf106,0.107,9.3255,9.2185,8337.0,0.40801959521385534,0.645439626221511
HYOU1,0.0846,12.5551,12.4706,8337.0,0.40801959521385534,0.645439626221511
INTS9,-0.0417,9.277,9.3188,7304.0,0.4089278615454728,0.645855167885193
EPHA1,-0.1504,9.8724,10.0228,7304.0,0.4089278615454728,0.645855167885193
RPS6KB2,0.0413,9.773,9.7318,8336.0,0.4089278615454728,0.645855167885193
SCP2,-0.0787,12.7036,12.7823,7304.0,0.4089278615454728,0.645855167885193
CERCAM,-0.1146,9.5579,9.6725,7304.0,0.4089278615454728,0.645855167885193
BCKDHA,0.0486,10.3849,10.3363,8336.0,0.4089278615454728,0.645855167885193
NDUFS5,0.0447,11.8333,11.7885,8336.0,0.4089278615454728,0.645855167885193
NFE2L3,0.1067,9.9828,9.8761,8335.0,0.4098373301481152,0.6461258043735368
UPP1,-0.1131,8.992,9.105,7305.0,0.4098373301481152,0.6461258043735368
STAP2,0.1096,10.1792,10.0696,8335.0,0.4098373301481152,0.6461258043735368
STAG2,-0.0021,13.0708,13.073,8335.0,0.4098373301481152,0.6461258043735368
UGGT2,0.0574,11.8787,11.8214,8335.0,0.4098373301481152,0.6461258043735368
KDM6A,-0.0798,13.0391,13.1188,7305.0,0.4098373301481152,0.6461258043735368
OAS2,0.1165,10.3236,10.2071,8335.0,0.4098373301481152,0.6461258043735368
RAI14,-0.1467,12.4262,12.5729,7305.0,0.4098373301481152,0.6461258043735368
IL10RA,-0.1896,11.3676,11.5572,7306.0,0.4107480002763553,0.6471244647773489
ZNF264,-0.0756,11.1796,11.2553,7306.0,0.4107480002763553,0.6471244647773489
DHCR24,0.1445,12.3041,12.1596,8334.0,0.4107480002763553,0.6471244647773489
CCDC109B,0.0708,8.717,8.6462,8333.0,0.41165987117761094,0.647832377046474
EPHA4,-0.0589,10.0058,10.0647,7307.0,0.41165987117761094,0.647832377046474
CLIP3,-0.0579,8.3238,8.3817,7307.0,0.41165987117761094,0.647832377046474
PIGN,0.0356,11.517,11.4814,8333.0,0.41165987117761094,0.647832377046474
WDR83OS,0.0574,9.9105,9.8531,8333.0,0.41165987117761094,0.647832377046474
MFAP3L,-0.1422,8.181,8.3232,7308.0,0.4125729420921407,0.6485405866377691
ZNF134,0.0531,10.0725,10.0194,8332.0,0.4125729420921407,0.6485405866377691
ITGB6,-0.1679,12.2553,12.4232,7308.0,0.4125729420921407,0.6485405866377691
SLPI,-0.3244,7.5243,7.8487,7308.0,0.4125729420921407,0.6485405866377691
CTTN,-0.1089,13.4842,13.5931,7308.0,0.4125729420921407,0.6485405866377691
TRIM17,0.1585,7.2826,7.1241,8331.0,0.41348715930714275,0.6492490913470953
KYNU,-0.0763,10.4715,10.5477,7309.0,0.41348721225304086,0.6492490913470953
IRAK2,-0.187,9.748,9.935,7309.0,0.41348721225304086,0.6492490913470953
CHMP2B,0.0302,10.622,10.5918,8331.0,0.41348721225304086,0.6492490913470953
DVL2,0.0566,9.282,9.2254,8331.0,0.41348721225304086,0.6492490913470953
ATP1A1,-0.0365,14.6178,14.6543,7310.0,0.4144026808862412,0.6505406801717881
DERL1,0.1063,10.2473,10.141,8329.0,0.41531934721050245,0.650958233776891
MTUS1,-0.1647,12.0136,12.1783,7311.0,0.41531934721050245,0.650958233776891
TSC22D4,0.044,9.7371,9.6931,8329.0,0.41531934721050245,0.650958233776891
LAMA5,-0.1758,12.4484,12.6242,7311.0,0.41531934721050245,0.650958233776891
SNORA48,-0.1032,11.9446,12.0478,7311.0,0.41531934721050245,0.650958233776891
EPHA2,-0.1481,11.9039,12.052,7311.0,0.41531934721050245,0.650958233776891
FN1,-0.2112,17.4017,17.6129,7311.0,0.41531934721050245,0.650958233776891
ZNF594,0.1145,11.1336,11.0191,8328.0,0.41623721043741213,0.65195911086853
VEGFA,-0.0995,13.3625,13.462,7312.0,0.41623721043741213,0.65195911086853
UNC13B,-0.0251,11.8084,11.8335,7312.0,0.41623721043741213,0.65195911086853
NDUFB7,0.0642,9.1594,9.0952,8327.0,0.417156269771382,0.6526687571959312
ITGB1BP1,-0.0396,10.2454,10.285,7313.0,0.417156269771382,0.6526687571959312
GLRX3,-0.0829,11.3573,11.4401,7313.0,0.417156269771382,0.6526687571959312
FSIP2,-0.1656,8.7742,8.9398,7313.0,0.417156269771382,0.6526687571959312
LONRF1,-0.0832,9.7736,9.8568,7313.0,0.417156269771382,0.6526687571959312
PLXNC1,-0.0905,10.7665,10.857,7314.0,0.41807652440964393,0.6535245313483786
PLEKHA6,0.242,10.0734,9.8314,8326.0,0.41807652440964393,0.6535245313483786
FSTL1,-0.0967,12.5528,12.6495,7314.0,0.41807652440964393,0.6535245313483786
UGDH,-0.0657,11.5414,11.6071,7314.0,0.41807652440964393,0.6535245313483786
CNOT7,0.0668,10.3596,10.2928,8325.0,0.41899797354224744,0.6545266135883021
DUOX2,-0.2143,10.5268,10.7411,7315.0,0.41899797354224744,0.6545266135883021
MRPL13,0.0759,9.5885,9.5126,8325.0,0.41899797354224744,0.6545266135883021
CYP3A5,-0.2927,9.8786,10.1713,7316.0,0.41992061635205646,0.6556753793341029
PFAS,0.0924,9.7315,9.6391,8324.0,0.41992061635205646,0.6556753793341029
FAM3D,0.3472,6.1113,5.7641,8323.0,0.4208400284493584,0.6566786313411912
SEMA6C,0.1307,8.659,8.5283,8323.0,0.42084445201474596,0.6566786313411912
PLCL2,0.1066,9.8666,9.76,8323.0,0.42084445201474596,0.6566786313411912
GNPDA1,-0.0549,9.0333,9.0882,7318.0,0.4217694796987995,0.6573896430738244
KLF4,-0.1805,8.2168,8.3974,7318.0,0.4217694796987995,0.6573896430738244
RHOBTB3,-0.095,11.1734,11.2684,7318.0,0.4217694796987995,0.6573896430738244
ABHD16A,0.0663,10.0339,9.9676,8322.0,0.4217694796987995,0.6573896430738244
ZBTB38,-0.055,12.2106,12.2656,7318.0,0.4217694796987995,0.6573896430738244
ZFHX4,-0.071,9.3754,9.4464,7319.0,0.42269569856550615,0.6582472708592928
SLC39A10,0.0055,10.9506,10.9451,7319.0,0.42269569856550615,0.6582472708592928
EDARADD,-0.222,10.192,10.414,7319.0,0.42269569856550615,0.6582472708592928
POR,0.104,10.7553,10.6513,8321.0,0.42269569856550615,0.6582472708592928
RAI1,0.0663,13.4814,13.4151,8320.0,0.4236231077689574,0.6588124858330021
NT5DC1,-0.0574,10.529,10.5864,7320.0,0.4236231077689574,0.6588124858330021
TUBA1C,0.0802,13.3481,13.2679,8320.0,0.4236231077689574,0.6588124858330021
TRIM66,-0.0627,9.4887,9.5515,7320.0,0.4236231077689574,0.6588124858330021
R3HCC1,-0.0303,9.4835,9.5137,7320.0,0.4236231077689574,0.6588124858330021
NIPSNAP1,0.0667,10.9665,10.8998,8320.0,0.4236231077689574,0.6588124858330021
FCGR2A,-0.1327,11.2008,11.3335,7321.0,0.4245517064560448,0.6595243124027688
CTSS,0.1162,12.0119,11.8956,8319.0,0.4245517064560448,0.6595243124027688
CHKA,0.104,10.0202,9.9162,8319.0,0.4245517064560448,0.6595243124027688
CXorf57,0.1703,9.8718,9.7015,8319.0,0.4245517064560448,0.6595243124027688
LPIN3,-0.0987,10.0548,10.1534,7321.0,0.4245517064560448,0.6595243124027688
PCDHGA6,-0.1273,8.474,8.6014,7322.0,0.42548149376645716,0.6606755877708425
HRAS,-0.0825,9.2342,9.3167,7322.0,0.42548149376645716,0.6606755877708425
S100A7,0.3295,6.2583,5.9288,8317.0,0.426319586469036,0.6613879333854362
PIH1D1,0.0676,9.5501,9.4825,8317.0,0.426412468832678,0.6613879333854362
SPAG17,0.2109,9.0841,8.8733,8317.0,0.426412468832678,0.6613879333854362
CAPNS1,0.0474,12.9267,12.8793,8317.0,0.426412468832678,0.6613879333854362
CCDC88C,-0.1004,11.3213,11.4217,7323.0,0.426412468832678,0.6613879333854362
RGPD8,-0.1623,8.6029,8.7652,7324.0,0.42734463077998275,0.6619540918717582
TMEM47,-0.1046,8.7589,8.8636,7324.0,0.42734463077998275,0.6619540918717582
CNTLN,-0.0501,9.4563,9.5064,7324.0,0.42734463077998275,0.6619540918717582
PTPN2,0.015,10.9216,10.9066,8316.0,0.42734463077998275,0.6619540918717582
SLC44A1,0.0737,12.1466,12.0729,8316.0,0.42734463077998275,0.6619540918717582
HSPA6,0.1903,7.986,7.7957,8316.0,0.42734463077998275,0.6619540918717582
NAA15,0.0503,11.6996,11.6493,8315.0,0.4282779787264367,0.6623742678933826
BMP7,-0.2538,7.6334,7.8872,7325.0,0.4282779787264367,0.6623742678933826
STK24,0.1033,12.6457,12.5424,8315.0,0.4282779787264367,0.6623742678933826
CRLS1,-0.0348,9.9753,10.0101,7325.0,0.4282779787264367,0.6623742678933826
IPO4,-0.049,10.3681,10.4171,7325.0,0.4282779787264367,0.6623742678933826
CYTB,0.1008,9.8226,9.7218,8315.0,0.4282779787264367,0.6623742678933826
BCOR,-0.0519,12.5074,12.5593,7325.0,0.4282779787264367,0.6623742678933826
STS,0.2701,11.2308,10.9607,8314.0,0.429212511782892,0.6632337202152676
ARHGEF1,-0.1207,11.0209,11.1416,7326.0,0.429212511782892,0.6632337202152676
TBC1D12,-0.0332,9.3942,9.4274,7326.0,0.429212511782892,0.6632337202152676
TXNIP,-0.095,13.895,13.99,7326.0,0.429212511782892,0.6632337202152676
SLC25A46,-0.0576,10.4472,10.5048,7327.0,0.43014822905298633,0.6640934850216189
CXorf23,-0.0497,10.008,10.0577,7327.0,0.43014822905298633,0.6640934850216189
PILRA,-0.0664,8.3603,8.4266,7327.0,0.43014822905298633,0.6640934850216189
HIST1H4I,0.1572,8.0393,7.882,8313.0,0.43014822905298633,0.6640934850216189
NBPF20,0.0968,9.7959,9.699,8312.0,0.4310851296331397,0.665100057902815
TNRC18,-0.0247,11.7928,11.8175,7328.0,0.4310851296331397,0.665100057902815
PKIA,-0.1717,7.6349,7.8066,7328.0,0.4310851296331397,0.665100057902815
POSTN,-0.2012,12.9807,13.1819,7329.0,0.4320232126125527,0.6655210202212288
LOC100996634,-0.2106,7.0745,7.2851,7329.0,0.4320232126125527,0.6655210202212288
CDON,-0.071,9.1969,9.268,7329.0,0.4320232126125527,0.6655210202212288
PCYT2,0.0634,9.3188,9.2554,8311.0,0.4320232126125527,0.6655210202212288
ZNF140,0.0861,9.3364,9.2503,8311.0,0.4320232126125527,0.6655210202212288
ATP5H,0.0654,11.1842,11.1188,8311.0,0.4320232126125527,0.6655210202212288
ZMAT3,-0.0894,9.8136,9.903,7329.0,0.4320232126125527,0.6655210202212288
PGM2L1,-0.0805,9.0603,9.1408,7330.0,0.43296247707320434,0.6660888020526472
MLLT4,0.0944,13.1299,13.0355,8310.0,0.43296247707320434,0.6660888020526472
SCNN1A,-0.313,10.8129,11.1259,7330.0,0.43296247707320434,0.6660888020526472
PCM1,-0.042,13.2611,13.303,7330.0,0.43296247707320434,0.6660888020526472
POTEE,-0.2626,5.999,6.2616,7330.0,0.43296247707320434,0.6660888020526472
POLR2J4,0.041,10.3362,10.2952,8310.0,0.43296247707320434,0.6660888020526472
PCMTD1,0.0745,11.7756,11.7012,8309.0,0.43390292208985015,0.6668031958295415
MC1R,0.1735,8.9202,8.7467,8309.0,0.43390292208985015,0.6668031958295415
RASGEF1B,0.161,8.7758,8.6148,8309.0,0.43390292208985015,0.6668031958295415
RAB12,0.0715,10.2377,10.1662,8309.0,0.43390292208985015,0.6668031958295415
CPA4,-0.1705,5.7671,5.9377,7331.0,0.43390292208985015,0.6668031958295415
C19orf12,0.0605,11.4256,11.3651,8308.0,0.4348445467300197,0.6670791589814519
OXCT1,0.1748,10.9646,10.7898,8308.0,0.4348445467300197,0.6670791589814519
DUS2,0.0551,9.3889,9.3339,8308.0,0.4348445467300197,0.6670791589814519
STX6,-0.0543,10.1238,10.1781,7332.0,0.4348445467300197,0.6670791589814519
EPS8L1,-0.1651,8.877,9.042,7332.0,0.4348445467300197,0.6670791589814519
APOBEC3C,-0.0114,10.0747,10.0861,8308.0,0.4348445467300197,0.6670791589814519
CD163,-0.1683,11.7273,11.8956,7332.0,0.4348445467300197,0.6670791589814519
TMEM2,-0.0213,12.986,13.0073,7332.0,0.4348445467300197,0.6670791589814519
ATF4,-0.0578,12.0005,12.0583,7333.0,0.4357873500540156,0.6680864300412152
NDUFV1,0.045,12.202,12.157,8307.0,0.4357873500540156,0.6680864300412152
SNTB1,-0.0932,8.3382,8.4314,7333.0,0.4357873500540156,0.6680864300412152
TP53I3,-0.0852,9.7333,9.8184,7334.0,0.4367313311149107,0.6686553370786444
ZNF223,0.0812,9.4525,9.3714,8306.0,0.4367313311149107,0.6686553370786444
SNORA71A,0.1264,8.762,8.6356,8306.0,0.4367313311149107,0.6686553370786444
ZNF37A,0.0677,9.9547,9.887,8306.0,0.4367313311149107,0.6686553370786444
SETD7,-0.0537,10.1016,10.1552,7334.0,0.4367313311149107,0.6686553370786444
SCD,0.1328,12.3219,12.1891,8306.0,0.4367313311149107,0.6686553370786444
MISP,0.2538,7.7853,7.5315,8305.0,0.43767643701331793,0.6692245528770101
WDR3,0.0414,11.7081,11.6667,8305.0,0.43767648895854727,0.6692245528770101
MYO5C,0.1067,11.2394,11.1327,8305.0,0.43767648895854727,0.6692245528770101
FGD3,0.0526,9.5986,9.546,8305.0,0.43767648895854727,0.6692245528770101
PTPN20B,0.1305,7.2568,7.1264,8305.0,0.43767648895854727,0.6692245528770101
CCRN4L,0.1041,8.4151,8.3111,8305.0,0.43767648895854727,0.6692245528770101
FURIN,-0.0471,10.8747,10.9219,7336.0,0.43862282262353436,0.6700863060280565
SGSM2,-0.0777,11.1671,11.2448,7336.0,0.43862282262353436,0.6700863060280565
ZNF559,-0.0574,9.3916,9.449,7336.0,0.43862282262353436,0.6700863060280565
NSG1,-0.2203,6.9812,7.2015,7336.0,0.43862282262353436,0.6700863060280565
FAM161A,0.0759,9.4689,9.393,8303.0,0.43957033114124733,0.6709483498217427
LPHN3,-0.0972,8.7042,8.8014,7337.0,0.43957033114124733,0.6709483498217427
DNAJB1,0.0442,10.808,10.7638,8303.0,0.43957033114124733,0.6709483498217427
ZNF101,0.0243,9.197,9.1727,8303.0,0.43957033114124733,0.6709483498217427
GOT2,-0.1003,10.2831,10.3834,7338.0,0.4405190135358251,0.6719570141126952
RNPEPL1,-0.0686,9.9878,10.0564,7338.0,0.4405190135358251,0.6719570141126952
ENO1,0.1252,15.1537,15.0284,8302.0,0.4405190135358251,0.6719570141126952
MPHOSPH6,-0.0541,10.2301,10.2842,7339.0,0.4414688688241698,0.6724806072510086
ERCC2,0.0641,10.6359,10.5718,8301.0,0.4414688688241698,0.6724806072510086
SCN5A,0.1707,7.8249,7.6542,8301.0,0.4414688688241698,0.6724806072510086
HELB,0.0907,9.7675,9.6769,8301.0,0.4414688688241698,0.6724806072510086
NBPF1,0.068,9.614,9.546,8301.0,0.4414688688241698,0.6724806072510086
CNIH4,0.0558,10.4856,10.4298,8301.0,0.4414688688241698,0.6724806072510086
POTEG,0.3555,4.457,4.1016,8299.5,0.4415344612509121,0.6724806072510086
GAD1,0.0495,7.2632,7.2138,8300.0,0.44241984428787084,0.6729510277583967
TMEM181,-0.0728,11.3863,11.4591,7340.0,0.44241989601594434,0.6729510277583967
BMP4,-0.1407,8.351,8.4917,7340.0,0.44241989601594434,0.6729510277583967
SPAG7,-0.0574,9.3728,9.4302,7340.0,0.44241989601594434,0.6729510277583967
CCL3,0.286,8.4225,8.1365,8300.0,0.44241989601594434,0.6729510277583967
SRGN,-0.1203,11.0759,11.1962,7340.0,0.44241989601594434,0.6729510277583967
HMGCS2,-0.3364,9.6565,9.993,7341.0,0.44337157727610776,0.6738139702858825
SLC25A39,0.0468,11.0883,11.0414,8299.0,0.44337209411357226,0.6738139702858825
B3GNT5,-0.0594,9.1309,9.1903,7341.0,0.44337209411357226,0.6738139702858825
EMD,0.0902,10.6999,10.6097,8299.0,0.44337209411357226,0.6738139702858825
CHI3L1,-0.172,8.3378,8.5098,7342.0,0.4443254104732629,0.6743847445106163
ZNF273,0.1001,10.4845,10.3844,8298.0,0.4443254621122352,0.6743847445106163
MBD6,-0.1156,10.6713,10.7869,7342.0,0.4443254621122352,0.6743847445106163
ITSN2,0.0567,13.3502,13.2935,8298.0,0.4443254621122352,0.6743847445106163
SIPA1,-0.1204,9.5872,9.7076,7342.0,0.4443254621122352,0.6743847445106163
EIF3F,-0.0649,10.2584,10.3233,7342.0,0.4443254621122352,0.6743847445106163
PPP2R5B,-0.0513,9.3021,9.3534,7343.0,0.44527999899987325,0.6751019339675498
IMPA1,0.0303,9.0845,9.0542,8297.0,0.44527999899987325,0.6751019339675498
ESCO1,0.0521,11.0956,11.0435,8297.0,0.44527999899987325,0.6751019339675498
MCPH1,-0.0617,11.0646,11.1263,7343.0,0.44527999899987325,0.6751019339675498
NADSYN1,-0.0793,11.6703,11.7497,7343.0,0.44527999899987325,0.6751019339675498
TGIF1,0.062,13.1342,13.0722,8296.0,0.446235703757182,0.6761117770254318
SLA,-0.1871,8.2377,8.4247,7344.0,0.446235703757182,0.6761117770254318
MIEN1,0.0153,8.378,8.3626,8296.0,0.446235703757182,0.6761117770254318
TEAD1,-0.0511,11.365,11.4162,7345.0,0.4471925753576137,0.6768293938252363
ZNF292,-0.0535,13.499,13.5525,7345.0,0.4471925753576137,0.6768293938252363
LOC101929206,0.1033,8.8901,8.7868,8295.0,0.4471925753576137,0.6768293938252363
HES1,-0.1769,9.6314,9.8084,7345.0,0.4471925753576137,0.6768293938252363
UBA52,-0.0268,13.7176,13.7444,7345.0,0.4471925753576137,0.6768293938252363
CETN3,0.0569,9.4826,9.4257,8294.0,0.4481506127673739,0.6779863342427996
CCR7,-0.1519,6.731,6.883,7346.0,0.4481506127673739,0.6779863342427996
MFAP5,-0.3082,5.7729,6.0812,7347.0,0.4491013320019923,0.6784115690385668
ACVR2A,0.0286,10.3303,10.3017,8293.0,0.4491098149454228,0.6784115690385668
BOLA3,0.0635,9.5221,9.4586,8293.0,0.4491098149454228,0.6784115690385668
AK9,0.0626,9.1244,9.0618,8293.0,0.4491098149454228,0.6784115690385668
ARF5,0.0477,9.9219,9.8741,8293.0,0.4491098149454228,0.6784115690385668
COL1A2,-0.1656,17.7634,17.929,7347.0,0.4491098149454228,0.6784115690385668
LYZ,0.1614,12.9697,12.8083,8293.0,0.4491098149454228,0.6784115690385668
SIPA1L2,-0.1252,11.0794,11.2047,7348.0,0.45007018084347294,0.6788372768569547
DDHD2,0.1517,11.0059,10.8541,8292.0,0.45007018084347294,0.6788372768569547
ZNF257,0.0477,9.2141,9.1664,8292.0,0.45007018084347294,0.6788372768569547
EGFL6,0.2729,9.0219,8.749,8292.0,0.45007018084347294,0.6788372768569547
GRWD1,0.0448,9.3088,9.264,8292.0,0.45007018084347294,0.6788372768569547
CCNYL1,-0.0081,8.8345,8.8425,7348.0,0.45007018084347294,0.6788372768569547
F8,-0.1163,8.516,8.6324,7348.0,0.45007018084347294,0.6788372768569547
ATP6,0.1088,8.9883,8.8795,8291.0,0.45103170940598936,0.6797019713729596
WFS1,0.085,11.5577,11.4727,8291.0,0.45103170940598936,0.6797019713729596
SARS2,0.1336,10.0037,9.8701,8291.0,0.45103170940598936,0.6797019713729596
UBASH3B,0.0778,9.7502,9.6724,8291.0,0.45103170940598936,0.6797019713729596
ARHGAP12,0.0745,11.5337,11.4591,8290.0,0.45199439957018817,0.6804206320270911
JAM2,-0.13,7.97,8.0999,7350.0,0.45199439957018817,0.6804206320270911
PPAP2A,-0.1877,10.3194,10.5072,7350.0,0.45199439957018817,0.6804206320270911
UBE2E2,-0.0684,8.5532,8.6216,7350.0,0.45199439957018817,0.6804206320270911
GORASP1,0.0652,9.358,9.2928,8290.0,0.45199439957018817,0.6804206320270911
USP20,0.0448,9.3985,9.3537,8289.0,0.452958250266037,0.6812857875028043
KLC2,-0.0359,9.6322,9.6681,7351.0,0.452958250266037,0.6812857875028043
ADARB1,-0.0151,9.2097,9.2248,7351.0,0.452958250266037,0.6812857875028043
PSTPIP2,0.0888,9.3336,9.2449,8289.0,0.452958250266037,0.6812857875028043
PRDX3,0.0376,10.7956,10.758,8288.0,0.45392326041625297,0.6818585569916387
RHBDF2,-0.1107,9.3269,9.4376,7352.0,0.45392326041625297,0.6818585569916387
PFKFB4,-0.0618,8.5625,8.6243,7352.0,0.45392326041625297,0.6818585569916387
ZCRB1,0.0516,10.8166,10.765,8288.0,0.45392326041625297,0.6818585569916387
GLDC,0.3414,8.403,8.0615,8288.0,0.45392326041625297,0.6818585569916387
SLC7A2,-0.1227,9.2547,9.3774,7352.0,0.45392326041625297,0.6818585569916387
SCCPDH,0.17,12.4876,12.3175,8287.0,0.45488942893630424,0.6828704546282827
SULF1,-0.1269,12.4502,12.5771,7353.0,0.45488942893630424,0.6828704546282827
BTN3A1,0.0543,11.327,11.2727,8287.0,0.45488942893630424,0.6828704546282827
CD19,0.1739,6.0616,5.8877,8286.5,0.4553724362255731,0.6832972717048497
MACROD2,0.1224,8.6332,8.5108,8286.0,0.4558567547344078,0.6832972717048497
RALGPS2,0.0789,10.9335,10.8545,8286.0,0.4558567547344078,0.6832972717048497
LMNA,-0.0925,13.9735,14.066,7354.0,0.4558567547344078,0.6832972717048497
PPARD,-0.0345,9.8516,9.8862,7354.0,0.4558567547344078,0.6832972717048497
DENND2D,0.0706,10.772,10.7014,8286.0,0.4558567547344078,0.6832972717048497
PER3,0.1214,10.946,10.8246,8286.0,0.4558567547344078,0.6832972717048497
CD36,-0.0768,10.197,10.2738,7355.0,0.4568252367115304,0.6834324145889441
RHEB,0.0908,9.9369,9.8461,8285.0,0.4568252367115304,0.6834324145889441
SUMF1,0.041,10.391,10.35,8285.0,0.4568252367115304,0.6834324145889441
PRKCQ,-0.1847,7.6904,7.8751,7355.0,0.4568252367115304,0.6834324145889441
TSPYL1,-0.0893,12.3114,12.4007,7355.0,0.4568252367115304,0.6834324145889441
PXYLP1,0.0592,9.0628,9.0036,8285.0,0.4568252367115304,0.6834324145889441
CDK16,0.0388,11.71,11.6712,8285.0,0.4568252367115304,0.6834324145889441
ME3,0.0708,9.1666,9.0958,8285.0,0.4568252367115304,0.6834324145889441
PGRMC2,0.0495,9.8738,9.8243,8285.0,0.4568252367115304,0.6834324145889441
TCEB1,0.0573,9.2297,9.1725,8284.0,0.4577948737613876,0.6838603884281137
ZBTB10,0.0396,11.2805,11.2409,8284.0,0.4577948737613876,0.6838603884281137
IRF5,0.0217,8.6998,8.6781,8284.0,0.4577948737613876,0.6838603884281137
RAD50,-0.0497,13.2803,13.33,7356.0,0.4577948737613876,0.6838603884281137
XIAP,0.0256,13.6549,13.6293,8284.0,0.4577948737613876,0.6838603884281137
ARSB,-0.0575,10.0142,10.0717,7356.0,0.4577948737613876,0.6838603884281137
SLC26A6,-0.0888,9.007,9.0958,7356.0,0.4577948737613876,0.6838603884281137
GABRP,-0.3156,6.1854,6.501,7357.0,0.458765461050784,0.684143089946214
SPI1,-0.1274,8.4098,8.5372,7357.0,0.4587656647704442,0.684143089946214
MTMR12,0.1159,10.6869,10.5711,8283.0,0.4587656647704442,0.684143089946214
ST6GALNAC1,-0.3399,6.5877,6.9276,7357.0,0.4587656647704442,0.684143089946214
CD2,0.079,8.9427,8.8636,8283.0,0.4587656647704442,0.684143089946214
CDK7,-0.0241,10.2515,10.2755,7357.0,0.4587656647704442,0.684143089946214
ITPKC,-0.1396,10.5948,10.7345,7357.0,0.4587656647704442,0.684143089946214
ADAM17,-0.03,11.9334,11.9634,7357.0,0.4587656647704442,0.684143089946214
ANKRD18B,0.299,8.8031,8.5041,8282.0,0.4597375577378543,0.6851548144607897
CAPN1,0.0446,13.0877,13.0431,8282.0,0.4597376086179139,0.6851548144607897
RWDD1,-0.0757,10.0467,10.1224,7358.0,0.4597376086179139,0.6851548144607897
RPLP0,-0.0558,13.6172,13.673,7359.0,0.4607107041757593,0.686021063436709
PTPRQ,-0.2749,6.8595,7.1344,7359.0,0.4607107041757593,0.686021063436709
AKT3,0.1109,10.4219,10.311,8281.0,0.4607107041757593,0.686021063436709
GRINA,-0.0649,10.6921,10.757,7359.0,0.4607107041757593,0.686021063436709
P4HTM,0.1009,9.3922,9.2913,8280.0,0.4616849503086917,0.6868875519464134
DAB2,-0.0659,11.6696,11.7355,7360.0,0.4616849503086917,0.6868875519464134
THOC7,0.053,10.8832,10.8303,8280.0,0.4616849503086917,0.6868875519464134
PINK1,-0.0765,11.3845,11.461,7360.0,0.4616849503086917,0.6868875519464134
NQO1,0.0793,10.7534,10.6742,8279.0,0.4626603458741724,0.6880463797317539
MUC2,-0.3977,8.7946,9.1923,7361.0,0.4626603458741724,0.6880463797317539
ATP5A1,0.0668,12.9216,12.8548,8278.0,0.46363688972241124,0.6890596644155446
RNF19A,-0.0776,12.5562,12.6339,7362.0,0.46363688972241124,0.6890596644155446
PIM1,0.0484,10.2785,10.2301,8278.0,0.46363688972241124,0.6890596644155446
STK32A,-0.2291,6.3937,6.6229,7362.5,0.4641250853722192,0.689638865449109
CDV3,0.0382,11.2706,11.2324,8277.0,0.4646145806963683,0.6902097171200616
SLC15A1,-0.1516,8.4999,8.6515,7363.5,0.46510380539168794,0.6902097171200616
RSPO3,-0.19,6.3024,6.4924,7364.0,0.4655932153343577,0.6902097171200616
ETF1,-0.0786,10.928,11.0066,7364.0,0.46559341763175366,0.6902097171200616
TRAP1,0.0629,10.8059,10.7431,8276.0,0.46559341763175366,0.6902097171200616
EMILIN2,-0.1498,9.0431,9.1929,7364.0,0.46559341763175366,0.6902097171200616
ZNF626,-0.3233,11.1926,11.5159,7364.0,0.46559341763175366,0.6902097171200616
PITRM1,-0.0779,12.2154,12.2933,7364.0,0.46559341763175366,0.6902097171200616
ZNF721,-0.0116,12.3082,12.3197,7364.0,0.46559341763175366,0.6902097171200616
TMBIM1,-0.1078,12.2539,12.3617,7364.0,0.46559341763175366,0.6902097171200616
TPI1,0.0606,14.6709,14.6103,8276.0,0.46559341763175366,0.6902097171200616
CAPN9,-0.2023,5.5446,5.747,7365.0,0.4665550083228378,0.6910773087346166
ZNF844,-0.1059,9.5795,9.6854,7365.0,0.466573399357028,0.6910773087346166
ZSCAN26,0.0079,9.196,9.1881,7365.0,0.466573399357028,0.6910773087346166
POF1B,0.0475,10.4665,10.419,8275.0,0.466573399357028,0.6910773087346166
ZNF155,0.0174,9.4199,9.4024,8274.0,0.4675545246934032,0.6917989301559059
PDHA1,0.0651,12.2401,12.1751,8274.0,0.4675545246934032,0.6917989301559059
CMPK1,-0.0771,11.5656,11.6427,7366.0,0.4675545246934032,0.6917989301559059
RASSF5,-0.0875,9.4428,9.5304,8274.0,0.4675545246934032,0.6917989301559059
STARD10,-0.0666,9.658,9.7246,7366.0,0.4675545246934032,0.6917989301559059
SFMBT1,0.0145,10.6727,10.6582,8273.0,0.4685367924548427,0.6926669110325656
TTC28,-0.0748,10.6663,10.7411,7367.0,0.4685367924548427,0.6926669110325656
HSP90AB1,0.0642,16.1676,16.1034,8273.0,0.4685367924548427,0.6926669110325656
WAC,0.0514,13.1549,13.1035,8273.0,0.4685367924548427,0.6926669110325656
SH3TC2,0.0702,10.3424,10.2722,8272.0,0.4695202014480625,0.6936814284263253
RPS7,-0.0857,11.188,11.2737,7368.0,0.4695202014480625,0.6936814284263253
LMAN2,-0.0451,11.516,11.561,7368.0,0.4695202014480625,0.6936814284263253
RNH1,-0.0988,9.7883,9.8871,7369.0,0.4705047504725317,0.6942572203032321
PCGF5,0.0508,10.199,10.1482,8271.0,0.4705047504725317,0.6942572203032321
OPHN1,0.0871,9.436,9.3489,8271.0,0.4705047504725317,0.6942572203032321
WIPF1,-0.1403,10.0851,10.2254,7369.0,0.4705047504725317,0.6942572203032321
RPL22,-0.0599,12.3387,12.3986,7369.0,0.4705047504725317,0.6942572203032321
TNFRSF21,0.1332,12.9395,12.8063,8271.0,0.4705047504725317,0.6942572203032321
MMP3,-0.2811,6.3048,6.5859,7369.5,0.4709745714633836,0.6948040707727144
LOC102723773,0.0468,8.9961,8.9493,8270.0,0.47149043832047355,0.6949794863309358
MAL2,0.218,12.2334,12.0154,8270.0,0.47149043832047355,0.6949794863309358
AHR,-0.1206,14.1877,14.3083,7370.0,0.47149043832047355,0.6949794863309358
CAST,-0.1239,14.0544,14.1783,7370.0,0.47149043832047355,0.6949794863309358
RICTOR,0.0439,12.5838,12.5399,8269.0,0.47247726377686594,0.6951172853423092
SDHD,-0.055,9.9479,10.0028,7371.0,0.47247726377686594,0.6951172853423092
MAN2B1,-0.0631,12.4558,12.5189,7371.0,0.47247726377686594,0.6951172853423092
MAP2K4,0.0587,9.8415,9.7828,8269.0,0.47247726377686594,0.6951172853423092
WIPI1,0.0409,10.5976,10.5567,8269.0,0.47247726377686594,0.6951172853423092
LILRB4,0.1664,9.1067,8.9403,8269.0,0.47247726377686594,0.6951172853423092
OSTC,0.0614,11.4624,11.401,8269.0,0.47247726377686594,0.6951172853423092
SSB,0.0254,11.8054,11.7799,8269.0,0.47247726377686594,0.6951172853423092
PPP1R15A,-0.1292,11.2256,11.3548,7371.0,0.47247726377686594,0.6951172853423092
DNPEP,-0.0915,9.9061,9.9976,7372.0,0.47346522561944304,0.6959859309431066
ARHGEF6,-0.1616,11.1998,11.3614,7372.0,0.47346522561944304,0.6959859309431066
KIAA1107,0.0696,9.4078,9.3383,8268.0,0.47346522561944304,0.6959859309431066
TMC8,-0.2281,9.2107,9.4388,7372.0,0.47346522561944304,0.6959859309431066
RNASEH2B,0.059,11.1307,11.0718,8267.0,0.4744543226186957,0.6970009694354365
LOX,-0.2015,8.5913,8.7928,7373.0,0.4744543226186957,0.6970009694354365
DIP2C,-0.1009,10.8728,10.9737,7373.0,0.4744543226186957,0.6970009694354365
FAM111A,0.0851,11.246,11.1609,8266.0,0.4754445535378733,0.6981627612551324
TMEM237,0.0466,9.7092,9.6626,8266.0,0.4754445535378733,0.6981627612551324
PDPN,-0.1403,8.2008,8.3411,7375.0,0.47643591713298417,0.6991786939820386
AP1G2,-0.0541,11.2164,11.2705,7375.0,0.47643591713298417,0.6991786939820386
ROCK1,-0.0449,12.834,12.8789,7375.0,0.47643591713298417,0.6991786939820386
EPN2,0.0453,9.7468,9.7015,8264.0,0.4774284121527973,0.6994625879301338
GPX1,-0.1339,9.8411,9.975,7376.0,0.4774284121527973,0.6994625879301338
PRKAG2,-0.0505,10.169,10.2196,7376.0,0.4774284121527973,0.6994625879301338
BMP2K,-0.1241,11.3856,11.5097,7376.0,0.4774284121527973,0.6994625879301338
HNRNPU-AS1,-0.0918,10.7035,10.7953,7376.0,0.4774284121527973,0.6994625879301338
SYNE2,0.0677,15.9879,15.9202,8264.0,0.4774284121527973,0.6994625879301338
ZNF776,0.0451,10.6665,10.6214,8264.0,0.4774284121527973,0.6994625879301338
KRT19,0.1047,14.4921,14.3874,8264.0,0.4774284121527973,0.6994625879301338
MFSD6,0.0254,11.9305,11.9051,8263.0,0.4784220373388438,0.700478680218257
TWSG1,0.0627,10.4407,10.378,8263.0,0.4784220373388438,0.700478680218257
PEG10,0.3574,9.2141,8.8568,8263.0,0.4784220373388438,0.700478680218257
KRT23,-0.3147,9.7858,10.1005,7378.0,0.47941679142541826,0.7010557089898108
GREB1,-0.1224,7.4472,7.5696,7378.0,0.47941679142541826,0.7010557089898108
SNORD13,-0.1973,9.3723,9.5696,7378.0,0.47941679142541826,0.7010557089898108
FAM102B,-0.0163,9.4885,9.5048,7378.0,0.47941679142541826,0.7010557089898108
CRIP1,0.1141,8.8175,8.7033,8262.0,0.47941679142541826,0.7010557089898108
KIAA1217,-0.1291,12.9904,13.1196,7378.0,0.47941679142541826,0.7010557089898108
KRT6B,-0.5702,6.0541,6.6243,7378.5,0.4797689014177522,0.7014241370831981
PCDHGB2,-0.1471,8.1562,8.3033,7379.0,0.48041267313958,0.7017792970372296
ZNF623,0.0171,10.202,10.1849,8261.0,0.48041267313958,0.7017792970372296
TTC3,0.0649,13.8863,13.8214,8261.0,0.48041267313958,0.7017792970372296
FAT3,0.4453,9.0047,8.5594,8261.0,0.48041267313958,0.7017792970372296
B3GNT2,-0.0348,9.5125,9.5473,7380.0,0.48140968120115524,0.7023566661357687
PLA2G4A,-0.0404,10.6418,10.6821,7380.0,0.48140968120115524,0.7023566661357687
NAA16,-0.042,10.1369,10.1788,7380.0,0.48140968120115524,0.7023566661357687
EML6,-0.0455,8.7538,8.7993,7380.0,0.48140968120115524,0.7023566661357687
CD3E,0.0926,9.7885,9.6959,8260.0,0.48140968120115524,0.7023566661357687
PTPRM,-0.1349,12.9308,13.0657,7380.0,0.48140968120115524,0.7023566661357687
CRY1,0.0423,9.7159,9.6736,8259.0,0.48240781432273805,0.7027880016022747
PDGFRL,-0.11,6.8514,6.9614,7381.0,0.48240781432273805,0.7027880016022747
TMEM87B,-0.0753,11.7784,11.8537,7381.0,0.48240781432273805,0.7027880016022747
EIF1B,0.0874,9.8026,9.7153,8259.0,0.48240781432273805,0.7027880016022747
LLGL2,0.1006,10.4101,10.3094,8259.0,0.48240781432273805,0.7027880016022747
GRPEL1,0.0363,9.4284,9.3921,8259.0,0.48240781432273805,0.7027880016022747
GCDH,0.0479,9.536,9.4881,8259.0,0.48240781432273805,0.7027880016022747
SPTSSB,0.2202,7.8629,7.6427,8258.0,0.48340702162169535,0.7032197174244863
RAB4A,0.04,9.4165,9.3765,8258.0,0.4834070712096926,0.7032197174244863
GPR98,0.3698,9.4723,9.1024,8258.0,0.4834070712096926,0.7032197174244863
TCAIM,0.0552,9.618,9.5628,8258.0,0.4834070712096926,0.7032197174244863
SERPING1,-0.0864,13.9392,14.0256,7382.0,0.4834070712096926,0.7032197174244863
MIER1,-0.0597,11.6852,11.7449,7382.0,0.4834070712096926,0.7032197174244863
ZNF76,0.0807,10.1218,10.0411,8258.0,0.4834070712096926,0.7032197174244863
PLCE1,0.1087,12.9988,12.8901,8257.0,0.4844074505601551,0.7043823455715876
SLC41A3,0.0373,9.7177,9.6804,8257.0,0.4844074505601551,0.7043823455715876
FXYD5,-0.1317,11.6815,11.8132,7384.0,0.485408951065035,0.7049603658872751
ZBTB44,-0.0514,11.0451,11.0965,7384.0,0.485408951065035,0.7049603658872751
TTC7B,0.132,10.3647,10.2327,8256.0,0.485408951065035,0.7049603658872751
PHF19,0.06,9.1041,9.0441,8256.0,0.485408951065035,0.7049603658872751
QSOX1,0.1061,12.2661,12.16,8256.0,0.485408951065035,0.7049603658872751
SNAPC4,0.0562,9.521,9.4648,8256.0,0.485408951065035,0.7049603658872751
LRRC37A3,0.1312,9.7199,9.5887,8255.0,0.48641157140801794,0.7053924693664008
SNRNP70,-0.0507,12.5376,12.5883,7385.0,0.48641157140801794,0.7053924693664008
CEP170B,-0.0546,11.0629,11.1175,7385.0,0.48641157140801794,0.7053924693664008
PTBP2,0.0132,9.9265,9.9133,7385.0,0.48641157140801794,0.7053924693664008
SPTBN2,0.1519,11.5844,11.4325,8255.0,0.48641157140801794,0.7053924693664008
CD37,-0.1909,8.587,8.7779,7385.0,0.48641157140801794,0.7053924693664008
STK38L,-0.0553,11.1406,11.1958,7385.0,0.48641157140801794,0.7053924693664008
GPX2,-0.5482,8.7968,9.345,7385.5,0.4869128072629737,0.7059731654788002
LMBRD1,-0.0385,12.6882,12.7267,7386.0,0.4874153102655666,0.7061169668576258
BACH1,0.0416,12.0512,12.0096,8254.0,0.4874153102655666,0.7061169668576258
ABHD4,0.0573,8.9091,8.8518,8254.0,0.4874153102655666,0.7061169668576258
RANGAP1,0.042,10.7144,10.6724,8254.0,0.4874153102655666,0.7061169668576258
TCP11L1,0.1155,9.8847,9.7691,8253.0,0.4884201663069242,0.7068415839320913
RBCK1,0.0527,9.5643,9.5116,8253.0,0.4884201663069242,0.7068415839320913
CFDP1,0.062,11.3108,11.2488,8253.0,0.4884201663069242,0.7068415839320913
DOCK8,0.0377,13.1367,13.099,8253.0,0.4884201663069242,0.7068415839320913
R3HDM1,0.0348,11.6167,11.5819,8253.0,0.4884201663069242,0.7068415839320913
PTGR1,-0.1011,11.1277,11.2288,7388.0,0.4894261381941155,0.7071283775063733
CD22,-0.2721,7.1942,7.4663,7388.0,0.4894261381941155,0.7071283775063733
CLCN7,-0.0599,11.8313,11.8912,7388.0,0.4894261381941155,0.7071283775063733
SETD8,0.0429,9.3309,9.288,8252.0,0.4894261381941155,0.7071283775063733
CDC14A,-0.0997,9.8015,9.9012,7388.0,0.4894261381941155,0.7071283775063733
CAMTA1,0.0477,9.4459,9.3982,8252.0,0.4894261381941155,0.7071283775063733
C1orf54,-0.1104,8.6002,8.7106,7388.0,0.4894261381941155,0.7071283775063733
RRAS2,-0.141,8.8896,9.0307,7388.0,0.4894261381941155,0.7071283775063733
TNFRSF1B,-0.1507,8.6598,8.8105,7389.0,0.4904332245819497,0.7077073710586017
ZNF33A,0.0792,11.8211,11.742,8251.0,0.4904332245819497,0.7077073710586017
SNORA12,0.0605,9.3816,9.3212,8251.0,0.4904332245819497,0.7077073710586017
COX7A2,0.0179,10.5775,10.5596,8251.0,0.4904332245819497,0.7077073710586017
PTPDC1,-0.0502,9.0564,9.1066,7389.0,0.4904332245819497,0.7077073710586017
ARMCX2,0.0059,8.9941,8.9882,8251.0,0.4904332245819497,0.7077073710586017
GALE,0.0704,9.849,9.7786,8250.0,0.49144142411802294,0.7085781949966058
IFI44,0.1078,10.2884,10.1806,8250.0,0.49144142411802294,0.7085781949966058
CYP27A1,-0.0949,8.181,8.276,7390.0,0.49144142411802294,0.7085781949966058
KIAA1551,-0.0714,12.2033,12.2748,7390.0,0.49144142411802294,0.7085781949966058
OSBPL8,-0.0448,12.7236,12.7684,7391.0,0.49245073544272033,0.7095951646718869
SLC38A10,0.0175,10.8981,10.8805,8249.0,0.49245073544272033,0.7095951646718869
CDCA7L,-0.1624,7.5134,7.6758,7391.0,0.49245073544272033,0.7095951646718869
CTSC,-0.1162,13.0892,13.2054,7392.0,0.49346115718921857,0.7103203461040284
NDUFAF4,-0.05,9.6603,9.7104,7392.0,0.49346115718921857,0.7103203461040284
FAM208B,0.0605,13.1484,13.0879,8248.0,0.49346115718921857,0.7103203461040284
SELL,0.1466,9.3387,9.1921,8248.0,0.49346115718921857,0.7103203461040284
ADAMTSL4,-0.0917,9.9162,10.0079,7392.0,0.49346115718921857,0.7103203461040284
GPI,0.0698,14.5336,14.4638,8247.0,0.49447268798348853,0.7111916685044918
TMEM64,0.1085,9.4529,9.3445,8247.0,0.49447268798348853,0.7111916685044918
TRAF3,-0.0278,11.6941,11.7219,7393.0,0.49447268798348853,0.7111916685044918
INPP5A,-0.044,10.1921,10.2362,7393.0,0.49447268798348853,0.7111916685044918
ITPK1,-0.0635,9.3156,9.3791,7394.0,0.4954853264442981,0.712063152285947
IRF4,0.0904,7.406,7.3156,8246.0,0.4954853264442981,0.712063152285947
GIPC1,0.0511,9.7463,9.6952,8246.0,0.4954853264442981,0.712063152285947
SLC16A1,-0.1545,10.3734,10.5279,7394.0,0.4954853264442981,0.712063152285947
IFI30,0.1406,11.3715,11.2309,8245.0,0.4964990711832148,0.7124965154705026
TSPAN14,0.0473,11.6838,11.6366,8245.0,0.4964990711832148,0.7124965154705026
VANGL1,-0.0345,11.446,11.4804,7395.0,0.4964990711832148,0.7124965154705026
VIPR1,-0.1825,8.7629,8.9454,7395.0,0.4964990711832148,0.7124965154705026
ZNF860,0.1054,9.6184,9.513,8245.0,0.4964990711832148,0.7124965154705026
IKBKE,-0.102,9.3067,9.4087,7395.0,0.4964990711832148,0.7124965154705026
TNRC6C,-0.0427,9.9163,9.959,7395.0,0.4964990711832148,0.7124965154705026
PLCG1,-0.0581,12.3833,12.4413,7396.0,0.4975139208046082,0.7135142304719785
FRS2,0.2566,10.6988,10.4422,8244.0,0.4975139208046082,0.7135142304719785
FRA10AC1,-0.0221,9.1686,9.1907,7396.0,0.4975139208046082,0.7135142304719785
LYPLA2,0.0572,9.4575,9.4004,8243.0,0.49852987390565395,0.7139477928346206
NPIPA1,0.0838,9.1822,9.0984,8243.0,0.49852987390565395,0.7139477928346206
ZNF544,0.0558,10.4743,10.4184,8243.0,0.49852987390565395,0.7139477928346206
CAB39L,0.0609,9.4846,9.4237,8243.0,0.49852987390565395,0.7139477928346206
FYB,-0.1255,11.2857,11.4112,7397.0,0.49852987390565395,0.7139477928346206
ASF1A,0.0626,9.454,9.3914,8243.0,0.49852987390565395,0.7139477928346206
GSAP,-0.1218,10.1621,10.2839,7397.0,0.49852987390565395,0.7139477928346206
RDH10,-0.1145,10.6799,10.7944,7398.0,0.49954692907633547,0.714527603006858
FRAS1,-0.1787,10.1791,10.3578,7398.0,0.49954692907633547,0.714527603006858
SLC44A2,0.1098,13.9161,13.8063,8242.0,0.49954692907633547,0.714527603006858
FAM114A1,-0.0445,11.492,11.5365,7398.0,0.49954692907633547,0.714527603006858
HTATIP2,0.0861,10.1339,10.0478,8242.0,0.49954692907633547,0.714527603006858
UQCRQ,0.0512,10.9694,10.9182,8242.0,0.49954692907633547,0.714527603006858
LRMP,-0.1772,9.9011,10.0783,7399.0,0.5005650848994476,0.71510756620784
PHTF2,-0.0479,10.827,10.8748,7399.0,0.5005650848994476,0.71510756620784
NPIPB4,-0.0489,8.8987,8.9476,7399.0,0.5005650848994476,0.71510756620784
CHPT1,0.1154,10.6656,10.5502,8241.0,0.5005650848994476,0.71510756620784
SSH3,-0.1163,10.4628,10.5791,7399.0,0.5005650848994476,0.71510756620784
RPLP2,-0.0838,12.8789,12.9626,7399.0,0.5005650848994476,0.71510756620784
EFNA1,0.1208,10.1265,10.0057,8240.0,0.5015843399505999,0.7158335301964645
EPM2AIP1,0.032,9.9869,9.9549,8240.0,0.5015843399505999,0.7158335301964645
ZNF90,-0.2529,9.6968,9.9498,7400.0,0.5015843399505999,0.7158335301964645
ACOXL,0.2311,9.3844,9.1533,8240.0,0.5015843399505999,0.7158335301964645
KIAA1522,0.075,10.7116,10.6366,8240.0,0.5015843399505999,0.7158335301964645
KREMEN1,-0.1056,10.3917,10.4973,7401.0,0.5026046927982196,0.7165595813652142
CIRH1A,0.059,12.651,12.592,8239.0,0.5026046927982196,0.7165595813652142
IVNS1ABP,-0.0349,12.8488,12.8837,7401.0,0.5026046927982196,0.7165595813652142
ARRB2,0.0818,10.4412,10.3594,8239.0,0.5026046927982196,0.7165595813652142
RIOK3,0.0275,11.5372,11.5097,8239.0,0.5026046927982196,0.7165595813652142
SLC12A8,-0.0346,9.0307,9.0653,7402.0,0.5036261420035546,0.7171398683308037
ZNF211,-0.0522,10.7118,10.764,7402.0,0.5036261420035546,0.7171398683308037
SOCS4,0.0293,10.414,10.3848,8238.0,0.5036261420035546,0.7171398683308037
SNX29,-0.0392,12.197,12.2362,7402.0,0.5036261420035546,0.7171398683308037
B4GALT5,0.0706,11.0768,11.0062,8238.0,0.5036261420035546,0.7171398683308037
ZNF112,0.0687,9.7244,9.6557,8238.0,0.5036261420035546,0.7171398683308037
RABL6,0.0163,11.3251,11.3087,8237.0,0.5046486861206774,0.7178660875285605
FKBP5,-0.1236,10.5784,10.702,7403.0,0.5046486861206774,0.7178660875285605
DTNA,-0.1416,9.2591,9.4007,7403.0,0.5046486861206774,0.7178660875285605
PCGF3,0.0715,10.4642,10.3927,8237.0,0.5046486861206774,0.7178660875285605
SUMF2,-0.0293,10.2057,10.235,7403.0,0.5046486861206774,0.7178660875285605
DMKN,-0.3373,8.8348,9.1721,7404.0,0.5056723236964883,0.7181551983059233
CUTA,0.0298,9.5512,9.5214,8236.0,0.5056723236964883,0.7181551983059233
APC,-0.0421,13.369,13.4111,7404.0,0.5056723236964883,0.7181551983059233
C11orf54,0.0311,10.4688,10.4377,8236.0,0.5056723236964883,0.7181551983059233
SLITRK6,-0.2753,9.7436,10.0189,7404.0,0.5056723236964883,0.7181551983059233
FGFR2,0.1161,11.3583,11.2423,8236.0,0.5056723236964883,0.7181551983059233
C1QA,0.0816,11.2635,11.1819,8236.0,0.5056723236964883,0.7181551983059233
WBP5,-0.1481,11.2789,11.4269,7404.0,0.5056723236964883,0.7181551983059233
AGAP9,-0.0149,10.1403,10.1552,7405.0,0.5066970532707187,0.7185904139438726
FAM135A,-0.0729,11.049,11.1219,7405.0,0.5066970532707187,0.7185904139438726
BCAR3,-0.0655,10.0412,10.1067,7405.0,0.5066970532707187,0.7185904139438726
ADCK2,0.0595,9.6947,9.6352,8235.0,0.5066970532707187,0.7185904139438726
FAM129B,0.0608,11.8264,11.7656,8235.0,0.5066970532707187,0.7185904139438726
NR4A3,-0.1848,7.5223,7.707,7405.0,0.5066970532707187,0.7185904139438726
RRM2B,0.0842,10.7158,10.6316,8235.0,0.5066970532707187,0.7185904139438726
ANK2,-0.0911,10.5365,10.6276,7406.0,0.5077228733759351,0.7196080312187156
ZFAND5,-0.0597,11.2774,11.3371,7406.0,0.5077228733759351,0.7196080312187156
NUP153,0.0944,13.3301,13.2358,8234.0,0.5077228733759351,0.7196080312187156
SPPL2B,0.0643,9.483,9.4187,8233.0,0.5087497825375422,0.7209175894598154
LRPAP1,0.025,10.6678,10.6428,8232.0,0.5097777792737876,0.7217900906296674
NEK4,0.062,11.4355,11.3734,8232.0,0.5097777792737876,0.7217900906296674
NPIPB15,-0.3352,8.7055,9.0406,7408.0,0.5097777792737876,0.7217900906296674
MAN1A2,0.059,12.8416,12.7826,8232.0,0.5097777792737876,0.7217900906296674
KDM5B,-0.0366,12.9277,12.9642,7409.0,0.5108068620957645,0.7228087402013819
MPZL1,0.0624,10.8157,10.7533,8231.0,0.5108068620957645,0.7228087402013819
BTG3,0.0692,9.1945,9.1253,8231.0,0.5108068620957645,0.7228087402013819
ANKZF1,-0.0496,10.0229,10.0726,7410.0,0.5118370295074162,0.7230975827396481
GRHL2,0.1643,12.9144,12.7501,8230.0,0.5118370295074162,0.7230975827396481
OTULIN,0.0285,9.6635,9.635,8230.0,0.5118370295074162,0.7230975827396481
DPY19L2,-0.1104,8.1444,8.2548,7410.0,0.5118370295074162,0.7230975827396481
SNORA52,0.0686,9.6076,9.539,8230.0,0.5118370295074162,0.7230975827396481
PCYOX1,-0.0204,10.9619,10.9823,7410.0,0.5118370295074162,0.7230975827396481
TAF7,-0.0206,10.4902,10.5108,7410.0,0.5118370295074162,0.7230975827396481
GSTM2,-0.1955,11.6223,11.8179,7410.0,0.5118370295074162,0.7230975827396481
BHMT,0.3198,6.7772,6.4574,8229.5,0.5123446297875126,0.7236687056074931
RASSF8,-0.0786,9.3272,9.4058,7411.0,0.5128682800055402,0.7236785341283091
ZNF708,-0.1075,12.1048,12.2123,7411.0,0.5128682800055402,0.7236785341283091
KHDRBS3,-0.0515,7.7467,7.7982,7411.0,0.5128682800055402,0.7236785341283091
PDIA6,0.0769,12.8004,12.7235,8229.0,0.5128682800055402,0.7236785341283091
ASCC2,0.0286,11.7714,11.7428,8229.0,0.5128682800055402,0.7236785341283091
NBPF15,-0.011,11.3239,11.3348,7412.0,0.5139006120797917,0.7246971378161058
TRHDE,0.2395,8.1761,7.9366,8228.0,0.5139006120797917,0.7246971378161058
ODF2L,-0.0692,10.4686,10.5378,7412.0,0.5139006120797917,0.7246971378161058
TNFRSF11A,-0.0738,8.4032,8.4769,7413.0,0.5149340242126884,0.7257160337213638
CABYR,0.0549,8.2966,8.2417,8227.0,0.5149340242126884,0.7257160337213638
ZNF827,-0.0509,10.4484,10.4993,7413.0,0.5149340242126884,0.7257160337213638
ACSL3,-0.0415,11.7667,11.8082,7414.0,0.5159685148796144,0.7258592827846403
TTC7A,-0.0825,10.5395,10.6221,7414.0,0.5159685148796144,0.7258592827846403
COTL1,-0.1451,8.8877,9.0328,7414.0,0.5159685148796144,0.7258592827846403
CCL11,0.1567,7.776,7.6194,8226.0,0.5159685148796144,0.7258592827846403
SNORA8,-0.1622,9.6386,9.8009,7414.0,0.5159685148796144,0.7258592827846403
SNORA73B,-0.0923,15.7308,15.8231,7414.0,0.5159685148796144,0.7258592827846403
ZNHIT6,-0.0335,10.359,10.3925,7414.0,0.5159685148796144,0.7258592827846403
MALT1,0.0432,11.1738,11.1307,8226.0,0.5159685148796144,0.7258592827846403
ERO1LB,-0.1,9.1671,9.267,7414.0,0.5159685148796144,0.7258592827846403
PLXNB3,-0.1486,8.7574,8.906,7415.0,0.5170040825488242,0.7264405277065441
ZNF548,0.0618,10.1031,10.0413,8225.0,0.5170040825488242,0.7264405277065441
NYNRIN,-0.168,10.3771,10.5451,7415.0,0.5170040825488242,0.7264405277065441
TMEM132A,-0.0252,8.8732,8.8984,7415.0,0.5170040825488242,0.7264405277065441
GRK6,-0.0861,9.3949,9.481,7415.0,0.5170040825488242,0.7264405277065441
RGL2,-0.0742,10.6151,10.6893,7415.0,0.5170040825488242,0.7264405277065441
TCN2,-0.0464,9.7494,9.7958,7416.0,0.5180407256814478,0.7268762175810818
FAAH2,-0.0648,8.9189,8.9837,7416.0,0.5180407256814478,0.7268762175810818
RYR2,-0.141,10.3849,10.5258,7416.0,0.5180407256814478,0.7268762175810818
PTK6,-0.1991,7.8799,8.079,7416.0,0.5180407256814478,0.7268762175810818
NBPF8,-0.045,11.1289,11.1739,7416.0,0.5180407256814478,0.7268762175810818
HMGA1,0.1199,12.2629,12.143,8224.0,0.5180407256814478,0.7268762175810818
LOC146880,0.0555,11.1389,11.0834,8224.0,0.5180407256814478,0.7268762175810818
CEACAM5,-0.133,9.1368,9.2697,7417.0,0.5190782532325111,0.7274577415346517
TMEM135,-0.0698,12.9926,13.0625,7417.0,0.5190784427314943,0.7274577415346517
APOE,0.2104,11.1569,10.9465,8223.0,0.5190784427314943,0.7274577415346517
NEK7,-0.0061,10.766,10.7721,7417.0,0.5190784427314943,0.7274577415346517
PRPF40B,-0.0399,9.9001,9.9399,7417.0,0.5190784427314943,0.7274577415346517
RALGAPB,0.0612,13.2944,13.2331,8223.0,0.5190784427314943,0.7274577415346517
RPL11,-0.0357,15.1929,15.2286,7418.0,0.5201172321458567,0.7283305292376394
ATM,-0.072,14.2064,14.2785,7418.0,0.5201172321458567,0.7283305292376394
CEP290,0.0119,11.069,11.0571,7418.0,0.5201172321458567,0.7283305292376394
L1CAM,0.335,7.3416,7.0066,8222.0,0.5201172321458567,0.7283305292376394
CLN6,0.049,10.178,10.1291,8221.0,0.5211570923643173,0.7284756722210208
LOC100289097,-0.0586,9.2537,9.3123,7419.0,0.5211570923643173,0.7284756722210208
SP110,-0.0853,11.3516,11.4369,7419.0,0.5211570923643173,0.7284756722210208
GBA2,-0.0267,10.984,11.0107,7419.0,0.5211570923643173,0.7284756722210208
TAF3,0.0445,9.9294,9.8849,8221.0,0.5211570923643173,0.7284756722210208
NT5C2,0.0532,12.1675,12.1143,8221.0,0.5211570923643173,0.7284756722210208
RNASE1,-0.0927,10.3433,10.436,7419.0,0.5211570923643173,0.7284756722210208
ZNF564,-0.0565,10.6533,10.7098,7419.0,0.5211570923643173,0.7284756722210208
MGST2,-0.106,11.6612,11.7672,7419.0,0.5211570923643173,0.7284756722210208
SMARCAD1,0.0524,13.0685,13.0162,8220.0,0.522198021819551,0.7294938653106555
DDX60L,0.0827,11.5749,11.4921,8220.0,0.522198021819551,0.7294938653106555
SASH1,-0.0847,11.5273,11.6121,7420.0,0.522198021819551,0.7294938653106555
GPR160,0.1517,8.3317,8.18,8219.0,0.523240018937131,0.7300756829282185
CPAMD8,-0.1614,6.8702,7.0316,7421.0,0.523240018937131,0.7300756829282185
YIF1A,0.0393,9.7609,9.7216,8219.0,0.523240018937131,0.7300756829282185
PIK3R2,-0.0353,10.401,10.4363,7421.0,0.523240018937131,0.7300756829282185
NAAA,0.0261,9.0606,9.0346,8219.0,0.523240018937131,0.7300756829282185
IFIT1,0.1187,8.7836,8.6649,8219.0,0.523240018937131,0.7300756829282185
IQGAP2,-0.1119,10.1961,10.308,7422.0,0.5242830821355335,0.7309485216394866
ZNF701,-0.0026,10.4189,10.4214,8218.0,0.5242830821355335,0.7309485216394866
SNORA68,0.1242,9.1172,8.9931,8218.0,0.5242830821355335,0.7309485216394866
CIITA,-0.1867,12.0574,12.2441,7422.0,0.5242830821355335,0.7309485216394866
MUC21,0.2257,5.0071,4.7814,8217.5,0.5245484201169072,0.7311728873564293
DCDC2,-0.1988,5.3429,5.5417,7423.0,0.5253194618236021,0.7318214542296552
TUSC3,-0.073,12.5466,12.6196,7423.0,0.5253272098261426,0.7318214542296552
IFT57,0.0223,10.0747,10.0524,7423.0,0.5253272098261426,0.7318214542296552
SLC1A6,0.323,5.0298,4.7068,8215.5,0.5260298767705047,0.7325488712428502
CD99,-0.02,12.3427,12.3627,7424.0,0.5263724004132546,0.7325488712428502
NT5DC3,0.0805,8.8896,8.8091,8216.0,0.5263724004132546,0.7325488712428502
SNORD22,0.0011,9.2464,9.2453,8216.0,0.5263724004132546,0.7325488712428502
JRK,-0.0284,9.3009,9.3293,7424.0,0.5263724004132546,0.7325488712428502
SNORA34,0.0536,10.4406,10.3871,8215.0,0.5274186522940841,0.7331307705469375
PSMB5,0.0502,10.1681,10.1179,8215.0,0.5274186522940841,0.7331307705469375
CCDC64,0.0584,9.0464,8.988,8215.0,0.5274186522940841,0.7331307705469375
RB1CC1,0.0751,13.1726,13.0975,8215.0,0.5274186522940841,0.7331307705469375
MYO1G,-0.1657,8.2904,8.4561,7425.0,0.5274186522940841,0.7331307705469375
PLBD1,0.0269,11.7824,11.7555,8215.0,0.5274186522940841,0.7331307705469375
FBP1,0.0949,10.6533,10.5585,8214.0,0.5284659638587688,0.7342950684331265
GIMAP7,-0.179,8.4966,8.6756,7426.0,0.5284659638587688,0.7342950684331265
EEA1,-0.0463,12.3848,12.4311,7427.0,0.5295143334903742,0.7353140744463793
CLIP1,-0.0695,12.8299,12.8994,7427.0,0.5295143334903742,0.7353140744463793
INTS5,0.0347,9.1845,9.1497,8213.0,0.5295143334903742,0.7353140744463793
GABRB3,0.1776,6.8508,6.6732,8212.0,0.5305635731676341,0.7357501006401966
RETSAT,0.0462,9.8622,9.816,8212.0,0.5305637595648998,0.7357501006401966
FERMT3,-0.1057,8.8192,8.9249,7428.0,0.5305637595648998,0.7357501006401966
TMEM40,0.0597,8.7878,8.7281,8212.0,0.5305637595648998,0.7357501006401966
TOM1L2,0.057,10.575,10.5181,8212.0,0.5305637595648998,0.7357501006401966
EHD4,-0.0857,9.3442,9.4299,7428.0,0.5305637595648998,0.7357501006401966
SNORD3D,0.1179,8.7543,8.6364,8212.0,0.5305637595648998,0.7357501006401966
KRT14,0.2892,9.2607,8.9715,8211.0,0.5316142404512837,0.7370608841576598
VDAC3,0.0754,11.7277,11.6523,8210.0,0.5326657745114084,0.7377884531058926
GCNT4,0.0457,8.5746,8.529,8210.0,0.5326657745114084,0.7377884531058926
DHRS4,-0.0301,9.8014,9.8316,7430.0,0.5326657745114084,0.7377884531058926
KPNA5,-0.0415,9.5558,9.5972,7430.0,0.5326657745114084,0.7377884531058926
RAPGEF1,-0.0552,11.6025,11.6576,7430.0,0.5326657745114084,0.7377884531058926
ZNF618,-0.0624,9.248,9.3104,7431.0,0.5337183601001061,0.7385160394746183
SCUBE2,-0.1697,9.8897,10.0594,7431.0,0.5337183601001061,0.7385160394746183
HBB,-0.0103,11.6827,11.6931,7431.0,0.5337183601001061,0.7385160394746183
SF3B5,0.0499,9.2029,9.153,8209.0,0.5337183601001061,0.7385160394746183
NOP58,0.0493,11.9994,11.9501,8209.0,0.5337183601001061,0.7385160394746183
BASP1,0.024,8.39,8.366,7432.0,0.5347719955651651,0.7386604112313316
UBE2E3,-0.0318,9.771,9.8028,7432.0,0.5347719955651651,0.7386604112313316
ODC1,0.0076,10.4881,10.4805,7432.0,0.5347719955651651,0.7386604112313316
ORAI1,-0.0801,9.9607,10.0408,7432.0,0.5347719955651651,0.7386604112313316
FMNL2,0.0555,11.8482,11.7926,8208.0,0.5347719955651651,0.7386604112313316
SLCO4A1,-0.0437,7.0423,7.0861,7432.0,0.5347719955651651,0.7386604112313316
PRKCI,0.0697,11.5662,11.4965,8208.0,0.5347719955651651,0.7386604112313316
DRAM1,0.1,8.6932,8.5932,8208.0,0.5347719955651651,0.7386604112313316
LOXL4,-0.0007,7.1171,7.1177,7432.0,0.5347719955651651,0.7386604112313316
ALDH7A1,-0.1549,10.7337,10.8885,7433.0,0.5358266792473341,0.7398253617446925
STK35,0.0534,9.289,9.2356,8207.0,0.5358266792473341,0.7398253617446925
ZNF718,0.1084,9.4612,9.3529,8206.0,0.5368824094803293,0.7406988797460099
WDR60,-0.0431,11.1649,11.208,7434.0,0.5368824094803293,0.7406988797460099
PANX1,0.0261,9.0662,9.0401,8206.0,0.5368824094803293,0.7406988797460099
ITGA4,-0.1236,10.8867,11.0103,7434.0,0.5368824094803293,0.7406988797460099
STXBP1,0.011,10.1823,10.1713,7435.0,0.5379391845908394,0.741134784514981
ACKR3,-0.1909,9.5109,9.7018,7435.0,0.5379391845908394,0.741134784514981
BCL2L1,0.0245,9.304,9.2795,8205.0,0.5379391845908394,0.741134784514981
SLC7A5,0.0865,12.1415,12.0549,8205.0,0.5379391845908394,0.741134784514981
DOCK10,-0.1046,11.4434,11.548,7435.0,0.5379391845908394,0.741134784514981
FHAD1,-0.1061,8.6796,8.7857,7435.0,0.5379391845908394,0.741134784514981
SH3GL1,0.0416,10.8129,10.7713,8205.0,0.5379391845908394,0.741134784514981
IL1B,-0.1848,8.6966,8.8814,7436.0,0.5389970028985324,0.7417166459615685
NOP2,0.0397,10.6882,10.6485,8204.0,0.5389970028985324,0.7417166459615685
FGD4,-0.0689,10.9484,11.0174,7436.0,0.5389970028985324,0.7417166459615685
MSI2,0.0225,11.7176,11.6951,8204.0,0.5389970028985324,0.7417166459615685
WNK2,0.1689,9.3885,9.2196,8204.0,0.5389970028985324,0.7417166459615685
VPS13C,-0.0581,14.4628,14.5209,7436.0,0.5389970028985324,0.7417166459615685
SLC7A11,0.0623,8.1596,8.0973,8203.0,0.5400558627160601,0.7428817926930993
DNAJB6,-0.0261,9.6625,9.6886,7437.0,0.5400558627160601,0.7428817926930993
TSPAN31,-0.0453,9.3066,9.3519,7438.0,0.5411157623490658,0.7439013906027694
ATP6AP2,0.0312,13.3232,13.2921,8202.0,0.5411157623490658,0.7439013906027694
TTC38,-0.0583,9.2063,9.2646,7438.0,0.5411157623490658,0.7439013906027694
PARP10,-0.0504,9.2288,9.2792,7439.0,0.5421767000961897,0.7447750943063195
FAM107B,0.1165,10.2033,10.0868,8201.0,0.5421767000961897,0.7447750943063195
TLR3,0.0356,9.6015,9.5659,8201.0,0.5421767000961897,0.7447750943063195
GCH1,-0.0106,9.1344,9.145,8201.0,0.5421767000961897,0.7447750943063195
PARP12,0.0671,10.6802,10.6131,8200.0,0.5432386742490749,0.7460875535921302
PRKCH,-0.1036,10.5824,10.686,7441.0,0.5443016830923744,0.74740091895998
PLEKHM1P,-0.0379,11.4378,11.4757,7442.0,0.5453657249037566,0.747982015570115
KIAA1244,0.1983,11.4976,11.2993,8198.0,0.5453657249037566,0.747982015570115
ATRNL1,-0.0292,7.6296,7.6588,7442.0,0.5453657249037566,0.747982015570115
TBL1X,-0.0806,10.6552,10.7358,7442.0,0.5453657249037566,0.747982015570115
SRSF8,-0.0409,9.776,9.8169,7442.0,0.5453657249037566,0.747982015570115
LIMK1,-0.0456,10.0159,10.0615,7442.0,0.5453657249037566,0.747982015570115
BTBD16,-0.2566,6.8709,7.1274,7443.0,0.5464307524727294,0.7484167569081266
COL24A1,-0.0722,8.5989,8.6711,7443.0,0.5464307979539128,0.7484167569081266
LIPH,0.1009,10.0277,9.9267,8197.0,0.5464307979539128,0.7484167569081266
ZNF780B,0.0384,11.2636,11.2252,8197.0,0.5464307979539128,0.7484167569081266
CUL7,0.0775,12.3442,12.2668,8197.0,0.5464307979539128,0.7484167569081266
TFAM,0.0224,11.2302,11.2077,8197.0,0.5464307979539128,0.7484167569081266
CTC1,0.021,9.9109,9.89,8197.0,0.5464307979539128,0.7484167569081266
ATP5B,0.0564,13.8301,13.7737,8196.0,0.5474969005065631,0.7488517176264573
PAK1,-0.0711,11.1237,11.1948,7444.0,0.5474969005065631,0.7488517176264573
TMTC2,0.0485,10.8212,10.7726,8196.0,0.5474969005065631,0.7488517176264573
ZNF845,0.036,11.9737,11.9376,8196.0,0.5474969005065631,0.7488517176264573
PROSC,0.1693,9.7265,9.5572,8196.0,0.5474969005065631,0.7488517176264573
TNFAIP6,-0.144,7.3207,7.4647,7444.0,0.5474969005065631,0.7488517176264573
PBXIP1,-0.0668,10.4628,10.5296,7444.0,0.5474969005065631,0.7488517176264573
DDX3Y,0.5813,11.0618,10.4805,8195.0,0.548563849510979,0.7489947178439645
FBLN1,0.0484,14.5607,14.5123,8195.0,0.5485640308184627,0.7489947178439645
AK3,0.0668,10.6851,10.6183,8195.0,0.5485640308184627,0.7489947178439645
SLC22A23,0.0499,8.6285,8.5786,8195.0,0.5485640308184627,0.7489947178439645
TMEM176B,-0.1446,10.8789,11.0235,7445.0,0.5485640308184627,0.7489947178439645
ACTG2,-0.1912,10.3139,10.5051,7445.0,0.5485640308184627,0.7489947178439645
PLS3,-0.0776,13.0654,13.143,7445.0,0.5485640308184627,0.7489947178439645
ZNF765,0.002,11.1748,11.1729,8195.0,0.5485640308184627,0.7489947178439645
TAF9B,0.0714,9.3505,9.2791,8195.0,0.5485640308184627,0.7489947178439645
PROM1,0.2565,7.6765,7.42,8194.5,0.5490979355493893,0.749577552173952
ZNF184,0.0721,9.442,9.3699,8194.0,0.5496321871394099,0.7500144595746857
ARHGEF10,-0.038,10.6664,10.7044,7446.0,0.5496321871394099,0.7500144595746857
RHCG,-0.338,5.0623,5.4003,7447.0,0.5506988380991906,0.7503038284219643
LOC100293211,0.2547,9.8641,9.6094,8193.0,0.5507013677122514,0.7503038284219643
DTNB,0.0609,10.3821,10.3212,8193.0,0.5507013677122514,0.7503038284219643
ITGAL,0.0327,9.7778,9.7451,8193.0,0.5507013677122514,0.7503038284219643
MCL1,-0.038,12.2384,12.2764,7447.0,0.5507013677122514,0.7503038284219643
PTK2,-0.0321,13.4541,13.4862,7447.0,0.5507013677122514,0.7503038284219643
ZNF222,0.0563,9.0697,9.0134,8193.0,0.5507013677122514,0.7503038284219643
CTSD,0.0222,13.597,13.5748,8193.0,0.5507013677122514,0.7503038284219643
KRT6C,-0.4278,4.528,4.9557,7448.0,0.5508851407236162,0.7504082163951534
NPAT,0.0138,12.739,12.7251,8192.0,0.5517715707728897,0.7510313527934979
SIRT2,0.0607,10.1312,10.0705,8192.0,0.5517715707728897,0.7510313527934979
ID1,-0.1531,9.5613,9.7144,7448.0,0.5517715707728897,0.7510313527934979
SPP1,-0.1533,12.4435,12.5968,7448.0,0.5517715707728897,0.7510313527934979
ABLIM3,-0.2092,10.0151,10.2242,7449.0,0.5528427945502905,0.7520509110791928
TMEM205,-0.0599,9.1415,9.2014,7449.0,0.5528427945502905,0.7520509110791928
ANKRD13D,-0.06,9.6384,9.6984,7449.0,0.5528427945502905,0.7520509110791928
HSPD1,0.0599,13.8747,13.8147,8190.0,0.5539150372664895,0.7527783826852757
TAB3,0.0725,10.9645,10.892,8190.0,0.5539150372664895,0.7527783826852757
LPHN1,0.1388,9.3944,9.2556,8190.0,0.5539150372664895,0.7527783826852757
ATP13A4,0.2165,6.4308,6.2143,8190.0,0.5539150372664895,0.7527783826852757
ARG2,0.0751,8.471,8.3959,8190.0,0.5539150372664895,0.7527783826852757
NCOA3,0.068,13.3055,13.2376,8189.0,0.5549882971365988,0.753651938112779
NEDD9,0.1421,11.4622,11.3201,8189.0,0.5549882971365988,0.753651938112779
MPP5,-0.0756,10.715,10.7906,7451.0,0.5549882971365988,0.753651938112779
ENAH,-0.068,12.6587,12.7266,7451.0,0.5549882971365988,0.753651938112779
ZNF770,-0.0674,10.723,10.7905,7452.0,0.5560625723688148,0.7546717430811648
VWA5A,-0.1408,9.7401,9.8809,7452.0,0.5560625723688148,0.7546717430811648
GALC,0.0467,11.0579,11.0112,8188.0,0.5560625723688148,0.7546717430811648
CKB,-0.1719,7.7207,7.8926,7453.0,0.5571378611644258,0.7555453992514471
NR3C2,-0.0701,8.8157,8.8858,7453.0,0.5571378611644258,0.7555453992514471
BCAT2,0.1121,9.7355,9.6234,8187.0,0.5571378611644258,0.7555453992514471
MYO6,0.0451,14.4266,14.3815,8187.0,0.5571378611644258,0.7555453992514471
C5orf42,-0.0465,12.5189,12.5654,7454.0,0.5582141617178178,0.756565468262024
IFIT2,0.1046,9.3882,9.2835,8186.0,0.5582141617178178,0.756565468262024
ZNF808,-0.0542,12.0316,12.0857,7454.0,0.5582141617178178,0.756565468262024
MDM4,-0.0617,11.6528,11.7145,7455.0,0.5592914722164841,0.7572927648747174
ALDH4A1,-0.1281,8.6835,8.8116,7455.0,0.5592914722164841,0.7572927648747174
ARHGEF26,0.0604,9.0404,8.98,8185.0,0.5592914722164841,0.7572927648747174
ZNF468,0.0582,11.3642,11.3059,8185.0,0.5592914722164841,0.7572927648747174
LIPG,-0.1091,9.5923,9.7014,7455.0,0.5592914722164841,0.7572927648747174
ALB,-0.446,4.6692,5.1153,7456.0,0.5603644560096022,0.7575810125984043
NLGN2,-0.054,10.3414,10.3954,7456.0,0.5603697908410301,0.7575810125984043
SNX13,-0.0106,11.8102,11.8209,7456.0,0.5603697908410301,0.7575810125984043
PIP4K2A,-0.0913,9.7694,9.8607,7456.0,0.5603697908410301,0.7575810125984043
CECR2,-0.2594,8.8825,9.1419,7456.0,0.5603697908410301,0.7575810125984043
AKR1C2,-0.3897,9.7584,10.1481,7456.0,0.5603697908410301,0.7575810125984043
VSIG4,-0.1614,8.896,9.0575,7456.0,0.5603697908410301,0.7575810125984043
ZNF252P,0.0356,10.197,10.1614,8184.0,0.5603697908410301,0.7575810125984043
USP9Y,0.4591,12.2155,11.7564,8183.5,0.5609092832143899,0.7581640050859627
CEL,0.237,9.0873,8.8504,8183.0,0.5614491157651836,0.7583082271366598
BZRAP1,-0.1004,8.1581,8.2585,7457.0,0.5614491157651836,0.7583082271366598
MS4A6A,-0.1214,10.4232,10.5446,7457.0,0.5614491157651836,0.7583082271366598
PLXNB2,-0.0538,13.4266,13.4804,7457.0,0.5614491157651836,0.7583082271366598
BCKDHB,0.0648,11.5698,11.5051,8182.0,0.5625294451558007,0.7590353958431739
POLR1B,0.0255,10.6862,10.6607,8182.0,0.5625294451558007,0.7590353958431739
CEBPA,0.1099,8.9071,8.7972,8182.0,0.5625294451558007,0.7590353958431739
PADI3,-0.3449,9.0737,9.4186,7458.0,0.5625294451558007,0.7590353958431739
AGPAT6,0.0535,11.1392,11.0857,8182.0,0.5625294451558007,0.7590353958431739
PCSK1,-0.1866,5.4359,5.6225,7459.0,0.56361060032372,0.7596162957162502
ZNF730,-0.1579,7.3047,7.4626,7459.0,0.5636107771728739,0.7596162957162502
FLOT2,0.0441,11.0434,10.9994,8181.0,0.5636107771728739,0.7596162957162502
CLDN12,-0.0275,9.0962,9.1237,7459.0,0.5636107771728739,0.7596162957162502
GSE1,-0.0286,10.2094,10.238,7459.0,0.5636107771728739,0.7596162957162502
GLUL,0.0238,14.2272,14.2033,8181.0,0.5636107771728739,0.7596162957162502
SNORD15B,-0.1227,11.3948,11.5176,7460.0,0.5646931099695401,0.760051095352045
PRR12,-0.0565,11.333,11.3896,7460.0,0.5646931099695401,0.760051095352045
AES,-0.0557,11.8285,11.8842,7460.0,0.5646931099695401,0.760051095352045
IKZF1,-0.191,7.7858,7.9768,7460.0,0.5646931099695401,0.760051095352045
SH3KBP1,0.0135,11.0798,11.0663,8180.0,0.5646931099695401,0.760051095352045
MAOA,-0.2671,13.0014,13.2685,7460.0,0.5646931099695401,0.760051095352045
SBNO2,-0.0694,10.8497,10.9191,7460.0,0.5646931099695401,0.760051095352045
ZNF439,0.0383,10.9574,10.9191,8179.0,0.5657764416920884,0.7606320639603945
VDAC1,0.0365,11.8848,11.8483,8179.0,0.5657764416920884,0.7606320639603945
ZNF256,0.0173,10.0073,9.99,8179.0,0.5657764416920884,0.7606320639603945
NCL,0.0426,15.1629,15.1203,8179.0,0.5657764416920884,0.7606320639603945
HILPDA,0.1418,8.7706,8.6287,8179.0,0.5657764416920884,0.7606320639603945
TATDN1,-0.0574,9.3876,9.445,7461.0,0.5657764416920884,0.7606320639603945
ALG8,0.0522,11.331,11.2788,8178.0,0.566860770479968,0.7610670965627331
CTSB,-0.0719,12.6921,12.764,7462.0,0.566860770479968,0.7610670965627331
MAP3K14,-0.0937,9.2876,9.3813,7462.0,0.566860770479968,0.7610670965627331
PARGP1,0.0488,9.6364,9.5875,8178.0,0.566860770479968,0.7610670965627331
RAB18,0.0175,13.5248,13.5073,8178.0,0.566860770479968,0.7610670965627331
ALPK1,-0.018,10.5915,10.6095,8178.0,0.566860770479968,0.7610670965627331
IRF8,-0.1834,9.4348,9.6181,7462.0,0.566860770479968,0.7610670965627331
KLHL9,0.086,11.0229,10.9369,8177.0,0.5679460944657957,0.7620859359156864
CC2D2A,-0.0692,9.7175,9.7867,7463.0,0.5679460944657957,0.7620859359156864
LRRN1,0.119,8.5152,8.3962,8177.0,0.5679460944657957,0.7620859359156864
AIM1L,0.1208,8.752,8.6312,8176.0,0.5690324117753655,0.7631049367412647
PICK1,-0.0287,10.9996,11.0283,7464.0,0.5690324117753655,0.7631049367412647
NDUFAF5,-0.0528,10.7366,10.7894,7464.0,0.5690324117753655,0.7631049367412647
RPS19,-0.0227,14.0167,14.0394,7465.0,0.5701197205276549,0.763831720462056
RAG1,-0.1114,8.2057,8.3171,7465.0,0.5701197205276549,0.763831720462056
HNRNPA0,0.0299,9.9306,9.9008,8175.0,0.5701197205276549,0.763831720462056
DDX26B,0.1062,10.1058,9.9996,8175.0,0.5701197205276549,0.763831720462056
MEGF9,0.0102,9.9771,9.9669,8175.0,0.5701197205276549,0.763831720462056
CNGA1,0.194,8.1057,7.9117,8174.0,0.5712080188348347,0.7647045987192407
PNRC2,0.0265,9.7389,9.7124,8174.0,0.5712080188348347,0.7647045987192407
ARL8B,0.0181,11.0594,11.0413,8174.0,0.5712080188348347,0.7647045987192407
CFB,0.1521,11.6986,11.5465,8174.0,0.5712080188348347,0.7647045987192407
DOCK2,-0.1437,11.3706,11.5142,7467.0,0.5722973048022764,0.765577464284688
TIAM2,-0.0323,8.028,8.0603,7467.0,0.5722973048022764,0.765577464284688
CD99L2,-0.0551,9.0674,9.1225,7467.0,0.5722973048022764,0.765577464284688
RPGRIP1L,0.0323,10.6286,10.5962,8173.0,0.5722973048022764,0.765577464284688
HIP1R,0.0443,10.6789,10.6347,8172.0,0.5733875765285608,0.7664503146458315
SRFBP1,-0.0411,9.9787,10.0198,7468.0,0.5733875765285608,0.7664503146458315
LMTK2,0.0317,11.3025,11.2707,8172.0,0.5733875765285608,0.7664503146458315
RAB21,0.0474,10.7208,10.6735,8172.0,0.5733875765285608,0.7664503146458315
KLK6,-0.1212,2.7738,2.895,7475.0,0.5737161515057825,0.7667431696555334
MMP11,0.0407,9.6742,9.6335,8171.0,0.5744788321054869,0.7673231472887135
SFI1,0.001,10.4214,10.4204,8171.0,0.5744788321054869,0.7673231472887135
PLOD2,-0.0535,11.6689,11.7225,7469.0,0.5744788321054869,0.7673231472887135
PLA2G4F,-0.1708,7.5863,7.7571,7469.5,0.5750247849024022,0.7676107790012215
PSG4,0.2575,5.0056,4.7481,8169.0,0.5754614315841966,0.7676107790012215
WAS,-0.1227,8.9482,9.0709,7470.0,0.57557106961808,0.7676107790012215
MAP7D1,-0.0298,10.6808,10.7106,7470.0,0.57557106961808,0.7676107790012215
SLC10A3,0.0259,9.545,9.5191,8170.0,0.57557106961808,0.7676107790012215
SNORA6,0.1044,9.6746,9.5702,8170.0,0.57557106961808,0.7676107790012215
UBE2J1,-0.0086,10.4774,10.486,7470.0,0.57557106961808,0.7676107790012215
TMED9,0.0354,10.7219,10.6865,8170.0,0.57557106961808,0.7676107790012215
ATP8B1,0.0454,13.4524,13.4071,8169.0,0.5766642871446006,0.7684833497380852
APP,-0.0459,15.7859,15.8317,7471.0,0.5766642871446006,0.7684833497380852
ANXA8,-0.3836,9.9504,10.334,7471.0,0.5766642871446006,0.7684833497380852
WSB2,0.0501,11.2277,11.1775,8169.0,0.5766642871446006,0.7684833497380852
SIGLEC10,-0.1049,8.1258,8.2308,7472.0,0.577758482756553,0.7693558955588782
DNAJB9,0.056,9.803,9.747,8168.0,0.577758482756553,0.7693558955588782
LOC729737,-0.085,9.2496,9.3346,7472.0,0.577758482756553,0.7693558955588782
TBCEL,0.0649,9.7611,9.6962,8168.0,0.577758482756553,0.7693558955588782
DDR1,-0.0186,12.251,12.2696,7473.0,0.5788536545186941,0.7703747895466391
ZNF552,0.0945,10.2016,10.1071,8167.0,0.5788536545186941,0.7703747895466391
SLC8B1,-0.1093,9.7272,9.8365,7473.0,0.5788536545186941,0.7703747895466391
OLFM2,-0.0883,7.795,7.8832,7474.0,0.5799498004890421,0.7708082089247983
SLC4A11,-0.209,10.3301,10.5391,7474.0,0.5799498004890421,0.7708082089247983
CD164,-0.0249,11.3847,11.4095,7474.0,0.5799498004890421,0.7708082089247983
FANCF,0.0293,9.9044,9.8751,8166.0,0.5799498004890421,0.7708082089247983
PACS2,-0.0223,10.7107,10.733,7474.0,0.5799498004890421,0.7708082089247983
ATHL1,-0.0953,9.7769,9.8722,7474.0,0.5799498004890421,0.7708082089247983
PCDHGB5,-0.1146,8.8427,8.9572,7474.0,0.5799498004890421,0.7708082089247983
RHBDD1,-0.013,9.6877,9.7007,7475.0,0.5810469187188864,0.7715342381092835
SLC1A3,0.1372,10.2885,10.1513,8165.0,0.5810469187188864,0.7715342381092835
AGTPBP1,0.0325,10.4837,10.4511,8165.0,0.5810469187188864,0.7715342381092835
ORMDL3,0.0118,9.0877,9.0759,8165.0,0.5810469187188864,0.7715342381092835
DPYSL2,-0.0655,10.9475,11.013,7475.0,0.5810469187188864,0.7715342381092835
ZNF430,-0.0789,11.4585,11.5374,7476.0,0.582145007252795,0.772552868256836
YWHAG,0.0402,11.1389,11.0987,8164.0,0.582145007252795,0.772552868256836
GATA3,-0.0275,12.9895,13.017,7476.0,0.582145007252795,0.772552868256836
MDC1,0.1411,11.9612,11.8201,8163.0,0.5832440641286252,0.7735716252069624
COX1,0.0647,10.1723,10.1076,8163.0,0.5832440641286252,0.7735716252069624
DMXL2,0.0457,12.7581,12.7123,8163.0,0.5832440641286252,0.7735716252069624
AKR1C3,-0.1457,11.4967,11.6424,7478.0,0.5843440873775316,0.7741508974470023
FAM86DP,-0.0132,9.1352,9.1484,8162.0,0.5843440873775316,0.7741508974470023
NDUFAF3,0.0278,10.1303,10.1025,8162.0,0.5843440873775316,0.7741508974470023
GALNT7,0.0422,11.2566,11.2143,8162.0,0.5843440873775316,0.7741508974470023
SGMS2,-0.0753,9.4743,9.5497,7478.0,0.5843440873775316,0.7741508974470023
PLA2G7,0.1712,9.9882,9.817,8162.0,0.5843440873775316,0.7741508974470023
RIMS2,0.238,8.7331,8.4951,8161.0,0.5854450750239764,0.7754628069591274
LAIR1,-0.1286,7.9651,8.0937,7480.0,0.5865470250857373,0.7763350626867168
RRP12,-0.0378,10.1287,10.1665,7480.0,0.5865470250857373,0.7763350626867168
FCGR2C,-0.1536,8.746,8.8996,7480.0,0.5865470250857373,0.7763350626867168
NT5DC2,0.039,11.3177,11.2786,8160.0,0.5865470250857373,0.7763350626867168
ABHD17C,-0.0725,8.7819,8.8544,7481.0,0.5876499355739189,0.7767601531394498
EXPH5,-0.1314,9.5543,9.6856,7481.0,0.5876499355739189,0.7767601531394498
RPL27A,-0.0631,13.6982,13.7613,7481.0,0.5876499355739189,0.7767601531394498
SYT7,-0.0711,8.4381,8.5091,7481.0,0.5876499355739189,0.7767601531394498
TMC6,-0.1068,11.6699,11.7768,7481.0,0.5876499355739189,0.7767601531394498
TMEM116,0.0435,8.4934,8.45,8158.0,0.5887538044929601,0.7767601531394498
AKR1E2,-0.0671,8.0305,8.0976,8158.0,0.5887538044929601,0.7767601531394498
CCDC141,-0.1671,7.7857,7.9527,7482.0,0.5887538044929601,0.7767601531394498
OSTF1,-0.0728,10.6445,10.7172,7482.0,0.5887538044929601,0.7767601531394498
PLXNA1,-0.0611,12.3094,12.3705,7482.0,0.5887538044929601,0.7767601531394498
NEDD8,0.0419,10.4358,10.3938,8158.0,0.5887538044929601,0.7767601531394498
CD3D,0.0194,9.293,9.2736,8158.0,0.5887538044929601,0.7767601531394498
OGFRL1,-0.0775,9.5177,9.5952,7482.0,0.5887538044929601,0.7767601531394498
TEX264,-0.0437,9.4265,9.4702,7482.0,0.5887538044929601,0.7767601531394498
MCF2L,0.0435,10.3267,10.2832,8158.0,0.5887538044929601,0.7767601531394498
ADAM15,0.0813,11.1993,11.1181,8158.0,0.5887538044929601,0.7767601531394498
CCDC66,0.0387,10.5077,10.469,8158.0,0.5887538044929601,0.7767601531394498
SYTL5,0.2081,8.1354,7.9272,8157.0,0.5898586298406456,0.7777781933297009
UPK3A,0.3179,7.779,7.4611,8157.0,0.5898586298406456,0.7777781933297009
PDK2,0.0275,10.3099,10.2825,8157.0,0.5898586298406456,0.7777781933297009
SLC12A9,-0.0669,9.654,9.7208,7484.0,0.5909644096081139,0.7789429249925883
TINAGL1,-0.1536,11.6725,11.826,7484.0,0.5909644096081139,0.7789429249925883
ZMYND8,-0.0557,12.7438,12.7996,7485.0,0.5920711417798681,0.7795142253348655
CKLF,0.0738,9.4177,9.3439,8155.0,0.5920711417798681,0.7795142253348655
MFSD1,0.0345,12.9044,12.8699,8155.0,0.5920711417798681,0.7795142253348655
TAS2R31,-0.0221,9.232,9.2542,7485.0,0.5920711417798681,0.7795142253348655
CLASRP,0.0308,11.3811,11.3504,8154.0,0.5931788243337852,0.7795142253348655
SNORA67,0.0705,10.1766,10.1061,8154.0,0.5931788243337852,0.7795142253348655
SLC9A1,-0.0835,11.4687,11.5522,7486.0,0.5931788243337852,0.7795142253348655
PVRL2,0.0142,10.6612,10.647,8154.0,0.5931788243337852,0.7795142253348655
AIP,0.0383,9.9779,9.9396,8154.0,0.5931788243337852,0.7795142253348655
ZNF736,-0.0589,10.3721,10.4309,8154.0,0.5931788243337852,0.7795142253348655
PPDPF,0.0256,10.0225,9.997,8154.0,0.5931788243337852,0.7795142253348655
RPS27L,-0.0508,9.3947,9.4455,7486.0,0.5931788243337852,0.7795142253348655
NDUFC2,-0.018,9.6132,9.6312,7486.0,0.5931788243337852,0.7795142253348655
CTTNBP2NL,-0.0376,11.1935,11.2311,7486.0,0.5931788243337852,0.7795142253348655
ATP5E,0.0508,12.4987,12.4479,8154.0,0.5931788243337852,0.7795142253348655
UBA6,0.0266,12.438,12.4114,8154.0,0.5931788243337852,0.7795142253348655
CDH1,0.0627,15.2154,15.1527,8153.0,0.5942874552411261,0.7805317046237071
PKM,-0.0191,15.5182,15.5373,7487.0,0.5942874552411261,0.7805317046237071
XRRA1,0.0508,9.0166,8.9658,8153.0,0.5942874552411261,0.7805317046237071
ST14,0.0358,12.9701,12.9343,8152.0,0.5953970324665456,0.7809637419672634
ZNF93,-0.0464,10.7266,10.773,8152.0,0.5953970324665456,0.7809637419672634
ZNF266,-0.0648,10.4409,10.5057,7488.0,0.5953970324665456,0.7809637419672634
NAPG,0.0352,9.8898,9.8546,8152.0,0.5953970324665456,0.7809637419672634
EMC2,-0.0323,10.7572,10.7895,7488.0,0.5953970324665456,0.7809637419672634
LINC01061,0.0474,8.8972,8.8498,8152.0,0.5953970324665456,0.7809637419672634
FAM86A,-0.0688,9.1675,9.2364,7488.0,0.5953970324665456,0.7809637419672634
NCK1,-0.0886,10.2795,10.3681,7489.0,0.5965075539681023,0.7822738577600412
EFNB2,-0.0486,9.4514,9.5001,7490.0,0.5976190176972691,0.7828518482854424
MAST3,-0.1104,9.7773,9.8878,7490.0,0.5976190176972691,0.7828518482854424
SC5D,-0.0471,11.9373,11.9844,7490.0,0.5976190176972691,0.7828518482854424
OCLN,0.088,10.7702,10.6822,8150.0,0.5976190176972691,0.7828518482854424
EXOSC7,0.0414,9.8798,9.8384,8150.0,0.5976190176972691,0.7828518482854424
TFAP2A,-0.0829,9.5966,9.6794,7490.0,0.5976190176972691,0.7828518482854424
NR1H4,-0.2053,4.9306,5.136,7491.0,0.5986475133495361,0.7837226440107282
KCTD3,0.0217,11.7143,11.6926,8149.0,0.5987314215989427,0.7837226440107282
ORAOV1,0.1124,7.9996,7.8871,7491.0,0.5987314215989427,0.7837226440107282
HECW2,-0.0915,9.7662,9.8577,7491.0,0.5987314215989427,0.7837226440107282
HOXA13,0.0019,7.8829,7.881,7492.0,0.5998447222591243,0.7847399364040751
CSTB,0.0595,14.4683,14.4088,8148.0,0.5998447636114543,0.7847399364040751
TRIP10,-0.0527,10.8276,10.8804,7492.0,0.5998447636114543,0.7847399364040751
TRIM44,0.0513,12.5346,12.4833,8147.0,0.6009590416665803,0.7853174414612916
LMF2,-0.072,8.981,9.0531,7493.0,0.6009590416665803,0.7853174414612916
RAB8B,-0.079,9.936,10.015,7493.0,0.6009590416665803,0.7853174414612916
CAPN15,-0.0376,9.5318,9.5694,7493.0,0.6009590416665803,0.7853174414612916
EBAG9,0.0205,10.325,10.3045,8147.0,0.6009590416665803,0.7853174414612916
TMC5,0.2254,8.9936,8.7683,8147.0,0.6009590416665803,0.7853174414612916
LOC284379,0.3322,4.7374,4.4052,8144.0,0.6018403849431344,0.786187954239778
SCEL,-0.1228,7.0756,7.1985,7494.0,0.6020740890145799,0.786187954239778
PRKCB,-0.1658,9.2503,9.4161,7494.0,0.6020742536895516,0.786187954239778
ENTPD3,-0.1219,9.0238,9.1457,7494.0,0.6020742536895516,0.786187954239778
LGALS4,-0.1487,4.9266,5.0753,7495.0,0.6031895760668865,0.7866186879676449
NFATC2,-0.1247,9.4299,9.5546,7495.0,0.6031903975990651,0.7866186879676449
SYT17,0.0894,9.5721,9.4827,8145.0,0.6031903975990651,0.7866186879676449
CHML,0.0636,9.5706,9.507,8145.0,0.6031903975990651,0.7866186879676449
KRTCAP3,0.0401,9.2582,9.2181,8145.0,0.6031903975990651,0.7866186879676449
HSD17B11,0.0685,11.0046,10.9361,8145.0,0.6031903975990651,0.7866186879676449
TMC7,-0.1251,9.2066,9.3317,7495.0,0.6031903975990651,0.7866186879676449
FIG4,-0.0185,11.8281,11.8467,7496.0,0.604307471307294,0.7873423668027869
PHLPP1,0.063,10.7014,10.6384,8144.0,0.604307471307294,0.7873423668027869
C10orf12,-0.0403,10.4828,10.5232,7496.0,0.604307471307294,0.7873423668027869
HBA1,-0.0129,10.0934,10.1063,7496.0,0.604307471307294,0.7873423668027869
GLRX,-0.0413,9.2158,9.2571,7496.0,0.604307471307294,0.7873423668027869
CERS3,-0.262,6.4295,6.6915,7497.0,0.605424654894408,0.7880659080775925
BAG4,0.069,9.9541,9.8851,8143.0,0.6054254727198982,0.7880659080775925
ETAA1,0.0241,10.2285,10.2044,8143.0,0.6054254727198982,0.7880659080775925
ZNF585A,0.0548,9.4198,9.3651,8143.0,0.6054254727198982,0.7880659080775925
SNORA11,-0.1247,9.3527,9.4774,7497.0,0.6054254727198982,0.7880659080775925
DENND1B,0.0124,10.6086,10.5962,8142.0,0.6065443997360356,0.7893756609090238
LYN,0.0641,10.978,10.914,8141.0,0.6076642502483715,0.790245635002664
SEPT8,0.0308,10.9164,10.8856,8141.0,0.6076642502483715,0.790245635002664
PPP4R1,-0.0583,11.912,11.9704,7499.0,0.6076642502483715,0.790245635002664
C6orf203,-0.0434,9.0876,9.131,8141.0,0.6076642502483715,0.790245635002664
DDB2,-0.0154,10.5278,10.5432,7500.0,0.6087850221430913,0.7909687402723689
PDE7A,0.0297,10.3941,10.3645,8140.0,0.6087850221430913,0.7909687402723689
PRSS8,0.1886,9.1884,8.9998,8140.0,0.6087850221430913,0.7909687402723689
SCRN1,-0.0,10.0168,10.0169,8140.0,0.6087850221430913,0.7909687402723689
GALNT3,0.023,11.8889,11.8659,8140.0,0.6087850221430913,0.7909687402723689
ZNF347,-0.0704,9.7354,9.8058,7501.0,0.6099067132999101,0.792279115792853
CDK5RAP3,0.0382,12.4462,12.4081,8138.0,0.6110293215920846,0.7927081028361186
ABHD13,-0.0438,9.2224,9.2662,7502.0,0.6110293215920846,0.7927081028361186
ITIH5,-0.1529,9.0818,9.2347,7502.0,0.6110293215920846,0.7927081028361186
PREP,-0.034,11.5918,11.6258,7502.0,0.6110293215920846,0.7927081028361186
WIZ,0.0102,9.6557,9.6455,7502.0,0.6110293215920846,0.7927081028361186
KCNS3,-0.1419,8.2209,8.3629,7502.0,0.6110293215920846,0.7927081028361186
GNAQ,0.131,9.9356,9.8046,8138.0,0.6110293215920846,0.7927081028361186
BSG,0.0844,11.0192,10.9349,8137.0,0.6121528448864231,0.7931371642441482
ITGB7,0.0099,8.4568,8.4469,8137.0,0.6121528448864231,0.7931371642441482
CYP51A1,0.0624,10.0445,9.9821,8137.0,0.6121528448864231,0.7931371642441482
SLC41A2,0.0859,8.3727,8.2867,8137.0,0.6121528448864231,0.7931371642441482
SDHAP2,0.0598,10.0109,9.9511,8137.0,0.6121528448864231,0.7931371642441482
PLEKHA5,0.0831,12.5445,12.4614,8137.0,0.6121528448864231,0.7931371642441482
CYB5R1,-0.0949,9.596,9.6909,7503.0,0.6121528448864231,0.7931371642441482
DNHD1,-0.0128,10.1205,10.1333,8136.0,0.613277281043298,0.7935662969597591
ADAM12,-0.1574,10.7926,10.95,7504.0,0.613277281043298,0.7935662969597591
RNF130,-0.0756,10.8445,10.9201,7504.0,0.613277281043298,0.7935662969597591
NAA20,-0.0296,10.8432,10.8727,7504.0,0.613277281043298,0.7935662969597591
HKR1,0.0596,10.2072,10.1476,8136.0,0.613277281043298,0.7935662969597591
TMCO4,0.0289,9.2583,9.2294,8136.0,0.613277281043298,0.7935662969597591
RPL35A,-0.0368,13.9561,13.9929,7504.0,0.613277281043298,0.7935662969597591
STARD3NL,0.0388,10.2852,10.2465,8135.0,0.614402627916656,0.7942886474617579
TMEM109,0.0241,10.962,10.9379,8135.0,0.614402627916656,0.7942886474617579
CLUH,0.0646,10.7045,10.6399,8135.0,0.614402627916656,0.7942886474617579
LYSMD3,-0.0627,9.523,9.5856,7505.0,0.614402627916656,0.7942886474617579
NUCB1,-0.0092,12.5933,12.6025,7505.0,0.614402627916656,0.7942886474617579
ANO8,0.0667,9.3196,9.2528,8134.0,0.6155288833540299,0.7947176936077196
SEPT6,0.0337,9.4569,9.4231,8134.0,0.6155288833540299,0.7947176936077196
COQ9,-0.0301,10.9179,10.948,7506.0,0.6155288833540299,0.7947176936077196
KIAA1324,0.0007,6.9948,6.9941,8134.0,0.6155288833540299,0.7947176936077196
ACAP3,0.0659,9.6402,9.5742,8134.0,0.6155288833540299,0.7947176936077196
MROH1,-0.033,12.3497,12.3827,7506.0,0.6155288833540299,0.7947176936077196
UBC,-0.0298,16.5789,16.6087,7506.0,0.6155288833540299,0.7947176936077196
ICK,-0.0536,10.7632,10.8168,7507.0,0.6166560451965498,0.7952932383998966
SLC7A7,0.1069,9.7964,9.6895,8133.0,0.6166560451965498,0.7952932383998966
CTSK,-0.1343,11.5593,11.6936,7507.0,0.6166560451965498,0.7952932383998966
SESTD1,-0.0545,11.1511,11.2056,7507.0,0.6166560451965498,0.7952932383998966
ITPR3,-0.0579,13.0307,13.0886,7507.0,0.6166560451965498,0.7952932383998966
ZNF852,-0.0378,9.1448,9.1826,7507.0,0.6166560451965498,0.7952932383998966
SAA1,-0.3583,5.0534,5.4117,7508.0,0.6177696045422428,0.7964547369820544
ZFP62,0.0224,11.5808,11.5583,8132.0,0.6177841112789546,0.7964547369820544
NFKB2,-0.0898,10.2666,10.3564,7509.0,0.6189130794296036,0.7970298446571376
RNF2,0.0891,10.8489,10.7598,8131.0,0.6189130794296036,0.7970298446571376
DDX21,-0.0455,12.8032,12.8487,7509.0,0.6189130794296036,0.7970298446571376
CITED2,-0.0503,11.0567,11.107,7509.0,0.6189130794296036,0.7970298446571376
VARS2,0.0394,9.9506,9.9112,8131.0,0.6189130794296036,0.7970298446571376
P4HA1,-0.08,11.9911,12.0712,7509.0,0.6189130794296036,0.7970298446571376
MAP3K1,-0.0832,12.8005,12.8837,7510.0,0.6200429474704885,0.7978979715427841
SNORA26,0.1027,8.8014,8.6987,8130.0,0.6200429474704885,0.7978979715427841
OXR1,-0.0634,11.7531,11.8164,7510.0,0.6200429474704885,0.7978979715427841
GOT1,0.0662,9.7311,9.665,8130.0,0.6200429474704885,0.7978979715427841
PCP4L1,-0.181,6.0653,6.2462,7511.0,0.6211671853339638,0.7980332991488459
SLC28A3,0.1171,7.2157,7.0986,8129.0,0.6211735549695079,0.7980332991488459
CCAR2,-0.0094,11.9778,11.9872,7511.0,0.6211737132172439,0.7980332991488459
UBE2Q2,-0.0864,11.2194,11.3058,7511.0,0.6211737132172439,0.7980332991488459
MYH10,-0.0473,12.3899,12.4372,7511.0,0.6211737132172439,0.7980332991488459
MTHFD1L,-0.0,11.5527,11.5528,7511.0,0.6211737132172439,0.7980332991488459
ND5,0.0545,10.4463,10.3918,8129.0,0.6211737132172439,0.7980332991488459
SYPL1,-0.0994,11.7375,11.8369,7511.0,0.6211737132172439,0.7980332991488459
CYC1,0.0228,10.5719,10.5492,8129.0,0.6211737132172439,0.7980332991488459
CSTF2T,-0.1008,9.9483,10.0491,7512.0,0.6223053744791605,0.7981693292083444
NBPF12,0.0615,12.6341,12.5726,8128.0,0.6223053744791605,0.7981693292083444
CCNG2,-0.0444,11.6081,11.6524,7512.0,0.6223053744791605,0.7981693292083444
CAP1,0.0167,13.2707,13.254,8128.0,0.6223053744791605,0.7981693292083444
MAN2A2,0.0429,10.9416,10.8986,8128.0,0.6223053744791605,0.7981693292083444
ECI1,0.0615,9.6918,9.6304,8128.0,0.6223053744791605,0.7981693292083444
RGS4,-0.0476,7.2836,7.3312,7512.0,0.6223053744791605,0.7981693292083444
CD53,-0.1005,10.1937,10.2943,7512.0,0.6223053744791605,0.7981693292083444
NCAM1,-0.0564,7.0087,7.0651,7512.0,0.6223053744791605,0.7981693292083444
RPS16,0.0202,12.8532,12.833,7513.0,0.6234379290591958,0.7988903599636867
SNORA71D,0.12,9.9545,9.8345,8127.0,0.6234379290591958,0.7988903599636867
ACE,-0.0254,10.5182,10.5436,8127.0,0.6234379290591958,0.7988903599636867
EGLN1,-0.0265,11.4561,11.4827,7513.0,0.6234379290591958,0.7988903599636867
PPARG,0.1408,12.4163,12.2755,8127.0,0.6234379290591958,0.7988903599636867
RCBTB1,0.0028,9.2317,9.2289,8126.0,0.6245713747539869,0.7999036827728915
APOD,-0.0743,9.5866,9.6609,7514.0,0.6245713747539869,0.7999036827728915
LPIN2,-0.0558,11.3674,11.4232,7514.0,0.6245713747539869,0.7999036827728915
IGFL1,0.2481,5.5015,5.2534,8125.0,0.625691449935476,0.8003318872338074
CYP4B1,0.1569,10.3268,10.1699,8125.0,0.625705709353862,0.8003318872338074
RSC1A1,0.0348,9.0642,9.0294,8125.0,0.625705709353862,0.8003318872338074
PAIP2,0.0338,10.7291,10.6952,8125.0,0.625705709353862,0.8003318872338074
REPIN1,0.0676,9.4698,9.4021,8125.0,0.625705709353862,0.8003318872338074
PUF60,0.0104,10.1022,10.0918,8125.0,0.625705709353862,0.8003318872338074
HOXA10,-0.067,10.2049,10.2719,7515.0,0.625705709353862,0.8003318872338074
PPP1R12B,0.0034,11.018,11.0147,7516.0,0.6268409306428525,0.8006140866846427
APOBEC3G,0.0431,9.2553,9.2122,8124.0,0.6268409306428525,0.8006140866846427
RN7SK,-0.0415,10.4803,10.5218,7516.0,0.6268409306428525,0.8006140866846427
USMG5,0.062,9.7254,9.6634,8124.0,0.6268409306428525,0.8006140866846427
NCF4,0.0094,9.4285,9.4191,8124.0,0.6268409306428525,0.8006140866846427
AHCY,0.0233,11.5991,11.5757,8124.0,0.6268409306428525,0.8006140866846427
BANK1,0.0801,9.0057,8.9256,8124.0,0.6268409306428525,0.8006140866846427
ELF4,0.0222,11.7524,11.7302,8124.0,0.6268409306428525,0.8006140866846427
ZNF714,0.018,11.3071,11.2892,8123.0,0.627977036398705,0.8010424746630475
MET,-0.0567,12.8651,12.9218,7517.0,0.627977036398705,0.8010424746630475
ACADSB,0.0075,10.3252,10.3177,7517.0,0.627977036398705,0.8010424746630475
ATP2B1,0.0777,12.716,12.6383,8123.0,0.627977036398705,0.8010424746630475
CPOX,-0.0449,9.1274,9.1723,7517.0,0.627977036398705,0.8010424746630475
ABHD2,0.1391,11.2547,11.1156,8123.0,0.627977036398705,0.8010424746630475
PLEKHO1,0.0349,9.6409,9.6061,8123.0,0.627977036398705,0.8010424746630475
RUSC1,0.0463,9.5298,9.4835,8122.0,0.6291140243928939,0.8020545262740644
SNORA61,0.0669,9.3375,9.2706,8122.0,0.6291140243928939,0.8020545262740644
ACER2,0.1506,9.8901,9.7395,8122.0,0.6291140243928939,0.8020545262740644
UQCRH,0.0317,10.6999,10.6682,8121.0,0.6302518923906335,0.8029105936028117
ZNF224,0.0057,10.591,10.5854,8121.0,0.6302518923906335,0.8029105936028117
SNAPC3,0.027,10.2199,10.1929,8121.0,0.6302518923906335,0.8029105936028117
MPP6,-0.083,9.5478,9.6308,7519.0,0.6302518923906335,0.8029105936028117
ULK3,0.0408,9.3668,9.326,8120.0,0.6313906381508902,0.8029105936028117
SLC20A1,-0.1042,12.4901,12.5943,7520.0,0.6313906381508902,0.8029105936028117
APLF,0.0095,9.064,9.0545,7520.0,0.6313906381508902,0.8029105936028117
HMGN3,0.0502,10.8223,10.7721,8120.0,0.6313906381508902,0.8029105936028117
FGL2,-0.1254,9.6018,9.7273,7520.0,0.6313906381508902,0.8029105936028117
ABHD11,0.0577,8.7912,8.7336,8120.0,0.6313906381508902,0.8029105936028117
QARS,-0.0425,12.7798,12.8222,7520.0,0.6313906381508902,0.8029105936028117
DIEXF,0.0402,11.2397,11.1995,8120.0,0.6313906381508902,0.8029105936028117
ZNF595,-0.0584,10.8635,10.9219,7520.0,0.6313906381508902,0.8029105936028117
ZNF486,0.0935,11.4811,11.3875,8120.0,0.6313906381508902,0.8029105936028117
STAT5A,-0.0197,9.848,9.8677,8119.0,0.6325302594263951,0.8042137630288753
GNA12,-0.0294,9.1645,9.1939,7522.0,0.6336707539636566,0.8049331198997799
IFIH1,0.0699,10.4204,10.3505,8118.0,0.6336707539636566,0.8049331198997799
CLCN3,0.0357,12.0945,12.0588,8118.0,0.6336707539636566,0.8049331198997799
PCDHB6,-0.0937,7.0816,7.1753,7522.0,0.6336707539636566,0.8049331198997799
CCDC6,0.0028,11.5995,11.5967,7522.0,0.6336707539636566,0.8049331198997799
GNG5,0.0439,10.388,10.3442,8117.0,0.6348121195029726,0.8057983093854119
SYNGR2,0.0202,11.3889,11.3688,8117.0,0.6348121195029726,0.8057983093854119
ARSD,-0.1342,9.2577,9.3919,7523.0,0.6348121195029726,0.8057983093854119
PIK3R5,-0.0412,8.0163,8.0575,7523.0,0.6348121195029726,0.8057983093854119
LBR,0.0528,11.8987,11.8459,8116.0,0.6359543537784436,0.8068094817953696
ARHGAP15,-0.1245,8.8993,9.0239,7524.0,0.6359543537784436,0.8068094817953696
SS18L1,0.0481,9.0356,8.9875,8116.0,0.6359543537784436,0.8068094817953696
C5,-0.1242,9.5354,9.6597,7525.0,0.6370974545179852,0.8072249702657965
DDHD1,0.0099,10.5746,10.5647,8115.0,0.6370974545179852,0.8072249702657965
CD9,0.0319,12.7864,12.7545,8115.0,0.6370974545179852,0.8072249702657965
SUOX,0.0351,10.5152,10.4801,8115.0,0.6370974545179852,0.8072249702657965
PIAS3,-0.0363,10.7967,10.8329,7525.0,0.6370974545179852,0.8072249702657965
NLN,0.0198,10.2191,10.1993,8115.0,0.6370974545179852,0.8072249702657965
EXOC6,0.0636,10.2789,10.2154,8115.0,0.6370974545179852,0.8072249702657965
ISYNA1,-0.0569,9.8295,9.8864,7526.0,0.6382414194433408,0.8072249702657965
TMTC1,-0.01,9.379,9.3889,7526.0,0.6382414194433408,0.8072249702657965
THYN1,0.0353,9.3852,9.35,8114.0,0.6382414194433408,0.8072249702657965
AK1,-0.0256,9.0783,9.1039,7526.0,0.6382414194433408,0.8072249702657965
SCARNA10,0.0437,15.4634,15.4197,8114.0,0.6382414194433408,0.8072249702657965
CACNA1D,-0.1692,10.792,10.9612,7526.0,0.6382414194433408,0.8072249702657965
EPN1,0.0539,10.8538,10.7999,8114.0,0.6382414194433408,0.8072249702657965
FADS2,0.1347,11.6172,11.4825,8114.0,0.6382414194433408,0.8072249702657965
ZNF302,0.0416,10.3371,10.2955,8114.0,0.6382414194433408,0.8072249702657965
DERA,0.0293,9.2219,9.1926,8114.0,0.6382414194433408,0.8072249702657965
RPL35,-0.0328,12.9647,12.9975,7527.0,0.6393862462700948,0.8076518547311461
TENM3,-0.1309,8.7633,8.8941,7527.0,0.6393862462700948,0.8076518547311461
HSPA9,0.0265,14.6812,14.6547,8113.0,0.6393862462700948,0.8076518547311461
KCNK1,-0.0314,8.6957,8.7271,8113.0,0.6393862462700948,0.8076518547311461
CLEC7A,0.1121,8.3769,8.2648,8113.0,0.6393862462700948,0.8076518547311461
MRPS6,0.0609,8.8764,8.8154,8113.0,0.6393862462700948,0.8076518547311461
TTL,-0.0449,9.277,9.3219,7527.0,0.6393862462700948,0.8076518547311461
THBS4,-0.1396,6.6606,6.8002,7528.0,0.6405319327076849,0.808078747027908
VGLL3,0.0914,9.551,9.4596,8112.0,0.6405319327076849,0.808078747027908
FOXP4,-0.0387,9.94,9.9786,7528.0,0.6405319327076849,0.808078747027908
TTLL7,0.0723,9.037,8.9646,8112.0,0.6405319327076849,0.808078747027908
SPTLC3,0.1182,8.8228,8.7046,8112.0,0.6405319327076849,0.808078747027908
LRBA,-0.0161,14.0713,14.0874,7528.0,0.6405319327076849,0.808078747027908
ST3GAL3,-0.0596,9.5423,9.602,7528.0,0.6405319327076849,0.808078747027908
TFCP2L1,-0.0677,8.1298,8.1975,7529.0,0.6416784764594163,0.8092336341878791
MSMO1,0.0713,10.4544,10.3831,8111.0,0.6416784764594163,0.8092336341878791
HINT1,-0.0272,11.4749,11.5021,7530.0,0.6428258752224734,0.8095047225265842
STIM2,-0.053,10.172,10.2249,7530.0,0.6428258752224734,0.8095047225265842
CSF2RA,-0.0483,8.4238,8.472,7530.0,0.6428258752224734,0.8095047225265842
LINC00265,0.0495,9.2223,9.1728,8110.0,0.6428258752224734,0.8095047225265842
CTHRC1,-0.0942,11.3037,11.3979,7530.0,0.6428258752224734,0.8095047225265842
DSC2,-0.2202,11.9472,12.1674,7530.0,0.6428258752224734,0.8095047225265842
ZNF227,0.0436,9.4925,9.4489,8110.0,0.6428258752224734,0.8095047225265842
DMTN,-0.0566,8.377,8.4335,7530.0,0.6428258752224734,0.8095047225265842
LRRC42,0.0033,9.8472,9.8439,8109.0,0.6439741266879339,0.8095047225265842
SEMA4A,-0.0837,11.3721,11.4558,7531.0,0.6439741266879339,0.8095047225265842
CYTH4,-0.0995,8.5669,8.6663,7531.0,0.6439741266879339,0.8095047225265842
POTEF,-0.1891,6.9923,7.1814,7531.0,0.6439741266879339,0.8095047225265842
SLC43A2,-0.0777,9.3929,9.4706,7531.0,0.6439741266879339,0.8095047225265842
HERC6,0.0333,9.8945,9.8612,8109.0,0.6439741266879339,0.8095047225265842
ZNF17,0.0079,9.752,9.744,8109.0,0.6439741266879339,0.8095047225265842
TCHH,0.1809,6.9521,6.7712,8109.0,0.6439741266879339,0.8095047225265842
ARHGAP29,-0.0227,11.6713,11.694,7531.0,0.6439741266879339,0.8095047225265842
CTNND1,0.0123,10.3274,10.3151,7531.0,0.6439741266879339,0.8095047225265842
SERINC3,0.0313,12.0153,11.984,7532.0,0.6451232285407814,0.8105127322337805
MAP7,-0.0511,10.9502,11.0013,7532.0,0.6451232285407814,0.8105127322337805
PHF8,-0.0121,11.5732,11.5853,7532.0,0.6451232285407814,0.8105127322337805
FUT6,0.2361,6.903,6.6669,8107.0,0.6462728048302011,0.8115207223874515
KCNN4,-0.0297,8.3342,8.3639,8107.0,0.6462731784599196,0.8115207223874515
ITGB2,-0.1114,11.2522,11.3636,7533.0,0.6462731784599196,0.8115207223874515
RNF128,0.041,10.9892,10.9482,8106.0,0.6474239741181849,0.8125286900985033
SPINK1,0.2698,11.6113,11.3414,8106.0,0.6474239741181849,0.8125286900985033
TAS2R30,-0.0276,10.209,10.2366,7534.0,0.6474239741181849,0.8125286900985033
RRAGC,-0.0084,10.3147,10.3231,8105.0,0.6485756131823597,0.8130997169917766
SLC35E3,0.1893,9.0735,8.8842,8105.0,0.6485756131823597,0.8130997169917766
EIF4EBP2,0.0322,9.6838,9.6516,8105.0,0.6485756131823597,0.8130997169917766
CORO2A,0.1173,9.3183,9.201,8105.0,0.6485756131823597,0.8130997169917766
CYTIP,-0.1865,8.4298,8.6163,7535.0,0.6485756131823597,0.8130997169917766
TXN,0.0411,12.2767,12.2355,8105.0,0.6485756131823597,0.8130997169917766
SLC38A1,0.0612,13.2834,13.2222,8104.0,0.6497280933131868,0.8138161040014751
KATNB1,-0.0489,9.2582,9.307,7536.0,0.6497280933131868,0.8138161040014751
IPO7,-0.0206,13.2794,13.3,7536.0,0.6497280933131868,0.8138161040014751
ZMAT1,0.0559,8.4971,8.4412,8104.0,0.6497280933131868,0.8138161040014751
CD79A,0.1465,7.6067,7.4602,8104.0,0.6497280933131868,0.8138161040014751
COL4A3,0.1422,8.5283,8.3862,8103.0,0.6508814121653823,0.8146778426084311
RIT1,0.0397,9.6126,9.5728,8103.0,0.6508814121653823,0.8146778426084311
ZNF587B,-0.0163,10.5262,10.5425,8103.0,0.6508814121653823,0.8146778426084311
CRIPAK,-0.054,11.0507,11.1048,7537.0,0.6508814121653823,0.8146778426084311
TTC6,0.1624,8.2828,8.1205,8102.5,0.6514583484804702,0.8152542556127115
FCF1,0.0096,10.6116,10.602,8102.0,0.6520355673876495,0.815371473609099
TMED7,0.0172,9.8619,9.8447,8102.0,0.6520355673876495,0.815371473609099
GLMN,0.0156,10.0249,10.0093,8101.0,0.6531905566226928,0.815371473609099
IVD,-0.0472,11.1505,11.1977,7539.0,0.6531905566226928,0.815371473609099
ZNF600,0.0323,11.5738,11.5415,8101.0,0.6531905566226928,0.815371473609099
GNA15,-0.1071,9.0425,9.1497,7539.0,0.6531905566226928,0.815371473609099
FAM214A,-0.0518,11.4782,11.53,7539.0,0.6531905566226928,0.815371473609099
FAM117B,-0.0472,9.7589,9.8061,7539.0,0.6531905566226928,0.815371473609099
RGS16,0.0705,9.2038,9.1333,8101.0,0.6531905566226928,0.815371473609099
PMPCA,0.0077,10.6827,10.675,8101.0,0.6531905566226928,0.815371473609099
ERAP1,-0.0611,12.9989,13.06,7539.0,0.6531905566226928,0.815371473609099
KIF1C,-0.0321,12.3201,12.3522,7539.0,0.6531905566226928,0.815371473609099
KIF27,0.0485,9.3363,9.2879,8100.0,0.6543463775072307,0.815371473609099
PI4K2A,-0.0191,9.4178,9.4369,7540.0,0.6543463775072307,0.815371473609099
MBOAT1,0.0256,9.5009,9.4753,7540.0,0.6543463775072307,0.815371473609099
TMED10,-0.0118,12.7977,12.8095,7540.0,0.6543463775072307,0.815371473609099
TMEM134,-0.038,8.9565,8.9945,7540.0,0.6543463775072307,0.815371473609099
HOOK3,-0.0244,12.1484,12.1728,7540.0,0.6543463775072307,0.815371473609099
LAX1,0.1044,7.424,7.3196,8100.0,0.6543463775072307,0.815371473609099
PPL,0.0661,11.7157,11.6496,8100.0,0.6543463775072307,0.815371473609099
APRT,-0.0072,10.3349,10.342,8100.0,0.6543463775072307,0.815371473609099
IP6K2,0.0172,10.7629,10.7457,8100.0,0.6543463775072307,0.815371473609099
KRI1,0.0172,10.3182,10.301,8100.0,0.6543463775072307,0.815371473609099
MPP1,0.0588,8.7538,8.695,8100.0,0.6543463775072307,0.815371473609099
HCAR2,-0.1522,8.3579,8.5101,7541.0,0.6555030276720111,0.8165221812143532
TLR7,0.0252,8.0362,8.011,8099.0,0.6555030276720111,0.8165221812143532
GPAM,0.1026,10.4727,10.3701,8098.0,0.6566605047418238,0.8178185158646616
LOC613266,-0.2294,4.7569,4.9863,7543.0,0.65774527056882,0.8179518999942502
FMO9P,0.2201,6.1774,5.9574,8097.0,0.6577836066279492,0.8179518999942502
FAM120C,-0.054,9.3143,9.3684,7543.0,0.6578188063355158,0.8179518999942502
ZNF418,0.0424,9.4591,9.4166,8097.0,0.6578188063355158,0.8179518999942502
BAG1,-0.0027,11.1165,11.1193,7543.0,0.6578188063355158,0.8179518999942502
ZNF814,-0.0422,10.5877,10.6299,7543.0,0.6578188063355158,0.8179518999942502
MAN1C1,0.135,9.8156,9.6805,8097.0,0.6578188063355158,0.8179518999942502
RAB9A,-0.0501,9.1501,9.2002,7543.0,0.6578188063355158,0.8179518999942502
OPTN,0.0412,13.1692,13.1279,8097.0,0.6578188063355158,0.8179518999942502
EGLN3,-0.1074,9.6845,9.7919,7544.0,0.6589779300660041,0.8185211855715195
GPALPP1,0.0042,9.9896,9.9854,7544.0,0.6589779300660041,0.8185211855715195
TAF9,0.0118,9.1264,9.1146,8096.0,0.6589779300660041,0.8185211855715195
IGSF6,0.0474,8.1706,8.1232,8096.0,0.6589779300660041,0.8185211855715195
SPPL3,0.0057,11.1391,11.1334,8096.0,0.6589779300660041,0.8185211855715195
TTYH3,-0.0049,10.6019,10.6067,7544.0,0.6589779300660041,0.8185211855715195
ATP6V0A4,-0.1846,5.9484,6.1331,7545.0,0.6601358514452795,0.8193806324712262
TTC12,-0.0144,9.5679,9.5823,7545.0,0.6601378735402911,0.8193806324712262
ASL,-0.0649,10.8789,10.9437,7545.0,0.6601378735402911,0.8193806324712262
TLR1,-0.0554,9.4095,9.4649,7545.0,0.6601378735402911,0.8193806324712262
DCAF16,0.0479,10.0981,10.0502,8094.0,0.661298634359478,0.819949422170578
RPL22L1,-0.0246,9.057,9.0816,7546.0,0.661298634359478,0.819949422170578
GDAP1,0.0399,10.8715,10.8316,8094.0,0.661298634359478,0.819949422170578
TMPRSS2,0.0434,9.2847,9.2413,8094.0,0.661298634359478,0.819949422170578
ZNF345,-0.0283,8.986,9.0144,8094.0,0.661298634359478,0.819949422170578
ITPR2,-0.0242,12.8876,12.9118,7546.0,0.661298634359478,0.819949422170578
LINC00674,-0.0081,11.5145,11.5226,7547.0,0.6624602101187793,0.8210989117631525
DCUN1D5,-0.0637,9.7454,9.8092,7547.0,0.6624602101187793,0.8210989117631525
MUC6,0.1447,4.6049,4.4602,8092.0,0.6636205942042184,0.8219577390604854
GABARAP,0.0369,11.5755,11.5386,8092.0,0.6636225984075375,0.8219577390604854
MAP2,0.208,8.0347,7.8267,8092.0,0.6636225984075375,0.8219577390604854
TP53,0.019,11.0552,11.0362,8092.0,0.6636225984075375,0.8219577390604854
CYP11A1,0.1897,5.9013,5.7116,8091.0,0.6647857611272208,0.8225256069001926
CCND3,-0.0375,8.9915,9.029,7549.0,0.6647857968092374,0.8225256069001926
LMO4,-0.062,8.9749,9.0369,7549.0,0.6647857968092374,0.8225256069001926
SEMA3C,-0.1048,12.4521,12.5569,7549.0,0.6647857968092374,0.8225256069001926
EIF3J,0.004,10.2513,10.2473,8091.0,0.6647857968092374,0.8225256069001926
PON2,0.0387,12.2333,12.1946,8091.0,0.6647857968092374,0.8225256069001926
FER1L4,0.1602,11.9251,11.765,8090.0,0.6659498029015203,0.8232253116539486
AIF1,-0.0754,8.8212,8.8966,7550.0,0.6659498029015203,0.8232253116539486
PSEN2,-0.0128,9.7477,9.7604,7550.0,0.6659498029015203,0.8232253116539486
FAIM3,-0.1895,7.8323,8.0217,7550.0,0.6659498029015203,0.8232253116539486
LOC105369154,0.0075,10.8755,10.868,7551.0,0.6671146142561986,0.8232253116539486
S100A14,0.1268,8.5801,8.4533,8089.0,0.6671146142561986,0.8232253116539486
ZNF570,-0.0671,8.6135,8.6806,7551.0,0.6671146142561986,0.8232253116539486
XAF1,-0.0031,9.9456,9.9487,7551.0,0.6671146142561986,0.8232253116539486
ZNF121,-0.0438,10.577,10.6207,7551.0,0.6671146142561986,0.8232253116539486
RRBP1,-0.0853,12.091,12.1763,7551.0,0.6671146142561986,0.8232253116539486
GPNMB,0.1369,12.769,12.6321,8089.0,0.6671146142561986,0.8232253116539486
PARP4,0.0092,13.2151,13.2059,8089.0,0.6671146142561986,0.8232253116539486
KANK1,0.0282,11.9133,11.8851,8089.0,0.6671146142561986,0.8232253116539486
HLA-DQA2,-0.1796,9.3694,9.5491,7551.0,0.6671146142561986,0.8232253116539486
APOL1,0.0847,11.215,11.1303,8089.0,0.6671146142561986,0.8232253116539486
SFXN1,-0.0268,9.9292,9.956,7552.0,0.6682802284392713,0.8240828384856871
NBEAL2,0.0068,12.8412,12.8345,8088.0,0.6682802284392713,0.8240828384856871
PKD1L1,0.0995,8.514,8.4145,8088.0,0.6682802284392713,0.8240828384856871
RCAN1,0.0835,9.2084,9.1248,8088.0,0.6682802284392713,0.8240828384856871
BAIAP2,0.0421,9.6942,9.6521,8087.0,0.6694466430109378,0.8250853292864481
RBBP8,0.0586,12.4857,12.4271,8087.0,0.6694466430109378,0.8250853292864481
SLC25A24,0.0409,11.0685,11.0276,8087.0,0.6694466430109378,0.8250853292864481
NLGN4Y,0.356,10.1061,9.7501,8086.0,0.6706137149531666,0.825506913384754
ZNF605,0.0468,9.0527,9.006,8086.0,0.6706138555256127,0.825506913384754
TARBP1,0.0357,11.4704,11.4347,8086.0,0.6706138555256127,0.825506913384754
IPPK,-0.0683,9.2042,9.2725,8086.0,0.6706138555256127,0.825506913384754
PLSCR1,-0.0087,11.6249,11.6336,7554.0,0.6706138555256127,0.825506913384754
FLNB,-0.0962,15.2878,15.384,7554.0,0.6706138555256127,0.825506913384754
TP53INP1,-0.0564,9.8762,9.9325,7554.0,0.6706138555256127,0.825506913384754
VPS26A,0.0046,10.7809,10.7763,8085.0,0.6717818635319416,0.8263499042615156
ZFP90,-0.0267,9.8004,9.8271,7555.0,0.6717818635319416,0.8263499042615156
SDC4,0.0477,11.8131,11.7654,8085.0,0.6717818635319416,0.8263499042615156
APOB,-0.0462,5.6748,5.721,7556.0,0.6729506645728149,0.8263499042615156
PARP15,-0.1002,8.7312,8.8314,7556.0,0.6729506645728149,0.8263499042615156
FTH1,-0.041,14.8166,14.8576,7556.0,0.6729506645728149,0.8263499042615156
NENF,-0.0181,9.2323,9.2504,7556.0,0.6729506645728149,0.8263499042615156
ERMP1,-0.0446,12.6442,12.6888,7556.0,0.6729506645728149,0.8263499042615156
PLAC8,-0.1642,7.9678,8.132,7556.0,0.6729506645728149,0.8263499042615156
TC2N,-0.0348,11.6109,11.6456,7556.0,0.6729506645728149,0.8263499042615156
SH3D21,-0.0674,9.085,9.1525,7556.0,0.6729506645728149,0.8263499042615156
ZNF763,-0.085,9.2512,9.3363,7556.0,0.6729506645728149,0.8263499042615156
ZNF561,-0.0397,11.2018,11.2415,7556.0,0.6729506645728149,0.8263499042615156
DNAH14,0.1645,10.2905,10.126,8084.0,0.6729506645728149,0.8263499042615156
HNF1B,0.0481,7.508,7.4599,7557.0,0.674110298159197,0.8269161243766409
CLIC4,-0.0784,10.7485,10.8269,7557.0,0.6741202561853838,0.8269161243766409
EI24,0.0569,12.3162,12.2593,8083.0,0.6741202561853838,0.8269161243766409
MANBA,-0.0024,11.9725,11.9749,7557.0,0.6741202561853838,0.8269161243766409
ANKMY1,0.048,9.4845,9.4365,8083.0,0.6741202561853838,0.8269161243766409
ZBTB7B,0.0507,9.3779,9.3272,8083.0,0.6741202561853838,0.8269161243766409
SERPINB2,-0.2143,4.8446,5.0589,7558.0,0.6752830000104095,0.8276269379095597
HCLS1,-0.0979,11.1857,11.2836,7558.0,0.6752906359010744,0.8276269379095597
TM7SF3,0.0808,11.9278,11.847,8082.0,0.6752906359010744,0.8276269379095597
SCN3A,0.1373,7.2313,7.0939,8082.0,0.6752906359010744,0.8276269379095597
FLVCR2,0.0068,10.0937,10.0869,8082.0,0.6752906359010744,0.8276269379095597
ZNF419,0.013,9.7766,9.7636,8081.0,0.6764618012456036,0.8284823354534736
SREK1,-0.0411,12.5164,12.5574,7559.0,0.6764618012456036,0.8284823354534736
PLCB1,-0.0355,11.4855,11.521,7559.0,0.6764618012456036,0.8284823354534736
JUP,0.0743,13.6422,13.5678,8081.0,0.6764618012456036,0.8284823354534736
FAM46C,0.1049,9.5045,9.3996,8080.0,0.6776337497389942,0.8293374955299154
CHP1,-0.005,11.3645,11.3695,8080.0,0.6776337497389942,0.8293374955299154
RAB13,-0.0015,10.9744,10.9759,7560.0,0.6776337497389942,0.8293374955299154
SNORA73A,-0.038,16.8168,16.8548,7560.0,0.6776337497389942,0.8293374955299154
JARID2,0.1302,11.0808,10.9506,8079.0,0.6788064788955899,0.8299025439430544
TSC22D2,0.0635,11.0022,10.9386,8079.0,0.6788064788955899,0.8299025439430544
PDPR,-0.0454,10.5361,10.5816,7561.0,0.6788064788955899,0.8299025439430544
ANKRD10,0.089,11.7473,11.6583,8079.0,0.6788064788955899,0.8299025439430544
PIM2,0.1112,7.8466,7.7354,8079.0,0.6788064788955899,0.8299025439430544
ARHGAP23,-0.099,11.8297,11.9287,7561.0,0.6788064788955899,0.8299025439430544
JAKMIP2,0.1222,7.3032,7.181,7562.0,0.6799799862240706,0.8306122176045991
PTCH1,-0.0475,10.866,10.9135,7562.0,0.6799799862240706,0.8306122176045991
SLC29A1,-0.0434,11.6248,11.6682,7562.0,0.6799799862240706,0.8306122176045991
TCEA3,-0.0399,8.822,8.8619,8078.0,0.6799799862240706,0.8306122176045991
TERC,0.0976,10.4009,10.3033,8078.0,0.6799799862240706,0.8306122176045991
RNF144B,-0.0104,9.4712,9.4817,7563.0,0.6811542692274684,0.8314665064319262
BCAS1,0.1879,10.5873,10.3994,8077.0,0.6811542692274684,0.8314665064319262
DHX34,0.0212,10.0072,9.986,8077.0,0.6811542692274684,0.8314665064319262
DHX32,-0.04,9.7266,9.7666,7563.0,0.6811542692274684,0.8314665064319262
PAGE2,0.2714,2.4499,2.1784,7575.5,0.6818468622889943,0.8321668833408552
CLSTN1,-0.0298,12.8271,12.8569,7564.0,0.6823293254031824,0.8324655515328373
PTOV1,0.047,11.3334,11.2863,8076.0,0.6823293254031824,0.8324655515328373
ME1,-0.0649,8.8961,8.961,7565.0,0.6835051522429949,0.8330135990050909
ABCC10,-0.0299,10.1731,10.203,7565.0,0.6835051522429949,0.8330135990050909
POLR1D,0.0342,11.605,11.5709,8075.0,0.6835051522429949,0.8330135990050909
CACNB3,0.0456,10.1501,10.1045,8075.0,0.6835051522429949,0.8330135990050909
GRN,-0.0193,14.0101,14.0294,8075.0,0.6835051522429949,0.8330135990050909
ACKR2,0.1642,7.1353,6.9711,8074.0,0.6846817472330863,0.8330135990050909
WNK4,-0.119,6.9438,7.0628,7566.0,0.6846817472330863,0.8330135990050909
DNAJC3,0.0452,11.2611,11.2159,8074.0,0.6846817472330863,0.8330135990050909
DCLRE1C,0.0399,11.6673,11.6274,8074.0,0.6846817472330863,0.8330135990050909
CNTROB,0.0246,10.5189,10.4944,8074.0,0.6846817472330863,0.8330135990050909
PLA2G16,-0.0432,8.262,8.3052,7566.0,0.6846817472330863,0.8330135990050909
MS4A4A,-0.0588,7.9176,7.9764,7566.0,0.6846817472330863,0.8330135990050909
SLC1A1,-0.0106,8.6699,8.6804,7566.0,0.6846817472330863,0.8330135990050909
CERS6,-0.0203,10.6085,10.6288,7566.0,0.6846817472330863,0.8330135990050909
POLI,0.0517,10.0989,10.0472,8074.0,0.6846817472330863,0.8330135990050909
RAB29,-0.0158,9.2741,9.2899,8074.0,0.6846817472330863,0.8330135990050909
PRKY,0.5051,7.7464,7.2414,8073.5,0.6851184343540876,0.8334001034882188
PRPS2,-0.0378,9.6924,9.7303,8073.0,0.6858591078540515,0.8334324713347081
NFASC,-0.1179,9.6224,9.7403,7567.0,0.6858591078540515,0.8334324713347081
RABGAP1,0.0474,12.4388,12.3914,8073.0,0.6858591078540515,0.8334324713347081
PHF21A,-0.0467,11.1056,11.1523,7567.0,0.6858591078540515,0.8334324713347081
RTKN2,0.0503,8.7307,8.6805,8073.0,0.6858591078540515,0.8334324713347081
C12orf75,0.1624,8.8399,8.6775,8073.0,0.6858591078540515,0.8334324713347081
LOC102725018,0.0802,8.9056,8.8254,8072.5,0.6864480408307775,0.8337067636044266
ATG5,-0.0036,10.149,10.1526,8072.0,0.6870372315809148,0.8337067636044266
NCKAP1L,-0.1028,11.2407,11.3435,7568.0,0.6870372315809148,0.8337067636044266
NBPF3,-0.0717,9.9576,10.0293,7568.0,0.6870372315809148,0.8337067636044266
ALDH1A2,-0.1272,7.9236,8.0507,7568.0,0.6870372315809148,0.8337067636044266
ULK2,-0.0174,9.7292,9.7466,7568.0,0.6870372315809148,0.8337067636044266
DDX54,0.0334,10.5926,10.5591,8072.0,0.6870372315809148,0.8337067636044266
PLEK,0.0518,9.3791,9.3273,8072.0,0.6870372315809148,0.8337067636044266
ZNF234,0.0203,10.5153,10.495,8070.0,0.6893957582246805,0.8358446147589054
LOC101060429,-0.019,9.4118,9.4308,7570.0,0.6893957582246805,0.8358446147589054
C3AR1,-0.0623,7.852,7.9143,7570.0,0.6893957582246805,0.8358446147589054
HSPB1,0.0125,13.4356,13.4231,8070.0,0.6893957582246805,0.8358446147589054
PBRM1,0.0049,13.1203,13.1154,8070.0,0.6893957582246805,0.8358446147589054
ZNF362,0.029,10.2031,10.1741,8069.0,0.6905761560639245,0.8361177076271894
ST3GAL5,-0.0578,10.1229,10.1807,7571.0,0.6905761560639245,0.8361177076271894
GSR,-0.0405,12.527,12.5675,7571.0,0.6905761560639245,0.8361177076271894
AP3M1,0.0619,11.1394,11.0775,8069.0,0.6905761560639245,0.8361177076271894
CCDC88B,0.0529,8.6279,8.575,8069.0,0.6905761560639245,0.8361177076271894
SIRT1,-0.0217,10.2002,10.2219,7571.0,0.6905761560639245,0.8361177076271894
TLE1,-0.0647,9.3381,9.4028,7571.0,0.6905761560639245,0.8361177076271894
ZNF526,0.0403,11.1506,11.1103,8069.0,0.6905761560639245,0.8361177076271894
FLG,0.2566,7.4327,7.176,8068.5,0.6911663054252484,0.8366875776824572
LOC102724436,-0.2777,8.1906,8.4683,7572.0,0.6917573068537826,0.8369689737209811
TKT,-0.0676,12.2645,12.3321,7572.0,0.6917573068537826,0.8369689737209811
ETFDH,-0.0639,10.1861,10.25,7572.0,0.6917573068537826,0.8369689737209811
DCAF6,0.0336,12.4955,12.4619,8067.0,0.6929392080416679,0.8381093737332987
STAG3L5P-PVRIG2P-PILRB,0.0298,9.5216,9.4918,8067.0,0.6929392080416679,0.8381093737332987
AGR2,-0.1053,10.7068,10.8121,7574.0,0.6941218570695196,0.8388154210626135
ACAP1,-0.1985,7.8171,8.0155,7574.0,0.6941218570695196,0.8388154210626135
ACADM,0.0124,12.111,12.0986,8066.0,0.6941218570695196,0.8388154210626135
CCDC69,-0.1549,9.2358,9.3907,7574.0,0.6941218570695196,0.8388154210626135
PRKD3,-0.0565,11.3953,11.4518,7574.0,0.6941218570695196,0.8388154210626135
PIEZO1,-0.0583,12.2031,12.2614,7575.0,0.6953052513738185,0.8398107408366421
USP40,-0.023,11.4066,11.4296,7575.0,0.6953052513738185,0.8398107408366421
PSAP,0.0211,16.4107,16.3896,8065.0,0.6953052513738185,0.8398107408366421
EYA2,-0.017,9.3539,9.3709,7576.0,0.6964893883856045,0.8406610111796602
VSIG2,0.2475,9.5155,9.268,8064.0,0.6964893883856045,0.8406610111796602
PRSS12,-0.135,7.2498,7.3848,7576.0,0.6964893883856045,0.8406610111796602
RAB3D,0.0305,9.3324,9.3019,8064.0,0.6964893883856045,0.8406610111796602
PCDH1,-0.0303,11.4641,11.4944,7577.0,0.6976742655304919,0.8415110026713805
KDM4B,-0.0154,9.8442,9.8596,7577.0,0.6976742655304919,0.8415110026713805
TPD52L2,0.0317,10.1578,10.1261,8063.0,0.6976742655304919,0.8415110026713805
ZNF281,-0.0495,10.5259,10.5754,7577.0,0.6976742655304919,0.8415110026713805
CALB1,0.1047,3.8862,3.7814,8062.0,0.6977987595088444,0.8415162240124742
FAM65B,-0.1061,8.5219,8.6281,7578.0,0.6988598802286865,0.8419259833548067
SIDT1,0.0103,9.2337,9.2233,8062.0,0.6988598802286865,0.8419259833548067
PDK1,-0.0063,10.987,10.9933,7578.0,0.6988598802286865,0.8419259833548067
RAB11FIP2,0.0632,10.4896,10.4264,7578.0,0.6988598802286865,0.8419259833548067
IDS,-0.0018,12.1055,12.1073,7578.0,0.6988598802286865,0.8419259833548067
VWF,-0.0683,13.5235,13.5918,7578.0,0.6988598802286865,0.8419259833548067
C10orf99,-0.2409,6.1046,6.3455,7579.0,0.7000242261812604,0.8427752704065145
SP4,0.0418,9.6816,9.6397,8061.0,0.7000462298950013,0.8427752704065145
FAM171B,-0.0494,9.1487,9.1982,7579.0,0.7000462298950013,0.8427752704065145
FBXO8,-0.0351,9.2283,9.2634,7579.0,0.7000462298950013,0.8427752704065145
TRIM4,-0.0539,9.798,9.8519,7580.0,0.7012333119388741,0.8440592787053859
IGLL5,0.1615,14.0596,13.8981,8059.0,0.7024211237643831,0.8450532777395594
ZNF217,-0.0657,12.4099,12.4756,7581.0,0.7024211237643831,0.8450532777395594
LRP12,0.1017,9.1611,9.0594,8059.0,0.7024211237643831,0.8450532777395594
FAM129A,-0.0553,10.4355,10.4909,7582.0,0.7036096627702646,0.8454664496191082
LANCL1,0.0237,10.2439,10.2201,8058.0,0.7036096627702646,0.8454664496191082
ACRC,-0.0282,9.2354,9.2636,7582.0,0.7036096627702646,0.8454664496191082
RPL15,0.0009,11.2381,11.2371,7582.0,0.7036096627702646,0.8454664496191082
YWHAQ,0.0383,12.4135,12.3752,8058.0,0.7036096627702646,0.8454664496191082
YBX1,0.0618,11.785,11.7232,8058.0,0.7036096627702646,0.8454664496191082
CCDC7,0.0368,9.3689,9.3321,8058.0,0.7036096627702646,0.8454664496191082
WFDC2,-0.0354,7.5424,7.5778,7583.0,0.704798926349929,0.8458794997820999
GUSBP1,0.0224,9.8723,9.8499,8057.0,0.704798926349929,0.8458794997820999
EZR,-0.0294,13.725,13.7544,7583.0,0.704798926349929,0.8458794997820999
COL4A4,0.0755,8.9857,8.9103,8057.0,0.704798926349929,0.8458794997820999
SRXN1,0.0264,8.8258,8.7994,7583.0,0.704798926349929,0.8458794997820999
HLA-DMA,0.0466,10.8787,10.8321,8057.0,0.704798926349929,0.8458794997820999
METTL7A,-0.043,10.2989,10.342,8057.0,0.704798926349929,0.8458794997820999
CCDC12,0.0492,9.2214,9.1721,8056.0,0.7059889118914777,0.846292425535094
SLC37A4,0.0179,9.2217,9.2039,8056.0,0.7059889118914777,0.846292425535094
ZNF568,0.0081,9.2004,9.1923,8056.0,0.7059889118914777,0.846292425535094
ZNF33B,0.0137,11.1288,11.115,8056.0,0.7059889118914777,0.846292425535094
SMOC2,-0.0836,9.1143,9.1979,7584.0,0.7059889118914777,0.846292425535094
KIAA0232,-0.0139,11.8082,11.8221,7584.0,0.7059889118914777,0.846292425535094
ATP7A,-0.0396,11.7645,11.8041,7584.0,0.7059889118914777,0.846292425535094
SLC35B2,-0.0274,8.9606,8.988,7585.0,0.7071796167777203,0.8471397290958562
,0.0639,9.576,9.512,8055.0,0.7071796167777203,0.8471397290958562
SYTL2,-0.0252,11.8248,11.85,7585.0,0.7071796167777203,0.8471397290958562
SLC25A25,0.0211,8.6815,8.6604,8055.0,0.7071796167777203,0.8471397290958562
RXRA,-0.0645,10.242,10.3065,7586.0,0.7083710383861914,0.8478418017122711
GABARAPL1,-0.0032,10.384,10.3872,7586.0,0.7083710383861914,0.8478418017122711
CCDC40,0.0691,9.0547,8.9856,8054.0,0.7083710383861914,0.8478418017122711
HCAR3,-0.1765,7.5479,7.7244,7586.0,0.7083710383861914,0.8478418017122711
ANKRD36,0.0663,11.9537,11.8874,8054.0,0.7083710383861914,0.8478418017122711
CCL19,-0.3503,6.168,6.5182,7587.0,0.7095455712301223,0.8486884557039179
WWP1,-0.0415,12.3343,12.3759,7587.0,0.7095631740891674,0.8486884557039179
ZNF26,0.0696,10.016,9.9464,8053.0,0.7095631740891674,0.8486884557039179
PCDHB3,-0.0471,7.5254,7.5725,7587.0,0.7095631740891674,0.8486884557039179
SACS,-0.048,11.8763,11.9244,7588.0,0.7107560212536839,0.849100036990711
GLT8D1,0.0,10.9389,10.9389,8052.0,0.7107560212536839,0.849100036990711
FNDC3B,0.0142,14.2452,14.2309,8052.0,0.7107560212536839,0.849100036990711
KIAA2026,-0.0066,12.5601,12.5667,7588.0,0.7107560212536839,0.849100036990711
DMPK,-0.0383,9.5734,9.6118,7588.0,0.7107560212536839,0.849100036990711
LGALS9,-0.0235,11.1475,11.171,8052.0,0.7107560212536839,0.849100036990711
TBC1D2B,-0.0264,10.9932,11.0196,7588.0,0.7107560212536839,0.849100036990711
SERINC2,0.0517,12.0356,11.9839,8051.0,0.7119495772415529,0.8498010719997606
TCTN1,0.0728,10.5084,10.4355,7589.0,0.7119495772415529,0.8498010719997606
RGL1,0.0147,10.7656,10.7509,7589.0,0.7119495772415529,0.8498010719997606
SLC35E2B,0.0232,9.0845,9.0614,8051.0,0.7119495772415529,0.8498010719997606
COX20,0.0104,9.5107,9.5003,8051.0,0.7119495772415529,0.8498010719997606
BIN2,-0.1421,9.183,9.325,7590.0,0.7131438394093796,0.8500674565759805
FAM3C,-0.06,8.6217,8.6817,7590.0,0.7131438394093796,0.8500674565759805
COLGALT1,0.0284,11.9809,11.9525,8050.0,0.7131438394093796,0.8500674565759805
OCIAD2,0.0734,10.2154,10.1421,8050.0,0.7131438394093796,0.8500674565759805
GSDMD,-0.0678,9.272,9.3398,7590.0,0.7131438394093796,0.8500674565759805
CNN3,-0.0784,12.0895,12.1678,7590.0,0.7131438394093796,0.8500674565759805
SH3BGRL3,-0.0316,9.7029,9.7345,7590.0,0.7131438394093796,0.8500674565759805
STAT2,0.0243,12.7254,12.7011,8050.0,0.7131438394093796,0.8500674565759805
NFXL1,-0.0091,10.7777,10.7868,8049.0,0.7143388051085799,0.8503339541348607
ARMC10,-0.0035,9.2338,9.2372,7591.0,0.7143388051085799,0.8503339541348607
ARHGAP25,-0.0865,9.311,9.3975,7591.0,0.7143388051085799,0.8503339541348607
CRELD1,-0.0126,9.9422,9.9549,7591.0,0.7143388051085799,0.8503339541348607
RFX7,-0.0534,11.7595,11.8129,7591.0,0.7143388051085799,0.8503339541348607
LAPTM4B,-0.075,11.3874,11.4624,7591.0,0.7143388051085799,0.8503339541348607
KPNA3,0.0416,10.7825,10.7408,8049.0,0.7143388051085799,0.8503339541348607
C6orf106,0.0576,11.1208,11.0632,8049.0,0.7143388051085799,0.8503339541348607
LRRC15,-0.1642,6.1022,6.2663,7592.0,0.7155341632270724,0.8504561957251936
SPOPL,0.0321,10.6192,10.587,8048.0,0.7155344716853979,0.8504561957251936
BBS10,0.0198,9.0338,9.014,8048.0,0.7155344716853979,0.8504561957251936
IGSF8,0.012,8.8221,8.8101,8048.0,0.7155344716853979,0.8504561957251936
ATP5I,0.0631,11.5848,11.5216,8048.0,0.7155344716853979,0.8504561957251936
KDM4C,-0.0166,11.1839,11.2005,7592.0,0.7155344716853979,0.8504561957251936
CABLES1,0.0663,8.358,8.2917,8048.0,0.7155344716853979,0.8504561957251936
SNORD33,-0.1215,9.8771,9.9985,7592.0,0.7155344716853979,0.8504561957251936
GOLGA6L9,0.0368,9.2597,9.2229,8048.0,0.7155344716853979,0.8504561957251936
TCEB2,0.0165,9.3812,9.3647,8047.0,0.7167308364809226,0.8513002116478802
SUMO3,0.061,9.3686,9.3076,8047.0,0.7167308364809226,0.8513002116478802
LSS,0.0371,10.3529,10.3158,8047.0,0.7167308364809226,0.8513002116478802
EIF3G,-0.009,10.1601,10.1692,7593.0,0.7167308364809226,0.8513002116478802
CFAP36,-0.0419,9.6434,9.6853,7594.0,0.7179278968311067,0.85199950203495
TMEM69,0.0092,9.4126,9.4034,8046.0,0.7179278968311067,0.85199950203495
ASAP2,0.0551,11.7791,11.7239,8046.0,0.7179278968311067,0.85199950203495
CNOT6,0.0416,11.2582,11.2166,8046.0,0.7179278968311067,0.85199950203495
TUBA1A,0.084,12.5388,12.4548,8046.0,0.7179278968311067,0.85199950203495
TOX3,0.2953,8.5421,8.2469,8045.5,0.718524120675373,0.8524097710591871
LOC101927999,0.113,7.5354,7.4224,8045.0,0.7191256500667824,0.8524097710591871
HEBP2,-0.0426,11.2523,11.295,7595.0,0.7191256500667824,0.8524097710591871
MFAP2,0.0144,9.4208,9.4065,8045.0,0.7191256500667824,0.8524097710591871
LCP1,-0.0598,12.4403,12.5002,7595.0,0.7191256500667824,0.8524097710591871
DUS3L,0.0343,9.1564,9.1221,8045.0,0.7191256500667824,0.8524097710591871
TNNI2,-0.1586,8.0871,8.2457,7595.0,0.7191256500667824,0.8524097710591871
UGT8,0.1467,6.5017,6.355,8044.0,0.7203215420912534,0.8531083421065965
ADIPOR1,0.001,11.0253,11.0244,8044.0,0.7203240935136805,0.8531083421065965
CTSH,-0.1324,12.1549,12.2873,7596.0,0.7203240935136805,0.8531083421065965
TBC1D32,0.0828,10.2994,10.2165,8044.0,0.7203240935136805,0.8531083421065965
HMGN5,0.0614,8.8334,8.772,8044.0,0.7203240935136805,0.8531083421065965
ACTC1,0.0577,6.8663,6.8086,8043.0,0.7215226193890896,0.854095189506526
HSP90AB4P,-0.0683,9.1502,9.2185,7597.0,0.7215232244924472,0.854095189506526
EVI2B,-0.0817,10.1187,10.2004,7597.0,0.7215232244924472,0.854095189506526
QRICH2,-0.0143,9.0734,9.0878,8042.0,0.7227230403186622,0.8549374073229039
NINL,-0.0683,8.795,8.8634,7598.0,0.7227230403186622,0.8549374073229039
SATB2,-0.0745,9.2936,9.3682,7598.0,0.7227230403186622,0.8549374073229039
NDUFB9,0.0125,11.8375,11.825,8042.0,0.7227230403186622,0.8549374073229039
UBQLN2,0.0157,12.5903,12.5746,8041.0,0.7239235383028559,0.8554904722806108
TMEM51,-0.0371,9.4581,9.4953,8041.0,0.7239235383028559,0.8554904722806108
TMEM154,-0.0715,8.6605,8.732,8041.0,0.7239235383028559,0.8554904722806108
MYH3,-0.0603,9.0884,9.1488,7599.0,0.7239235383028559,0.8554904722806108
PSCA,0.318,9.9786,9.6606,8041.0,0.7239235383028559,0.8554904722806108
PKP3,0.0953,9.2019,9.1066,8041.0,0.7239235383028559,0.8554904722806108
PBX3,-0.0501,9.3561,9.4062,7600.0,0.7251247157505283,0.8563319366612057
ZNF587,-0.0092,10.4714,10.4805,8040.0,0.7251247157505283,0.8563319366612057
GRHPR,0.0307,10.8211,10.7904,8040.0,0.7251247157505283,0.8563319366612057
PAWR,0.0167,9.9955,9.9789,7600.0,0.7251247157505283,0.8563319366612057
PTPRU,-0.0521,11.6423,11.6944,7601.0,0.7263265699621654,0.8573175407795456
SPATA7,0.0024,9.9599,9.9574,7601.0,0.7263265699621654,0.8573175407795456
HSPA4L,-0.1047,9.1752,9.28,7601.0,0.7263265699621654,0.8573175407795456
TRPV6,0.0259,7.9824,7.9565,8038.0,0.7275289795980605,0.8574362630305471
SUFU,0.0163,10.2771,10.2607,8038.0,0.7275290982332587,0.8574362630305471
GVINP1,-0.0936,9.0534,9.147,7602.0,0.7275290982332587,0.8574362630305471
TYROBP,-0.0479,11.4938,11.5416,7602.0,0.7275290982332587,0.8574362630305471
TMEM87A,-0.03,11.589,11.619,7602.0,0.7275290982332587,0.8574362630305471
ZNF100,-0.05,11.2565,11.3065,8038.0,0.7275290982332587,0.8574362630305471
FOXA1,0.0393,11.845,11.8057,8038.0,0.7275290982332587,0.8574362630305471
AP2S1,0.0609,10.1758,10.1148,8038.0,0.7275290982332587,0.8574362630305471
ARHGAP5,-0.0681,12.8313,12.8994,7602.0,0.7275290982332587,0.8574362630305471
SFN,-0.1111,9.7998,9.9108,7603.0,0.728732297854322,0.8578437185869587
KCND2,0.0138,8.9398,8.926,8037.0,0.728732297854322,0.8578437185869587
TBC1D30,0.0588,9.4215,9.3627,8037.0,0.728732297854322,0.8578437185869587
HLA-E,-0.008,13.6956,13.7037,8037.0,0.728732297854322,0.8578437185869587
MBD3,-0.0006,9.5815,9.582,7603.0,0.728732297854322,0.8578437185869587
ATP11C,0.0427,11.3959,11.3532,8037.0,0.728732297854322,0.8578437185869587
PCBD1,-0.05,10.1284,10.1783,7603.0,0.728732297854322,0.8578437185869587
S100A10,-0.1021,10.0489,10.151,7604.0,0.7299361661109105,0.8585392964855065
CAMSAP2,-0.0061,12.6673,12.6735,7604.0,0.7299361661109105,0.8585392964855065
LIFR,-0.0602,10.3002,10.3604,7604.0,0.7299361661109105,0.8585392964855065
ACAN,0.1335,10.2635,10.1301,8036.0,0.7299361661109105,0.8585392964855065
HELZ2,0.0355,9.7803,9.7448,8036.0,0.7299361661109105,0.8585392964855065
HABP4,-0.0147,8.9111,8.9258,7605.0,0.7311407002836381,0.8596672807398116
EIF3K,0.0645,12.4361,12.3716,8035.0,0.7311407002836381,0.8596672807398116
MS4A7,-0.0479,8.8939,8.9418,7606.0,0.7323458976481958,0.8602177660567453
IFITM10,0.0647,7.4154,7.3507,8034.0,0.7323458976481958,0.8602177660567453
RNASEL,0.0012,10.2361,10.2348,7606.0,0.7323458976481958,0.8602177660567453
CORO1A,-0.0351,9.9901,10.0252,8034.0,0.7323458976481958,0.8602177660567453
NFRKB,-0.016,10.9719,10.9879,7606.0,0.7323458976481958,0.8602177660567453
JAK3,-0.15,10.0529,10.2029,7606.0,0.7323458976481958,0.8602177660567453
DNM1,-0.0287,9.4799,9.5086,7607.0,0.7335517554753703,0.8609121742239012
POFUT1,0.0256,9.8392,9.8135,8033.0,0.7335517554753703,0.8609121742239012
PIK3AP1,0.0555,9.7068,9.6512,8033.0,0.7335517554753703,0.8609121742239012
LGMN,-0.019,11.6495,11.6685,7607.0,0.7335517554753703,0.8609121742239012
AMOTL2,0.0197,9.285,9.2653,7607.0,0.7335517554753703,0.8609121742239012
RPL23A,-0.0457,11.4605,11.5062,7608.0,0.7347582710310621,0.86131773887354
RNF170,-0.0211,11.4961,11.5172,7608.0,0.7347582710310621,0.86131773887354
CATSPERB,-0.089,7.3584,7.4473,7608.0,0.7347582710310621,0.86131773887354
SOGA1,0.035,10.3482,10.3132,8032.0,0.7347582710310621,0.86131773887354
CYP4F22,0.0697,8.7135,8.6438,8032.0,0.7347582710310621,0.86131773887354
AKAP1,0.0344,11.6171,11.5827,8032.0,0.7347582710310621,0.86131773887354
PBX1,0.0436,11.4099,11.3663,8032.0,0.7347582710310621,0.86131773887354
FAM160A1,-0.006,10.0023,10.0083,7609.0,0.735965441576304,0.8620113710250638
CPS1,0.0496,8.4102,8.3605,7609.0,0.735965441576304,0.8620113710250638
C17orf62,0.0002,9.3891,9.3889,8031.0,0.735965441576304,0.8620113710250638
NKTR,0.0283,13.1271,13.0987,8031.0,0.735965441576304,0.8620113710250638
CD180,-0.0781,7.3322,7.4103,7609.0,0.735965441576304,0.8620113710250638
HSPA1B,0.0766,12.4182,12.3416,8030.0,0.737173264367279,0.8624163665827022
LRP11,0.0704,10.5847,10.5143,8030.0,0.737173264367279,0.8624163665827022
AMD1,-0.0448,10.8282,10.873,7610.0,0.737173264367279,0.8624163665827022
TACC1,-0.0816,12.4946,12.5762,7610.0,0.737173264367279,0.8624163665827022
CASZ1,0.0254,10.4033,10.3779,8030.0,0.737173264367279,0.8624163665827022
CARD16,-0.0504,9.1823,9.2327,7610.0,0.737173264367279,0.8624163665827022
SOBP,-0.0463,9.1461,9.1924,7610.0,0.737173264367279,0.8624163665827022
LRRC16A,-0.0819,11.8703,11.9522,7611.0,0.7383817366553398,0.863397445616521
RPL30,0.0054,13.305,13.2996,7611.0,0.7383817366553398,0.863397445616521
COX5B,0.0639,11.1814,11.1176,8029.0,0.7383817366553398,0.863397445616521
SNORD116-1,-0.1497,7.555,7.7047,7612.0,0.7395908556870263,0.8643782981268767
DSG2,-0.0478,14.0402,14.088,8028.0,0.7395908556870263,0.8643782981268767
RGS1,-0.0571,9.7616,9.8187,7612.0,0.7395908556870263,0.8643782981268767
C10orf2,-0.0422,9.5585,9.6007,7613.0,0.7408006187040853,0.8650703239594313
ZNF862,-0.0218,9.2044,9.2262,7613.0,0.7408006187040853,0.8650703239594313
FREM1,-0.1073,8.6581,8.7653,7613.0,0.7408006187040853,0.8650703239594313
MYBBP1A,-0.0217,11.0149,11.0366,7613.0,0.7408006187040853,0.8650703239594313
SNORA45A,-0.0626,8.7095,8.7721,7613.0,0.7408006187040853,0.8650703239594313
C14orf105,-0.3812,3.648,4.0292,7616.0,0.7416265389599177,0.8656177234171658
CCDC28A,-0.0234,9.3206,9.344,7614.0,0.742011022943488,0.8656177234171658
N4BP2L2,-0.022,12.3872,12.4092,7614.0,0.742011022943488,0.8656177234171658
CHIT1,0.089,6.3347,6.2457,8026.0,0.742011022943488,0.8656177234171658
DGKD,-0.0047,10.0023,10.0071,7614.0,0.742011022943488,0.8656177234171658
SNX30,-0.039,9.5558,9.5948,7614.0,0.742011022943488,0.8656177234171658
KDM5D,0.5537,10.5053,9.9516,8025.0,0.7432186956053077,0.8661647737825028
PAN2,0.0397,11.2168,11.1771,8025.0,0.7432220656374495,0.8661647737825028
FDFT1,0.0562,11.8134,11.7572,8025.0,0.7432220656374495,0.8661647737825028
CYHR1,-0.0267,8.9766,9.0033,7615.0,0.7432220656374495,0.8661647737825028
SAMSN1,-0.0382,9.3654,9.4037,7615.0,0.7432220656374495,0.8661647737825028
PIGV,-0.0396,9.2163,9.2559,7615.0,0.7432220656374495,0.8661647737825028
ALDOA,-0.022,14.9238,14.9458,7616.0,0.7444337440134478,0.8669997520914975
CSTA,-0.1511,9.9626,10.1136,7616.0,0.7444337440134478,0.8669997520914975
PKN2,-0.0177,12.4829,12.5006,7616.0,0.7444337440134478,0.8669997520914975
CD4,-0.091,9.2082,9.2992,7616.0,0.7444337440134478,0.8669997520914975
PRTG,0.0072,7.7361,7.7289,7617.0,0.7456460552942417,0.8674018812667067
CXCL17,0.1133,7.968,7.8547,8023.0,0.7456460552942417,0.8674018812667067
EPAS1,-0.1241,14.2192,14.3433,7617.0,0.7456460552942417,0.8674018812667067
TSPAN12,0.1004,10.1328,10.0325,8023.0,0.7456460552942417,0.8674018812667067
SREBF1,-0.0323,11.0243,11.0566,7617.0,0.7456460552942417,0.8674018812667067
SETMAR,0.0213,9.747,9.7258,8023.0,0.7456460552942417,0.8674018812667067
NFKBIA,-0.0483,13.0429,13.0913,7617.0,0.7456460552942417,0.8674018812667067
CAMSAP1,-0.0291,11.0404,11.0695,7618.0,0.746858996697891,0.8685243364123765
FNBP1,0.006,10.9545,10.9485,8022.0,0.746858996697891,0.8685243364123765
PIGT,0.1192,12.3071,12.188,8021.0,0.7480725654377741,0.8690697040080844
SMG1P3,0.1322,9.4788,9.3466,7619.0,0.7480725654377741,0.8690697040080844
LRRC8D,-0.01,10.5594,10.5694,7619.0,0.7480725654377741,0.8690697040080844
PHLPP2,0.1,10.2141,10.1141,8021.0,0.7480725654377741,0.8690697040080844
PMS2P3,0.0093,10.6532,10.644,7619.0,0.7480725654377741,0.8690697040080844
MDM2,0.2115,13.5208,13.3093,8021.0,0.7480725654377741,0.8690697040080844
EHD1,-0.0663,9.9173,9.9836,7620.0,0.7492867587226082,0.8701915707022264
NPC1,-0.019,12.768,12.787,7620.0,0.7492867587226082,0.8701915707022264
RARRES1,0.2732,10.6661,10.3929,8019.0,0.7505015737564675,0.8711689907204612
PDE4B,-0.0725,9.034,9.1065,7621.0,0.7505015737564675,0.8711689907204612
DHRS2,0.0454,11.2813,11.2359,8019.0,0.7505015737564675,0.8711689907204612
RGL3,0.0562,8.1322,8.076,7622.0,0.7517170077388033,0.8718572714797681
BCL6,-0.0709,11.3432,11.4141,7622.0,0.7517170077388033,0.8718572714797681
GUF1,0.0402,10.4267,10.3865,8018.0,0.7517170077388033,0.8718572714797681
RPL9,-0.0414,8.8865,8.9279,7622.0,0.7517170077388033,0.8718572714797681
ZNF91,-0.0418,14.8297,14.8715,8018.0,0.7517170077388033,0.8718572714797681
OGFR,0.0103,10.7496,10.7392,8017.0,0.7529330578644621,0.8724007617843859
CD46,0.01,14.4659,14.4559,8017.0,0.7529330578644621,0.8724007617843859
TBCA,0.0343,11.1633,11.129,8017.0,0.7529330578644621,0.8724007617843859
DECR1,0.0056,11.449,11.4434,7623.0,0.7529330578644621,0.8724007617843859
ACOT11,-0.0421,8.9867,9.0288,7623.0,0.7529330578644621,0.8724007617843859
SEPT9,-0.0615,14.7761,14.8375,7623.0,0.7529330578644621,0.8724007617843859
EPB41L4A,-0.0372,10.3166,10.3538,7624.0,0.7541497213237057,0.8735214188603888
ARHGAP30,-0.0079,10.7821,10.79,8016.0,0.7541497213237057,0.8735214188603888
SP140,0.0713,9.4487,9.3774,8015.0,0.7553669953022301,0.8743529038184327
PON3,-0.096,5.5241,5.6201,7625.0,0.7553669953022301,0.8743529038184327
SNORA31,-0.0871,9.7287,9.8159,7625.0,0.7553669953022301,0.8743529038184327
KRCC1,-0.052,10.096,10.1479,7625.0,0.7553669953022301,0.8743529038184327
DENND4C,-0.0193,13.2981,13.3174,7626.0,0.7565848769811852,0.8748949625989498
WBP4,0.0103,9.7017,9.6915,8014.0,0.7565848769811852,0.8748949625989498
IFITM1,0.0631,10.2032,10.1401,8014.0,0.7565848769811852,0.8748949625989498
SSX2IP,0.0656,9.8289,9.7632,8014.0,0.7565848769811852,0.8748949625989498
WWOX,0.0137,10.5673,10.5536,7626.0,0.7565848769811852,0.8748949625989498
DYNC2LI1,-0.0225,9.7819,9.8043,7626.0,0.7565848769811852,0.8748949625989498
FCHSD2,-0.0235,11.6676,11.6911,7627.0,0.7578033635371936,0.8754366471215714
RNPC3,-0.0348,10.4839,10.5187,7627.0,0.7578033635371936,0.8754366471215714
ACP5,0.0433,9.9004,9.8571,8013.0,0.7578033635371936,0.8754366471215714
APOL2,0.0317,10.8838,10.8521,8013.0,0.7578033635371936,0.8754366471215714
MAST2,0.012,11.7937,11.7817,7627.0,0.7578033635371936,0.8754366471215714
TAB2,-0.0274,14.2909,14.3183,7627.0,0.7578033635371936,0.8754366471215714
ABCA5,0.0969,11.1341,11.0372,8012.0,0.759022452142371,0.8759420378694157
VAV1,-0.0886,8.9633,9.0519,7628.0,0.759022452142371,0.8759420378694157
EIF3M,0.016,12.155,12.1391,8012.0,0.759022452142371,0.8759420378694157
DDI2,0.0274,10.8939,10.8665,8012.0,0.759022452142371,0.8759420378694157
ZNF441,-0.0241,9.4344,9.4585,7628.0,0.759022452142371,0.8759420378694157
TREX1,0.0127,9.1439,9.1312,8012.0,0.759022452142371,0.8759420378694157
SULT2A1,0.2112,4.1741,3.9629,8010.0,0.7595974327781548,0.8759420378694157
RPS4Y1,0.4498,11.6666,11.2167,8011.5,0.7596321949189966,0.8759420378694157
SPRR1B,0.0377,5.7669,5.7292,8011.0,0.7602363434651943,0.8759420378694157
PIGG,-0.0027,11.7052,11.7079,7629.0,0.7602421399643451,0.8759420378694157
RGS3,0.0101,9.6077,9.5976,8011.0,0.7602421399643451,0.8759420378694157
DSTN,-0.0145,12.1944,12.2089,7629.0,0.7602421399643451,0.8759420378694157
EDF1,0.0256,11.6787,11.6531,8011.0,0.7602421399643451,0.8759420378694157
ZNF253,-0.0026,11.4934,11.496,8011.0,0.7602421399643451,0.8759420378694157
FAM13A,-0.0872,11.2246,11.3117,7629.0,0.7602421399643451,0.8759420378694157
CCDC84,-0.0343,9.1947,9.229,7629.0,0.7602421399643451,0.8759420378694157
COPG2,0.0099,9.9249,9.915,8010.0,0.7614624241662753,0.8766268874628351
OSBPL1A,0.0346,10.7168,10.6822,8010.0,0.7614624241662753,0.8766268874628351
PLOD3,0.0007,11.3708,11.3701,8010.0,0.7614624241662753,0.8766268874628351
APOL3,0.0008,8.653,8.6522,8010.0,0.7614624241662753,0.8766268874628351
HACE1,0.1044,11.3007,11.1963,8010.0,0.7614624241662753,0.8766268874628351
CACUL1,0.0303,10.3921,10.3618,8009.0,0.7626833019068724,0.8773112948840058
ZNF799,0.0353,9.6466,9.6113,8009.0,0.7626833019068724,0.8773112948840058
ATP6V1B2,-0.0321,11.4712,11.5033,7631.0,0.7626833019068724,0.8773112948840058
NDFIP2,0.0478,10.7477,10.6999,8009.0,0.7626833019068724,0.8773112948840058
NPIPB11,0.0326,10.7618,10.7293,8009.0,0.7626833019068724,0.8773112948840058
FSTL4,-0.0996,6.9986,7.0982,7631.5,0.763293702138659,0.8775631736702674
CR2,0.0723,6.5353,6.463,8008.5,0.763293702138659,0.8775631736702674
TMEM117,0.0281,9.5355,9.5074,8008.0,0.7639047703404184,0.8775631736702674
PPA1,-0.0088,11.6193,11.6282,7632.0,0.7639047703404184,0.8775631736702674
VCAM1,-0.0522,10.8777,10.9299,7632.0,0.7639047703404184,0.8775631736702674
SRI,0.0278,12.799,12.7712,8008.0,0.7639047703404184,0.8775631736702674
SNORD116-23,-0.1453,8.2411,8.3864,7632.0,0.7639047703404184,0.8775631736702674
CORO1B,0.0117,9.5307,9.519,8008.0,0.7639047703404184,0.8775631736702674
HOXA10-AS,0.0263,7.2934,7.267,8007.5,0.7645156992699624,0.8781209516135062
TTC14,-0.0173,11.8017,11.8189,8007.0,0.7651268266167861,0.8783906830815332
HLA-DPA1,-0.0123,12.0574,12.0697,8007.0,0.7651268266167861,0.8783906830815332
ACPP,-0.1254,8.2455,8.3709,7633.0,0.7651268266167861,0.8783906830815332
RIOK1,0.0502,11.0359,10.9857,8006.0,0.766349467881459,0.8792177790913921
FBLN2,-0.0989,9.585,9.6839,7634.0,0.766349467881459,0.8792177790913921
PBDC1,-0.0921,9.5915,9.6836,7634.0,0.766349467881459,0.8792177790913921
NIFK,0.0016,10.0925,10.0909,8006.0,0.766349467881459,0.8792177790913921
CALU,0.0428,12.8659,12.8231,8005.0,0.7675726912755514,0.879756392308132
CDC42BPG,0.0357,10.4548,10.4192,8005.0,0.7675726912755514,0.879756392308132
INTU,0.015,9.8456,9.8307,7635.0,0.7675726912755514,0.879756392308132
MBOAT7,0.0492,8.911,8.8618,8005.0,0.7675726912755514,0.879756392308132
CHD3,-0.0153,13.8866,13.9019,7635.0,0.7675726912755514,0.879756392308132
DDRGK1,0.016,9.5439,9.5279,7635.0,0.7675726912755514,0.879756392308132
UHRF2,0.0216,11.423,11.4014,8004.0,0.7687964939358277,0.88015070247386
HNRNPA1,-0.0115,11.7788,11.7903,8004.0,0.7687964939358277,0.88015070247386
LPIN1,0.0235,10.5697,10.5462,8004.0,0.7687964939358277,0.88015070247386
DUSP4,0.1149,8.7465,8.6316,8004.0,0.7687964939358277,0.88015070247386
ABCA7,-0.0912,9.8232,9.9144,7636.0,0.7687964939358277,0.88015070247386
ITK,-0.1563,8.7978,8.9541,7636.0,0.7687964939358277,0.88015070247386
SDC1,-0.1362,11.2287,11.3649,7636.0,0.7687964939358277,0.88015070247386
N4BP2,0.0517,11.2702,11.2185,8003.0,0.7700208729947233,0.8809763394187302
USP3,0.0231,11.3474,11.3244,8003.0,0.7700208729947233,0.8809763394187302
C1orf21,-0.0018,9.7848,9.7866,8003.0,0.7700208729947233,0.8809763394187302
XIST,-0.6728,8.9502,9.6231,7637.0,0.7700208729947233,0.8809763394187302
PDZK1IP1,-0.0862,6.4257,6.5118,7638.0,0.7712453213766852,0.8810823028612212
PEF1,0.0069,9.1987,9.1918,8002.0,0.7712458255803636,0.8810823028612212
IVL,-0.109,9.3878,9.4968,7638.0,0.7712458255803636,0.8810823028612212
LETM1,-0.0281,11.062,11.0901,7638.0,0.7712458255803636,0.8810823028612212
HGH1,-0.0152,9.0642,9.0794,7638.0,0.7712458255803636,0.8810823028612212
FUT2,0.2197,7.2429,7.0232,8002.0,0.7712458255803636,0.8810823028612212
KRT15,-0.1603,9.6873,9.8476,7638.0,0.7712458255803636,0.8810823028612212
EXOC7,-0.0213,11.4502,11.4715,7638.0,0.7712458255803636,0.8810823028612212
FKTN,0.0096,10.2614,10.2518,7638.0,0.7712458255803636,0.8810823028612212
COL10A1,-0.0871,9.6973,9.7844,7638.5,0.7718584909005761,0.8816383969624424
UCKL1,0.0141,10.244,10.2298,8001.0,0.7724713488165849,0.8817631386736013
SLC35A3,0.0231,10.3938,10.3708,8001.0,0.7724713488165849,0.8817631386736013
PTMA,0.0456,12.7117,12.6661,8001.0,0.7724713488165849,0.8817631386736013
HSF1,-0.0315,10.9351,10.9666,7639.0,0.7724713488165849,0.8817631386736013
EYA1,0.028,6.4738,6.4459,7639.5,0.773083447853263,0.8823180223788137
MTA1,0.0144,10.8586,10.8443,8000.0,0.7736974398229542,0.882443513205236
IGHMBP2,-0.0732,10.7773,10.8505,7640.0,0.7736974398229542,0.882443513205236
STARD3,-0.0541,10.8759,10.93,7640.0,0.7736974398229542,0.882443513205236
NRXN3,-0.0147,8.1511,8.1658,7640.0,0.7736974398229542,0.882443513205236
EPB41L1,0.0576,13.2809,13.2232,7999.0,0.7749240957147896,0.8828360895218271
DPP7,0.0068,10.2984,10.2916,7641.0,0.7749240957147896,0.8828360895218271
ACAT1,-0.0367,10.7053,10.7421,7641.0,0.7749240957147896,0.8828360895218271
IL1RN,-0.1256,10.3728,10.4984,7641.0,0.7749240957147896,0.8828360895218271
PEX13,0.0423,11.5579,11.5157,7999.0,0.7749240957147896,0.8828360895218271
HBA2,0.066,11.26,11.194,7641.0,0.7749240957147896,0.8828360895218271
IFT140,0.0429,10.1356,10.0927,7999.0,0.7749240957147896,0.8828360895218271
SOX2,0.1419,6.2623,6.1203,7998.0,0.7761504490991231,0.883515547653295
SMIM19,-0.0279,9.1985,9.2265,7642.0,0.7761513136031801,0.883515547653295
CD24,-0.1233,7.8656,7.9889,7998.0,0.7761513136031801,0.883515547653295
TMSB10,0.0462,13.3197,13.2735,7998.0,0.7761513136031801,0.883515547653295
UBE2F,-0.0383,9.9771,10.0154,7642.0,0.7761513136031801,0.883515547653295
CD40,-0.0821,9.8906,9.9727,7643.0,0.7773790905950064,0.8843381694991601
FBXW7,0.0335,11.0051,10.9715,7997.0,0.7773790905950064,0.8843381694991601
CANX,0.014,15.3764,15.3624,7643.0,0.7773790905950064,0.8843381694991601
FASTKD1,-0.0489,9.6927,9.7416,7643.0,0.7773790905950064,0.8843381694991601
PTPRH,0.0943,7.3767,7.2824,7996.0,0.7786074237929612,0.8845859488679604
ZNF480,0.0216,10.3389,10.3173,7996.0,0.7786074237929612,0.8845859488679604
DHRS7,-0.073,10.4707,10.5437,7644.0,0.7786074237929612,0.8845859488679604
SNORA71B,0.0658,9.8059,9.7401,7996.0,0.7786074237929612,0.8845859488679604
ZRSR2,0.0018,10.1244,10.1226,7996.0,0.7786074237929612,0.8845859488679604
SLC52A2,-0.0048,9.3105,9.3153,7996.0,0.7786074237929612,0.8845859488679604
NFIB,-0.0383,10.9404,10.9787,7644.0,0.7786074237929612,0.8845859488679604
ATP9B,-0.0237,11.0111,11.0348,7644.0,0.7786074237929612,0.8845859488679604
PLOD1,-0.0203,12.8541,12.8744,7645.0,0.779836310295569,0.8852640105365326
ZNF43,-0.0171,12.2746,12.2918,7995.0,0.779836310295569,0.8852640105365326
MARCKS,-0.0383,9.2471,9.2854,7645.0,0.779836310295569,0.8852640105365326
SSH2,-0.0426,11.4586,11.5013,7645.0,0.779836310295569,0.8852640105365326
MMRN2,-0.1012,9.5697,9.6709,7645.0,0.779836310295569,0.8852640105365326
ZNF880,-0.0119,9.8594,9.8713,7994.0,0.7810657471972073,0.886228682375574
NPHP4,-0.0093,9.3926,9.4019,7994.0,0.7810657471972073,0.886228682375574
LAPTM4A,0.0166,14.3733,14.3567,7646.0,0.7810657471972073,0.886228682375574
UBE2D2,-0.0361,11.381,11.4172,7647.0,0.7822957315881272,0.8871930377832639
RASSF4,-0.0203,8.5753,8.5957,7647.0,0.7822957315881272,0.8871930377832639
HOXB6,0.1057,7.7743,7.6686,7993.0,0.7822957315881272,0.8871930377832639
FARP1,0.0873,12.529,12.4417,7992.0,0.7835262605544728,0.8880133359221514
EPB41L5,0.009,10.5154,10.5064,7648.0,0.7835262605544728,0.8880133359221514
GPRC5A,-0.0752,9.879,9.9541,7648.0,0.7835262605544728,0.8880133359221514
RAB23,-0.0896,9.9804,10.07,7648.0,0.7835262605544728,0.8880133359221514
ZNF175,0.0694,9.4832,9.4139,7991.0,0.7847573311783034,0.8884021322731424
HEXIM1,0.0066,10.2172,10.2106,7649.0,0.7847573311783034,0.8884021322731424
IFRD1,0.0326,11.709,11.6764,7991.0,0.7847573311783034,0.8884021322731424
TMC4,0.0403,9.9749,9.9346,7649.0,0.7847573311783034,0.8884021322731424
SYTL4,0.0111,9.354,9.3428,7649.0,0.7847573311783034,0.8884021322731424
TET1,0.107,9.8691,9.7622,7991.0,0.7847573311783034,0.8884021322731424
H19,0.0156,8.8131,8.7974,7991.0,0.7847573311783034,0.8884021322731424
MBD2,-0.0003,11.8884,11.8886,7990.0,0.7859889405376127,0.8893650913855069
PPFIBP2,-0.0178,12.0057,12.0234,7990.0,0.7859889405376127,0.8893650913855069
PRKCZ,0.0385,9.7676,9.7291,7990.0,0.7859889405376127,0.8893650913855069
LTA4H,0.0268,12.2207,12.1939,7989.0,0.7872210857063506,0.8896093695661729
SOX4,0.0516,10.0917,10.0401,7651.0,0.7872210857063506,0.8896093695661729
TCEAL4,-0.0004,12.0498,12.0502,7989.0,0.7872210857063506,0.8896093695661729
SUCLG2,-0.0436,10.5707,10.6143,7651.0,0.7872210857063506,0.8896093695661729
INPP5E,-0.0446,9.1353,9.1799,7651.0,0.7872210857063506,0.8896093695661729
NSRP1,0.025,10.6018,10.5767,7989.0,0.7872210857063506,0.8896093695661729
KALRN,0.0157,10.8196,10.8039,7651.0,0.7872210857063506,0.8896093695661729
TNFAIP2,0.0103,12.4626,12.4523,7989.0,0.7872210857063506,0.8896093695661729
ATP6V0D1,0.0036,10.3403,10.3367,7652.0,0.7884537637544435,0.8899970515106975
CD48,-0.0034,8.205,8.2084,7988.0,0.7884537637544435,0.8899970515106975
THRB,-0.0579,10.5372,10.595,7652.0,0.7884537637544435,0.8899970515106975
VLDLR,-0.0354,10.6181,10.6535,7652.0,0.7884537637544435,0.8899970515106975
PFKP,-0.0033,12.3121,12.3155,7652.0,0.7884537637544435,0.8899970515106975
SLC25A15,0.0202,8.974,8.9538,7988.0,0.7884537637544435,0.8899970515106975
AOAH,-0.1262,9.5198,9.646,7652.0,0.7884537637544435,0.8899970515106975
GPR110,0.1632,9.4967,9.3335,7987.0,0.7896869484657795,0.8902411241387558
SATB1,0.054,11.4048,11.3508,7987.0,0.7896869717478153,0.8902411241387558
SCIN,0.1354,9.5336,9.3981,7987.0,0.7896869717478153,0.8902411241387558
UGT1A6,-0.1595,9.6462,9.8057,7653.0,0.7896869717478153,0.8902411241387558
ASTN2,0.051,8.1884,8.1374,7987.0,0.7896869717478153,0.8902411241387558
STK36,0.0086,10.9263,10.9177,7987.0,0.7896869717478153,0.8902411241387558
PTPRR,0.0881,8.2063,8.1182,7987.0,0.7896869717478153,0.8902411241387558
TRAF3IP3,-0.1404,7.8196,7.96,7653.0,0.7896869717478153,0.8902411241387558
SDCBP,0.072,12.472,12.4,7986.0,0.7909207067484076,0.891058190051335
AP1B1,0.0243,12.344,12.3197,7986.0,0.7909207067484076,0.891058190051335
CCNC,0.033,10.2241,10.1911,7986.0,0.7909207067484076,0.891058190051335
RNF19B,-0.0111,10.2632,10.2743,7986.0,0.7909207067484076,0.891058190051335
COL19A1,0.1033,6.2557,6.1525,7985.0,0.7921548737264849,0.8914448377947704
DHX33,0.0454,9.8875,9.8421,7985.0,0.7921549658142019,0.8914448377947704
COX4I1,-0.0366,11.419,11.4556,7655.0,0.7921549658142019,0.8914448377947704
CLSTN3,0.0205,11.3632,11.3427,7985.0,0.7921549658142019,0.8914448377947704
TDO2,-0.0301,7.6343,7.6644,7655.0,0.7921549658142019,0.8914448377947704
DNAH5,0.0027,9.5325,9.5299,7655.0,0.7921549658142019,0.8914448377947704
PEX6,-0.0075,10.8142,10.8218,7655.0,0.7921549658142019,0.8914448377947704
CNTN3,-0.0086,7.9111,7.9197,7656.0,0.793389745999239,0.8921175965370376
ACAA1,-0.0118,10.445,10.4568,7984.0,0.793389745999239,0.8921175965370376
TMEM63B,0.0147,11.7758,11.7611,7984.0,0.793389745999239,0.8921175965370376
GIMAP4,-0.0751,9.0367,9.1118,7656.0,0.793389745999239,0.8921175965370376
KIF21B,0.0335,9.0843,9.0508,7984.0,0.793389745999239,0.8921175965370376
FRMD3,0.0957,7.9095,7.8138,7983.0,0.7946250443536416,0.892646645108847
PLA1A,0.0206,7.1845,7.1639,7983.0,0.7946250443536416,0.892646645108847
SIGLEC5,0.2456,5.8095,5.5639,7983.0,0.7946250443536416,0.892646645108847
ZNF221,0.0549,9.6987,9.6438,7983.0,0.7946250443536416,0.892646645108847
PTPN3,0.0376,10.8354,10.7978,7983.0,0.7946250443536416,0.892646645108847
FAAH,0.0424,9.7219,9.6795,7657.0,0.7946250443536416,0.892646645108847
EPPK1,-0.0478,11.4108,11.4586,7658.0,0.795860857923634,0.8927460496618947
ZNF124,0.0419,9.972,9.9302,7658.0,0.795860857923634,0.8927460496618947
CDC37L1,0.0331,9.2896,9.2565,7982.0,0.795860857923634,0.8927460496618947
ZNF225,0.0299,9.4623,9.4324,7982.0,0.795860857923634,0.8927460496618947
COMT,-0.1048,10.4747,10.5795,7658.0,0.795860857923634,0.8927460496618947
CD86,-0.0788,8.2055,8.2843,7658.0,0.795860857923634,0.8927460496618947
ARHGEF18,-0.0244,10.5614,10.5858,7658.0,0.795860857923634,0.8927460496618947
DNM2,-0.0031,14.085,14.0881,7982.0,0.795860857923634,0.8927460496618947
SELE,-0.1551,6.3449,6.5,7658.0,0.795860857923634,0.8927460496618947
KANSL1,-0.0177,11.8486,11.8663,7659.0,0.7970971837515644,0.893417346000673
TAZ,0.0328,11.0998,11.0671,7981.0,0.7970971837515644,0.893417346000673
SNORA21,0.0252,9.9336,9.9084,7981.0,0.7970971837515644,0.893417346000673
FOSL2,-0.1072,12.4981,12.6053,7659.0,0.7970971837515644,0.893417346000673
EDEM1,-0.0273,11.4105,11.4378,7659.0,0.7970971837515644,0.893417346000673
FAM83B,-0.0086,10.943,10.9516,7660.0,0.7983340188759247,0.8940881391632978
HLA-DPB1,-0.0153,11.0282,11.0435,7980.0,0.7983340188759247,0.8940881391632978
SLC41A1,-0.0161,10.2545,10.2706,7660.0,0.7983340188759247,0.8940881391632978
ERO1L,-0.028,12.1264,12.1544,7660.0,0.7983340188759247,0.8940881391632978
ZNF737,-0.0087,12.5349,12.5436,7980.0,0.7983340188759247,0.8940881391632978
VGLL4,0.0455,9.7769,9.7314,7979.0,0.7995713603313733,0.8950444751279744
MAP4K3,-0.0003,12.3297,12.3299,7979.0,0.7995713603313733,0.8950444751279744
SLC16A5,-0.0388,9.2436,9.2824,7661.0,0.7995713603313733,0.8950444751279744
TAGAP,0.0028,8.2928,8.29,7978.0,0.8008092051487551,0.8957142411207047
B3GALTL,-0.0169,9.5413,9.5583,7662.0,0.8008092051487551,0.8957142411207047
KLHL24,0.0322,11.7687,11.7365,7978.0,0.8008092051487551,0.8957142411207047
RBM6,-0.0166,13.6258,13.6424,7662.0,0.8008092051487551,0.8957142411207047
ARHGAP40,-0.0324,7.9897,8.0221,7978.0,0.8008092051487551,0.8957142411207047
NCLN,0.022,9.234,9.212,7977.0,0.8020475503551232,0.8960974784838749
PLCB4,0.0464,9.8018,9.7554,7977.0,0.8020475503551232,0.8960974784838749
ZNF300,-0.0622,8.1838,8.2459,7977.0,0.8020475503551232,0.8960974784838749
C1orf116,-0.0839,8.9512,9.0351,7663.0,0.8020475503551232,0.8960974784838749
CAMK2D,-0.0306,11.259,11.2896,7663.0,0.8020475503551232,0.8960974784838749
PCGF2,-0.0084,10.6122,10.6206,7663.0,0.8020475503551232,0.8960974784838749
FCER1G,0.0766,9.1817,9.1051,7977.0,0.8020475503551232,0.8960974784838749
LIMCH1,0.0764,12.2152,12.1388,7976.0,0.8032863929737604,0.8966233041114511
GYG1,0.0123,10.4331,10.4208,7976.0,0.8032863929737604,0.8966233041114511
HOOK2,0.0463,10.036,9.9897,7976.0,0.8032863929737604,0.8966233041114511
MTM1,-0.0203,9.7549,9.7752,7664.0,0.8032863929737604,0.8966233041114511
ARHGDIB,-0.1061,11.3768,11.4829,7664.0,0.8032863929737604,0.8966233041114511
IL32,-0.0056,9.0979,9.1035,7664.0,0.8032863929737604,0.8966233041114511
HPS5,0.0151,10.3814,10.3663,7665.0,0.8045257300242006,0.8978635358341795
TMEM141,0.0039,8.4861,8.4822,7974.0,0.8057655585222501,0.8985312430463881
LCOR,-0.0223,10.9654,10.9877,7666.0,0.8057655585222501,0.8985312430463881
PPIB,0.023,14.0703,14.0473,7974.0,0.8057655585222501,0.8985312430463881
NAGA,-0.0177,10.5789,10.5967,7666.0,0.8057655585222501,0.8985312430463881
LINS,-0.0344,9.9047,9.9391,7666.0,0.8057655585222501,0.8985312430463881
SIL1,-0.0499,11.139,11.1889,7667.0,0.807005875480009,0.8994846643301773
TCP1,0.007,12.3872,12.3801,7973.0,0.807005875480009,0.8994846643301773
TSTA3,-0.0128,10.0352,10.048,7973.0,0.807005875480009,0.8994846643301773
RPS21,-0.0218,9.7481,9.7699,7668.0,0.808246677905893,0.9004377164134535
CLUAP1,0.0028,9.2858,9.283,7972.0,0.808246677905893,0.9004377164134535
DLD,0.0371,12.9021,12.8649,7972.0,0.808246677905893,0.9004377164134535
OPN3,-0.0197,8.5954,8.6151,7669.0,0.8094879628046548,0.900674325313155
GJB6,-0.1722,9.8121,9.9843,7669.0,0.8094879628046548,0.900674325313155
SAMD9L,0.0926,10.784,10.6914,7971.0,0.8094879628046548,0.900674325313155
SQLE,0.0182,11.1574,11.1392,7971.0,0.8094879628046548,0.900674325313155
RCL1,0.0399,9.6113,9.5714,7971.0,0.8094879628046548,0.900674325313155
CTPS2,-0.0003,10.6654,10.6657,7669.0,0.8094879628046548,0.900674325313155
DNAH6,-0.0459,7.7847,7.8305,7669.0,0.8094879628046548,0.900674325313155
RELN,-0.0019,8.2397,8.2416,7669.0,0.8094879628046548,0.900674325313155
TRIM27,0.0012,10.0593,10.0581,7970.0,0.8107297271774061,0.9011968697497421
DDX31,0.0285,10.1754,10.1469,7970.0,0.8107297271774061,0.9011968697497421
TAPBP,-0.0137,11.2603,11.2739,7970.0,0.8107297271774061,0.9011968697497421
ND1,0.0198,8.9047,8.8849,7970.0,0.8107297271774061,0.9011968697497421
CADPS2,0.0648,10.8104,10.7456,7970.0,0.8107297271774061,0.9011968697497421
EPOR,-0.0061,8.6064,8.6126,7670.0,0.8107297271774061,0.9011968697497421
PIAS2,0.0007,10.2675,10.2668,7969.0,0.8119719680216386,0.9018619654330746
C3orf52,-0.2117,8.5298,8.7415,7671.0,0.8119719680216386,0.9018619654330746
NXPE3,0.0388,8.8107,8.7719,7969.0,0.8119719680216386,0.9018619654330746
PCDHGA4,-0.0238,8.0682,8.092,7671.0,0.8119719680216386,0.9018619654330746
PTCHD1,0.1423,8.5403,8.3979,7969.0,0.8119719680216386,0.9018619654330746
AKR1B10,-0.1325,7.6906,7.8231,7671.5,0.8125930576788547,0.9024086874286424
MXD1,0.0219,8.818,8.7961,7968.0,0.8132146823312462,0.9028126855367338
PIK3CB,0.0024,11.4567,11.4544,7672.0,0.8132146823312462,0.9028126855367338
IFRD2,-0.0063,9.1713,9.1776,7967.0,0.8144578670965468,0.9034767057305745
KCNC3,0.1006,10.1943,10.0937,7967.0,0.8144578670965468,0.9034767057305745
KIAA1549,0.0016,9.5993,9.5976,7967.0,0.8144578670965468,0.9034767057305745
AGAP1,0.0348,11.1052,11.0705,7673.0,0.8144578670965468,0.9034767057305745
LGALS3BP,0.0139,11.8007,11.7869,7967.0,0.8144578670965468,0.9034767057305745
WDR77,-0.0185,9.1445,9.163,7674.0,0.8157015193043039,0.9035681334527113
DNAJC1,0.0175,10.2401,10.2227,7966.0,0.8157015193043039,0.9035681334527113
SYVN1,0.0268,10.9383,10.9115,7966.0,0.8157015193043039,0.9035681334527113
UBE2W,-0.0177,9.2476,9.2652,7674.0,0.8157015193043039,0.9035681334527113
S100A6,-0.0312,12.1914,12.2226,7966.0,0.8157015193043039,0.9035681334527113
ICAM1,0.0896,9.8528,9.7632,7966.0,0.8157015193043039,0.9035681334527113
LAMP1,0.0451,12.3564,12.3113,7966.0,0.8157015193043039,0.9035681334527113
TSPAN3,-0.0022,11.0131,11.0152,7674.0,0.8157015193043039,0.9035681334527113
UBR5,0.0575,14.5677,14.5102,7966.0,0.8157015193043039,0.9035681334527113
TMEM245,0.0269,11.7206,11.6937,7965.0,0.8169456359377487,0.9043740576149311
MLLT6,-0.0108,11.3776,11.3884,7965.0,0.8169456359377487,0.9043740576149311
ENO2,0.0768,10.6223,10.5454,7965.0,0.8169456359377487,0.9043740576149311
SPOCK2,-0.0119,7.7054,7.7173,7965.0,0.8169456359377487,0.9043740576149311
GPRC5B,-0.007,8.1706,8.1775,7676.0,0.8181902139766017,0.9050364979431594
KAL1,0.0014,8.6988,8.6974,7676.0,0.8181902139766017,0.9050364979431594
RBM15B,0.0094,9.4091,9.3997,7964.0,0.8181902139766017,0.9050364979431594
CYP2J2,0.0549,8.4768,8.4219,7964.0,0.8181902139766017,0.9050364979431594
PHLDB3,0.0039,8.7416,8.7377,7964.0,0.8181902139766017,0.9050364979431594
NSUN6,-0.0266,10.0918,10.1184,7677.0,0.819435250397095,0.9058413667767728
HSPE1,0.0821,9.3556,9.2735,7963.0,0.819435250397095,0.9058413667767728
EPB41L3,0.1012,10.2015,10.1003,7963.0,0.819435250397095,0.9058413667767728
ADAM10,0.0042,14.5439,14.5397,7963.0,0.819435250397095,0.9058413667767728
SLC6A9,0.0191,8.3792,8.3601,7962.0,0.8206807421719938,0.9069318664084698
CTTNBP2,0.1016,8.5602,8.4587,7962.0,0.8206807421719938,0.9069318664084698
CSRP2BP,0.0062,10.2282,10.2219,7961.0,0.8219266862706189,0.9074495639213535
RABAC1,0.0087,9.216,9.2074,7679.0,0.8219266862706189,0.9074495639213535
ZNF525,-0.0365,10.8694,10.9059,7679.0,0.8219266862706189,0.9074495639213535
ABHD17B,-0.033,9.45,9.483,7679.0,0.8219266862706189,0.9074495639213535
ARHGEF2,0.0418,11.2532,11.2114,7961.0,0.8219266862706189,0.9074495639213535
ZNF888,-0.0441,11.7212,11.7653,7679.0,0.8219266862706189,0.9074495639213535
TRIM31,-0.0529,6.8842,6.9371,7679.5,0.8225465629456207,0.9079907913474435
KDM3A,0.0227,12.2762,12.2535,7960.0,0.8231730796588689,0.9081098104680306
MVB12B,-0.0145,9.1496,9.1641,7680.0,0.8231730796588689,0.9081098104680306
SAMHD1,0.0374,13.439,13.4017,7960.0,0.8231730796588689,0.9081098104680306
CDK12,0.0164,13.1722,13.1558,7960.0,0.8231730796588689,0.9081098104680306
ALG2,0.0111,11.7632,11.7521,7959.0,0.8244199192992413,0.9090556912065165
GAPDH,0.0222,15.2169,15.1947,7959.0,0.8244199192992413,0.9090556912065165
MAP7D3,0.0508,9.5373,9.4865,7681.0,0.8244199192992413,0.9090556912065165
HDAC5,-0.0311,9.8028,9.8338,7682.0,0.8256672021508564,0.9098579727242246
GDF15,0.0694,9.0608,8.9914,7958.0,0.8256672021508564,0.9098579727242246
MFI2,0.1354,6.4234,6.288,7958.0,0.8256672021508564,0.9098579727242246
AKIRIN1,-0.0059,9.9533,9.9592,7958.0,0.8256672021508564,0.9098579727242246
VPS35,0.0053,13.539,13.5337,7683.0,0.8269149251694776,0.9109462357970508
KIAA1715,0.0105,10.482,10.4715,7957.0,0.8269149251694776,0.9109462357970508
TMBIM6,0.0151,14.2198,14.2046,7684.0,0.8281630853075352,0.9116042260937864
WDR12,0.0125,10.806,10.7935,7956.0,0.8281630853075352,0.9116042260937864
PDXDC2P,0.0401,11.7508,11.7107,7956.0,0.8281630853075352,0.9116042260937864
RRAGB,-0.0459,9.075,9.1209,7684.0,0.8281630853075352,0.9116042260937864
ZNF283,0.0204,10.0781,10.0578,7956.0,0.8281630853075352,0.9116042260937864
ANAPC2,0.0145,9.4023,9.3878,7955.0,0.8294116795141478,0.9122616603797042
PIGA,-0.0204,9.0738,9.0941,7685.0,0.8294116795141478,0.9122616603797042
SLC9A3R1,-0.0334,9.5734,9.6068,7685.0,0.8294116795141478,0.9122616603797042
HMHA1,-0.1136,8.481,8.5946,7685.0,0.8294116795141478,0.9122616603797042
JUN,-0.0817,10.9829,11.0646,7685.0,0.8294116795141478,0.9122616603797042
ZNF562,0.0001,11.3193,11.3192,7954.0,0.8306607047351449,0.9134919778989039
MSMB,0.0062,4.6807,4.6745,7953.0,0.8317977195876691,0.913718136114392
ERP27,0.0523,8.6608,8.6085,7953.0,0.8319101579130892,0.913718136114392
ZNF83,0.0288,11.5238,11.495,7953.0,0.8319101579130892,0.913718136114392
CCNT2,-0.0574,11.9545,12.0119,7687.0,0.8319101579130892,0.913718136114392
SNORD116-24,-0.0308,9.5117,9.5425,7953.0,0.8319101579130892,0.913718136114392
SDHAP1,0.0253,9.1014,9.0761,7953.0,0.8319101579130892,0.913718136114392
NPIPA5,0.0808,9.5146,9.4338,7953.0,0.8319101579130892,0.913718136114392
ITPA,0.0121,10.2099,10.1978,7953.0,0.8319101579130892,0.913718136114392
CAT,0.0024,12.7384,12.736,7688.0,0.8331600359872994,0.9145171993760278
ZNF141,0.0412,11.1214,11.0802,7952.0,0.8331600359872994,0.9145171993760278
PTPRJ,0.0131,11.4593,11.4462,7952.0,0.8331600359872994,0.9145171993760278
RPS3A,-0.0574,9.2655,9.3229,7688.0,0.8331600359872994,0.9145171993760278
PPP1R12C,-0.009,9.7827,9.7916,7689.0,0.8344103358938719,0.9150290607993713
ENPP2,-0.0173,10.5452,10.5625,7689.0,0.8344103358938719,0.9150290607993713
ALOX5,0.0161,11.4423,11.4262,7951.0,0.8344103358938719,0.9150290607993713
RAP1GAP,-0.0543,9.2184,9.2726,7689.0,0.8344103358938719,0.9150290607993713
SERINC5,-0.0515,11.6525,11.704,7689.0,0.8344103358938719,0.9150290607993713
HMBS,-0.0029,10.0934,10.0963,7951.0,0.8344103358938719,0.9150290607993713
MIF,-0.0052,10.2613,10.2665,7690.0,0.8356610545657042,0.9159703185355496
TRIM38,-0.0164,10.7127,10.7292,7950.0,0.8356610545657042,0.9159703185355496
ZNF208,-0.1247,10.2182,10.3429,7690.0,0.8356610545657042,0.9159703185355496
NAT9,-0.0183,9.2192,9.2376,7949.0,0.8369121889325165,0.9161944753938429
UNC13D,-0.0896,11.2048,11.2944,7691.0,0.8369121889325165,0.9161944753938429
FXYD3,-0.0957,10.3778,10.4735,7949.0,0.8369121889325165,0.9161944753938429
SLC25A1,-0.0129,9.8652,9.8782,7949.0,0.8369121889325165,0.9161944753938429
CCDC144B,-0.1018,10.1885,10.2903,7691.0,0.8369121889325165,0.9161944753938429
THSD7A,0.0253,9.1294,9.1041,7949.0,0.8369121889325165,0.9161944753938429
NBPF26,-0.0024,10.6992,10.7016,7691.0,0.8369121889325165,0.9161944753938429
ARF6,-0.0213,10.5106,10.5319,7691.0,0.8369121889325165,0.9161944753938429
UGT2B15,-0.0807,4.8945,4.9752,7691.5,0.8375057387443536,0.9167009516140526
CD84,-0.0535,8.2349,8.2884,7692.0,0.8381637359208753,0.9168479604270369
ZNF431,-0.0446,12.1699,12.2146,7692.0,0.8381637359208753,0.9168479604270369
ACAD8,0.0103,9.6417,9.6314,7948.0,0.8381637359208753,0.9168479604270369
TBX1,-0.124,8.0545,8.1785,7692.0,0.8381637359208753,0.9168479604270369
MMP15,0.0237,8.709,8.6853,7947.0,0.8394156924542152,0.9169284190074667
PTTG1IP,-0.0337,10.488,10.5217,7693.0,0.8394156924542152,0.9169284190074667
MIPOL1,-0.0326,8.7153,8.7479,7947.0,0.8394156924542152,0.9169284190074667
LIPA,-0.0029,11.9008,11.9037,7693.0,0.8394156924542152,0.9169284190074667
MNAT1,0.0079,9.6592,9.6514,7693.0,0.8394156924542152,0.9169284190074667
ZDBF2,0.0083,9.5775,9.5693,7947.0,0.8394156924542152,0.9169284190074667
SNX2,-0.0596,12.0336,12.0932,7693.0,0.8394156924542152,0.9169284190074667
UQCRC1,0.0164,10.9999,10.9835,7947.0,0.8394156924542152,0.9169284190074667
MRPL1,-0.0131,9.7459,9.7591,7947.0,0.8394156924542152,0.9169284190074667
NRK,-0.0738,8.1739,8.2476,7694.0,0.8406680554528617,0.9172948570172001
PCDH19,0.0393,7.703,7.6637,7694.0,0.8406680554528617,0.9172948570172001
STX3,0.0023,10.8744,10.8722,7946.0,0.8406680554528617,0.9172948570172001
GUSBP11,0.0038,9.8819,9.8781,7694.0,0.8406680554528617,0.9172948570172001
P2RX4,0.024,9.3874,9.3634,7946.0,0.8406680554528617,0.9172948570172001
DDAH1,-0.0058,8.7866,8.7924,7946.0,0.8406680554528617,0.9172948570172001
EIF2A,-0.0153,12.28,12.2953,7694.0,0.8406680554528617,0.9172948570172001
HSD3B1,0.0906,3.8201,3.7296,7944.5,0.8419094996642957,0.9178037850722108
SPG20,0.0104,11.8583,11.8479,7945.0,0.8419208218340544,0.9178037850722108
EPHB3,-0.1208,8.1579,8.2787,7695.0,0.8419208218340544,0.9178037850722108
STEAP4,-0.0203,8.7951,8.8154,7695.0,0.8419208218340544,0.9178037850722108
TJP2,0.0267,12.9966,12.9699,7945.0,0.8419208218340544,0.9178037850722108
HIST1H2BB,-0.0354,8.8026,8.838,7945.0,0.8419208218340544,0.9178037850722108
LPCAT4,-0.0417,10.2519,10.2936,7696.0,0.843173988511969,0.9188838222143354
ADAM8,-0.1315,8.5325,8.6639,7696.0,0.843173988511969,0.9188838222143354
CUL5,-0.0129,11.2208,11.2337,7943.0,0.8444275523977408,0.9189628825860728
LRRC8B,-0.0213,10.4118,10.4331,7697.0,0.8444275523977408,0.9189628825860728
ZDHHC2,-0.0241,9.7895,9.8136,7697.0,0.8444275523977408,0.9189628825860728
LMO7,-0.03,12.6789,12.7089,7697.0,0.8444275523977408,0.9189628825860728
ERAP2,0.0302,10.7469,10.7167,7943.0,0.8444275523977408,0.9189628825860728
MS4A1,0.0179,8.1913,8.1734,7943.0,0.8444275523977408,0.9189628825860728
TGFBR1,0.0168,12.0013,11.9845,7943.0,0.8444275523977408,0.9189628825860728
ARHGAP32,0.0193,12.7078,12.6885,7943.0,0.8444275523977408,0.9189628825860728
BCAP29,-0.0229,10.1704,10.1933,7943.0,0.8444275523977408,0.9189628825860728
ZNF99,-0.0157,6.0259,6.0416,7698.0,0.845681510399487,0.9201845272417041
APEH,0.0018,11.699,11.6972,7941.0,0.8469358594223297,0.9209769912320769
TFCP2,-0.0423,10.9838,11.0261,7941.0,0.8469358594223297,0.9209769912320769
TAMM41,0.0203,9.5397,9.5194,7699.0,0.8469358594223297,0.9209769912320769
OVOL1,0.1196,8.7505,8.6308,7941.0,0.8469358594223297,0.9209769912320769
PFKM,0.0115,11.9924,11.9808,7700.0,0.8481905963684191,0.9216258722060573
TXNDC5,0.0368,9.0336,8.9967,7700.0,0.8481905963684191,0.9216258722060573
BCL9,0.0945,11.135,11.0404,7940.0,0.8481905963684191,0.9216258722060573
PRSS22,0.0347,8.7453,8.7106,7940.0,0.8481905963684191,0.9216258722060573
ABCA12,0.0833,9.4264,9.3431,7940.0,0.8481905963684191,0.9216258722060573
TYW3,-0.0165,9.1796,9.1961,7701.0,0.8494457181369557,0.9221311989014263
TRIM22,-0.0164,11.3075,11.3239,7701.0,0.8494457181369557,0.9221311989014263
IL13RA1,0.0128,11.2821,11.2693,7701.0,0.8494457181369557,0.9221311989014263
ALG10B,-0.0132,9.4258,9.439,7701.0,0.8494457181369557,0.9221311989014263
LIG4,-0.0014,10.8783,10.8796,7701.0,0.8494457181369557,0.9221311989014263
KLF11,0.0477,10.2776,10.2298,7701.0,0.8494457181369557,0.9221311989014263
TMEM184B,-0.0242,10.8674,10.8916,7702.0,0.8507012216242139,0.9223503104248908
SERPINB1,-0.0297,10.0016,10.0313,7702.0,0.8507012216242139,0.9223503104248908
RTKN,-0.0019,8.6964,8.6983,7938.0,0.8507012216242139,0.9223503104248908
MTCL1,-0.0012,10.2121,10.2134,7702.0,0.8507012216242139,0.9223503104248908
NOL4L,0.0213,9.1683,9.147,7938.0,0.8507012216242139,0.9223503104248908
TOMM20,-0.0254,9.7453,9.7707,7702.0,0.8507012216242139,0.9223503104248908
BIRC3,0.0259,10.5969,10.571,7938.0,0.8507012216242139,0.9223503104248908
RYR1,0.0269,9.5751,9.5482,7702.0,0.8507012216242139,0.9223503104248908
FAM63B,0.0033,10.401,10.3977,7937.0,0.8519571037235649,0.923426032715698
RANBP6,0.0156,9.2869,9.2713,7703.0,0.8519571037235649,0.923426032715698
ZNF197,-0.0075,9.8608,9.8683,7704.0,0.8532133613254999,0.9243584729830562
PHB2,0.003,11.8633,11.8603,7936.0,0.8532133613254999,0.9243584729830562
TUBB2A,-0.0504,9.5259,9.5763,7704.0,0.8532133613254999,0.9243584729830562
GBP6,-0.1221,6.2148,6.3369,7705.0,0.8544699750038829,0.9244327744782201
ALCAM,0.0482,11.7892,11.741,7705.0,0.8544699913176522,0.9244327744782201
PTPN22,-0.0415,9.0471,9.0886,7705.0,0.8544699913176522,0.9244327744782201
TMEM8A,0.0048,9.9923,9.9875,7935.0,0.8544699913176522,0.9244327744782201
TRAF7,0.0187,11.1241,11.1054,7935.0,0.8544699913176522,0.9244327744782201
SNORA62,0.0553,9.018,8.9627,7935.0,0.8544699913176522,0.9244327744782201
NDUFS8,-0.011,9.7865,9.7975,7935.0,0.8544699913176522,0.9244327744782201
HLA-DRA,-0.0338,13.8037,13.8375,7935.0,0.8544699913176522,0.9244327744782201
B4GALT2,0.0071,9.4343,9.4272,7705.0,0.8544699913176522,0.9244327744782201
TMED5,-0.0121,11.0024,11.0145,7706.0,0.8557269905848218,0.9255067359174528
IL2RG,-0.0063,8.7386,8.7449,7934.0,0.8557269905848218,0.9255067359174528
UTY,0.4907,10.9361,10.4455,7933.5,0.8563554666509978,0.9260434423960683
SIM2,-0.0448,8.3154,8.3602,7707.0,0.8569843560089974,0.9265804300032435
MFSD5,-0.0028,9.2818,9.2846,7708.0,0.8582420844693801,0.9269385128838785
WWC3,0.003,10.5278,10.5248,7708.0,0.8582420844693801,0.9269385128838785
ARPC1B,-0.009,11.3373,11.3463,7932.0,0.8582420844693801,0.9269385128838785
CYBB,0.0124,12.3187,12.3063,7932.0,0.8582420844693801,0.9269385128838785
GPR87,-0.0781,8.8624,8.9404,7708.0,0.8582420844693801,0.9269385128838785
ZC3H3,-0.0127,9.0335,9.0462,7708.0,0.8582420844693801,0.9269385128838785
HLA-A,0.0589,14.1234,14.0645,7932.0,0.8582420844693801,0.9269385128838785
UGT1A8,0.0928,6.1657,6.0728,7931.0,0.8594930005632249,0.9274390925139246
NAF1,0.0014,9.1388,9.1374,7931.0,0.8595001728424063,0.9274390925139246
CHN1,-0.0024,9.7033,9.7057,7931.0,0.8595001728424063,0.9274390925139246
CCL18,0.0178,6.9823,6.9645,7709.0,0.8595001728424063,0.9274390925139246
FMNL1,-0.0698,10.1278,10.1976,7709.0,0.8595001728424063,0.9274390925139246
RPL32,0.0076,15.0543,15.0467,7709.0,0.8595001728424063,0.9274390925139246
TCOF1,-0.0134,12.4161,12.4295,7710.0,0.8607586180017716,0.9280820018270064
SCO2,-0.0636,10.2356,10.2993,7710.0,0.8607586180017716,0.9280820018270064
KRT10,-0.047,10.2908,10.3378,7930.0,0.8607586180017716,0.9280820018270064
DNM3,0.0712,8.4846,8.4134,7930.0,0.8607586180017716,0.9280820018270064
PKP2,0.0386,10.2889,10.2502,7930.0,0.8607586180017716,0.9280820018270064
IQSEC2,-0.0193,9.5549,9.5742,7929.0,0.8620174168184531,0.9285814443900365
ZNF586,-0.02,10.3177,10.3377,7711.0,0.8620174168184531,0.9285814443900365
NEB,-0.1547,11.6102,11.7649,7711.0,0.8620174168184531,0.9285814443900365
ZNF512B,-0.005,10.1296,10.1347,7929.0,0.8620174168184531,0.9285814443900365
TMEM175,-0.0352,9.0286,9.0638,7711.0,0.8620174168184531,0.9285814443900365
ETFB,-0.1183,11.3226,11.4409,7711.0,0.8620174168184531,0.9285814443900365
DPY19L4,0.0556,11.1094,11.0538,7712.0,0.8632765661607337,0.9293659942849528
HIST1H2BE,-0.0852,10.0547,10.1399,7928.0,0.8632765661607337,0.9293659942849528
FAM102A,0.0292,9.9603,9.9311,7928.0,0.8632765661607337,0.9293659942849528
TLE4,-0.0144,10.1236,10.138,7712.0,0.8632765661607337,0.9293659942849528
MLYCD,-0.0391,9.7759,9.815,7713.0,0.8645360628942248,0.930292877757876
TRAK1,0.0189,12.9991,12.9803,7927.0,0.8645360628942248,0.930292877757876
SLC25A43,-0.0014,9.3869,9.3883,7927.0,0.8645360628942248,0.930292877757876
PLIN4,-0.0703,9.8637,9.9339,7714.0,0.8657959038818899,0.9309333202648358
CCNDBP1,-0.0469,10.8069,10.8538,7714.0,0.8657959038818899,0.9309333202648358
ZNF514,-0.0336,9.9122,9.9458,7714.0,0.8657959038818899,0.9309333202648358
ATP7B,0.043,10.1066,10.0636,7714.0,0.8657959038818899,0.9309333202648358
FAM49A,0.0609,8.5279,8.467,7926.0,0.8657959038818899,0.9309333202648358
PNLDC1,0.204,3.7653,3.5614,7925.0,0.8670416156005574,0.9314302454588788
RPF2,-0.0047,10.2774,10.2821,7925.0,0.8670560859840684,0.9314302454588788
VAPB,0.0219,13.6056,13.5837,7715.0,0.8670560859840684,0.9314302454588788
PHTF1,0.0341,10.2095,10.1754,7925.0,0.8670560859840684,0.9314302454588788
TMEM19,0.0126,10.1415,10.1288,7715.0,0.8670560859840684,0.9314302454588788
RALGAPA2,0.0269,13.3655,13.3385,7925.0,0.8670560859840684,0.9314302454588788
ADA,-0.0145,9.3334,9.3479,7716.0,0.8683166060584981,0.9322123550862583
DDX10,-0.0013,11.135,11.1364,7924.0,0.8683166060584981,0.9322123550862583
COX7C,0.0783,11.6735,11.5952,7924.0,0.8683166060584981,0.9322123550862583
TEAD3,0.0022,9.6238,9.6216,7924.0,0.8683166060584981,0.9322123550862583
VANGL2,-0.1629,8.9623,9.1252,7717.0,0.8695774609603398,0.9327080654166426
NFATC3,0.0109,11.9629,11.952,7923.0,0.8695774609603398,0.9327080654166426
GNS,-0.0058,13.0773,13.0831,7717.0,0.8695774609603398,0.9327080654166426
TYMP,-0.0467,10.261,10.3077,7717.0,0.8695774609603398,0.9327080654166426
GMIP,-0.065,9.2083,9.2733,7717.0,0.8695774609603398,0.9327080654166426
EIF4H,0.0155,9.3319,9.3164,7923.0,0.8695774609603398,0.9327080654166426
MDFIC,-0.0177,9.9593,9.977,7922.0,0.8708386475422001,0.9336318200762442
SLC5A3,0.0449,11.018,10.9731,7922.0,0.8708386475422001,0.9336318200762442
KDELR1,0.0246,11.766,11.7414,7922.0,0.8708386475422001,0.9336318200762442
PPFIA1,-0.0231,12.4076,12.4307,7921.0,0.8721001626541554,0.9346981082135063
MRPL21,-0.0214,9.4541,9.4755,7921.0,0.8721001626541554,0.9346981082135063
ATF7IP2,0.0239,10.1413,10.1174,7920.0,0.8733620031437747,0.9354778384851412
BST1,-0.0142,8.1617,8.1758,7920.0,0.8733620031437747,0.9354778384851412
PCDHGB1,-0.0789,7.7056,7.7845,7720.0,0.8733620031437747,0.9354778384851412
FGGY,-0.0039,9.2488,9.2527,7720.0,0.8733620031437747,0.9354778384851412
BTBD6,-0.0405,9.5578,9.5983,7721.0,0.8746241658561446,0.9361138672612839
AGPAT1,0.0159,10.151,10.135,7919.0,0.8746241658561446,0.9361138672612839
ZNF248,-0.02,10.4105,10.4305,7721.0,0.8746241658561446,0.9361138672612839
GALNT6,-0.0735,8.1656,8.2391,7721.0,0.8746241658561446,0.9361138672612839
ATP13A2,0.0102,11.4001,11.3899,7919.0,0.8746241658561446,0.9361138672612839
ADAMTS20,0.0855,5.4043,5.3188,7918.0,0.8758503460604343,0.936749265940767
CAMK2N1,0.0241,8.6498,8.6257,7918.0,0.8758866476338915,0.936749265940767
ERC1,-0.0075,12.201,12.2085,7918.0,0.8758866476338915,0.936749265940767
BTBD2,-0.0088,9.8631,9.872,7722.0,0.8758866476338915,0.936749265940767
FUT8,0.0195,11.0117,10.9922,7722.0,0.8758866476338915,0.936749265940767
CTSE,-0.0706,7.2975,7.368,7723.0,0.8771493071537679,0.9372410078664014
MID1,0.0862,11.7655,11.6793,7917.0,0.8771494453172062,0.9372410078664014
CENPT,0.0157,10.0339,10.0182,7723.0,0.8771494453172062,0.9372410078664014
ANO5,-0.0126,7.4064,7.419,7723.0,0.8771494453172062,0.9372410078664014
SERPINB9,0.0266,8.5958,8.5692,7917.0,0.8771494453172062,0.9372410078664014
BTD,-0.0023,9.5174,9.5198,7917.0,0.8771494453172062,0.9372410078664014
REEP5,-0.0021,10.4331,10.4352,7916.0,0.8784125557438672,0.9375892589352693
RPL26,-0.0241,12.7418,12.7659,7724.0,0.8784125557438672,0.9375892589352693
MFSD2A,-0.0446,8.8688,8.9134,7916.0,0.8784125557438672,0.9375892589352693
CDH2,0.0417,8.0181,7.9764,7724.0,0.8784125557438672,0.9375892589352693
CPZ,-0.0664,9.0039,9.0703,7724.0,0.8784125557438672,0.9375892589352693
UQCRB,0.0097,13.4323,13.4225,7916.0,0.8784125557438672,0.9375892589352693
TMTC3,0.0106,11.685,11.6744,7724.0,0.8784125557438672,0.9375892589352693
PITPNM3,-0.0501,8.0219,8.072,7725.0,0.879675975749265,0.9377943154471157
ZNF284,-0.001,9.0192,9.0203,7915.0,0.879675975749265,0.9377943154471157
ID2,-0.0022,10.3371,10.3393,7725.0,0.879675975749265,0.9377943154471157
SIGLEC1,-0.0512,8.1964,8.2475,7725.0,0.879675975749265,0.9377943154471157
CTSZ,-0.037,10.8711,10.9081,7725.0,0.879675975749265,0.9377943154471157
METTL22,0.0661,9.5207,9.4545,7915.0,0.879675975749265,0.9377943154471157
AIM2,-0.0143,8.3385,8.3528,7725.0,0.879675975749265,0.9377943154471157
CPSF1,0.0118,11.3731,11.3613,7725.0,0.879675975749265,0.9377943154471157
LRP1B,-0.0537,7.2017,7.2554,7726.0,0.8809397021664249,0.9387128323602364
SGPP2,0.1162,9.0511,8.9348,7914.0,0.8809397021664249,0.9387128323602364
CCSER1,0.1033,11.3357,11.2324,7914.0,0.8809397021664249,0.9387128323602364
HDDC2,-0.0126,9.7892,9.8019,7727.0,0.8822037318260317,0.9392023006959106
C2CD2L,0.0265,9.1326,9.1061,7913.0,0.8822037318260317,0.9392023006959106
SETD4,0.0057,9.5587,9.553,7913.0,0.8822037318260317,0.9392023006959106
BHLHE41,-0.0963,10.9238,11.02,7913.0,0.8822037318260317,0.9392023006959106
NEO1,-0.054,11.866,11.92,7727.0,0.8822037318260317,0.9392023006959106
SPCS3,0.0348,9.2459,9.2111,7913.0,0.8822037318260317,0.9392023006959106
KDELR3,0.0383,8.9766,8.9383,7912.0,0.8834680615564532,0.9399767297295414
LDLRAP1,-0.0231,9.7818,9.8049,7728.0,0.8834680615564532,0.9399767297295414
TMX1,0.0061,10.6473,10.6412,7912.0,0.8834680615564532,0.9399767297295414
SP140L,-0.0214,10.8833,10.9047,7728.0,0.8834680615564532,0.9399767297295414
COX3,-0.0274,9.0796,9.107,7729.0,0.8847326881837639,0.9407505337611447
INSIG2,0.0062,9.2632,9.257,7729.0,0.8847326881837639,0.9407505337611447
SFMBT2,-0.0101,9.0957,9.1058,7729.0,0.8847326881837639,0.9407505337611447
DNMT3A,0.0581,9.9231,9.865,7911.0,0.8847326881837639,0.9407505337611447
CAB39,0.0105,10.4612,10.4507,7730.0,0.8859976085317693,0.9413808606505811
DRAM2,0.0009,10.6892,10.6883,7910.0,0.8859976085317693,0.9413808606505811
HERC3,-0.0406,11.4626,11.5032,7910.0,0.8859976085317693,0.9413808606505811
SYNM,-0.1208,12.0845,12.2054,7730.0,0.8859976085317693,0.9413808606505811
SGPL1,-0.0237,12.1043,12.128,7730.0,0.8859976085317693,0.9413808606505811
IPO5,0.021,13.1115,13.0904,7731.0,0.8872628194220294,0.9420105403900049
LYPD3,-0.0921,9.4283,9.5204,7731.0,0.8872628194220294,0.9420105403900049
SCAP,-0.073,11.8325,11.9056,7731.0,0.8872628194220294,0.9420105403900049
CYP4F12,0.0277,8.1613,8.1337,7909.0,0.8872628194220294,0.9420105403900049
CIB1,-0.0475,10.2418,10.2893,7731.0,0.8872628194220294,0.9420105403900049
RDH11,-0.0028,9.7839,9.7867,7908.0,0.8885283176738832,0.9427823952530612
ESF1,-0.0223,11.2621,11.2844,7732.0,0.8885283176738832,0.9427823952530612
TM2D2,0.0458,9.1945,9.1487,7732.0,0.8885283176738832,0.9427823952530612
MAGED1,0.0277,12.473,12.4453,7732.0,0.8885283176738832,0.9427823952530612
MARC1,-0.0006,8.4697,8.4703,7907.0,0.8897941001044716,0.9436965141650181
EMC7,0.0325,9.7655,9.733,7907.0,0.8897941001044716,0.9436965141650181
ARHGEF10L,0.025,11.1107,11.0856,7907.0,0.8897941001044716,0.9436965141650181
CASP14,0.0704,6.1433,6.0729,7906.0,0.8910353147050346,0.9443242017542264
MLPH,-0.0178,10.4518,10.4696,7734.0,0.891060163528763,0.9443242017542264
SLC44A5,0.0729,9.9646,9.8918,7906.0,0.891060163528763,0.9443242017542264
TMBIM4,0.0336,10.9026,10.869,7734.0,0.891060163528763,0.9443242017542264
SNORA76A,0.0125,8.8549,8.8424,7906.0,0.891060163528763,0.9443242017542264
CHRNB1,-0.0337,8.4452,8.4789,7735.0,0.8923265047595759,0.9453801078413478
ALDH6A1,-0.0139,10.6166,10.6305,7905.0,0.8923265047595759,0.9453801078413478
IFNAR2,0.0106,10.9162,10.9056,7904.0,0.8935931206076038,0.9460064434792214
CSF2RB,-0.0921,9.9259,10.018,7736.0,0.8935931206076038,0.9460064434792214
RHBDD2,0.0023,9.565,9.5627,7736.0,0.8935931206076038,0.9460064434792214
ARGLU1,0.0171,12.2508,12.2336,7736.0,0.8935931206076038,0.9460064434792214
NCOA4,-0.0122,12.7141,12.7263,7904.0,0.8935931206076038,0.9460064434792214
UCHL1,0.2979,8.3415,8.0435,7903.0,0.8948600078814388,0.9464891459286688
HCK,-0.0075,8.1127,8.1202,7737.0,0.8948600078814388,0.9464891459286688
MYO3B,-0.073,7.8432,7.9161,7737.0,0.8948600078814388,0.9464891459286688
SELPLG,-0.0653,9.8635,9.9288,7737.0,0.8948600078814388,0.9464891459286688
NAP1L1,-0.0116,13.279,13.2906,7737.0,0.8948600078814388,0.9464891459286688
LNX2,0.0173,9.4783,9.461,7903.0,0.8948600078814388,0.9464891459286688
PEX7,-0.0142,9.7254,9.7396,7738.0,0.8961271633875962,0.9474001396744167
SEMA7A,-0.0785,8.6209,8.6994,7902.0,0.8961271633875962,0.9474001396744167
OFD1,-0.0173,12.4686,12.4859,7738.0,0.8961271633875962,0.9474001396744167
CPT2,-0.0328,11.0106,11.0434,7739.0,0.8973945839305384,0.9478814888786667
ADRBK1,-0.0163,11.9261,11.9424,7739.0,0.8973945839305384,0.9478814888786667
HIGD1A,0.0141,9.6221,9.608,7901.0,0.8973945839305384,0.9478814888786667
MANEA,0.035,10.2958,10.2608,7901.0,0.8973945839305384,0.9478814888786667
RAPGEFL1,-0.0469,10.3293,10.3762,7739.0,0.8973945839305384,0.9478814888786667
PREX1,-0.0504,11.0907,11.1412,7739.0,0.8973945839305384,0.9478814888786667
ZNF750,-0.0409,11.1084,11.1493,7740.0,0.8986622663126987,0.9480765066266691
SYK,0.0155,10.1113,10.0958,7900.0,0.8986622663126987,0.9480765066266691
SORT1,0.0754,11.323,11.2476,7900.0,0.8986622663126987,0.9480765066266691
RGS10,-0.0077,8.6715,8.6792,7900.0,0.8986622663126987,0.9480765066266691
LCP2,-0.046,10.409,10.4549,7740.0,0.8986622663126987,0.9480765066266691
ZNF529,-0.0848,9.3419,9.4267,7900.0,0.8986622663126987,0.9480765066266691
LUC7L3,0.0215,13.715,13.6935,7740.0,0.8986622663126987,0.9480765066266691
S100A16,-0.091,10.2005,10.2916,7740.0,0.8986622663126987,0.9480765066266691
BCL2L11,-0.0055,9.1196,9.1251,7899.0,0.8999302073345065,0.9489852796210734
KLF8,-0.0112,8.8295,8.8407,7741.0,0.8999302073345065,0.9489852796210734
ALG1L,-0.0939,8.0598,8.1537,7741.0,0.8999302073345065,0.9489852796210734
BCL2A1,-0.0501,7.3104,7.3605,7742.0,0.90119840379441,0.949321964767186
ENTPD6,0.0004,10.1592,10.1588,7742.0,0.90119840379441,0.949321964767186
MYL12A,-0.0178,12.5567,12.5744,7898.0,0.90119840379441,0.949321964767186
POMT2,0.0054,10.9242,10.9188,7742.0,0.90119840379441,0.949321964767186
FLII,-0.0412,12.3475,12.3887,7742.0,0.90119840379441,0.949321964767186
ANXA3,-0.134,9.1469,9.2809,7742.0,0.90119840379441,0.949321964767186
MAP3K9,0.0737,8.9295,8.8558,7898.0,0.90119840379441,0.949321964767186
SCARB2,-0.0064,12.7905,12.7968,7743.0,0.9024668524889021,0.9499436897609772
BRI3,-0.0146,9.9384,9.953,7743.0,0.9024668524889021,0.9499436897609772
ANO10,0.0106,11.1956,11.185,7897.0,0.9024668524889021,0.9499436897609772
GPHN,-0.0113,11.2299,11.2411,7743.0,0.9024668524889021,0.9499436897609772
FNTA,0.0067,10.033,10.0263,7743.0,0.9024668524889021,0.9499436897609772
KRTDAP,-0.1384,3.7765,3.9148,7896.0,0.9036280749555009,0.9504219940138826
SNORA20,-0.0604,9.7216,9.7821,7744.0,0.9037355502125438,0.9504219940138826
SEL1L,0.0175,11.7475,11.73,7744.0,0.9037355502125438,0.9504219940138826
SPECC1,0.0417,10.788,10.7463,7896.0,0.9037355502125438,0.9504219940138826
TRAM1,0.0322,13.4826,13.4504,7896.0,0.9037355502125438,0.9504219940138826
MAP9,-0.0174,8.669,8.6863,7896.0,0.9037355502125438,0.9504219940138826
SEMA4D,0.0029,10.7179,10.715,7895.0,0.9050044937579882,0.9510423874230479
BAIAP2L1,0.0354,10.9936,10.9582,7745.0,0.9050044937579882,0.9510423874230479
CHD7,0.0014,13.8933,13.8919,7745.0,0.9050044937579882,0.9510423874230479
AP3S1,-0.0068,10.4099,10.4167,7895.0,0.9050044937579882,0.9510423874230479
ZNF518B,-0.0615,10.3583,10.4198,7895.0,0.9050044937579882,0.9510423874230479
TTC19,-0.038,12.3609,12.399,7746.0,0.9062736799160054,0.9512341997080015
RPSA,0.0062,11.5899,11.5837,7746.0,0.9062736799160054,0.9512341997080015
HOXB3,-0.0306,8.1542,8.1849,7894.0,0.9062736799160054,0.9512341997080015
SLC52A3,-0.021,9.5703,9.5913,7894.0,0.9062736799160054,0.9512341997080015
ANXA11,-0.0361,12.0213,12.0574,7746.0,0.9062736799160054,0.9512341997080015
FAM174B,0.0852,9.1747,9.0895,7894.0,0.9062736799160054,0.9512341997080015
PARM1,-0.0107,10.4931,10.5038,7746.0,0.9062736799160054,0.9512341997080015
SRSF6,0.0304,11.8546,11.8242,7894.0,0.9062736799160054,0.9512341997080015
SPRR1A,-0.095,6.9608,7.0558,7747.0,0.9075427402729587,0.9518532825587801
UVSSA,-0.0035,9.5901,9.5936,7893.0,0.9075431054755069,0.9518532825587801
JADE1,-0.0522,10.1632,10.2154,7893.0,0.9075431054755069,0.9518532825587801
INPP5B,-0.0032,10.668,10.6712,7747.0,0.9075431054755069,0.9518532825587801
CCDC57,0.0143,9.4158,9.4015,7893.0,0.9075431054755069,0.9518532825587801
MTSS1L,0.0162,10.5221,10.5059,7892.0,0.9088127672235693,0.9521866859465374
HLA-DRB1,-0.0223,11.8397,11.862,7892.0,0.9088127672235693,0.9521866859465374
ATP5G2,0.007,10.7004,10.6934,7748.0,0.9088127672235693,0.9521866859465374
LARS2,-0.0038,10.492,10.4958,7748.0,0.9088127672235693,0.9521866859465374
SREBF2,0.0069,13.5212,13.5143,7748.0,0.9088127672235693,0.9521866859465374
STEAP3,-0.0928,9.8954,9.9882,7748.0,0.9088127672235693,0.9521866859465374
OSBPL10,-0.0345,9.9425,9.977,7748.0,0.9088127672235693,0.9521866859465374
HORMAD1,-0.0169,6.6382,6.6551,7891.0,0.9100826619454597,0.9529469021537162
POLR1E,0.0236,9.49,9.4664,7891.0,0.9100826619454597,0.9529469021537162
MAPRE2,-0.0418,9.256,9.2978,7749.0,0.9100826619454597,0.9529469021537162
TRIM14,-0.0078,9.3744,9.3822,7891.0,0.9100826619454597,0.9529469021537162
DOCK11,-0.0126,11.56,11.5726,7750.0,0.911352786424659,0.9537064499898217
USB1,-0.0485,10.9733,11.0219,7890.0,0.911352786424659,0.9537064499898217
UNC119,-0.0172,9.2569,9.274,7750.0,0.911352786424659,0.9537064499898217
NDUFB2,0.0218,9.7653,9.7435,7890.0,0.911352786424659,0.9537064499898217
CD96,-0.0241,9.9386,9.9626,7751.0,0.9126231374428873,0.9546078911893262
BOP1,-0.0203,10.4546,10.4749,7751.0,0.9126231374428873,0.9546078911893262
PGK1,0.0278,14.41,14.3822,7751.0,0.9126231374428873,0.9546078911893262
FAM83A,0.0384,7.9101,7.8718,7888.5,0.9132583871033545,0.9550809824796646
DHPS,0.0311,10.1943,10.1632,7888.0,0.9138937117801275,0.9550809824796646
CD52,-0.0932,7.7348,7.828,7752.0,0.9138937117801275,0.9550809824796646
RELL1,0.0086,9.8704,9.8618,7888.0,0.9138937117801275,0.9550809824796646
SNORD3A,-0.0487,14.6644,14.7131,7888.0,0.9138937117801275,0.9550809824796646
NPL,0.0238,10.2252,10.2015,7888.0,0.9138937117801275,0.9550809824796646
ZNF235,0.0093,9.287,9.2778,7753.0,0.9151645062146506,0.955838484268635
MSR1,0.0646,10.0632,9.9986,7887.0,0.9151645062146506,0.955838484268635
GK,-0.0132,8.6305,8.6437,7753.0,0.9151645062146506,0.955838484268635
SIMC1,-0.0328,8.8794,8.9122,7887.0,0.9151645062146506,0.955838484268635
MYRF,0.0159,7.0643,7.0484,7754.0,0.9164355080844997,0.9558829206454941
FAM118A,0.0526,9.8586,9.806,7754.0,0.9164355175230398,0.9558829206454941
KIAA0753,0.0163,10.7375,10.7212,7754.0,0.9164355175230398,0.9558829206454941
ALDH1L2,0.0984,9.2471,9.1487,7886.0,0.9164355175230398,0.9558829206454941
PLCB3,0.0067,11.6246,11.6179,7886.0,0.9164355175230398,0.9558829206454941
GNB4,0.0059,9.4123,9.4064,7754.0,0.9164355175230398,0.9558829206454941
TMEM43,-0.0009,11.5455,11.5464,7886.0,0.9164355175230398,0.9558829206454941
SH3BP5,-0.0054,9.6611,9.6665,7754.0,0.9164355175230398,0.9558829206454941
ALDOC,0.0035,8.7269,8.7234,7754.0,0.9164355175230398,0.9558829206454941
TFB2M,-0.0078,9.4445,9.4523,7885.0,0.9177067424802148,0.9562119204863777
DTD1,-0.0196,10.0946,10.1142,7755.0,0.9177067424802148,0.9562119204863777
PLCD1,-0.0552,10.4365,10.4918,7755.0,0.9177067424802148,0.9562119204863777
MAGED2,-0.0157,11.457,11.4726,7885.0,0.9177067424802148,0.9562119204863777
NPIPB5,0.0133,12.4914,12.4781,7885.0,0.9177067424802148,0.9562119204863777
PTPN1,-0.0372,11.2376,11.2749,7755.0,0.9177067424802148,0.9562119204863777
SNORA72,0.019,8.4533,8.4343,7885.0,0.9177067424802148,0.9562119204863777
MSLN,0.0742,4.5113,4.4371,7756.0,0.918967741003264,0.9562561930980351
REN,-0.0039,5.145,5.149,7756.0,0.9189774089655713,0.9562561930980351
BRAF,-0.0043,12.5276,12.5319,7884.0,0.9189781778594569,0.9562561930980351
FARP2,-0.0189,10.7156,10.7346,7756.0,0.9189781778594569,0.9562561930980351
CD68,-0.0186,11.9805,11.9991,7756.0,0.9189781778594569,0.9562561930980351
CECR1,0.0328,9.631,9.5983,7884.0,0.9189781778594569,0.9562561930980351
DVL1,0.0099,9.5368,9.527,7756.0,0.9189781778594569,0.9562561930980351
TELO2,-0.0067,9.3904,9.3971,7756.0,0.9189781778594569,0.9562561930980351
USP31,-0.0065,11.1004,11.1069,7756.0,0.9189781778594569,0.9562561930980351
NIPAL4,-0.1278,9.0671,9.195,7757.0,0.9202498204324332,0.9572949335247073
RPSAP58,0.0197,9.591,9.5713,7883.0,0.9202498204324332,0.9572949335247073
RLF,0.0143,11.995,11.9806,7758.0,0.921521666969221,0.9580487282935651
CASD1,-0.0138,10.8484,10.8622,7758.0,0.921521666969221,0.9580487282935651
PPA2,-0.0181,9.4842,9.5023,7758.0,0.921521666969221,0.9580487282935651
GSTM3,-0.034,9.8124,9.8464,7882.0,0.921521666969221,0.9580487282935651
ZNF181,-0.0027,9.1887,9.1914,7759.0,0.9227937142383331,0.9590864322960889
CALM1,0.0012,12.3058,12.3046,7759.0,0.9227937142383331,0.9590864322960889
ENC1,0.0167,10.877,10.8603,7760.0,0.9240659590067416,0.9594119956892826
UBL3,-0.0265,9.9575,9.9839,7760.0,0.9240659590067416,0.9594119956892826
SNAP29,-0.0368,10.404,10.4408,7760.0,0.9240659590067416,0.9594119956892826
HFE,-0.0168,9.4786,9.4953,7760.0,0.9240659590067416,0.9594119956892826
ARL14EP,0.0254,10.1618,10.1364,7880.0,0.9240659590067416,0.9594119956892826
ZNF69,-0.0732,10.9741,11.0473,7760.0,0.9240659590067416,0.9594119956892826
RRP15,0.0158,9.9806,9.9647,7880.0,0.9240659590067416,0.9594119956892826
CD151,-0.029,11.0483,11.0773,7761.0,0.9253383980399034,0.9603059871774515
SEC24D,-0.0192,12.2788,12.298,7761.0,0.9253383980399034,0.9603059871774515
GAB2,0.0163,10.1989,10.1827,7879.0,0.9253383980399034,0.9603059871774515
DSP,-0.0175,15.5524,15.57,7878.0,0.926611028101784,0.9613417821921175
FYN,-0.0235,10.0239,10.0475,7878.0,0.926611028101784,0.9613417821921175
TTR,-0.0162,3.6711,3.6873,7877.0,0.9272045058112149,0.9615227246555259
BMP5,-0.0181,5.8463,5.8644,7763.0,0.9278820522020028,0.9615227246555259
SLC39A8,-0.0707,9.1216,9.1923,7763.0,0.9278838459548828,0.9615227246555259
RNASET2,-0.0002,11.6867,11.6869,7763.0,0.9278838459548828,0.9615227246555259
LRP2,0.2764,8.0854,7.809,7877.0,0.9278838459548828,0.9615227246555259
SDK1,0.0217,10.8214,10.7997,7877.0,0.9278838459548828,0.9615227246555259
VPS37A,-0.005,10.459,10.4641,7763.0,0.9278838459548828,0.9615227246555259
TRIM32,-0.006,10.4393,10.4454,7763.0,0.9278838459548828,0.9615227246555259
SLCO1B3,-0.2364,3.3908,3.6271,7764.0,0.9287142697286491,0.9622408686062628
CPXM1,0.0337,8.1118,8.078,7764.0,0.9291568483602577,0.9625570131755746
SYT8,-0.0063,6.4808,6.4871,7765.0,0.9304300006105184,0.9628788997545559
RARG,-0.0058,9.0521,9.0579,7765.0,0.9304300320775496,0.9628788997545559
SLC38A4,0.0438,7.1188,7.075,7765.0,0.9304300320775496,0.9628788997545559
ANO6,-0.0037,13.7197,13.7235,7765.0,0.9304300320775496,0.9628788997545559
RFX3,0.0994,9.9344,9.835,7875.0,0.9304300320775496,0.9628788997545559
ATP8A1,-0.0428,10.0054,10.0482,7765.0,0.9304300320775496,0.9628788997545559
RERE,0.0105,12.6416,12.6311,7875.0,0.9304300320775496,0.9628788997545559
CCDC25,-0.0184,9.3807,9.3991,7874.0,0.9317033938650072,0.963200305172224
APBA2,0.0868,9.5521,9.4653,7874.0,0.9317033938650072,0.963200305172224
USPL1,-0.0106,10.6595,10.6701,7766.0,0.9317033938650072,0.963200305172224
SURF4,0.0022,11.3755,11.3733,7874.0,0.9317033938650072,0.963200305172224
IL2RA,-0.0344,8.4747,8.509,7766.0,0.9317033938650072,0.963200305172224
ZDHHC3,-0.0248,11.3553,11.3801,7874.0,0.9317033938650072,0.963200305172224
CDKL5,0.0128,12.4924,12.4796,7766.0,0.9317033938650072,0.963200305172224
KCNN3,0.0246,8.2229,8.1983,7873.0,0.9329769304795121,0.9640899283086946
ADCY6,-0.0097,10.6051,10.6148,7767.0,0.9329769304795121,0.9640899283086946
TMEM59,0.0175,12.621,12.6036,7873.0,0.9329769304795121,0.9640899283086946
PYGL,-0.0906,12.4559,12.5465,7768.0,0.9342506386766034,0.9649789413941376
MACC1,-0.0146,9.9284,9.9431,7768.0,0.9342506386766034,0.9649789413941376
HS6ST2,-0.1482,7.1633,7.3115,7768.0,0.9342506386766034,0.9649789413941376
BLK,-0.1565,6.3556,6.5121,7769.0,0.9355244860372609,0.9657249675735767
PIGO,0.0161,9.7947,9.7787,7769.0,0.9355245152105018,0.9657249675735767
GATM,-0.0397,10.0355,10.0751,7871.0,0.9355245152105018,0.9657249675735767
SMPD2,0.0568,9.0459,8.9891,7871.0,0.9355245152105018,0.9657249675735767
WISP3,0.0492,5.8622,5.8131,7770.0,0.9367904044842433,0.9664702848422885
CYB5B,0.0058,10.0249,10.0191,7870.0,0.9367985568341359,0.9664702848422885
ARL6IP5,-0.0228,11.8147,11.8376,7870.0,0.9367985568341359,0.9664702848422885
TGM1,-0.1022,7.8832,7.9854,7870.0,0.9367985568341359,0.9664702848422885
PRDM2,-0.0246,12.5736,12.5983,7869.0,0.9380727602991655,0.9673573170924836
HEXB,-0.0168,13.4992,13.516,7771.0,0.9380727602991655,0.9673573170924836
PTPN6,-0.0284,12.1447,12.1731,7869.0,0.9380727602991655,0.9673573170924836
ZNF662,-0.026,8.7572,8.7832,7868.0,0.9393471223560074,0.968243729446441
PRKAA1,0.01,11.789,11.779,7868.0,0.9393471223560074,0.968243729446441
PHF3,0.0204,12.9512,12.9308,7772.0,0.9393471223560074,0.968243729446441
MTX2,-0.0002,10.5633,10.5635,7773.0,0.9406216397538598,0.9692721223066921
FZD3,-0.0527,9.4713,9.5241,7773.0,0.9406216397538598,0.9692721223066921
TRIOBP,0.0392,13.6047,13.5656,7866.0,0.9418963092407278,0.970014684354826
PVRL3,0.0677,9.7622,9.6945,7774.0,0.9418963092407278,0.970014684354826
NR4A2,-0.0886,10.0983,10.1868,7774.0,0.9418963092407278,0.970014684354826
MINPP1,0.0678,9.8468,9.779,7866.0,0.9418963092407278,0.970014684354826
GDPD2,0.1112,6.0233,5.9121,7865.5,0.9425334723818041,0.9704712615819598
GUK1,-0.0371,9.8361,9.8732,7865.0,0.943171127563447,0.9704712615819598
IGJ,-0.0952,11.1921,11.2874,7775.0,0.943171127563447,0.9704712615819598
HDGFRP3,-0.0168,9.8289,9.8457,7865.0,0.943171127563447,0.9704712615819598
CRABP2,0.0973,10.2589,10.1616,7865.0,0.943171127563447,0.9704712615819598
FAM169A,0.025,8.4549,8.4298,7865.0,0.943171127563447,0.9704712615819598
RPL38,-0.0006,12.2919,12.2925,7864.0,0.9444460914677102,0.9712123316517437
NFYA,-0.002,10.0517,10.0537,7776.0,0.9444460914677102,0.9712123316517437
NCS1,-0.0305,9.3655,9.396,7864.0,0.9444460914677102,0.9712123316517437
MR1,-0.0263,10.1185,10.1448,7864.0,0.9444460914677102,0.9712123316517437
LOC100509457,-0.0896,10.8956,10.9851,7863.0,0.9457211976980907,0.9718100583242449
DNAJC15,-0.0717,9.9654,10.0371,7863.0,0.9457211976980907,0.9718100583242449
TCEAL3,-0.0145,9.5094,9.5238,7863.0,0.9457211976980907,0.9718100583242449
CREB3L2,-0.0313,10.4984,10.5297,7863.0,0.9457211976980907,0.9718100583242449
TXLNG,0.0105,9.66,9.6495,7777.0,0.9457211976980907,0.9718100583242449
NDUFA13,0.0194,12.314,12.2946,7862.0,0.9469964429980682,0.9725496539544614
GPR115,0.0087,9.2756,9.2669,7862.0,0.9469964429980682,0.9725496539544614
ZNF727P,-0.1196,7.85,7.9697,7778.0,0.9469964429980682,0.9725496539544614
CPVL,0.0459,10.255,10.2091,7862.0,0.9469964429980682,0.9725496539544614
SLC2A3,0.0325,11.3632,11.3308,7861.0,0.9482718241100533,0.9731458945256013
LRP8,0.0264,9.2072,9.1808,7861.0,0.9482718241100533,0.9731458945256013
ATL2,-0.0443,10.7699,10.8142,7779.0,0.9482718241100533,0.9731458945256013
DDAH2,0.0155,8.7192,8.7038,7861.0,0.9482718241100533,0.9731458945256013
MAP3K13,0.015,9.3958,9.3808,7861.0,0.9482718241100533,0.9731458945256013
NLRP7,0.0191,5.9158,5.8967,7779.5,0.9489090787207992,0.9736571836310267
TRPM2,-0.0375,8.8353,8.8728,7860.0,0.9495473377754128,0.9738840079732302
METAP1,0.0201,11.2423,11.2222,7860.0,0.9495473377754128,0.9738840079732302
HIATL1,0.0331,11.1413,11.1082,7780.0,0.9495473377754128,0.9738840079732302
AP2B1,-0.0183,13.0086,13.0268,7781.0,0.9508229807344943,0.9744787551710323
ASAP3,-0.0395,9.578,9.6176,7859.0,0.9508229807344943,0.9744787551710323
KLF5,0.0361,13.7872,13.7512,7859.0,0.9508229807344943,0.9744787551710323
RPL37,-0.0015,13.9794,13.981,7859.0,0.9508229807344943,0.9744787551710323
FPR3,0.0466,8.4074,8.3609,7859.0,0.9508229807344943,0.9744787551710323
CTSA,-0.0018,13.887,13.8888,7858.0,0.9520987497266518,0.974787652680664
LIMD1,0.0302,10.0822,10.052,7858.0,0.9520987497266518,0.974787652680664
GAA,0.0366,11.9145,11.8779,7858.0,0.9520987497266518,0.974787652680664
SPATS2,0.0184,10.6703,10.6519,7782.0,0.9520987497266518,0.974787652680664
VPS18,-0.028,9.5006,9.5286,7782.0,0.9520987497266518,0.974787652680664
ALDH3A2,-0.0584,11.6773,11.7357,7782.0,0.9520987497266518,0.974787652680664
HSD17B12,-0.0349,10.2896,10.3245,7782.0,0.9520987497266518,0.974787652680664
SLC35C1,-0.0158,9.3882,9.404,7857.0,0.9533746414902695,0.9756660257717897
PDE3B,-0.0405,10.2906,10.331,7857.0,0.9533746414902695,0.9756660257717897
ARF4,-0.0038,11.5257,11.5295,7857.0,0.9533746414902695,0.9756660257717897
BBS1,-0.0031,10.3337,10.3369,7856.0,0.9546506527627885,0.9764011276906395
SUN2,-0.0492,11.2179,11.2671,7784.0,0.9546506527627885,0.9764011276906395
KL,0.1869,6.9912,6.8042,7856.0,0.9546506527627885,0.9764011276906395
TXNDC17,-0.0035,10.4166,10.4201,7784.0,0.9546506527627885,0.9764011276906395
ENOSF1,-0.0095,10.4602,10.4697,7785.0,0.9559267802807303,0.976565316164253
CTNS,0.0054,9.8837,9.8783,7785.0,0.9559267802807303,0.976565316164253
ARMCX4,-0.0213,10.1719,10.1932,7855.0,0.9559267802807303,0.976565316164253
FABP3,0.0188,7.4753,7.4565,7855.0,0.9559267802807303,0.976565316164253
NOB1,-0.0117,9.7873,9.799,7785.0,0.9559267802807303,0.976565316164253
EPHA7,0.1436,7.265,7.1214,7855.0,0.9559267802807303,0.976565316164253
SNORA5A,-0.0121,10.2618,10.2739,7785.0,0.9559267802807303,0.976565316164253
ZC3H6,0.0128,10.4704,10.4576,7855.0,0.9559267802807303,0.976565316164253
MUC4,-0.0436,13.6263,13.6699,7786.0,0.9572030207797229,0.9770139563504444
PLEKHA2,0.062,10.7392,10.6772,7786.0,0.9572030207797229,0.9770139563504444
ZCCHC6,0.0073,12.229,12.2216,7854.0,0.9572030207797229,0.9770139563504444
USP28,0.024,10.4984,10.4744,7854.0,0.9572030207797229,0.9770139563504444
CCDC91,0.0059,10.6855,10.6795,7854.0,0.9572030207797229,0.9770139563504444
C9orf72,-0.0126,9.1209,9.1334,7854.0,0.9572030207797229,0.9770139563504444
OST4,-0.008,9.6051,9.6131,7853.0,0.9584793709945251,0.9780316239362756
SERPINB6,0.0159,12.0319,12.016,7787.0,0.9584793709945251,0.9780316239362756
SNORA24,-0.0751,10.0914,10.1665,7788.0,0.9597558276590519,0.9786211504217153
SNORA14B,0.0075,9.108,9.1005,7788.0,0.9597558276590519,0.9786211504217153
SMYD2,-0.0042,10.5174,10.5216,7788.0,0.9597558276590519,0.9786211504217153
METAP2,0.0112,11.9681,11.9569,7852.0,0.9597558276590519,0.9786211504217153
ZNF836,-0.0671,9.7873,9.8544,7788.0,0.9597558276590519,0.9786211504217153
FXYD4,0.0312,4.0577,4.0265,7851.0,0.9609224382402515,0.978782694838179
ZNF700,-0.0132,11.153,11.1662,7789.0,0.9610323875064,0.978782694838179
RPL17,-0.007,9.7025,9.7095,7851.0,0.9610323875064,0.978782694838179
LILRB1,-0.0132,8.2016,8.2149,7789.0,0.9610323875064,0.978782694838179
TRAF3IP1,0.0185,9.9139,9.8954,7789.0,0.9610323875064,0.978782694838179
ZC3H12C,0.0092,9.6952,9.686,7851.0,0.9610323875064,0.978782694838179
NGFRAP1,0.0443,10.5744,10.5301,7789.0,0.9610323875064,0.978782694838179
FUCA1,-0.001,11.6924,11.6935,7789.0,0.9610323875064,0.978782694838179
VTCN1,-0.0182,5.9255,5.9438,7790.0,0.9623081079131622,0.9790861917803151
CD55,0.0208,11.7726,11.7518,7790.0,0.9623090472688717,0.9790861917803151
PTPRC,-0.0558,13.2032,13.2591,7850.0,0.9623090472688717,0.9790861917803151
RSRP1,-0.0182,11.0117,11.0299,7790.0,0.9623090472688717,0.9790861917803151
LGALS3,-0.0175,11.8305,11.848,7790.0,0.9623090472688717,0.9790861917803151
BCAT1,0.0551,9.6431,9.5879,7790.0,0.9623090472688717,0.9790861917803151
ANKRD12,-0.0146,12.8823,12.8969,7790.0,0.9623090472688717,0.9790861917803151
GM2A,-0.0094,11.2304,11.2398,7791.0,0.9635858036780015,0.9796735457545072
WDR6,-0.0295,12.3199,12.3493,7791.0,0.9635858036780015,0.9796735457545072
KIAA1598,-0.0446,10.8485,10.8931,7849.0,0.9635858036780015,0.9796735457545072
LEO1,0.0121,10.3457,10.3336,7791.0,0.9635858036780015,0.9796735457545072
RCOR1,-0.0214,10.2325,10.2539,7849.0,0.9635858036780015,0.9796735457545072
MCRS1,0.003,9.2493,9.2464,7792.0,0.96486265346458,0.9802601424941902
PNN,-0.0256,13.4514,13.477,7848.0,0.96486265346458,0.9802601424941902
CTIF,0.0148,9.8119,9.7971,7792.0,0.96486265346458,0.9802601424941902
SMAP2,-0.0739,10.7164,10.7903,7792.0,0.96486265346458,0.9802601424941902
USP25,0.0415,12.0424,12.0009,7792.0,0.96486265346458,0.9802601424941902
GCLC,-0.0395,12.6141,12.6536,7793.0,0.9661395933586795,0.9811304484180442
PPP6R1,0.0155,11.5059,11.4903,7847.0,0.9661395933586795,0.9811304484180442
NPNT,0.0169,9.164,9.1471,7793.0,0.9661395933586795,0.9811304484180442
TDRD9,0.1091,6.3072,6.1981,7794.0,0.9674166200896791,0.9820000855903788
ZC2HC1A,-0.0115,9.65,9.6615,7794.0,0.9674166200896791,0.9820000855903788
ARHGAP9,-0.0714,8.4366,8.508,7794.0,0.9674166200896791,0.9820000855903788
HSD17B4,0.0097,13.94,13.9303,7845.0,0.9686937303862899,0.9828690515640667
COL11A1,0.0744,10.6355,10.5611,7795.0,0.9686937303862899,0.9828690515640667
SH3YL1,-0.1066,10.6372,10.7438,7845.0,0.9686937303862899,0.9828690515640667
TMEM45B,-0.0633,8.5851,8.6485,7796.0,0.96997092097658,0.9838798319233764
GAB1,0.0163,11.502,11.4857,7844.0,0.96997092097658,0.9838798319233764
NMD3,-0.0208,11.8287,11.8495,7797.0,0.9712481885879997,0.9848901049350943
CYP4F3,-0.0132,7.4484,7.4616,7797.0,0.9712481885879997,0.9848901049350943
RRAGA,-0.0053,10.7828,10.7881,7842.0,0.9725255299474064,0.9853293238167949
ANKRD18A,0.0378,7.6367,7.5989,7842.0,0.9725255299474064,0.9853293238167949
ZNF440,-0.0124,12.3221,12.3345,7842.0,0.9725255299474064,0.9853293238167949
PEX2,0.0036,10.0675,10.0639,7842.0,0.9725255299474064,0.9853293238167949
CCDC53,-0.0102,9.7816,9.7918,7842.0,0.9725255299474064,0.9853293238167949
VKORC1,0.0029,10.6031,10.6002,7798.0,0.9725255299474064,0.9853293238167949
UNC13C,-0.1359,5.8954,6.0313,7799.0,0.9738018610888968,0.9860529209504014
ADAP2,-0.0312,9.3679,9.3991,7841.0,0.9738029417810905,0.9860529209504014
TMEM14C,0.0246,10.1596,10.135,7841.0,0.9738029417810905,0.9860529209504014
EGFLAM,0.048,8.3676,8.3197,7799.0,0.9738029417810905,0.9860529209504014
GSTK1,-0.0591,11.6629,11.722,7800.0,0.9750804208147997,0.9869183678228128
SNORA81,0.0057,12.7633,12.7576,7800.0,0.9750804208147997,0.9869183678228128
FUCA2,0.0084,10.675,10.6665,7840.0,0.9750804208147997,0.9869183678228128
FOXP2,0.1016,9.1859,9.0843,7839.0,0.9763579637737646,0.9880686156513979
FBXL3,-0.0082,10.5665,10.5746,7838.0,0.9776355673827242,0.9886472026543274
LAMP2,0.0118,12.4015,12.3897,7838.0,0.9776355673827242,0.9886472026543274
PYCR2,-0.0108,9.3689,9.3797,7802.0,0.9776355673827242,0.9886472026543274
DYRK2,0.0439,9.5272,9.4833,7802.0,0.9776355673827242,0.9886472026543274
SLK,-0.0217,12.9578,12.9794,7838.0,0.9776355673827242,0.9886472026543274
ZNF680,-0.013,11.7086,11.7216,7837.0,0.9789132283659501,0.9890822880171329
ROBO2,0.0462,8.0128,7.9666,7803.0,0.9789132283659501,0.9890822880171329
NIPAL3,0.0083,9.5264,9.518,7837.0,0.9789132283659501,0.9890822880171329
PCDHB2,0.049,7.8694,7.8204,7837.0,0.9789132283659501,0.9890822880171329
PUS7,0.008,10.3847,10.3766,7803.0,0.9789132283659501,0.9890822880171329
SMPDL3A,-0.0046,9.4926,9.4972,7837.0,0.9789132283659501,0.9890822880171329
STC1,-0.0249,8.4498,8.4748,7836.0,0.9801909434472729,0.9902304063706364
ATP11B,-0.0052,13.1473,13.1525,7805.0,0.9814687093501067,0.9909494480361588
HLA-DMB,-0.0759,8.015,8.091,7835.0,0.9814687093501067,0.9909494480361588
CRIP2,0.016,8.926,8.91,7805.0,0.9814687093501067,0.9909494480361588
WDR19,0.0406,10.6456,10.605,7805.0,0.9814687093501067,0.9909494480361588
XBP1,0.0454,11.1269,11.0815,7806.0,0.9827465227974741,0.9915248377972498
IARS2,-0.0348,12.7723,12.8071,7806.0,0.9827465227974741,0.9915248377972498
SUSD1,0.0194,10.609,10.5896,7806.0,0.9827465227974741,0.9915248377972498
PRMT1,-0.0232,11.7662,11.7894,7806.0,0.9827465227974741,0.9915248377972498
SNORA74B,-0.0945,11.9655,12.0601,7806.0,0.9827465227974741,0.9915248377972498
CWC27,-0.0118,10.2126,10.2244,7807.0,0.9840243805120322,0.9925281199374567
ARHGAP4,-0.0514,8.8631,8.9146,7807.0,0.9840243805120322,0.9925281199374567
HCCS,0.0338,10.3087,10.2749,7831.0,0.9865802156316699,0.9945330718394392
LOC101060604,0.009,9.345,9.3359,7831.0,0.9865802156316699,0.9945330718394392
CHST11,0.0361,9.6079,9.5718,7809.0,0.9865802156316699,0.9945330718394392
KIAA0195,-0.0279,11.6879,11.7159,7809.0,0.9865802156316699,0.9945330718394392
FAM84A,-0.0995,7.6667,7.7661,7830.0,0.9878581864804604,0.9951051323248942
LYAR,-0.0041,9.4859,9.49,7830.0,0.9878581864804604,0.9951051323248942
ILVBL,-0.0065,9.575,9.5815,7830.0,0.9878581864804604,0.9951051323248942
TMEM98,0.0031,8.9291,8.9259,7810.0,0.9878581864804604,0.9951051323248942
ZNF793,-0.056,8.4257,8.4817,7830.0,0.9878581864804604,0.9951051323248942
ZNF433,0.0253,8.9393,8.914,7829.0,0.9891361884839144,0.9958195411088057
DEGS1,-0.0019,10.175,10.1769,7829.0,0.9891361884839144,0.9958195411088057
CCBL2,-0.028,9.8904,9.9184,7811.0,0.9891361884839144,0.9958195411088057
LEAP2,-0.1278,5.2517,5.3795,7811.0,0.9891361884839144,0.9958195411088057
FCRL5,-0.0132,7.4474,7.4606,7828.0,0.9904141966304483,0.9961038016943486
NMRAL1,-0.059,9.2133,9.2724,7828.0,0.9904142183632372,0.9961038016943486
RPS20,-0.0032,14.2532,14.2564,7828.0,0.9904142183632372,0.9961038016943486
ZNF267,0.0073,11.2811,11.2738,7828.0,0.9904142183632372,0.9961038016943486
ITM2A,0.0097,8.3164,8.3067,7812.0,0.9904142183632372,0.9961038016943486
CCDC82,-0.0424,11.0187,11.0611,7812.0,0.9904142183632372,0.9961038016943486
CCDC90B,0.0022,9.809,9.8068,7828.0,0.9904142183632372,0.9961038016943486
NACC1,-0.0075,9.2502,9.2577,7813.0,0.9916922728394197,0.9965304902704055
AAK1,-0.012,12.0533,12.0653,7827.0,0.9916922728394197,0.9965304902704055
PIK3CG,-0.02,9.4688,9.4888,7827.0,0.9916922728394197,0.9965304902704055
SEMA3B,0.1166,7.7512,7.6346,7827.0,0.9916922728394197,0.9965304902704055
PPIF,0.025,9.9609,9.9359,7813.0,0.9916922728394197,0.9965304902704055
SLC35D2,0.0087,9.8138,9.8051,7813.0,0.9916922728394197,0.9965304902704055
GTF2IRD1,0.0492,10.7564,10.7071,7814.0,0.9929703486332637,0.9973854491507094
TAF1B,0.0587,10.3718,10.3131,7826.0,0.9929703486332637,0.9973854491507094
PES1,-0.016,11.045,11.061,7826.0,0.9929703486332637,0.9973854491507094
MYO3A,0.1761,5.9535,5.7773,7825.0,0.9942484059524114,0.9982396906932249
TNK2,0.0258,10.3808,10.355,7815.0,0.9942484424654068,0.9982396906932249
IKZF3,-0.0063,9.2552,9.2615,7815.0,0.9942484424654068,0.9982396906932249
TNFAIP8,-0.0619,9.7119,9.7738,7816.0,0.9955265510563472,0.9989500554588909
ATF3,-0.0174,9.6129,9.6303,7816.0,0.9955265510563472,0.9989500554588909
REXO2,0.0206,9.8092,9.7886,7816.0,0.9955265510563472,0.9989500554588909
COL12A1,-0.019,14.3839,14.4029,7824.0,0.9955265510563472,0.9989500554588909
MARVELD2,0.0494,10.9666,10.9172,7817.0,0.9968046711264704,0.999087321010258
AQP9,0.0075,6.6754,6.6679,7823.0,0.9968046711264704,0.999087321010258
STK40,-0.0063,9.3458,9.3522,7823.0,0.9968046711264704,0.999087321010258
BLNK,-0.0416,10.5403,10.5819,7823.0,0.9968046711264704,0.999087321010258
TBX2,0.0429,9.2719,9.229,7823.0,0.9968046711264704,0.999087321010258
GNPTAB,0.0127,12.9015,12.8888,7817.0,0.9968046711264704,0.999087321010258
FABP5,-0.104,8.7339,8.8379,7817.0,0.9968046711264704,0.999087321010258
CD74,-0.1141,13.4311,13.5452,7823.0,0.9968046711264704,0.999087321010258
SAMM50,-0.0504,10.2176,10.268,7818.0,0.9980827993960729,0.9992242807963829
ZBED5,-0.007,10.9378,10.9448,7822.0,0.9980827993960729,0.9992242807963829
AP1S2,-0.0252,8.6969,8.7221,7818.0,0.9980827993960729,0.9992242807963829
NDUFS7,-0.01,9.4744,9.4844,7822.0,0.9980827993960729,0.9992242807963829
WDR43,0.0004,11.8003,11.7998,7818.0,0.9980827993960729,0.9992242807963829
ACSL5,-0.1054,11.9699,12.0753,7818.0,0.9980827993960729,0.9992242807963829
GCLM,-0.0188,9.4822,9.501,7818.0,0.9980827993960729,0.9992242807963829
ZNF780A,0.0067,10.5564,10.5497,7822.0,0.9980827993960729,0.9992242807963829
PI3,-0.1312,5.8541,5.9853,7819.0,0.9993609062128336,0.9997892301279248
UNC93B1,-0.0156,9.5531,9.5687,7819.0,0.9993609325853882,0.9997892301279248
ST8SIA4,-0.0236,8.852,8.8756,7821.0,0.9993609325853882,0.9997892301279248
SLC6A6,-0.0007,11.0084,11.0091,7819.0,0.9993609325853882,0.9997892301279248
ATP11A,0.0786,11.918,11.8394,7821.0,0.9993609325853882,0.9997892301279248
MRRF,0.0142,10.4715,10.4573,7820.0,1.0,1.0
SLC15A2,0.0874,8.7828,8.6955,7820.0,1.0,1.0
MPI,-0.0204,10.3857,10.4061,7820.0,1.0,1.0
