gene,log2FC,p_value,ranking_metric
SGOL1,0.6836,2.5915804961818295e-06,5.586435297144862
PSMC4,0.2779,5.400188265309747e-06,5.267591099221494
FANCI,0.4552,5.482988848219179e-06,5.260982637421607
ESPL1,0.6354,5.782467706504044e-06,5.237886783966121
POLA2,0.3819,5.870868942518681e-06,5.231297614423263
DSN1,0.3762,5.960562806251386e-06,5.224712731516551
RFC5,0.4222,1.0923831508711632e-05,4.961625007122667
NUF2,0.7368,1.2935973313486266e-05,4.8882008890368445
GPATCH1,0.2532,1.8332044321900198e-05,4.736789101419974
SPAG5,0.53,1.9140987768336583e-05,4.718035654267169
POLE,0.3443,1.955809978011236e-05,4.708673342549452
C17orf53,0.4685,2.1162791196691708e-05,4.674427053017856
BRCC3,0.3395,2.3220916964222145e-05,4.634120634526867
CSTF2,0.2746,2.4406648366397643e-05,4.6124918558109504
MCM2,0.5613,2.5468625119947496e-05,4.593994499046459
BLM,0.4358,2.5649840047834867e-05,4.59091533880009
ARL6IP1,0.3768,2.601595559369e-05,4.584760217377226
CCNB2,0.5494,2.6387037776062717e-05,4.5786093611902485
INCENP,0.3676,3.081545730423816e-05,4.511231382915181
E2F8,0.5691,3.147143571639154e-05,4.502083444265562
RFC4,0.4268,3.147143571639154e-05,4.502083444265562
CHAF1B,0.5064,3.3286196889649407e-05,4.477735822271732
TMPO,0.3649,3.423043520277542e-05,4.465587579244759
RNASEH2A,0.401,3.569462556936381e-05,4.447397169357776
NUSAP1,0.51,3.569462556936381e-05,4.447397169357776
PLK1,0.5223,3.6703583686737484e-05,4.435291529769946
HIST1H2AM,0.5355,3.696002172773349e-05,4.432267782142624
PRC1,0.5129,4.3952128401430576e-05,4.357020089176896
EXO1,0.5706,4.4870915722205274e-05,4.348035067328022
POLQ,0.4899,4.644283147231544e-05,4.333081310567481
RPA3,0.3867,4.7086102639448464e-05,4.327107255028263
FEN1,0.4157,5.1831288249385575e-05,4.285407996781797
HIST1H2AI,0.7089,5.2545075988277844e-05,4.27946797556942
BUB1B,0.4823,5.2905453331235665e-05,4.276499559919479
ZWINT,0.5351,5.326817188710374e-05,4.2735322075321704
TYMS,0.5349,5.980674055726693e-05,4.223249865813374
BRCA1,0.3943,6.145208666901618e-05,4.21146336560986
CEP85,0.365,6.40006681928668e-05,4.193815491782362
RAD51,0.4585,6.443503993358002e-05,4.1908778979918635
PRIM1,0.4112,6.443503993358002e-05,4.1908778979918635
MYBL2,0.7262,6.531216836422878e-05,4.1850058974215
KIF4A,0.5343,6.531216836422878e-05,4.1850058974215
COPA,0.2932,6.94009676491037e-05,4.1586344741887125
TPX2,0.5638,7.274734701441978e-05,4.138182840115346
KPNA2,0.4343,7.675854794964783e-05,4.114873249457933
KNTC1,0.3668,8.043904625769125e-05,4.094533087347765
CDCA8,0.5091,8.097825328406081e-05,4.091631595279081
ECT2,0.4459,8.206693335018318e-05,4.085831794845022
MCM10,0.5694,9.06841582790059e-05,4.042468573721732
MCM4,0.4849,9.128802703697322e-05,4.039586179012813
BUB1,0.4334,9.250717710725664e-05,4.033824571507885
NCAPH,0.513,9.312250314502152e-05,4.03094535864501
KIF15,0.5623,9.9492065099043e-05,4.002211554642376
HELLS,0.3743,0.00010215327137895888,3.9907477208662794
CCNA2,0.509,0.00010488156320977121,3.9793008483172247
CACYBP,0.4052,0.00010488156320977121,3.9793008483172247
RFC3,0.4222,0.00010557430226639391,3.97644178011718
NCAPG,0.5307,0.0001062713574819544,3.973583771824005
NEK2,0.5921,0.0001062713574819544,3.973583771824005
HIST1H2BO,0.5421,0.00011127372114746531,3.953607388299455
EIF2AK1,0.2234,0.00012436281506996718,3.9053094558511376
KIF23,0.4643,0.00012517628717990478,3.902477934083192
CASC5,0.4175,0.00012681830154254587,3.8968180675474136
PSMD4,0.3274,0.00013186699773941159,3.8798638814288555
PRR11,0.4745,0.0001388936568609639,3.8573175876186454
NCSTN,0.3236,0.00014161844034452968,3.8488801928436427
PCNA,0.3752,0.00014346284704196659,3.843260554775174
HIST2H2BF,0.4591,0.00014627192110532695,3.8348390346360763
KIF11,0.4553,0.00015204615292536072,3.818024563908037
NDC80,0.5367,0.0001621492415258134,3.7900850784552347
UFC1,0.2851,0.0001621492415258134,3.7900850784552347
SDHC,0.3317,0.00016319357362141071,3.787296947271565
RMI1,0.3767,0.0001642442318471787,3.784509873645983
C1orf112,0.3564,0.00016851084097286448,3.773372154001886
CENPI,0.4374,0.00017068303686668536,3.7678096385880333
CDC6,0.4711,0.00017068303686668536,3.7678096385880333
BORA,0.3037,0.00018664208076314435,3.72899043249273
CHAF1A,0.3895,0.00018783410108722348,3.7262255591968283
KIFC1,0.5191,0.00021055302757893852,3.6766385094022382
HIST1H2BL,0.6005,0.00021323084946649076,3.6711499629482294
ZWILCH,0.2682,0.00021458172204647235,3.668407273760682
MCM7,0.3087,0.00022568163928464484,3.6465037722546314
KIAA1524,0.3945,0.00023881241956134563,3.6219430912499324
RACGAP1,0.3929,0.00024182613133558352,3.6164967717892837
HIST1H3H,0.6133,0.0002433463323358863,3.6137751949651205
EZH2,0.4425,0.0002433463323358863,3.6137751949651205
SKP2,0.4709,0.0002448754948518118,3.6110546733608864
ATAD5,0.4061,0.0002655926791598056,3.575783900103409
RAD54L,0.5149,0.0002655926791598056,3.575783900103409
ERI2,0.2912,0.0002655926791598056,3.575783900103409
HIST1H3B,0.4722,0.0002672525467436838,3.5730781475543245
PLK4,0.4018,0.00026892213490519346,3.5703734496489643
MELK,0.5203,0.00027060149626092876,3.5676698063486385
PSENEN,0.2878,0.00027060149626092876,3.5676698063486385
TICRR,0.5353,0.00027398975031102065,3.56226568340817
CIT,0.456,0.00027569874953144223,3.559565203690476
HIST1H2AH,0.4531,0.0002861643523740738,3.54338446747165
GTSE1,0.4746,0.0002879443968249758,3.5406913680862204
SLBP,0.2599,0.0002970012772274606,3.5272416830341493
HIST1H2BK,0.321,0.00031012987915829654,3.508456390072074
METTL13,0.2521,0.0003120491529742525,3.5057769919297814
HJURP,0.5024,0.0003178739075718316,3.497745119341097
FOXM1,0.5119,0.0003178739075718316,3.497745119341097
CCNE1,0.5846,0.0003178739075718316,3.497745119341097
SPICE1,0.2139,0.0003380331673474993,3.4710406852569444
DNA2,0.3195,0.0003401135740909126,3.4683760348266444
FANCB,0.4438,0.0003443103729240476,3.4630498932528764
CEP55,0.4645,0.0003506964918510773,3.455068578507831
NUP210,0.4388,0.0003615867893943451,3.441787444894527
CEP152,0.231,0.0003682719169826895,3.4338313975297274
CXCL9,1.3257,0.00037052585068042434,3.431181486966113
CREB3L4,0.3713,0.00037279267563124674,3.4285326289472975
DIAPH3,0.4428,0.0003750724597158324,3.425884823432711
ACTL6A,0.2831,0.0003819902504072661,3.417947721508081
SASS6,0.2791,0.00038666816553792354,3.412661582000707
LIN9,0.3116,0.0003937855135469732,3.404740264587777
USF1,0.2395,0.00039618503792547907,3.40210192977955
PRIM2,0.2509,0.0004108714705785202,3.3862940135214696
NOL7,0.22,0.0004286478965379545,3.3678993031030013
VPS72,0.2932,0.0004286478965379545,3.3678993031030013
ESCO2,0.4437,0.00043124523170411566,3.3652756939036883
HIST1H2BF,0.418,0.00043648404159308624,3.360031630022003
KIF22,0.3319,0.00043648404159308624,3.360031630022003
DTL,0.4735,0.00043912566930640913,3.357411175256602
XRCC3,0.2977,0.0004444537554209334,3.3521734198688167
DNAJA1,0.2692,0.00044714036895774105,3.349556119163178
USP21,0.2989,0.00044714036895774105,3.349556119163178
TTK,0.5091,0.00044984213350549897,3.3469398697274726
PARPBP,0.379,0.00045803911974786547,3.33909742862255
H2AFZ,0.298,0.00046358098066984123,3.3338743901363457
MTMR4,0.2371,0.00046358098066984123,3.3338743901363457
CDK2,0.316,0.00048058421511137814,3.3182304977905592
HIST2H2AC,0.3681,0.0004834740176726685,3.3156268603288335
EPB41,0.3576,0.0004863800201746162,3.3130242735916813
DEPDC1,0.5573,0.0004863800201746162,3.3130242735916813
HIST2H2BE,0.3955,0.0004863800201746162,3.3130242735916813
TIMELESS,0.3174,0.0004893023059335689,3.310422737536884
NDUFAB1,0.2322,0.0004951960624045977,3.3052228173052933
VRK1,0.3278,0.000501155961304457,3.300027099295547
PSMB4,0.27,0.0005041609265527939,3.29743081601791
LRIF1,0.27,0.0005071826830528045,3.2948355831685148
HDGF,0.3047,0.000525670683619935,3.2792862426831384
SUDS3,0.2111,0.000525670683619935,3.2792862426831384
DBF4,0.3193,0.0005415551149746503,3.266357337909742
HIST1H2AG,0.4599,0.0005447851904614424,3.263774706874079
KIF2C,0.5026,0.0005545834270692529,3.2560331128322924
DONSON,0.3364,0.0005578858149264817,3.253454681029985
ACAD9,0.213,0.0005612065111199234,3.250877298928336
CBX3,0.2728,0.0005849718773660914,3.2328650122055147
GGH,0.5503,0.0005919321252698732,3.227728089410081
RAB11FIP4,0.4579,0.000598969400673815,3.2225953636840683
TOPBP1,0.2494,0.000598969400673815,3.2225953636840683
HMGB2,0.4101,0.000606084482991637,3.2174668346789397
CCDC77,0.3036,0.000609671447225774,3.2149041438376127
MCM6,0.2894,0.0006132781586484725,3.212342502045515
DUSP12,0.2736,0.0006132781586484725,3.212342502045515
HMGB3,0.4539,0.0006316114184547994,3.1995500272909028
KNSTRN,0.356,0.0006390864663732998,3.1944403791994165
ANXA9,0.925,0.0006504534594155598,3.1867837721878605
NUP107,0.2694,0.0007143188526896375,3.146107887589259
PPOX,0.2981,0.0007143188526896375,3.146107887589259
CENPF,0.5098,0.0007184978063784402,3.1435745534576514
AURKA,0.41,0.0007354417921737446,3.1334516945722206
CCNE2,0.5573,0.0007440522750008289,3.1283965510846756
PSMC3IP,0.3216,0.0007571436907084961,3.12082169228341
PPM1H,0.6349,0.0007571436907084961,3.12082169228341
TOP2A,0.4658,0.0007571436907084961,3.12082169228341
ILF2,0.2721,0.0007704487233871379,3.1132562601137037
CXCL10,1.1099,0.0007704487233871379,3.1132562601137037
STMN1,0.5022,0.0007704487233871379,3.1132562601137037
RAB5A,0.1975,0.0007749317520075344,3.1107365439861687
PIGM,0.2797,0.0007977123747527974,3.0981536707729282
KIF18A,0.4253,0.0007977123747527974,3.0981536707729282
FAM221A,0.3721,0.0008023424359991695,3.095640237296583
NDUFS2,0.261,0.000806997425503235,3.093127850769283
KNOP1,0.2269,0.0008258691181252098,3.0830887732362804
PODXL2,0.6723,0.0008402906752691535,3.075570455808931
UBE2T,0.4558,0.0008402906752691535,3.075570455808931
KIF14,0.4684,0.0008748541506424601,3.0580643433786006
BRIP1,0.418,0.0008900667580133436,3.050577418580348
TMEM106C,0.3418,0.0008951918728375021,3.0480838692833796
RFC2,0.2538,0.0009107318026423511,3.0406094976495566
RPA1,0.2247,0.0009107318026423511,3.0406094976495566
WHSC1,0.2789,0.0009159670848390113,3.038120132368861
FAM50A,0.2761,0.0009159670848390113,3.038120132368861
PARP2,0.1799,0.0009212302431619087,3.0356318129757898
FANCD2,0.331,0.000947968916654738,3.0232059026900364
GGCT,0.3553,0.0009534021838008065,3.020723857641247
SNORA22,0.3119,0.0009643553536485559,3.0157629041768943
CENPJ,0.2777,0.001009343742223268,2.9959609051926654
MKI67,0.4389,0.001009343742223268,2.9959609051926654
CDK1,0.4668,0.001009343742223268,2.9959609051926654
ATF6,0.2259,0.0010208904535986294,2.9910208572765273
TDRKH,0.444,0.0010325593191119304,2.9860849893345405
UHMK1,0.2447,0.0010384399253007442,2.983618622735086
ENSA,0.2986,0.0010443515100072302,2.9811533009865605
H2AFV,0.2309,0.0010502942211739075,2.978689024041334
CCNF,0.357,0.0010622736177540047,2.9737636043700415
NCAPD2,0.2868,0.0010683106021548991,2.971302461548496
FANCA,0.3713,0.0010804798953324888,2.9663833096945695
TFDP1,0.2532,0.0010804798953324888,2.9663833096945695
ANP32E,0.3735,0.001098974421357174,2.9590124156681474
NCAPG2,0.3408,0.0011052040308793688,2.956557539801966
TLCD1,0.401,0.0011114662806706865,2.954103708260345
DDX12P,0.3919,0.0011304504235346922,2.9467484791013994
LMNB1,0.3783,0.0011627580480545329,2.93451064582756
TUFT1,0.4463,0.001189216237707165,2.9247391695154716
TCHP,0.2434,0.001223071068355469,2.9125483069065727
SMC2,0.3391,0.0012299479559082728,2.910113264934624
CKAP2L,0.4451,0.0012507934570407417,2.9028143992379736
UBE2C,0.5009,0.001257814130671459,2.900383530582055
ITGAE,0.4018,0.001257814130671459,2.900383530582055
HADH,0.2641,0.001264871172860219,2.8979537051324544
FANCG,0.2457,0.001264871172860219,2.8979537051324544
CDC20,0.5371,0.001264871172860219,2.8979537051324544
ALG10,0.1887,0.0012719647538009151,2.895524922840003
ATAD2,0.357,0.0012862622161819116,2.8906704875296465
HIST1H2BN,0.3984,0.0013226573478699916,2.8785526510532202
ATXN7L3B,0.2046,0.0013300494494669884,2.8761322122423705
CNOT10,0.2027,0.0013300494494669884,2.8761322122423705
CENPO,0.3287,0.0013300494494669884,2.8761322122423705
ZGRF1,0.2679,0.0013600006513611487,2.8664608836279553
KRT18,0.562,0.001367585042234699,2.864045657883089
KIF20A,0.4337,0.0013905729106534026,2.8568062352325385
HENMT1,0.1922,0.0013905729106534026,2.8568062352325385
PEPD,0.2826,0.0014060955535291674,2.851985165119632
MPHOSPH9,0.2245,0.0014060955535291674,2.851985165119632
HIST1H1C,0.2615,0.001413916643215642,2.8495761934093973
HIST1H2BJ,0.3935,0.001429679281558565,2.8447613764308546
TACC3,0.3571,0.0014536271761419958,2.837546966314922
HMGN1,0.2724,0.0014616916066757806,2.835144246835666
TRMT1L,0.2083,0.0014861329408388327,2.8279423393706606
TROAP,0.4688,0.0014943633680026098,2.825543787038312
KRT8,0.592,0.00150263577241284,2.8231462763663706
KIAA0101,0.3753,0.0015109503468279909,2.820749807304211
RAD18,0.2767,0.0015277067805375352,2.815959993806507
HIST1H2BD,0.3324,0.0015617342546711305,2.8063928638957325
EXOSC2,0.2435,0.0015703494809757848,2.804003684680565
RBBP4,0.1839,0.0015790084471190983,2.8016155466684634
HIST1H2BH,0.4736,0.0015964583986544526,2.7968423940491913
IFT74,0.2267,0.0016140857166321817,2.792073405628887
CENPE,0.3367,0.0016498789448035089,2.7825479197451934
MTAP,0.5913,0.0016772015948374663,2.7754147333011536
HMCES,0.1865,0.0016772015948374663,2.7754147333011536
KIF20B,0.2851,0.001742580902946448,2.758807049736366
ANLN,0.4755,0.0017521097855714971,2.7564386848265605
GLB1L2,0.6852,0.0017713114277656194,2.7517050754730326
NR1D2,0.2609,0.0017809846200832634,2.749339830925196
PSMB2,0.2012,0.001800476835325535,2.744612461826721
TOP3A,0.2057,0.0018102962960448946,2.7422503371716695
GBA,0.2381,0.0018300830245183786,2.737529207388538
C12orf29,0.2221,0.0018400507351591256,2.7351702021557487
HIST1H3F,0.4724,0.0019425073699350687,2.7116373247967727
IQGAP3,0.4904,0.001974250570048233,2.7045977279160054
FECH,0.1999,0.0019956764915536494,2.699909858499634
RFWD3,0.2496,0.002039169908967428,2.6905465861626716
HMMR,0.4064,0.002061241214598148,2.6858711823891115
NCAPD3,0.2368,0.0020723588571427906,2.683535038414073
NOMO2,0.2597,0.002083531482122367,2.681199932975493
HIST1H2BI,0.3745,0.0021060426527218287,2.676532837493291
RABGAP1L,0.2176,0.002174921215504041,2.6625564703376483
DAPK1,0.362,0.002174921215504041,2.6625564703376483
CLSPN,0.4401,0.002198335705103795,2.657905986279461
HLTF,0.2916,0.00221012938493385,2.6555823011936157
LSM3,0.3004,0.00221012938493385,2.6555823011936157
SEC11C,0.328,0.0022219810255941106,2.6532596539977433
TFAP2C,0.4661,0.002233890881375073,2.6509380446376336
SF3B4,0.2204,0.0022699722966067096,2.643979443029015
B4GALT3,0.2854,0.002282117574807131,2.641661984468828
BRCA2,0.3379,0.002294322353878129,2.639345563472577
RRM2,0.4834,0.002294322353878129,2.639345563472577
HIST1H4B,0.311,0.002306586893848067,2.637030179985741
DLGAP5,0.4195,0.002306586893848067,2.637030179985741
PAX6,1.3113,0.0023131183126071397,2.6358021531358538
CCT8,0.2201,0.002318911455711082,2.6347158339537473
CEP89,0.271,0.002343741693938083,2.6300902540357254
ORC6,0.3853,0.002343741693938083,2.6300902540357254
RAD1,0.2364,0.00241970037892175,2.6162384075059104
CBX2,0.5972,0.002445516393145039,2.611629421606318
SEPHS1,0.2483,0.002458518700380512,2.6093264839606904
NTAN1,0.331,0.002458518700380512,2.6093264839606904
NSDHL,0.2109,0.002458518700380512,2.6093264839606904
GMPS,0.2106,0.0024715842377604456,2.6070245831109182
PDCD6,0.2288,0.002484713279082215,2.604723719001743
TRAFD1,0.2177,0.002524484179749809,2.5978273465644106
GAS2L3,0.3283,0.002524484179749809,2.5978273465644106
ARHGAP11A,0.3651,0.0025513206981657333,2.5932349476270358
MED8,0.1833,0.0025648365693041937,2.590940302798026
MRPL9,0.2497,0.002578417889234546,2.5886466943213127
LIG1,0.2642,0.002605778004126296,2.5840625862019713
HN1,0.3096,0.0026894586502655134,2.5703351284966796
HIST1H3G,0.4825,0.0026894586502655134,2.5703351284966796
ASPM,0.4472,0.0027036418188809246,2.568050844678328
PSMA4,0.2041,0.0027036418188809246,2.568050844678328
CTPS1,0.3279,0.0027466023812330984,2.5612042077564503
PFDN2,0.2854,0.0027610605653522508,2.558924066772621
ALDH5A1,0.4481,0.0028195911713889896,2.5498138579506118
RAD51C,0.2779,0.0028343997809336754,2.547538894240819
KRTCAP2,0.2052,0.002849279373697452,2.545264965816075
PSAT1,0.4919,0.002894347075541202,2.5384493916847024
UNG,0.2431,0.002894347075541202,2.5384493916847024
GPN3,0.213,0.002894347075541202,2.5384493916847024
STIL,0.3508,0.002940064559096297,2.5316431330737457
ORC1,0.3696,0.0030020463294225764,2.522582609741877
DARS2,0.2117,0.0030652179424339866,2.51353864093955
VBP1,0.2655,0.0031133896258267717,2.506766526038309
PSMD7,0.2322,0.0031133896258267717,2.506766526038309
C12orf65,0.2113,0.003178692236291754,2.4977515188139323
DKC1,0.2433,0.0032118095153782426,2.4932502195805357
ATP5J,0.2131,0.003245240924165873,2.4887530559817015
TMED3,0.244,0.0032620752493639823,2.4865060249000943
FLAD1,0.2207,0.003278989095885603,2.484260027552833
ATP6AP1,0.1743,0.0033647628100200756,2.4730455447921815
SHCBP1,0.3835,0.0033647628100200756,2.4730455447921815
SLC37A1,0.3707,0.0033996406554160207,2.468566985786432
HIST1H3D,0.3541,0.0033996406554160207,2.468566985786432
WDR62,0.467,0.0033996406554160207,2.468566985786432
HIST1H4H,0.2918,0.0034348473425203736,2.4640925598487606
CDKN2A,1.1484,0.0034525601468601863,2.4618587468631756
GDPD3,0.5888,0.003524320742158165,2.452924574093518
KSR2,0.7302,0.0035423928264944936,2.4507032802664264
SPINT2,0.4063,0.003542467905460176,2.4506940757437867
CDC45,0.381,0.003542467905460176,2.4506940757437867
CHMP4B,0.2166,0.003634485371913935,2.439557074752842
CPSF6,0.3157,0.00365314766829398,2.437332772291494
WDR76,0.3714,0.00365314766829398,2.437332772291494
SNRPG,0.1967,0.0036718970623848945,2.4351095022705898
HIST1H3I,0.4004,0.0037286714185429067,2.428445886255509
HIST1H2AL,0.4266,0.003747772797212508,2.426226745401059
CCNB1,0.3633,0.003747772797212508,2.426226745401059
HTATSF1,0.3056,0.003786242620947376,2.4217915600598694
ZNF473,0.1993,0.003786242620947376,2.4217915600598694
ZNF687,0.2317,0.003825070967949561,2.4173605028102414
TARS2,0.1942,0.003825070967949561,2.4173605028102414
RPN1,0.2197,0.0038642607772502047,2.41293357317289
WDR34,0.3324,0.0038839921541499686,2.4107216560587847
HAUS1,0.2248,0.0039437366384914175,2.404092094813192
CENPU,0.3863,0.003963836165316894,2.4018843042294584
RBM42,0.1719,0.003984028668395272,2.399677545127587
LRRC45,0.2386,0.004004314525759887,2.3974718174471694
SAE1,0.2128,0.004024694116711602,2.395267121127737
PAF1,0.1645,0.0040657360229349165,2.3908608223296546
RCC1,0.2744,0.004170007922616375,2.3798631199074642
APH1A,0.2238,0.004191151190164682,2.377666672291923
LPCAT1,0.4239,0.004191151190164682,2.377666672291923
POLR2K,0.258,0.004298333462415546,2.3666998952035136
MSH2,0.232,0.004407995263495067,2.3557588808166754
HIST3H2BB,0.496,0.004430229567008094,2.3535737687878417
STAT1,0.3842,0.004611795568157183,2.336129952372359
BRIX1,0.2733,0.00463495893408545,2.333954109368263
PPP4C,0.1602,0.00463495893408545,2.333954109368263
FAM111B,0.4843,0.004658227597879103,2.331779295945561
PAXBP1,0.1995,0.004658227597879103,2.331779295945561
ZNF131,0.2171,0.004752363625909055,2.323090336822319
HIST1H2BC,0.253,0.004776165086597908,2.320920670371272
KCNG1,0.6994,0.0048000743777295764,2.318752033127065
PYCR1,0.5132,0.004848218160237235,2.3144178460085434
EHF,0.3367,0.0048967984050413945,2.310087774964888
GPLD1,0.634,0.004921253279225646,2.3079242828140325
MRPL15,0.2231,0.004970494700132657,2.3036003849395144
DNAJB11,0.2332,0.004995282118618683,2.3014399790897673
PSMD8,0.2257,0.005020181259294046,2.2992806018808682
HLCS,0.1762,0.005095553415212962,2.292808641466961
GIT1,0.22,0.005095553415212962,2.292808641466961
TXNL4A,0.185,0.005171946972603262,2.2863459365418084
FAM122B,0.214,0.005249373984743527,2.2798924853906306
RTN3,0.2744,0.00530157213863739,2.275595324759617
PARP1,0.2134,0.005327846619912227,2.2734482862935685
CKS2,0.3419,0.005354238645452549,2.271302275641914
CHEK2,0.1535,0.005380748673089278,2.269157292740638
PRPSAP2,0.169,0.005380748673089278,2.269157292740638
C5orf22,0.1924,0.005380748673089278,2.269157292740638
AKR1B1,0.5829,0.005434124573178686,2.264870409932855
SMC3,0.2276,0.005487978011680835,2.260587637356846
MCM3,0.2557,0.005487978011680835,2.260587637356846
CGN,0.6143,0.005515084967766233,2.2584477922450494
UBALD2,0.2291,0.0056524408209170695,2.2477639758704755
MKRN2,0.1868,0.0056524408209170695,2.2477639758704755
DTX3L,0.2169,0.005680279502375955,2.2456302939803447
RAB3IP,0.4519,0.005708241793052521,2.243497639067479
PSMD11,0.1985,0.005708241793052521,2.243497639067479
CEP78,0.2314,0.005878638133766843,2.2307232724772086
GATS,0.3122,0.005994768831306993,2.222227559391395
RCC2,0.1999,0.0060832189694627475,2.21586655054056
RANBP1,0.183,0.006142837001670958,2.2116310084007753
BNIPL,0.6243,0.0062029807015831565,2.2073995699891498
TMEM106B,0.22,0.006233250929779046,2.2052853895166615
PPIE,0.1779,0.006233250929779046,2.2052853895166615
RTTN,0.245,0.0062636540813701515,2.203172234778401
ANKRD27,0.2209,0.006543347885698393,2.184199989250352
SEC13,0.1641,0.006575108318372976,2.182097088209431
EPT1,0.2102,0.0066070073178383475,2.1799952121723005
PAFAH1B3,0.3227,0.006639045406431099,2.1778943610721586
CDCA2,0.3907,0.00667122310804995,2.1757945348421397
UPF3B,0.1705,0.006703540948158585,2.1736957334153084
TRNAU1AP,0.1694,0.006735999453788325,2.171597956724667
THOC1,0.2127,0.006801340577591503,2.1674054772836158
DLG3,0.2446,0.006834224257690879,2.1653107743988715
RECQL4,0.3481,0.006867250727168723,2.163217095981649
NUDT5,0.2277,0.006933734175488358,2.1590328122803593
APOBEC3B,0.6057,0.006967185825849808,2.156942605991207
COCH,0.6082,0.007034543692626594,2.1527640685492857
RLIM,0.1692,0.0071024792485924635,2.148590026487103
DDX11,0.2679,0.007205487304530911,2.1423366426761867
SSRP1,0.1951,0.00730983421895533,2.1360924723731003
DOCK3,0.6064,0.0073801500214953145,2.1319348098781283
POLA1,0.203,0.0073801500214953145,2.1319348098781283
TUBG1,0.1962,0.007486761677676692,2.1257059913299914
FTSJ2,0.1901,0.00755860130918919,2.1215585616284423
PI4K2B,0.2167,0.00770413743923081,2.113275978146357
YARS,0.1707,0.00770413743923081,2.113275978146357
EIF4A3,0.1581,0.007740911648700758,2.111207889357775
RBL1,0.2258,0.007777843077132828,2.1091408232640005
DCAF13,0.2394,0.007814932301502816,2.1070747797959277
CFAP44,0.1854,0.007889586454230456,2.1029457604601207
ASNS,0.3141,0.007927152544818324,2.1008827844538307
CDC7,0.2942,0.007927152544818324,2.1008827844538307
TMED4,0.1646,0.008040813881749759,2.0946999902486114
SNRPC,0.1958,0.008040813881749759,2.0946999902486114
SUZ12,0.1768,0.008040813881749759,2.0946999902486114
STRBP,0.2568,0.008040813881749759,2.0946999902486114
GDE1,0.2162,0.008040813881749759,2.0946999902486114
KLHDC3,0.2051,0.008117396534225104,2.0905832382611202
LCLAT1,0.1418,0.008233494977043159,2.084415775109944
PLAA,0.1801,0.008233494977043159,2.084415775109944
MRS2,0.1883,0.008390603605481994,2.0762067956551125
SLC50A1,0.2155,0.008390603605481994,2.0762067956551125
CXXC1,0.2302,0.008390603605481994,2.0762067956551125
NSF,0.1404,0.008390603605481994,2.0762067956551125
MYO5B,0.3801,0.00847015903585989,2.0721084352716597
MCM8,0.2342,0.00847015903585989,2.0721084352716597
UBE2L6,0.3339,0.008550388335028383,2.068014160367728
ODF2,0.203,0.00863129638047105,2.063923970379564
KDM1A,0.19,0.008712888076942664,2.0598378647422817
NOMO1,0.2065,0.008795168356548118,2.055755842889858
TPD52,0.2405,0.008919890725830838,2.049640465966856
ZDHHC13,0.2631,0.008919890725830838,2.049640465966856
MASTL,0.237,0.009003914221421428,2.0455686510927515
NDUFS6,0.237,0.00904619042711205,2.0435342743644194
GBP1,0.4523,0.009088643779023365,2.041500918013443
UCK2,0.2538,0.009174084454780946,2.037437266157763
TMEM97,0.6206,0.009217073049606011,2.03540697050998
GOLPH3L,0.2456,0.009260241332614097,2.0333776949533933
CDC123,0.2001,0.009260241332614097,2.0333776949533933
RAF1,0.1481,0.009434724169519106,2.0252707922035404
CKAP2,0.2876,0.009434724169519106,2.0252707922035404
FBXO21,0.1096,0.009478800526021148,2.0232466160256957
MAGOH,0.1537,0.009523060435988337,2.021223459507643
MDM1,0.2198,0.00956750454977052,2.0192013225772274
IDH2,0.2247,0.009656947998978,2.0151601071903245
PGD,0.2101,0.00970194864390875,2.013141028589163
H2AFX,0.3026,0.00970194864390875,2.013141028589163
COX6B1,0.1863,0.00970194864390875,2.013141028589163
STIP1,0.2034,0.00970194864390875,2.013141028589163
MCM5,0.2047,0.009747136111669913,2.01112296928629
PMM2,0.1627,0.009792511061430748,2.0091059292091877
E2F7,0.4386,0.009883826052484352,2.0050749064418465
ANKRD13A,0.2557,0.009929767420978116,2.0030609236062022
TPM3,0.1864,0.009929767420978116,2.0030609236062022
CEP128,0.2708,0.009975898925878031,2.001047959705517
PCCB,0.1989,0.009975898925878031,2.001047959705517
HIST1H2AD,0.3752,0.010068735018858634,1.9970250884174012
SYCP2,0.3851,0.01016233969718219,1.9930062919935256
TADA1,0.2197,0.010209431940459153,1.9909984216728618
RUVBL1,0.2004,0.010209431940459153,1.9909984216728618
KDELR2,0.1782,0.01030419962012647,1.9869857364478065
SMC4,0.2216,0.010351876415849564,1.984980921396681
YKT6,0.1615,0.010351876415849564,1.984980921396681
TRIM28,0.2001,0.010399749424714378,1.9829771246218786
DEDD,0.1953,0.010544552580767993,1.9769718432195114
GPT2,0.3447,0.010544552580767993,1.9769718432195114
TTF2,0.1789,0.010593217301823422,1.9749721188137324
NME1,0.2773,0.010642081674854725,1.972973412315769
ALYREF,0.2067,0.010642081674854725,1.972973412315769
CXCL13,0.8569,0.01093949954997708,1.96100254524708
EML5,0.5387,0.011090960345827435,1.95503084746344
CKAP5,0.1925,0.011090960345827435,1.95503084746344
PEX19,0.2115,0.011141859663550618,1.9530423159653754
GLE1,0.1787,0.011244281143296059,1.949068304166015
NCCRP1,0.9076,0.011399443920409933,1.943116333592279
TBC1D31,0.2122,0.011399481199615001,1.9431149133364585
PSMB10,0.1914,0.011451635514618771,1.9411324832586196
HEATR2,0.174,0.011609371462184697,1.9351912925692736
TOM1L1,0.286,0.01166237686591595,1.9332129286032609
PIP5K1A,0.2071,0.01166237686591595,1.9332129286032609
PEBP1,0.2523,0.0118765517273444,1.9253096353791683
DNAJC9,0.1734,0.0118765517273444,1.9253096353791683
YWHAB,0.2469,0.0118765517273444,1.9253096353791683
MAGEF1,0.1898,0.011930637426503894,1.9233363523549798
MYCL,0.542,0.01198494139455162,1.9213640852919935
CMAS,0.1667,0.012039464372424594,1.9193928341143098
NASP,0.2357,0.01209420710292182,1.9174225987459508
TAC3,1.2083,0.012203177974206853,1.9135270548226302
BARD1,0.2371,0.012204354802305402,1.9134851751329112
LMBRD2,0.208,0.012204354802305402,1.9134851751329112
HIST1H1E,0.229,0.012204354802305402,1.9134851751329112
UHRF1BP1,0.1793,0.012315390472400744,1.9095518138435061
CHEK1,0.3142,0.01242732012281001,1.9056225142671281
ATP5J2,0.1813,0.01242732012281001,1.9056225142671281
F11R,0.3116,0.012540149793094328,1.901697275791925
RRP1B,0.1538,0.012653885552828082,1.8977760978047982
WRAP53,0.2216,0.012768533501652485,1.8938589796913994
SMC1B,0.7756,0.012826160756284474,1.8919033211683696
HIST1H1B,0.3615,0.013059184501802346,1.8840839423124922
REEP6,0.4552,0.013118011931184911,1.8821319784312842
HIST1H2AJ,0.4867,0.013177073582435101,1.8801810289010399
DYNLL2,0.1618,0.013295902674014804,1.8762821725832057
UMPS,0.1724,0.013355671680825786,1.8743342656402966
FKBP4,0.2771,0.01347592254693886,1.8704414937976053
NDUFAF6,0.2623,0.01359712914582556,1.866552777492967
RRM1,0.2254,0.01371929781948944,1.8626681161019312
ACP1,0.1026,0.013780744924580575,1.8607273058035236
CEP192,0.2157,0.013842434940445137,1.8587875089987684
SYT1,0.5361,0.013842434940445137,1.8587875089987684
FBXO5,0.3025,0.01396654691176327,1.854910955556472
HIST1H2AK,0.3018,0.014028970475633862,1.8529741987618584
APOL6,0.2403,0.014154556795202793,1.8491037246324153
GTPBP4,0.1934,0.014217721170813423,1.847170007140031
CPSF3,0.187,0.014217721170813423,1.847170007140031
SHKBP1,0.1233,0.014281134106780731,1.8452373025907012
THOP1,0.2108,0.014408708920725783,1.8413749320052082
SNRPD1,0.2578,0.014472872433979286,1.8394452658108438
DNAJC21,0.1612,0.014472872433979286,1.8394452658108438
ECH1,0.2117,0.014472872433979286,1.8394452658108438
DBI,0.2243,0.014472872433979286,1.8394452658108438
TRIP13,0.4413,0.01460195577566731,1.835588971222771
FAM3B,0.9015,0.01460195577566731,1.835588971222771
MRPS21,0.2306,0.014732053030224486,1.8317367265064801
POLD3,0.1647,0.014929114484328597,1.8259659515499218
IER3IP1,0.1645,0.01519547381327571,1.8182857535450183
PSME1,0.1302,0.015262714003533458,1.8163682336185853
MST4,0.2675,0.015262714003533458,1.8163682336185853
KIAA1958,0.2608,0.015602859312506602,1.8067958074240797
CCT3,0.2045,0.015671683192520554,1.80488435630957
RNMT,0.1628,0.015740774003232746,1.8029739163817589
HMGCS1,0.3182,0.015949656602278654,1.7972486629103062
SNORA38,0.288,0.016231955996167054,1.789629143318706
CCDC58,0.1967,0.016231955996167054,1.789629143318706
DZIP3,0.1922,0.016303213278787827,1.7877267899694462
EHMT2,0.1734,0.016590998332583994,1.7801274803235945
RBM8A,0.1975,0.01666363796572773,1.7782301784416523
VMA21,0.2036,0.01680975544743023,1.774438604740431
LAMTOR2,0.1803,0.017179980160759584,1.7649773420226817
INTS8,0.1738,0.01725487755494498,1.763088118227053
HIST1H4E,0.1692,0.01748129079283462,1.7574265028510156
PIGP,0.189,0.01748129079283462,1.7574265028510156
C21orf59,0.1514,0.01763367619164273,1.7536571384486963
SKA2,0.2119,0.01778722464487077,1.7498918099513026
SERP1,0.1523,0.01778722464487077,1.7498918099513026
MRPS25,0.1706,0.01786443729338452,1.7480106589592646
PTPLB,0.2392,0.017941943441223067,1.7461305166940615
ZNF92,0.1966,0.018019744004386662,1.7442513830723818
CHMP5,0.1638,0.018019744004386662,1.7442513830723818
PSMD2,0.1936,0.018019744004386662,1.7442513830723818
SNRPB,0.1905,0.018254921375316924,1.738620033234086
ANKRD32,0.1845,0.018254921375316924,1.738620033234086
MOCOS,0.3196,0.018413195247704708,1.7348708416949337
GBP4,0.3547,0.018572668932532004,1.731125682723092
DEK,0.2677,0.01865285803025864,1.7292546152400716
SGOL2,0.2875,0.018733349875809022,1.7273845556468965
PVRL4,0.4021,0.018733349875809022,1.7273845556468965
SLC39A7,0.1628,0.018733349875809022,1.7273845556468965
HIST1H4C,0.2492,0.018733349875809022,1.7273845556468965
RAE1,0.166,0.018814145404854956,1.7255155038593923
RAB11A,0.1808,0.018895245555036987,1.7236474597932956
HAUS6,0.2103,0.018976651265964352,1.7217804233642582
SDF2,0.1242,0.019058363479215416,1.7199143944878434
TAP1,0.4069,0.019140383138337616,1.7180493730795288
SMARCD2,0.1575,0.019140383138337616,1.7180493730795288
SUCO,0.1705,0.0192227111888478,1.7161853590547018
NFYB,0.1685,0.019388296255946357,1.7124603528166324
CHMP1B,0.1456,0.019388296255946357,1.7124603528166324
MMAB,0.1574,0.019388296255946357,1.7124603528166324
FAM127B,0.1721,0.019555126284035246,1.708739375094997
MTBP,0.2517,0.019639010543169442,1.706880396715384
ETV3,0.1947,0.019639010543169442,1.706880396715384
PSMB9,0.4419,0.019723208908152705,1.7050224252097523
C11orf31,0.1357,0.019807722338288956,1.703165460492878
COMMD2,0.1379,0.019977698241084738,1.6994545510840555
OTUD7B,0.1961,0.020235049179777895,1.6938957357507833
MMS22L,0.2008,0.02032147325651242,1.6920448099717667
HIST1H4D,0.1912,0.02032147325651242,1.6920448099717667
ZBTB33,0.1665,0.020408219168674226,1.690194890382453
PPP1CC,0.1754,0.02049528789132219,1.688345976896907
NGLY1,0.1752,0.020582680401483776,1.6864980694291065
GPSM2,0.2887,0.020670397678155036,1.6846511678929383
XPR1,0.2413,0.020846810456851675,1.6809603822706052
PRUNE,0.2199,0.020846810456851675,1.6809603822706052
PDAP1,0.1538,0.020846810456851675,1.6809603822706052
PLEKHG4B,0.9487,0.02102453409874089,1.6772736193392215
MARK2,0.1399,0.02102453409874089,1.6772736193392215
RALGPS1,0.2118,0.02111388996178072,1.6754317461664048
SCARNA1,0.2071,0.02111388996178072,1.6754317461664048
CSAG1,0.9646,0.02126861641549104,1.6722607612802354
MSH6,0.1603,0.021293594726057574,1.6717510159732718
TARS,0.2312,0.021474630169545806,1.668074306738095
MYEF2,0.5187,0.02156564938897102,1.6662374597623852
ACP6,0.2466,0.02156564938897102,1.6662374597623852
DNMT1,0.2427,0.021657004273701416,1.6644016177651566
TBC1D10B,0.1612,0.021840725051416494,1.6607329483572932
PGRMC1,0.1683,0.022025800547003854,1.6570682978158937
TFG,0.1154,0.02221223883618028,1.6534076654408936
ACTR6,0.1534,0.02221223883618028,1.6534076654408936
ANXA4,0.2596,0.02221223883618028,1.6534076654408936
TMEM194A,0.1902,0.02221223883618028,1.6534076654408936
SETDB1,0.1902,0.022305971560608435,1.6515788558466262
ATL1,0.2714,0.022400048026048308,1.6497510505307744
RPRD1A,0.1703,0.02249446925078848,1.6479242494054211
ZNF850,0.282,0.02249446925078848,1.6479242494054211
PDIA3P1,0.1716,0.02249446925078848,1.6479242494054211
SNORA27,0.212,0.02268435006111904,1.64427365937408
PSMC3,0.1588,0.02268435006111904,1.64427365937408
SLC35A2,0.1515,0.022875622177078118,1.6406270850474305
XYLB,0.2329,0.022875622177078118,1.6406270850474305
NLK,0.1679,0.022971782541192472,1.6388053035525965
ZNF681,0.2291,0.022971782541192472,1.6388053035525965
TRIT1,0.2237,0.022971782541192472,1.6388053035525965
CENPN,0.2441,0.023068293815454628,1.6369845257188298
DROSHA,0.2145,0.023262373224323545,1.6333459806801665
CYCS,0.1933,0.023359943428764456,1.6315282132978737
GNL2,0.1119,0.023359943428764456,1.6315282132978737
HSP90AA1,0.1898,0.023457868683019842,1.6297114492218534
RAN,0.1886,0.023457868683019842,1.6297114492218534
MRPL3,0.1462,0.023556150026886324,1.627895688363178
ARF1,0.1464,0.02375378515238966,1.6242671759416794
ELF5,0.6871,0.02385282270709038,1.6224602198282378
WDHD1,0.2566,0.02395285716263529,1.6206426753200873
RAD23B,0.1573,0.02395285716263529,1.6206426753200873
ERP29,0.1369,0.02405293461973204,1.6188319292109468
KIAA1731,0.1419,0.02425417769528896,1.6152134449485445
IGSF9,0.5767,0.024355345422547355,1.6134057066160286
SLC5A6,0.1978,0.024355345422547355,1.6134057066160286
TBCB,0.1237,0.024355345422547355,1.6134057066160286
TMEM147,0.1993,0.024456878685228504,1.611598970696312
NUP155,0.2419,0.024558778542585938,1.6097932370995343
GGCX,0.1644,0.024558778542585938,1.6097932370995343
PSME2,0.1759,0.024970065171712328,1.6025803241413192
HIST1H2AC,0.2272,0.025073813959100757,1.6007796008080457
CAMSAP3,0.3585,0.025073813959100757,1.6007796008080457
MCUR1,0.1764,0.025177935737377786,1.5989798792565753
FREM2,0.9249,0.025492549755249904,1.5935867243873314
PDSS1,0.1724,0.025704177107842376,1.5899962950548243
MED12L,0.3392,0.025704177107842376,1.5899962950548243
DENR,0.1657,0.025704177107842376,1.5899962950548243
GUSB,0.1321,0.02581055942790341,1.588202582289975
TUBA1B,0.2314,0.02581055942790341,1.588202582289975
IGF2BP3,0.8953,0.02591715369471245,1.5864126958012845
UBB,0.1675,0.026024466777404952,1.584618160107649
DNASE2,0.1203,0.026239904990966848,1.5810377417801247
DCAF12,0.1368,0.02645688279732099,1.5774613265760347
NAALADL2,0.3747,0.02645688279732099,1.5774613265760347
SPINT1,0.2132,0.026565951783908828,1.5756746199163065
DDOST,0.1347,0.02667540895585906,1.5738889137624805
USP14,0.1546,0.02667540895585906,1.5738889137624805
RCN2,0.1824,0.02667540895585906,1.5738889137624805
RBM17,0.1722,0.02678525541287777,1.5721042080227046
CYB5A,0.3266,0.02678525541287777,1.5721042080227046
IDH1,0.261,0.027565173369829193,1.5596392717019127
GALNT12,0.3079,0.027565173369829193,1.5596392717019127
COPS3,0.1537,0.027905373960335853,1.5543121531214443
CCDC174,0.1661,0.028019575678619915,1.552538445846435
DIRC2,0.1272,0.028364601112857102,1.5472233194746763
ERBB2,0.2698,0.028364601112857102,1.5472233194746763
GTF3C5,0.1905,0.028480420104985093,1.5454536088578212
LMLN,0.1515,0.028830324444082855,1.5401504702208095
C9orf78,0.1529,0.028830324444082855,1.5401504702208095
TIMM50,0.1948,0.029065644815068768,1.536620037871196
MTHFD2,0.2466,0.029065644815068768,1.536620037871196
SNX10,0.2753,0.02918392365667246,1.534856319437521
TOMM5,0.1712,0.029421724358522187,1.5313318775824762
CELSR3,0.446,0.029661190048883488,1.5278114284494053
TMEM14B,0.1683,0.029661190048883488,1.5278114284494053
VHL,0.1337,0.02978155013310722,1.5260527009178273
GEN1,0.2059,0.02990232991019672,1.5242949712836058
H1FX,0.2059,0.02990232991019672,1.5242949712836058
NADK2,0.168,0.03014515315461054,1.5207825053287904
IDI1,0.166,0.03014515315461054,1.5207825053287904
YEATS4,0.4307,0.03014515315461054,1.5207825053287904
C18orf25,0.1294,0.03051256458902145,1.5155212882588707
TM9SF2,0.1639,0.03051256458902145,1.5155212882588707
SNRPF,0.2141,0.03075963678859775,1.5120187970123187
ZNF675,0.1653,0.03075963678859775,1.5120187970123187
ANKEF1,0.1913,0.0308838157519361,1.5102690471435112
EML1,0.2776,0.031008424846619122,1.5085202943172042
TIPRL,0.18,0.031258938107942,1.5050257794100599
GATSL2,0.2154,0.03138484461811296,1.5032800171379535
NIT1,0.1689,0.031511185946685276,1.5015352515258105
STRIP2,0.2835,0.031511185946685276,1.5015352515258105
PEA15,0.2581,0.031637963269981785,1.4997914824777454
DHTKD1,0.1899,0.031892830615125545,1.4963069336898014
TTI1,0.1569,0.031892830615125545,1.4963069336898014
TOP2B,0.2342,0.03202092299869684,1.494566153757646
KRT80,0.4486,0.03202092299869684,1.494566153757646
NUDT19,0.1735,0.032278431105723475,1.4910875823355165
ZNF195,0.1525,0.032407849201750556,1.4893497906526583
HSPBAP1,0.1057,0.032407849201750556,1.4893497906526583
NDC1,0.1807,0.0325377115775043,1.4876129948598462
CCL5,0.5336,0.03266801942377071,1.4858771948603833
SNORA49,0.1567,0.03266801942377071,1.4858771948603833
CLPTM1L,0.2159,0.03279877393313031,1.4841423905574722
ATAD3A,0.1504,0.03279877393313031,1.4841423905574722
CNDP2,0.2068,0.03292997629995528,1.4824085818542128
ATP6V1C1,0.1281,0.03292997629995528,1.4824085818542128
CNOT11,0.1759,0.03292997629995528,1.4824085818542128
MANF,0.1847,0.03306162772040621,1.4806757686536036
ZNF260,0.1724,0.03306162772040621,1.4806757686536036
FDPS,0.1848,0.03306162772040621,1.4806757686536036
MRTO4,0.1251,0.03332628251575284,1.477213128371814
ATP5C1,0.1422,0.03345928829188426,1.4754833010961195
CNOT2,0.1135,0.03345928829188426,1.4754833010961195
ZBTB18,0.2184,0.03359274792410704,1.4737544689340432
HID1,0.4321,0.03372666261747726,1.4720266317880721
MLF1,0.3302,0.03386103357882059,1.4702997895605885
PCNT,0.1544,0.0341311491415566,1.4668490894701016
PALM3,0.7356,0.03447136121619212,1.4625415666933397
CCP110,0.221,0.03453977476747758,1.461680498776683
ELOVL7,0.3513,0.034676908778671224,1.4599596240043984
ZNF664,0.184,0.034676908778671224,1.4599596240043984
EEF1A2,0.6843,0.03495255167674299,1.456521113518376
TOMM40L,0.1641,0.034952572316975745,1.456520857058229
RRP1,0.1905,0.034952572316975745,1.456520857058229
PTTG1,0.2956,0.0350911042875476,1.4548029646873526
CCT2,0.3461,0.03523010469093455,1.453086066253114
A2ML1,0.9292,0.03550951570215048,1.4496552507994243
TDRD5,0.7784,0.03564951053916147,1.4479464285498589
PARP9,0.2362,0.035649928767294906,1.4479413335821483
ME2,0.1342,0.035790815179877804,1.446228409905862
PPIH,0.1669,0.035790815179877804,1.446228409905862
NDUFB4,0.1284,0.035790815179877804,1.446228409905862
GRIN2D,0.4395,0.035790815179877804,1.446228409905862
POLR2J,0.1502,0.0360740129809054,1.4428055427794577
CBWD1,0.1844,0.03635911898943826,1.439386648625565
TM7SF2,0.3509,0.03635911898943826,1.439386648625565
FAR2,0.3637,0.03635911898943826,1.439386648625565
ATIC,0.1655,0.03650239066780022,1.4376786911645243
CDKAL1,0.2118,0.03650239066780022,1.4376786911645243
ACOX3,0.174,0.03664614311697696,1.435971726647858
UBA2,0.167,0.03708029752966917,1.4308567897655364
OXNAD1,0.1392,0.03708029752966917,1.4308567897655364
RAC1,0.1794,0.03708029752966917,1.4308567897655364
PPAT,0.1608,0.03737216049555432,1.4274517947333047
NDUFB3,0.1274,0.03737216049555432,1.4274517947333047
C11orf49,0.1041,0.03751882373548198,1.4257507857833032
TMEM254,0.2319,0.03766597648386438,1.4240507690768285
IRF1,0.2519,0.03766597648386438,1.4240507690768285
CD8A,0.5045,0.03766597648386438,1.4240507690768285
CISD2,0.153,0.03796175552738654,1.420653711992171
ATP5G1,0.1567,0.03796175552738654,1.420653711992171
RAD21,0.1898,0.03825950768550582,1.4172606226736943
ABCD3,0.2682,0.03870985758255417,1.4121784264910326
MRPL42,0.1607,0.03870985758255417,1.4121784264910326
OR7E14P,0.3328,0.03916470383745516,1.4071051532333438
PPIA,0.1528,0.03947044957506836,1.403727926889019
NBN,0.1624,0.03947044957506836,1.403727926889019
DOT1L,0.167,0.03947044957506836,1.403727926889019
LAP3,0.1912,0.039624080733130465,1.4020408001599294
LMNB2,0.1894,0.03977821911844112,1.4003546642570068
RNF138,0.1836,0.03993286600881764,1.3986695190782061
ERI1,0.2426,0.03993286600881764,1.3986695190782061
ALG3,0.1588,0.04008802268367892,1.3969853645213721
BCAP31,0.159,0.04039987051251094,1.393620026864447
CCDC15,0.2294,0.04071377287214287,1.3902586504668284
GBP2,0.0526,0.04087149771643997,1.3885794474837216
GMDS,0.1076,0.04087149771643997,1.3885794474837216
DHX40,0.1695,0.04102974005510736,1.3869012345073766
ZNF726,0.3517,0.04102974005510736,1.3869012345073766
PCSK6,0.3563,0.041188501178644074,1.38522401143488
HYLS1,0.2375,0.041347782379113254,1.3835477781632064
MX1,0.4054,0.041347782379113254,1.3835477781632064
INTS7,0.1133,0.041347782379113254,1.3835477781632064
SGK494,0.1936,0.041347782379113254,1.3835477781632064
ZNF607,0.2626,0.04150758495013698,1.381872534589224
MAD1L1,0.1213,0.041667910186891824,1.3801982806096877
ZNF551,0.1519,0.04182875938610338,1.3785250161212466
CEP70,0.1685,0.042477421795980984,1.371841851007533
SNX27,0.163,0.04264091031224144,1.3701735324204318
FAM83D,0.2785,0.04264091031224144,1.3701735324204318
MAGEA3,1.1221,0.04266107082234971,1.3699682476582506
YES1,0.1041,0.04280493060357036,1.3685062027020007
PDXK,0.1722,0.04280493060357036,1.3685062027020007
CDK4,0.1287,0.04296948397739868,1.3668398617481177
PLCH1,0.6058,0.04296948397739868,1.3668398617481177
PLEKHF1,0.2935,0.04296948397739868,1.3668398617481177
TMCO1,0.1522,0.04296948397739868,1.3668398617481177
PLEKHG6,0.34,0.04313457174266653,1.3651745094545475
GRHL3,0.4443,0.04313457174266653,1.3651745094545475
PLS1,0.3683,0.04313457174266653,1.3651745094545475
UPK2,0.7604,0.043466355690794226,1.361846770430859
PHB,0.1296,0.04363305449903209,1.3601843834917178
TPGS2,0.1687,0.04363305449903209,1.3601843834917178
FN3K,0.1892,0.043800292949454755,1.3585229847948455
USP7,0.1624,0.043800292949454755,1.3585229847948455
KIAA0907,0.1469,0.043800292949454755,1.3585229847948455
B4GALNT4,0.4301,0.043800292949454755,1.3585229847948455
MRPS30,0.1977,0.043800292949454755,1.3585229847948455
GFPT1,0.1866,0.04447466952324682,1.3518872703325937
THAP5,0.1271,0.04464462596015339,1.3502308112730013
TFDP2,0.1199,0.04464462596015339,1.3502308112730013
CEP72,0.2813,0.04481512995973434,1.348575339825269
PIGW,0.1542,0.04498618284717838,1.3469208558839383
NELFCD,0.1358,0.04515778594911884,1.3452673593434379
TANC2,0.1802,0.045502648110211714,1.3419633280420777
AHSA1,0.1203,0.045502648110211714,1.3419633280420777
PPT1,0.1938,0.045502648110211714,1.3419633280420777
DCLRE1A,0.1848,0.0456759098298031,1.3403127930695122
VGLL1,0.4979,0.0456759098298031,1.3403127930695122
ESRP1,0.3375,0.0456759098298031,1.3403127930695122
CMSS1,0.166,0.045849727084757534,1.3386632450743654
RAD54B,0.2311,0.04602410120884669,1.337014683950502
CDK5RAP2,0.1494,0.04619903353725266,1.335367109591675
SSR4,0.2101,0.046374525406562464,1.333720521891523
HDAC1,0.1112,0.047082115073419806,1.3271440355464799
PSMA3,0.1249,0.047260424744811555,1.3255023795403202
SPAG1,0.2366,0.047260424744811555,1.3255023795403202
CMPK2,0.3533,0.047260424744811555,1.3255023795403202
GLO1,0.1736,0.047260424744811555,1.3255023795403202
IQCG,0.1405,0.047618748202645,1.3222220254752248
C5orf51,0.1799,0.047798764682955734,1.320583327201861
PAIP1,0.2175,0.04797935279569807,1.3189456146248104
NETO2,0.3047,0.04797935279569807,1.3189456146248104
ATP2C1,0.1248,0.04797935279569807,1.3189456146248104
PI4KB,0.1431,0.04816051389118154,1.3173088876365746
NEDD4L,0.3094,0.04834224932105487,1.315673146129539
GSTM1,1.1469,0.0485243055141819,1.3140406715710657
P4HB,0.1434,0.04852456043829966,1.3140383899959736
TCTN2,0.1525,0.04852456043829966,1.3140383899959736
SLC25A10,0.2754,0.048707448597224035,1.3124046191280354
MTERF3,0.174,0.04889091515345667,1.310771833417765
CCDC14,0.1599,0.04907496146394025,1.3091400327570886
ECHS1,0.173,0.04907496146394025,1.3091400327570886
GCN1L1,0.0898,0.04925958888692539,1.3075092170378169
USP46,0.1592,0.049444798781964165,1.3058793861516445
FMR1,0.218,0.04963059250990371,1.3042505399901514
PTPLAD1,0.1775,0.04963059250990371,1.3042505399901514
RCN1,0.2247,0.04963059250990371,1.3042505399901514
SNORA37,0.1662,0.04981697143287992,1.3026226784448014
MRPS15,0.1248,0.05019149031889076,1.2993699087678068
ELF3,0.2796,0.05019149031889076,1.2993699087678068
B4GALT6,0.3047,0.05019149031889076,1.2993699087678068
INA,0.7989,0.05037937207380015,1.297747249830822
KIN,0.1118,0.050379633012582505,1.29774500041851
ACOX1,0.2841,0.05056836636261214,1.2961210762500521
ASH2L,0.2057,0.050757691737461766,1.294498136153316
KIAA1324L,0.1687,0.050947610506863084,1.2928761800190687
ARL6IP6,0.1486,0.050947610506863084,1.2928761800190687
TRIM16,0.2131,0.05113812404179057,1.2912552077379602
PPIL1,0.1661,0.05113812404179057,1.2912552077379602
PSIP1,0.3029,0.05132923371445505,1.2896352192005236
SHFM1,0.1736,0.05152094089829683,1.2880162142971756
MRPS18C,0.1543,0.05152094089829683,1.2880162142971756
PDCD5,0.2073,0.051713246967979035,1.2863981929182149
GOLT1B,0.1268,0.0519061532993807,1.2847811549538235
LOC102724250,0.16,0.0519061532993807,1.2847811549538235
UCHL5,0.1118,0.05209966126959005,1.283165100294067
GAN,0.1971,0.052293772256897755,1.2815500288288917
CDYL,0.1438,0.052488487640789915,1.279935940448127
ZNF146,0.1347,0.05287973712220748,1.27671071249856
SOCS6,0.1756,0.05287973712220748,1.27671071249856
TDRD7,0.139,0.0532734207733772,1.2734894155616432
BPGM,0.357,0.0532734207733772,1.2734894155616432
ZNF107,0.1677,0.053471178873837906,1.271880240946249
EIF3B,0.1389,0.05366954967251475,1.2702720487517647
RASEF,0.3626,0.05386853455706659,1.2686648388671922
IL10RB,0.1714,0.05386853455706659,1.2686648388671922
TUBB3,0.4605,0.05426835214011972,1.2654533655831977
IGF2BP1,0.99,0.054346160407883495,1.2648311336857463
CHD1L,0.1663,0.05487271891535363,1.2606435201997637
OLR1,0.6229,0.05487271891535363,1.2606435201997637
ETFA,0.0953,0.05487271891535363,1.2606435201997637
MYO7A,0.2699,0.055075417519283465,1.259042201837048
COASY,0.1212,0.055075417519283465,1.259042201837048
EIF5A,0.1331,0.05548268761665457,1.2558425095884478
VAPA,0.1247,0.05568726190431595,1.2542441354785392
PASK,0.151,0.056098295951201735,1.2510503307265468
TAP2,0.2863,0.056098295951201735,1.2510503307265468
PIP4K2C,0.1097,0.056304758511063695,1.2494548998597195
TECR,0.1303,0.056304758511063695,1.2494548998597195
PFKL,0.138,0.05651185329738658,1.2478604498489736
CHORDC1,0.128,0.05651185329738658,1.2478604498489736
POLR1C,0.1389,0.05651185329738658,1.2478604498489736
GORAB,0.1358,0.05651185329738658,1.2478604498489736
PRPF3,0.1819,0.05671958171311222,1.2462669805816375
EIF2S2,0.1398,0.056927945162218226,1.2446744919449164
BMS1P20,0.2735,0.057136945049710064,1.2430829838258957
NDUFV2,0.1559,0.057136945049710064,1.2430829838258957
TRUB2,0.1581,0.057136945049710064,1.2430829838258957
NLRP2,0.8557,0.05755685976496652,1.2399029086886908
SNORA55,0.2324,0.05755685976496652,1.2399029086886908
SUMO2,0.1369,0.05776777740781221,1.2383143414440716
MTHFD1,0.1143,0.05776777740781221,1.2383143414440716
MTUS2,0.7099,0.05808532973255266,1.2359335409436254
TMEM159,0.1379,0.058404388388641794,1.2335545196449842
RUVBL2,0.1399,0.058617882769708696,1.2319698719780687
ZNF274,0.1226,0.058617882769708696,1.2319698719780687
KRT20,1.2841,0.05883102116935257,1.2303936132075572
SF3B6,0.1071,0.05883202486528006,1.2303862039211668
WBSCR22,0.1462,0.05883202486528006,1.2303862039211668
VSIG10,0.2648,0.05926225785651178,1.2272218061812443
C14orf1,0.1402,0.05947835158282551,1.2256410762698393
POLH,0.1103,0.05969509868493448,1.2240613255116768
FADS1,0.2524,0.05969509868493448,1.2240613255116768
TSPAN6,0.2495,0.05969509868493448,1.2240613255116768
GMCL1,0.177,0.0601305586880796,1.2209047609969608
LMAN1,0.1627,0.0601305586880796,1.2209047609969608
NEU1,0.175,0.0601305586880796,1.2209047609969608
ZDHHC20,0.1453,0.06034927442717116,1.2193279470110405
OMA1,0.1337,0.06034927442717116,1.2193279470110405
NUP37,0.1406,0.06034927442717116,1.2193279470110405
MYT1,0.959,0.0605403763090353,1.21795488386789
GLA,0.1749,0.06056864921815245,1.2177521117196286
FANCC,0.1949,0.060788684482299016,1.2161772550077332
CYP1A1,0.8296,0.061003839859813,1.2146428276541041
PRPF4,0.113,0.06100938164177057,1.2146033767602402
RAB11FIP1,0.3099,0.06123074211960293,1.21303047686191
NAE1,0.1452,0.06167545872682264,1.209887611651167
USP13,0.2128,0.06189881770658619,1.2083176461076568
STOX1,0.4036,0.06189881770658619,1.2083176461076568
TMEM33,0.1212,0.06234754415069146,1.2051806485656884
PSMA6,0.1412,0.06234754415069146,1.2051806485656884
MANEAL,0.3043,0.06257291447043828,1.2036136163353877
OSGIN2,0.1659,0.06257291447043828,1.2036136163353877
UPF3A,0.1422,0.06257291447043828,1.2036136163353877
TRIM24,0.2421,0.06257291447043828,1.2036136163353877
SCN8A,0.478,0.06279895809361855,1.2020475616441064
LRRC37A4P,0.407,0.0630256764499726,1.2004824843756128
APOL4,0.3465,0.0630256764499726,1.2004824843756128
SOD1,0.1485,0.0630256764499726,1.2004824843756128
XPOT,0.1692,0.0632530709700407,1.1989183844135485
GART,0.1325,0.0632530709700407,1.1989183844135485
AARS,0.177,0.0632530709700407,1.1989183844135485
ZNF268,0.1544,0.0632530709700407,1.1989183844135485
MRPS7,0.1349,0.06370989422742611,1.1957931159426534
H2AFY2,0.2143,0.06393932582974433,1.1942319472004814
TMEM14A,0.1564,0.0641694393257609,1.1926717552980561
NARF,0.1322,0.06440023614988419,1.1911125401183933
CALR,0.1238,0.06463171773726978,1.1895543015443837
PRRG4,0.2122,0.06463171773726978,1.1895543015443837
MCCC1,0.1685,0.06486388552381203,1.1879970394587895
ZNF383,0.1085,0.06486388552381203,1.1879970394587895
PRKCSH,0.1207,0.06486388552381203,1.1879970394587895
PSMA2,0.1479,0.06533028544158204,1.1848854442832755
HIC2,0.2312,0.06556452044821065,1.1833311109582512
ADCY1,0.3346,0.06579944740477932,1.1817777536514367
CNNM4,0.1809,0.06579944740477932,1.1817777536514367
XPO5,0.1164,0.06579944740477932,1.1817777536514367
SLC29A2,0.2485,0.06579944740477932,1.1817777536514367
EXOSC3,0.1017,0.06603506775074089,1.180225372244963
GARS,0.1716,0.06650839437206825,1.1771235366609312
NME7,0.1552,0.06674610352972667,1.1755740822470022
SFT2D2,0.1144,0.06674610352972667,1.1755740822470022
PPAPDC1B,0.222,0.06698451184134509,1.1740256032606715
TTC39A,0.2836,0.06698451184134509,1.1740256032606715
WARS,0.249,0.0672236207497086,1.1724780995834354
REXO4,0.1223,0.06746343169824132,1.1709315710966623
ZNF117,0.2372,0.06770394613099692,1.1693860176815933
YWHAE,0.1298,0.06794516549264963,1.1678414392193412
GMNN,0.2448,0.0681870912284847,1.166297835590891
SPCS1,0.1218,0.06842972478438926,1.1647552066770988
TAGLN2,0.2384,0.06842972478438926,1.1647552066770988
PTN,0.6006,0.06842972478438926,1.1647552066770988
BRK1,0.1183,0.06916188684021823,1.1601331670303148
KLHL11,0.1237,0.06940736614697623,1.1585944357811544
WDR90,0.1746,0.06940736614697623,1.1585944357811544
ZNF507,0.2097,0.06965356051193523,1.157056678649008
FOCAD,0.1561,0.06965356051193523,1.157056678649008
FLVCR1,0.1668,0.07014810021418826,1.1539840862559658
PROSER1,0.1559,0.07014810021418826,1.1539840862559658
MRPL39,0.1547,0.07014810021418826,1.1539840862559658
PSMA5,0.1231,0.07014810021418826,1.1539840862559658
ARFIP1,0.1471,0.07039644845167721,1.1524492507548503
KIF21A,0.1906,0.07039644845167721,1.1524492507548503
AGPAT3,0.1257,0.07064551754773746,1.1509153888903103
CAPG,0.2335,0.07089530895375176,1.1493825005419125
LSM1,0.205,0.07089530895375176,1.1493825005419125
B2M,0.2368,0.0711458241215995,1.1478505855890933
APOA1BP,0.136,0.07139706450364701,1.1463196439111587
NR2C2AP,0.1707,0.07139706450364701,1.1463196439111587
POGK,0.1865,0.07139706450364701,1.1463196439111587
SH3GLB2,0.1601,0.07139706450364701,1.1463196439111587
SLC30A2,0.6682,0.0716373229146647,1.1448606520959321
GNE,0.2094,0.0719017267221819,1.1432606798965221
RAB2A,0.1346,0.07215515146574827,1.141732657317781
TXNRD3,0.0927,0.07215515146574827,1.141732657317781
CDKN1B,0.1008,0.0724093072376522,1.1402056075298492
BRD9,0.1569,0.07266419549254717,1.1386795304113801
EPB41L4B,0.2393,0.07291981768551412,1.137154425840898
ZNF443,0.1864,0.07317617527205181,1.1356302936967948
SLC39A6,0.2048,0.07343326970806664,1.1341071338573316
C2,0.3543,0.0739496749541316,1.1310637306047122
TMTC4,0.1851,0.0739496749541316,1.1310637306047122
UPK1A,0.88,0.07446904507873102,1.1280242151064994
SMG5,0.1366,0.07446904507873102,1.1280242151064994
PCK2,0.1148,0.07472984561429127,1.1265059149595495
PSMB3,0.1088,0.07472984561429127,1.1265059149595495
TMEM41A,0.1645,0.07472984561429127,1.1265059149595495
C2CD2,0.1611,0.07499139174276329,1.124988586384042
GTF2I,0.1325,0.07499139174276329,1.124988586384042
IFIT3,0.325,0.07525368492262396,1.1234722292573152
RAP1GAP2,0.2241,0.07525368492262396,1.1234722292573152
MIS18BP1,0.0983,0.07525368492262396,1.1234722292573152
ELOVL1,0.1229,0.0755167266126766,1.1219568434565745
HIST1H3C,0.1672,0.0755167266126766,1.1219568434565745
MRPS35,0.1325,0.07604506136014026,1.1189289853412125
TSTD1,0.2251,0.07604506136014026,1.1189289853412125
ACSF2,0.2717,0.07604506136014026,1.1189289853412125
ACAD10,0.121,0.07631035733669664,1.1174165127803386
POMT1,0.1438,0.07631035733669664,1.1174165127803386
HOOK1,0.3007,0.07684321379547375,1.114394480035577
PSMG1,0.1232,0.07684321379547375,1.114394480035577
RPRD2,0.1349,0.07711077719851762,1.1128849196046384
ASS1,0.5098,0.07737909933164332,1.1113763296364045
AP4M1,0.1171,0.07737909933164332,1.1113763296364045
KIAA1586,0.1579,0.07737909933164332,1.1113763296364045
SEMA5A,0.3198,0.07764818165589077,1.109868710007016
LZTFL1,0.1384,0.07764818165589077,1.109868710007016
CEP250,0.1497,0.07764818165589077,1.109868710007016
DNMT3B,0.2497,0.07764818165589077,1.109868710007016
PSMB8,0.2533,0.07791802563253238,1.1083620605924787
GBP5,0.4936,0.07791802563253238,1.1083620605924787
EMX2,0.6596,0.07818457945423092,1.1068788955121598
FASN,0.2037,0.07846000438918493,1.1053516719113166
PAK4,0.154,0.0787321420928067,1.1038479323960335
PTGES3,0.1126,0.0787321420928067,1.1038479323960335
PHKA1,0.1662,0.0787321420928067,1.1038479323960335
TOR1AIP2,0.1379,0.07900504729602251,1.1023451625982872
TALDO1,0.1269,0.07927872146110664,1.1008433623934124
TMPRSS3,0.6677,0.07927872146110664,1.1008433623934124
GABBR2,0.7952,0.07955302964945662,1.099343276294125
ERBB3,0.2692,0.07955316605050158,1.0993425316566094
SNRPB2,0.1492,0.07955316605050158,1.0993425316566094
POLR2H,0.1443,0.07955316605050158,1.0993425316566094
NAA50,0.1288,0.07982838252680731,1.0978426702629427
IGFBP3,0.3155,0.07982838252680731,1.0978426702629427
SCNN1B,0.4523,0.08010437235277014,1.0963437780873435
CNP,0.1162,0.08038113699127244,1.0948458550046054
SLC9A2,0.6803,0.08038113699127244,1.0948458550046054
CAMK2G,0.1536,0.08038113699127244,1.0948458550046054
TUBB,0.1553,0.08065867790532105,1.0933489008893889
UBD,0.5742,0.08065867790532105,1.0933489008893889
ACOT7,0.2058,0.08093699655803702,1.091852915616217
RPAP3,0.1263,0.08093699655803702,1.091852915616217
PDIA3,0.1621,0.08093699655803702,1.091852915616217
TBK1,0.1129,0.08093699655803702,1.091852915616217
LAMP3,0.341,0.0812160944126442,1.0903578990594773
EIF6,0.118,0.0812160944126442,1.0903578990594773
NELFE,0.1434,0.0812160944126442,1.0903578990594773
VAMP8,0.1255,0.0812160944126442,1.0903578990594773
HSPA14,0.1047,0.0812160944126442,1.0903578990594773
NAGK,0.0916,0.08149597293245825,1.0888638510934232
NEBL,0.3558,0.08149597293245825,1.0888638510934232
SKAP2,0.1179,0.08177663358087596,1.08737077159217
GID8,0.1099,0.08177663358087596,1.08737077159217
MUC1,0.5355,0.08177663358087596,1.08737077159217
MRPL47,0.1243,0.08234030711744744,1.0843875174798496
ERVMER34-1,0.4435,0.08234030711744744,1.0843875174798496
ZNF566,0.1072,0.0826233229326995,1.0828973426163329
RAB25,0.2708,0.08290712673072964,1.0814081357127174
GRB7,0.2226,0.08290712673072964,1.0814081357127174
KRAS,0.1016,0.08290712673072964,1.0814081357127174
MAGEA6,1.0281,0.08303972315877926,1.080714107361886
DNAJC2,0.1179,0.08319171997517276,1.0799198966424364
SUB1,0.1535,0.08347710412967776,1.0784326252787864
CNPY3,0.1265,0.08376328065789647,1.0769463214949266
CCT5,0.1551,0.08405025102347229,1.075460985163879
GXYLT1,0.1329,0.08405025102347229,1.075460985163879
CCDC186,0.1085,0.08405025102347229,1.075460985163879
ZNF706,0.154,0.08405025102347229,1.075460985163879
RPIA,0.1608,0.08491593978041329,1.071010779615761
STK38,0.1346,0.08491593978041329,1.071010779615761
RASGRP1,0.3753,0.08520610013128745,1.0695293118234266
UBXN2B,0.1263,0.08520610013128745,1.0695293118234266
ATP5O,0.146,0.08666894847712626,1.06213647254139
MGST1,0.2206,0.08666894847712626,1.06213647254139
MB21D2,0.1685,0.08666894847712626,1.06213647254139
KIF3C,0.2527,0.08696393770668875,1.06066080372433
TBC1D9,0.2007,0.08696393770668875,1.06066080372433
L3MBTL4,0.3317,0.08785377084757104,1.0562395930401032
HLA-B,0.2599,0.08815200858689842,1.0547677876384172
MLEC,0.094,0.08815200858689842,1.0547677876384172
LRRC58,0.1201,0.08845106210946356,1.0532969477682799
PELP1,0.1344,0.08845106210946356,1.0532969477682799
EMP2,0.2016,0.08875093287721662,1.0518270733004942
NOS1AP,0.2914,0.09026259654706027,1.0444921774651021
EPSTI1,0.3329,0.09026259654706027,1.0444921774651021
ST3GAL4,0.272,0.09026259654706027,1.0444921774651021
SHMT1,0.1696,0.09026259654706027,1.0444921774651021
PSMB6,0.1103,0.09026259654706027,1.0444921774651021
ADCK3,0.1106,0.09056740147459719,1.0430280926904183
TMEM50B,0.106,0.09087303387457447,1.0415649724097717
ONECUT2,0.5904,0.0911734421912093,1.0401316483985128
PA2G4,0.1246,0.09117949520697108,1.0401028164928392
ZNF704,0.2428,0.09117949520697108,1.0401028164928392
CRISP3,0.5858,0.09139999540558826,1.0390538260968876
KIF1A,0.9877,0.09145117649954917,1.038810703047318
CPNE1,0.1328,0.0917949105074244,1.0371813972281185
SRPK1,0.162,0.09241365904956533,1.0342638338508434
UCP2,0.2473,0.09241365904956533,1.0342638338508434
CCT7,0.1278,0.09241365904956533,1.0342638338508434
CLPB,0.1,0.09241365904956533,1.0342638338508434
RAB10,0.1282,0.09272428693280943,1.0328064977926856
BEND7,0.3266,0.09334805721361103,1.0298947162814618
PSMD14,0.1174,0.09334805721361103,1.0298947162814618
HIST1H1D,0.1828,0.09366120252602829,1.0284402705656215
TRAF4,0.17,0.09366120252602829,1.0284402705656215
CCT4,0.115,0.09429002077908157,1.0255342685554771
DNAJC19,0.108,0.09429002077908157,1.0255342685554771
FCGR3A,0.4477,0.09460569663215466,1.024082711997542
FNBP1L,0.134,0.09523958906924536,1.0211824871157948
FH,0.0984,0.09523958906924536,1.0211824871157948
RBMX2,0.1173,0.09523958906924536,1.0211824871157948
COX7B,0.1476,0.09587687884612496,1.0182861123310014
RBBP7,0.1324,0.09619680137216453,1.0168393683937205
LYPD6B,0.4335,0.09651757759438753,1.0153935865828994
OTUD6B,0.1203,0.09651757759438753,1.0153935865828994
TMEM79,0.235,0.09651757759438753,1.0153935865828994
MORC4,0.1518,0.09748504296257532,1.0110620125795424
ATAT1,0.1054,0.09748504296257532,1.0110620125795424
PRF1,0.3072,0.09748504296257532,1.0110620125795424
CSE1L,0.1584,0.09780924849129037,1.009620077944186
DNTTIP1,0.1103,0.09780924849129037,1.009620077944186
POLG2,0.0815,0.09780924849129037,1.009620077944186
DPY19L3,0.1514,0.09780924849129037,1.009620077944186
SET,0.1633,0.09780924849129037,1.009620077944186
PAICS,0.1323,0.09813431497436412,1.0081791047693782
TDP2,0.0859,0.09846024386176475,1.0067390929215039
CASP3,0.1239,0.09878703660287565,1.0053000422668001
PRLR,0.5955,0.09878703660287565,1.0053000422668001
ARNTL2,0.2385,0.09878703660287565,1.0053000422668001
NEDD1,0.0909,0.09911469464648225,1.0038619526713601
OAS3,0.1885,0.09911469464648225,1.0038619526713601
PIGU,0.1537,0.09944321944075929,1.0024248240011318
NSUN2,0.1016,0.10010287507089467,0.9995534488993681
RHOU,0.2531,0.10043400879993451,0.998119202198999
UAP1,0.2038,0.10109889531396785,0.9952535898261019
RANBP17,0.2896,0.10109889531396785,0.9952535898261019
MVK,0.1624,0.10109889531396785,0.9952535898261019
GNL3,0.1462,0.10109889531396785,0.9952535898261019
FANCL,0.1715,0.10143265098813287,0.993822223883862
POMP,0.1193,0.10143265098813287,0.993822223883862
FBXO4,0.1173,0.10143265098813287,0.993822223883862
BZW2,0.2155,0.10176728353201887,0.9923918179243751
CCDC171,0.1762,0.10176728353201887,0.9923918179243751
FAM20B,0.1479,0.1021027943884537,0.9909623718124176
POP1,0.1946,0.1021027943884537,0.9909623718124176
ARPC1A,0.1128,0.1024391849995384,0.9895338854126202
ZNF226,0.1057,0.10277645680663461,0.9881063585894652
TIAM1,0.1401,0.10311461125035136,0.9866797912072874
UBE2D1,0.1005,0.10413438479574946,0.9824058443477559
BRPF3,0.1489,0.10447608417652635,0.980983113369886
MUC20,0.3572,0.10447608417652635,0.980983113369886
LRRC59,0.1289,0.10447608417652635,0.980983113369886
PDE4DIP,0.104,0.10481867338522007,0.9795613411524526
STT3B,0.1379,0.10481867338522007,0.9795613411524526
CCDC18,0.1264,0.10516215385764824,0.9781405275589026
PFDN4,0.1577,0.10516215385764824,0.9781405275589026
MUC15,0.7201,0.10577171298413185,0.9756304621444778
PNPLA2,0.1508,0.10585179433274088,0.9753017756964995
ALG6,0.0969,0.10654501707121114,0.972466856687279
PTDSS1,0.1034,0.10689297536954401,0.9710508341596485
IFIT5,0.1715,0.10689297536954401,0.9710508341596485
UHRF1BP1L,0.1364,0.10689297536954401,0.9710508341596485
ERH,0.1011,0.10689297536954401,0.9710508341596485
TXNRD1,0.2132,0.10724183352831225,0.9696357694334583
PRDX4,0.2143,0.10724183352831225,0.9696357694334583
CDC42SE1,0.1256,0.1079422551447171,0.9668085128348627
TTC8,0.1336,0.1079422551447171,0.9668085128348627
CFL1,0.1162,0.10864629334608902,0.9639850857889213
RIPK2,0.1425,0.10864629334608902,0.9639850857889213
TFRC,0.2995,0.10864629334608902,0.9639850857889213
SLC6A11,0.6312,0.10934913612028369,0.9611846436247512
RSAD2,0.3594,0.10935395954265212,0.9611654871906596
RPN2,0.152,0.1097091567004972,0.9597571232134466
DCXR,0.1198,0.11006526512875853,0.9583497159326972
TUBB4B,0.1732,0.11042228624917906,0.9569432652096118
GOLPH3,0.1168,0.11042228624917906,0.9569432652096118
ORMDL2,0.1269,0.11078022148245571,0.9555377709052388
OXSR1,0.1044,0.11113907224822517,0.9541332328804767
JADE3,0.1266,0.11149883996505087,0.9527296509960713
GALNT1,0.1889,0.11149883996505087,0.9527296509960713
PARP14,0.1867,0.11185952605040905,0.9513270251126169
HACL1,0.1152,0.11222113192067495,0.949925355090556
C3orf58,0.1773,0.11222113192067495,0.949925355090556
PUS1,0.1113,0.11222113192067495,0.949925355090556
CD274,0.3025,0.11222113192067495,0.949925355090556
NMI,0.1209,0.1129471086758439,0.9471248820716249
SLFN13,0.2256,0.1129471086758439,0.9471248820716249
MBD1,0.0974,0.11331148238786937,0.9457260787948785
TRMT6,0.1175,0.11331148238786937,0.9457260787948785
CLK2,0.1053,0.11331148238786937,0.9457260787948785
EPCAM,0.275,0.11331148238786937,0.9457260787948785
CNKSR1,0.2064,0.11514726073031821,0.9387463891270847
NTPCR,0.0971,0.11551720821317736,0.937353315552334
AARS2,0.1105,0.11588808958111547,0.935961196435011
CLN3,0.1307,0.11700635102259677,0.9317905644144375
MTCH2,0.1137,0.1173809819516518,0.9304022617128858
MRPL48,0.1228,0.1173809819516518,0.9304022617128858
CEP44,0.1048,0.1173809819516518,0.9304022617128858
MDH2,0.1064,0.1173809819516518,0.9304022617128858
SMARCA4,0.1231,0.1173809819516518,0.9304022617128858
C14orf119,0.0602,0.1173809819516518,0.9304022617128858
TRMT44,0.0772,0.11775655376974531,0.9290149127610214
WDR5,0.1202,0.11775655376974531,0.9290149127610214
KIAA1407,0.1439,0.11813306787375566,0.9276285174168328
ATP6V1C2,0.5674,0.11851010814544997,0.9262446055646761
KRR1,0.1357,0.11851052565922357,0.9262430755381541
BRMS1,0.1148,0.11926827784992394,0.9234750516078862
ABHD12,0.1932,0.11926827784992394,0.9234750516078862
MYB,0.3128,0.12041201855696078,0.9193301631407276
NANS,0.1185,0.12041201855696078,0.9193301631407276
NDRG2,0.1481,0.12041201855696078,0.9193301631407276
SLIRP,0.1283,0.12079516766085852,0.9179504390609222
ZNF761,0.1424,0.12079516766085852,0.9179504390609222
MRPL24,0.1438,0.12079516766085852,0.9179504390609222
ALAS1,0.1981,0.12117927017636523,0.9165716674471125
KIF5C,0.4448,0.12117927017636523,0.9165716674471125
SLC25A38,0.1123,0.12117927017636523,0.9165716674471125
ZMYND11,0.087,0.12195034097806909,0.9138169810436755
NT5C3A,0.1318,0.12195034097806909,0.9138169810436755
AFG3L2,0.0785,0.12233731202852059,0.9124410659667561
SPIRE2,0.2684,0.12233731202852059,0.9124410659667561
GSDMB,0.1965,0.12233731202852059,0.9124410659667561
HIST1H2AE,0.1582,0.12272524201906147,0.9110661027812461
C1GALT1,0.1077,0.12272524201906147,0.9110661027812461
MBNL3,0.0967,0.12311413232807733,0.9096920913431075
NUTF2,0.1178,0.12350398433243137,0.9083190315081444
PI4KAP2,0.1435,0.12350398433243137,0.9083190315081444
CCL4,0.3986,0.12389479940745005,0.9069469231320038
RANBP9,0.1057,0.12389479940745005,0.9069469231320038
RRAGD,0.1996,0.12428657892690852,0.905575766070175
MTMR1,0.1079,0.12428657892690852,0.905575766070175
CSMD3,0.6631,0.12448133635234478,0.9048957580204052
FOXRED2,0.1456,0.12467932426301623,0.90420556017799
NELL2,0.3982,0.12586336886954197,0.9001006480702456
ADIRF,0.4129,0.12586336886954197,0.9001006480702456
PAQR7,0.1968,0.12586336886954197,0.9001006480702456
ZNF3,0.1085,0.12625999116252312,0.8987342454067925
RECQL,0.0865,0.1270561550721155,0.8960042912660585
MAL,0.5828,0.1270561550721155,0.8960042912660585
COX6A1,0.1481,0.12745569941208304,0.8946407394973822
TRIM25,0.089,0.12745569941208304,0.8946407394973822
MPC2,0.1449,0.12785622048827594,0.8932781377353043
SAMD4B,0.1035,0.12785622048827594,0.8932781377353043
CCNK,0.0729,0.12785622048827594,0.8932781377353043
RPAIN,0.1249,0.12825771965816093,0.8919164858337284
MRPL37,0.0802,0.12825771965816093,0.8919164858337284
PABPC3,0.2541,0.12825771965816093,0.8919164858337284
PLXNA3,0.1485,0.12866019827749367,0.8905557836463998
NCAPH2,0.1315,0.12866019827749367,0.8905557836463998
ARRB1,0.2401,0.12906365770030448,0.8891960310269029
KRT7,0.4485,0.12906365770030448,0.8891960310269029
CACNG4,0.5673,0.1294585403829254,0.8878692938669432
TRMT10C,0.0825,0.1294680992788836,0.8878372278286626
IDO1,0.4719,0.1298735243637661,0.8864793739049447
SCARB1,0.2197,0.1298735243637661,0.8864793739049447
SEC61A2,0.1778,0.13027993430371787,0.8851224691088532
KAT2B,0.1965,0.13109571413495688,0.8824115063111662
CDCA7,0.23,0.13150508671479572,0.8810574480149777
TNNC1,0.4143,0.13150508671479572,0.8810574480149777
VRK2,0.118,0.13150508671479572,0.8810574480149777
INPP4A,0.1497,0.13191544952677794,0.8797043382572283
SPRR3,0.6063,0.13191544952677794,0.8797043382572283
SPDL1,0.1405,0.13191544952677794,0.8797043382572283
NHP2,0.1058,0.1323268039106011,0.8783521768902186
HSPH1,0.1441,0.13273915120410454,0.8770009637660887
MPP7,0.1758,0.13273915120410454,0.8770009637660887
POLB,0.1201,0.13273915120410454,0.8770009637660887
APOBEC3F,0.1393,0.13273915120410454,0.8770009637660887
STXBP2,0.0674,0.13315249274325544,0.8756506987368157
ICE1,0.096,0.13315249274325544,0.8756506987368157
H2AFJ,0.1333,0.13481582800929354,0.87025911660219
PRKDC,0.133,0.13481582800929354,0.87025911660219
FBN2,0.452,0.1356534957111976,0.8675690102435415
TAF4,0.1133,0.13607383421652747,0.8662253777200416
ACSM3,0.3014,0.13691752713817884,0.8635409532380874
HSPA13,0.1632,0.1373408841893664,0.8622001609805006
PPP1R9A,0.3471,0.13776525005398807,0.8608603151788139
USP18,0.1797,0.13776525005398807,0.8608603151788139
PAGR1,0.1553,0.13819062604437785,0.8595214156830523
PPP1R37,0.1603,0.13904441364144968,0.8568464550085857
GRIP1,0.222,0.13947282786240697,0.8555103935291104
C16orf62,0.1112,0.13947282786240697,0.8555103935291104
CCT6A,0.0969,0.13947282786240697,0.8555103935291104
TESK2,0.171,0.13947282786240697,0.8555103935291104
MDK,0.1654,0.1399022574376524,0.85417527775402
PFN2,0.1492,0.1399022574376524,0.85417527775402
URI1,0.1806,0.1399022574376524,0.85417527775402
RALBP1,0.2436,0.1399022574376524,0.85417527775402
SLC7A1,0.1013,0.14076416785626988,0.8515078827136432
MYLIP,0.2069,0.1411966512969034,0.8501756031462692
EBNA1BP2,0.1499,0.1411966512969034,0.8501756031462692
ZNF180,0.134,0.1411966512969034,0.8501756031462692
C1orf85,0.1246,0.1411966512969034,0.8501756031462692
GABPB2,0.1705,0.14163015528631778,0.8488442686791049
DPY30,0.0979,0.1420646811177063,0.8475138791606934
E2F3,0.2194,0.1420646811177063,0.8475138791606934
LINC00998,0.0969,0.1420646811177063,0.8475138791606934
HIST1H2BG,0.1158,0.14250023008206011,0.8461844344394119
POLR2A,0.0836,0.14250023008206011,0.8461844344394119
ZNF461,0.0709,0.1433744025625259,0.8435283787809209
EPN3,0.2841,0.1438130286494728,0.8422017675396366
SEMA3E,0.4022,0.144693321387045,0.8395515141587163
FANCM,0.0857,0.14469336692693327,0.839551377471557
CEP135,0.1006,0.14513508167465916,0.8382275983396885
NET1,0.1569,0.14557782852935325,0.8369047629389404
DDX39A,0.1243,0.146021608763843,0.8355828711163589
LRRCC1,0.1708,0.146021608763843,0.8355828711163589
MYD88,0.0744,0.146021608763843,0.8355828711163589
CXorf22,0.5026,0.146021608763843,0.8355828711163589
NRAS,0.1043,0.146021608763843,0.8355828711163589
RECQL5,0.0859,0.146021608763843,0.8355828711163589
APOC1,0.2398,0.14691227445180954,0.8329419175930437
ZNF185,0.2429,0.14735916243918595,0.8316228555855646
B3GNT3,0.3039,0.14735916243918595,0.8316228555855646
CASP7,0.1302,0.14780708887412658,0.8303047365427616
SLC46A1,0.1653,0.14780708887412658,0.8303047365427616
SOAT1,0.1327,0.14825605501761194,0.8289875603108421
NDE1,0.101,0.1487060621282072,0.8276713267358459
MYBL1,0.1718,0.14915711146204702,0.826356035663644
TBL1XR1,0.082,0.1496092042728203,0.8250416869399391
SLC19A2,0.1635,0.1496092042728203,0.8250416869399391
PSMB7,0.0987,0.1496092042728203,0.8250416869399391
ZNF682,0.0818,0.15006234181175482,0.823728280410264
DGAT2,0.3854,0.15006234181175482,0.823728280410264
VWDE,0.5454,0.15051634027147948,0.8224163498739929
XPC,0.1174,0.1505165253276015,0.8224158159199844
CERS2,0.1189,0.15097175606661978,0.8211042933142955
RBM12B,0.1214,0.15097175606661978,0.8211042933142955
ATP6V1B1,0.3728,0.15097175606661978,0.8211042933142955
TJP3,0.2736,0.15142803527256174,0.8197937124382231
RBM15,0.1103,0.15142803527256174,0.8197937124382231
RHPN2,0.3199,0.15188536418665685,0.8184840731366241
COX8A,0.09,0.1523437440475967,0.8171753752541854
NRCAM,0.5158,0.1523437440475967,0.8171753752541854
RBM47,0.0838,0.1528031760915195,0.8158676186354238
PGM2,0.1099,0.1528031760915195,0.8158676186354238
CBR1,0.0494,0.15326366155199492,0.8145608031246857
ENY2,0.1064,0.1537252016600081,0.8132549285661483
CALM2,0.0996,0.15418779764394513,0.8119499948038171
NOP56,0.1121,0.15511616214004356,0.8093429490429445
YWHAZ,0.1493,0.15511616214004356,0.8093429490429445
SLC27A4,0.1163,0.15558193309584045,0.8080408367315601
PLEKHA7,0.1392,0.15558193309584045,0.8080408367315601
GTPBP2,0.1076,0.15604876481480073,0.8067396645906972
USP6NL,0.1491,0.15651665851208127,0.8054394324635062
DDX49,0.1117,0.15651665851208127,0.8054394324635062
E2F5,0.238,0.15698561540014666,0.8041401401929662
NUP88,0.1017,0.15698561540014666,0.8041401401929662
LLGL1,0.098,0.15698561540014666,0.8041401401929662
WHSC1L1,0.192,0.15745563668875417,0.8028417876218834
ICA1,0.2664,0.15745563668875417,0.8028417876218834
GNB2,0.106,0.1579267235849372,0.8015443745928943
AP1M2,0.2369,0.1579267235849372,0.8015443745928943
HLA-G,0.4397,0.1579267235849372,0.8015443745928943
CC2D1A,0.1099,0.1583988772929915,0.8002479009484605
PRDX1,0.1191,0.1583988772929915,0.8002479009484605
RDX,0.1797,0.1583988772929915,0.8002479009484605
NAA10,0.1115,0.15887209901445842,0.7989523665308724
B4GALT4,0.2243,0.15887209901445842,0.7989523665308724
PDIA5,0.1159,0.15887209901445842,0.7989523665308724
SCNN1G,0.3678,0.15934638994810923,0.7976577711822488
ADAMDEC1,0.4286,0.15934638994810923,0.7976577711822488
IRAK1,0.1034,0.15934638994810923,0.7976577711822488
SLC35E2,0.2274,0.15934638994810923,0.7976577711822488
PHGDH,0.1948,0.15982175128993104,0.7963641147445335
EBP,0.1084,0.1602981842331097,0.7950713970594993
HSPB8,0.2486,0.1602981842331097,0.7950713970594993
CNTRL,0.0795,0.1607756899680155,0.793779617968744
GLTP,0.2111,0.1607756899680155,0.793779617968744
MANSC1,0.2221,0.16125426968218637,0.7924887773136944
TSEN2,0.1389,0.1617339245603142,0.7911988749356009
NCEH1,0.1089,0.16221465578422756,0.7899099106755417
EIF2AK2,0.0825,0.16269646453287656,0.7886218843744219
WDR74,0.0813,0.16366331930570022,0.7860486450117431
ZBTB21,0.1026,0.16414836767324492,0.784763431631121
ZNF639,0.1264,0.16414836767324492,0.784763431631121
HDAC2,0.1274,0.16414836767324492,0.784763431631121
DPM1,0.0992,0.16414836767324492,0.784763431631121
FLJ22184,0.2944,0.16463449825223486,0.7834791555713098
SNORA80E,0.139,0.16512171220699612,0.7821958166723416
SIPA1L3,0.1251,0.1656100106988838,0.7809134147740721
STYXL1,0.085,0.1656100106988838,0.7809134147740721
HSPB11,0.1133,0.1656100106988838,0.7809134147740721
SDHA,0.1391,0.16609939488626557,0.7796319497161822
PPCS,0.0902,0.16609939488626557,0.7796319497161822
TBX3,0.2957,0.16609939488626557,0.7796319497161822
STRAP,0.091,0.16658986592450653,0.7783514213381775
POLD1,0.1254,0.16708142496595335,0.777071829479388
GRAMD1C,0.2189,0.16757407315992,0.7757931739789654
DNAJA4,0.1516,0.16806781165266937,0.7745154546758894
MRPL11,0.1036,0.16856264158740053,0.7732386714089605
SRD5A3,0.1688,0.16856264158740053,0.7732386714089605
OS9,0.0541,0.16905856410423148,0.771962824016804
SFXN4,0.0744,0.16905856410423148,0.771962824016804
MIPEP,0.0799,0.1695555803401846,0.7706879123378672
MAN1A1,0.2248,0.17005369142916993,0.7694139362104218
CDKN2C,0.2173,0.17005369142916993,0.7694139362104218
CMTM6,0.1101,0.17005369142916993,0.7694139362104218
SNORA70,0.1525,0.17155460510641907,0.7655976195170873
ZNF85,0.0565,0.1725607091366539,0.7630580831726481
S100A9,0.3969,0.1725607091366539,0.7630580831726481
POLR2J2,0.3149,0.17306541297972577,0.7617897169479151
SLC39A11,0.0925,0.17306541297972577,0.7617897169479151
TSEN54,0.0872,0.17306541297972577,0.7617897169479151
ATG7,0.1357,0.17357121952476295,0.7605222851376017
SMCHD1,0.082,0.17357121952476295,0.7605222851376017
S100A8,0.4339,0.1740781298802193,0.7592557875785586
CAD,0.072,0.174586145151298,0.7579902241074546
LOC100093631,0.0927,0.174586145151298,0.7579902241074546
MCCC2,0.1133,0.17509526643993334,0.756725594560782
SPNS2,0.3685,0.17509526643993334,0.756725594560782
ZNF567,0.1194,0.17509526643993334,0.756725594560782
USP1,0.1694,0.17509526643993334,0.756725594560782
PLA2G2F,0.4754,0.17560451567635738,0.7554643203882958
RALA,0.0905,0.17560549484477683,0.7554618987748527
C2orf69,0.0764,0.17662927738118184,0.7529373078295785
SLC25A4,0.1377,0.17662927738118184,0.7529373078295785
EMC1,0.0711,0.17662927738118184,0.7529373078295785
MSTO1,0.1122,0.17765750148346138,0.7504164499585433
MRPS18B,0.0888,0.17920818452247977,0.7466421597867225
C7orf73,0.1042,0.17920818452247977,0.7466421597867225
BRD3,0.0916,0.17920818452247977,0.7466421597867225
FBXO22,0.0686,0.17972730900927059,0.7453859281724391
C20orf24,0.1136,0.18076890960903103,0.7428762616167788
APOPT1,0.0495,0.18129138784846266,0.7416228263442427
SLC12A7,0.172,0.18129138784846266,0.7416228263442427
NUDCD1,0.102,0.1818149861261289,0.7403703228541616
PABPC1,0.1938,0.1818149861261289,0.7403703228541616
ZNF717,0.1919,0.1823397054965764,0.7391187509805017
ZFY,0.6396,0.18286554701084967,0.7378681105570483
ERLIN2,0.2325,0.18339251171647586,0.7366184014174036
ZMPSTE24,0.1384,0.18339251171647586,0.7366184014174036
COX6C,0.1501,0.1839206006574492,0.735369623394988
SLC25A5,0.1157,0.1839206006574492,0.735369623394988
MTFR1,0.0729,0.18444981487421463,0.7341217763230405
RIMKLB,0.1678,0.18498015540365342,0.7328748600346162
AGBL5,0.0879,0.18551162327906678,0.7316288743625878
SMARCA2,0.1484,0.18551162327906678,0.7316288743625878
HERC5,0.2281,0.18657794518302984,0.7291396941982935
FYTTD1,0.0889,0.18657794518302984,0.7291396941982935
CALM3,0.1019,0.18657794518302984,0.7291396941982935
IKZF2,0.1289,0.18711280126014274,0.7278964993708569
RPS6KA5,0.1197,0.18818590875874608,0.7254128993861023
PFKFB2,0.0691,0.18872416220690047,0.7241724938925108
GBP3,0.1424,0.18926355013259488,0.7229330178402875
CLTA,0.0703,0.18926355013259488,0.7229330178402875
TRIM6,0.2488,0.18980407353993167,0.7216944710608347
RMND5A,0.1112,0.18980407353993167,0.7216944710608347
URB2,0.0834,0.19034573342929262,0.7204568533853717
VEPH1,0.359,0.19034573342929262,0.7204568533853717
ZNF823,0.1767,0.19034573342929262,0.7204568533853717
MAGEA12,0.6709,0.1906846694116623,0.7196842217812383
NUCKS1,0.1475,0.19088853079732515,0.7192201646449303
SORD,0.1308,0.19197754193722094,0.7167495732923228
SNRPD3,0.0834,0.19197754193722094,0.7167495732923228
RNFT1,0.0795,0.19252375768356145,0.7155156703412964
COL9A2,0.2625,0.19307111485749606,0.7142826956475727
BSCL2,0.0871,0.19307111485749606,0.7142826956475727
PLIN2,0.1376,0.19361961443676157,0.7130506490412584
ALDH9A1,0.0675,0.19361961443676157,0.7130506490412584
ING4,0.0852,0.19361961443676157,0.7130506490412584
TCF3,0.1049,0.19361961443676157,0.7130506490412584
HSP90B1,0.1501,0.19361961443676157,0.7130506490412584
CPNE3,0.1145,0.1941692573952668,0.7118195303522722
ADAM22,0.2623,0.19472004470307613,0.7105893394103483
HPRT1,0.1262,0.19472004470307613,0.7105893394103483
LOC101928641,0.1683,0.19472004470307613,0.7105893394103483
TYRO3,0.0741,0.1958250562275523,0.708131740085689
CD2AP,0.1353,0.1958250562275523,0.708131740085689
SCPEP1,0.1228,0.1958250562275523,0.708131740085689
CD3EAP,0.1267,0.1958250562275523,0.708131740085689
C20orf96,0.1904,0.1958250562275523,0.708131740085689
MLLT3,0.1114,0.19637928236498892,0.7069043313614878
PHF13,0.0732,0.19637928236498892,0.7069043313614878
RYBP,0.1389,0.19693465669323817,0.7056778497014167
SURF1,0.0885,0.19749118016291267,0.7044522949342747
ZNF738,0.0994,0.19749118016291267,0.7044522949342747
ANKFN1,0.5714,0.19804707396526633,0.7032315696703222
TMEM184A,0.3201,0.1980488537206878,0.7032276668886742
MGAT4A,0.206,0.1980488537206878,0.7032276668886742
LASP1,0.0802,0.1986076783092876,0.7020039653930382
SHMT2,0.1069,0.1986076783092876,0.7020039653930382
PLD3,0.1061,0.19916765486746735,0.700781190275604
CHAMP1,0.1531,0.1997287843300002,0.6995593413644191
PKN1,0.1413,0.1997287843300002,0.6995593413644191
MINA,0.0708,0.20029106762766047,0.698338418487343
NDUFA1,0.0728,0.20029106762766047,0.698338418487343
DPP3,0.1073,0.20141909943137537,0.6958993501460154
VARS,0.1045,0.20141909943137537,0.6958993501460154
WWC1,0.1308,0.201984849778848,0.6946812043365397
MRPS22,0.0628,0.201984849778848,0.6946812043365397
COL6A5,0.5009,0.20253312874844775,0.6935039282227835
BMP3,0.4936,0.20311879959898627,0.6922498787406596
DENND5B,0.2365,0.203119823938141,0.6922476885754871
CAND1,0.0697,0.203119823938141,0.6922476885754871
MTDH,0.1021,0.2036890495669732,0.6910323182775508
ASAH1,0.1519,0.20425943543310376,0.6898178728034525
AMOT,0.4089,0.20483098243476572,0.6886043519795384
HMGN2,0.1421,0.20483098243476572,0.6886043519795384
MYO19,0.0865,0.20483098243476572,0.6886043519795384
COX5A,0.0878,0.2054036914660553,0.6873917556319643
CYTH2,0.1083,0.20655259917312885,0.6849693356695054
ERP44,0.1053,0.20655259917312885,0.6849693356695054
ANAPC4,0.0745,0.20655259917312885,0.6849693356695054
B4GALT1,0.1116,0.20712879961628372,0.6837595117059809
KMT2B,0.0766,0.20712879961628372,0.6837595117059809
MRPS10,0.1219,0.2077061656237792,0.6825506115215135
ACO1,0.0819,0.2077061656237792,0.6825506115215135
APMAP,0.0817,0.20828469806879868,0.6813426349413054
FUZ,0.0556,0.2088643978202971,0.6801355817903679
SAMD12,0.2538,0.2088643978202971,0.6801355817903679
DHCR7,0.1674,0.2094452657429865,0.6789294518935189
DENND1A,0.1098,0.2094452657429865,0.6789294518935189
PTBP3,0.0754,0.21002730269731917,0.6777242450753868
PRKAR2A,0.0442,0.21002730269731917,0.6777242450753868
KIAA1841,0.1448,0.21002730269731917,0.6777242450753868
EXOC3,0.091,0.21061050953947413,0.676519961160406
IFI6,0.3461,0.21119488712134082,0.6753165999728201
GTF3A,0.1114,0.21119488712134082,0.6753165999728201
GGT6,0.3305,0.21148699743617205,0.6747163285977289
PIP5K1B,0.2399,0.21178043629050458,0.6741141613366791
UBR7,0.0899,0.21178043629050458,0.6741141613366791
PHF14,0.1447,0.21236715789023097,0.6729126450758413
NAV2,0.2351,0.2129550527594508,0.6717120510139717
HLA-C,0.1538,0.2129550527594508,0.6717120510139717
WDR45B,0.1072,0.2129550527594508,0.6717120510139717
POT1,0.0467,0.21413436564032995,0.669313628780833
ICMT,0.0674,0.21413436564032995,0.669313628780833
FAM60A,0.1447,0.2147257853080412,0.6681158002559283
ATP1B1,0.2509,0.2147257853080412,0.6681158002559283
ZNF606,0.0905,0.2147257853080412,0.6681158002559283
BTN3A3,0.1105,0.2153183815573202,0.6669188932227195
HS2ST1,0.0673,0.21591215520519713,0.6657229075039047
SLC38A9,0.025,0.21591215520519713,0.6657229075039047
ANKRD46,0.1042,0.21591215520519713,0.6657229075039047
SEH1L,0.0903,0.21591215520519713,0.6657229075039047
DCLK2,0.2381,0.21650710706427723,0.6645278429219882
PLEKHF2,0.0803,0.21710323794272546,0.663333699299279
ECHDC1,0.0962,0.21710323794272546,0.663333699299279
LOC101930307,0.0693,0.21710323794272546,0.663333699299279
MYL12B,0.096,0.21710323794272546,0.663333699299279
SLFN11,0.1918,0.21770054864425126,0.6621404764578923
DTX4,0.2122,0.21770054864425126,0.6621404764578923
DCAF15,0.1109,0.21829903996809352,0.6609481742197487
GSS,0.0897,0.21829903996809352,0.6609481742197487
MED1,0.0586,0.2188987127090063,0.6597567924065728
CASP8AP2,0.1186,0.21949956765724232,0.6585663308398957
ACVR2B,0.1943,0.22010160559853997,0.6573767893410514
PMS2P9,0.1726,0.22010160559853997,0.6573767893410514
CCDC127,0.1238,0.22010160559853997,0.6573767893410514
TOMM34,0.263,0.22070482731410646,0.6561881677311798
HSDL2,0.1027,0.22070482731410646,0.6561881677311798
CCDC124,0.0941,0.22130923358060406,0.6550004658312247
TSPAN13,0.1964,0.22191482517013494,0.6538136834619337
SELT,0.0565,0.22191482517013494,0.6538136834619337
GBAS,0.0583,0.22252160285022626,0.6526278204438579
SCOC,0.1126,0.22252160285022626,0.6526278204438579
STK4,0.0955,0.22312956738381506,0.6514428765973527
RHBDL2,0.1227,0.22312956738381506,0.6514428765973527
HMGCL,0.0627,0.22312956738381506,0.6514428765973527
SCARNA4,0.1218,0.22373871952923363,0.6502588517425766
AFTPH,0.0558,0.2243490600401944,0.6490757456994916
HIST1H2BM,0.2523,0.2249605896657757,0.647893558287862
DDX58,0.165,0.2249605896657757,0.647893558287862
ZNF8,0.0987,0.22557330915040652,0.6467122893272552
KIF5A,0.3429,0.22557330915040652,0.6467122893272552
NDUFB1,0.0848,0.22557330915040652,0.6467122893272552
SLC9A4,0.6113,0.226186166621557,0.6455339597272532
DYNLT1,0.0682,0.22618721923385132,0.6455319386370418
CLDN4,0.1723,0.22680232065119643,0.6443525060363936
ZDHHC21,0.0907,0.22680232065119643,0.6443525060363936
C1QBP,0.0803,0.22741861413283337,0.6431739913442865
SLC17A5,0.1647,0.22741861413283337,0.6431739913442865
SLC29A3,0.1348,0.22741861413283337,0.6431739913442865
KIF2A,0.0606,0.22865478018699825,0.6408197149605989
ZFHX3,0.1192,0.22865478018699825,0.6408197149605989
LYPLA1,0.126,0.22927465419670967,0.6396439529059776
WNK3,0.288,0.22927465419670967,0.6396439529059776
LNX1,0.1787,0.2298957231450527,0.6384691080338117
SMARCC1,0.0776,0.2298957231450527,0.6384691080338117
BST2,0.1785,0.23051798773873045,0.6372951801620846
CAPN5,0.2018,0.23051798773873045,0.6372951801620846
APPL1,0.059,0.23051798773873045,0.6372951801620846
STK3,0.1115,0.23114144867966557,0.6361221691085781
OAS1,0.1137,0.23114144867966557,0.6361221691085781
PWWP2B,0.0818,0.23114144867966557,0.6361221691085781
S100A11,0.061,0.23114144867966557,0.6361221691085781
TSPAN15,0.1524,0.23176610666498343,0.634950074690877
ARRDC1,0.0843,0.23176610666498343,0.634950074690877
PSMA7,0.0808,0.233019016533203,0.6326086350322251
NAPA,0.0724,0.23364726978624328,0.631439289425444
ARL5B,0.0787,0.23364726978624328,0.631439289425444
ZNF331,0.1522,0.23364726978624328,0.631439289425444
IFT81,0.1542,0.23427672282391554,0.630270859722805
CDK11A,0.0116,0.2349073763191456,0.6291033457408924
ARL1,0.085,0.23553923093997609,0.6279367472960894
TBC1D8B,0.0867,0.23553923093997609,0.6279367472960894
BCCIP,0.0883,0.23553923093997609,0.6279367472960894
SLAMF7,0.2835,0.23553923093997609,0.6279367472960894
KDM1B,0.1243,0.23553923093997609,0.6279367472960894
PHYH,0.1511,0.23680654620610397,0.625606296282341
MYH14,0.3153,0.23680654620610397,0.625606296282341
TACSTD2,0.0699,0.23680654620610397,0.625606296282341
CHD6,0.1153,0.23680654620610397,0.625606296282341
EPS8L2,0.0988,0.23807867386842085,0.6232795052086068
FAM189B,0.1055,0.23871654396595832,0.6221174816880656
HN1L,0.0989,0.23871654396595832,0.6221174816880656
ACSL1,0.0843,0.23871654396595832,0.6221174816880656
CDC25B,0.1083,0.23871654396595832,0.6221174816880656
ACACA,0.0638,0.23935561909399006,0.6209563725987098
SMS,0.1489,0.23935561909399006,0.6209563725987098
GAS8,0.0958,0.23935561909399006,0.6209563725987098
SNX31,0.402,0.23935561909399006,0.6209563725987098
NBPF9,0.0044,0.24128008097059161,0.6174785300664737
ZNF326,0.0784,0.24128008097059161,0.6174785300664737
DDX60,0.1468,0.24128008097059161,0.6174785300664737
BAMBI,0.3089,0.2419239825050914,0.6163210768495668
MRPL32,0.095,0.2419239825050914,0.6163210768495668
CLMN,0.1584,0.2419239825050914,0.6163210768495668
TNNT1,0.4927,0.24256722317442647,0.6151678834206982
ZNF28,0.0818,0.24256909218723188,0.6151645371366856
INSIG1,0.1623,0.24256909218723188,0.6151645371366856
PDIA4,0.1248,0.24256909218723188,0.6151645371366856
CYP1A2,0.3556,0.243023348886093,0.6143519988080658
ZNF813,0.0891,0.24321541062533258,0.6140089107417903
MAP4K1,0.1214,0.24321541062533258,0.6140089107417903
KIAA1919,0.0989,0.24321541062533258,0.6140089107417903
STT3A,0.0918,0.24386293842264406,0.6128541974786369
ZNF518A,0.1125,0.24386293842264406,0.6128541974786369
UXS1,0.104,0.24451167617733283,0.6117003971607782
POLR2J3,0.152,0.24451167617733283,0.6117003971607782
BLMH,0.1,0.24516162448246814,0.6105475096015621
RMND5B,0.1177,0.24516162448246814,0.6105475096015621
ATP10B,0.3141,0.24516162448246814,0.6105475096015621
MAEA,0.0834,0.24581278392600625,0.6093955346141351
HSF2,0.1392,0.2471187385544762,0.607094321606203
AADAT,0.1419,0.2471187385544762,0.607094321606203
DUSP16,0.0871,0.24842954466362643,0.6047967566380524
ZNF280C,0.0912,0.2490867684386351,0.6036493416995838
YEATS2,0.0803,0.2490867684386351,0.6036493416995838
PDCL3,0.067,0.2490867684386351,0.6036493416995838
ULK1,0.0947,0.24974520677165313,0.6025028382074762
SLC1A4,0.1837,0.24974520677165313,0.6025028382074762
C1QB,0.1795,0.24974520677165313,0.6025028382074762
C8orf59,0.0752,0.24974520677165313,0.6025028382074762
CASQ1,0.4128,0.25040480650941965,0.6013573391178225
CRLF3,0.0461,0.25040486021446196,0.6013572459734402
PCLO,0.2288,0.25106572931361926,0.6002125648089811
NHLRC3,0.0791,0.25172781461044513,0.5990687945253983
EVPL,0.2427,0.25172781461044513,0.5990687945253983
GLCCI1,0.121,0.25172781461044513,0.5990687945253983
ACBD5,0.0856,0.25172781461044513,0.5990687945253983
SLC1A5,0.0658,0.25239111664100866,0.5979259349337845
COX2,0.1423,0.25239111664100866,0.5979259349337845
CHCHD2,0.0771,0.25239111664100866,0.5979259349337845
KIAA0100,0.0572,0.25239111664100866,0.5979259349337845
TAOK1,0.0884,0.2530556359361138,0.5967839858450261
NUP188,0.0728,0.25372137302128506,0.595642947069804
RNPEP,0.0734,0.25372137302128506,0.595642947069804
KIAA1468,0.0653,0.2543883284167556,0.5945028184185901
TTC39C,0.0395,0.2543883284167556,0.5945028184185901
EHHADH,0.0805,0.2543883284167556,0.5945028184185901
AMACR,0.1185,0.25505650263745105,0.5933635997016515
MRPL30,0.0818,0.2557258961929777,0.592225290729047
ZNF672,0.0531,0.2563965095876082,0.5910878913106278
ATPIF1,0.0943,0.2563965095876082,0.5910878913106278
ERV3-1,0.1534,0.2563965095876082,0.5910878913106278
CLDN7,0.1435,0.2570683433202675,0.5899514012560384
POU6F2,0.5865,0.2577349231804986,0.5888267303937159
WRNIP1,0.0878,0.2577413978845209,0.5888158203747138
KBTBD7,0.1047,0.2577413978845209,0.5888158203747138
SIGMAR1,0.1287,0.2577413978845209,0.5888158203747138
WDR35,0.0141,0.2577413978845209,0.5888158203747138
C14orf2,0.0852,0.2577413978845209,0.5888158203747138
CRAT,0.1599,0.258415673768558,0.5876811484758828
SLC31A1,0.1013,0.258415673768558,0.5876811484758828
EDEM2,0.0363,0.25909117145518135,0.5865473853685647
CMYA5,0.1543,0.25909117145518135,0.5865473853685647
ATP5F1,0.0629,0.259767891421792,0.5854145308615704
CTSV,0.2432,0.2604457801012522,0.5842826748739692
PSMG2,0.0946,0.26044583414037614,0.5842825847635021
ANKS1A,0.1046,0.26044583414037614,0.5842825847635021
PMS1,0.0745,0.2618053896942547,0.5820214170275088
PRKAR2B,0.2384,0.2618053896942547,0.5820214170275088
SEC61B,0.1018,0.2618053896942547,0.5820214170275088
ESRP2,0.1474,0.2618053896942547,0.5820214170275088
S100P,0.1989,0.2624870034463268,0.5808921950057424
PPID,0.0604,0.2624870034463268,0.5808921950057424
TRNT1,0.0475,0.2624870034463268,0.5808921950057424
MX2,0.1175,0.263169841783901,0.5797638806252194
G6PD,0.1281,0.263169841783901,0.5797638806252194
IFI35,0.1007,0.263169841783901,0.5797638806252194
CYFIP2,0.0992,0.263169841783901,0.5797638806252194
SULT1E1,0.5849,0.2634962390105796,0.5792255792696838
VPS37B,0.05,0.2638539051516885,0.5786364736934955
NDUFA8,0.0882,0.2638539051516885,0.5786364736934955
FAM213A,0.1957,0.2638539051516885,0.5786364736934955
MAPK13,0.1206,0.2645391939889058,0.5775099740179155
PABPC4,0.0542,0.2652257087292612,0.5763843814056148
SCARNA8,0.184,0.2652257087292612,0.5763843814056148
SLC11A2,0.1088,0.2652257087292612,0.5763843814056148
PIK3R3,0.1499,0.26591344980094156,0.5752596956635178
ROMO1,0.1071,0.2666024176265993,0.5741359165983385
VAMP5,0.0964,0.26729261262333937,0.5730130440165797
TXLNGY,0.4458,0.26763361416453635,0.5724593410934224
PABPC1L,0.211,0.267984035202706,0.5718910777245328
NLRC5,0.1308,0.26867668577066894,0.5707700175282789
EVL,0.1151,0.26867668577066894,0.5707700175282789
GOLGA4,0.0678,0.26867668577066894,0.5707700175282789
GPD2,0.0935,0.26867668577066894,0.5707700175282789
FAM73B,0.0783,0.2693705647276119,0.5696498632336866
AMZ2,0.1131,0.2693705647276119,0.5696498632336866
MRPS33,0.076,0.2700656724683186,0.5685306146464126
DYNC1LI1,0.0724,0.2700656724683186,0.5685306146464126
MORF4L2,0.1031,0.27076200938195916,0.5674122715719029
IL12RB2,0.1946,0.27076200938195916,0.5674122715719029
SUMO1,0.0773,0.27076200938195916,0.5674122715719029
TBL2,0.0765,0.27076200938195916,0.5674122715719029
REEP4,0.1035,0.27145957585207914,0.5662948338153894
UCHL3,0.0588,0.27145957585207914,0.5662948338153894
DUS1L,0.0856,0.27145957585207914,0.5662948338153894
ZNF585B,0.0543,0.27145957585207914,0.5662948338153894
LSM14B,0.0962,0.27285839896773056,0.5640626734762211
RAB27B,0.1548,0.27285839896773056,0.5640626734762211
ABCA13,0.3472,0.27285839896773056,0.5640626734762211
LOC102723407,0.4952,0.2734873152824725,0.5630628120383382
ATP2A3,0.097,0.2735596563521073,0.562947950502969
NDUFA4,0.1139,0.2735596563521073,0.562947950502969
TPMT,0.0813,0.2735596563521073,0.562947950502969
DAG1,0.0759,0.2735596563521073,0.562947950502969
ACTN4,0.1159,0.2735596563521073,0.562947950502969
BPNT1,0.0822,0.27496586457851724,0.5607212179710372
HLA-H,0.2287,0.27567081612529465,0.5596092080204813
CSK,0.035,0.2763769997547665,0.5584981020185911
EIF1AY,0.5624,0.27723948648124597,0.5571449142491531
FHDC1,0.1783,0.2777930646083635,0.5562786010747032
GPATCH4,0.0719,0.27850294649141016,0.5551702057391168
CHN2,0.1794,0.2792140617749683,0.5540627135650197
TXNDC11,0.118,0.2792140617749683,0.5540627135650197
SNORA53,0.0951,0.27992641077407865,0.5529561243550803
GRHL1,0.2124,0.28135481115015193,0.5507456540372759
PPAP2C,0.2374,0.28135481115015193,0.5507456540372759
TMEM70,0.0861,0.28207086312819263,0.5496417725336733
TMEM258,0.0924,0.28207086312819263,0.5496417725336733
SCLT1,0.0796,0.2827881500239169,0.5485387932027521
NFYC,0.0886,0.2827881500239169,0.5485387932027521
CD3G,0.1421,0.2835066721232885,0.5474367158461036
CDS1,0.1746,0.2842264297064181,0.5463355402651042
KIAA1467,0.1631,0.2842264297064181,0.5463355402651042
SRPRB,0.101,0.2842264297064181,0.5463355402651042
CLEC2D,0.0769,0.2842264297064181,0.5463355402651042
ISOC1,0.1152,0.2842264297064181,0.5463355402651042
GRSF1,0.0723,0.28494742304755294,0.5452352662609121
SGCE,0.097,0.2856696524150626,0.5441358936344701
STAG3,0.2901,0.2856696524150626,0.5441358936344701
LARP1B,0.0756,0.2863931180714284,0.5430374221865037
PRDX6,0.1174,0.2863931180714284,0.5430374221865037
NRIP1,0.1043,0.2863931180714284,0.5430374221865037
SH2D4A,0.2029,0.2871178202732305,0.5419398517175212
DAPP1,0.0144,0.2871178202732305,0.5419398517175212
PDS5B,0.1073,0.2871178202732305,0.5419398517175212
ABCD1,0.1074,0.2878437592711356,0.5408431820278146
PCMTD2,0.0864,0.2878437592711356,0.5408431820278146
ASUN,0.0382,0.28857093530988576,0.5397474129174573
SCYL2,0.0606,0.2892993486282861,0.5386525441863049
TOB1,0.1274,0.2892993486282861,0.5386525441863049
PNPT1,0.0897,0.290028999459192,0.5375585756339966
TRPA1,0.3735,0.290028999459192,0.5375585756339966
CD38,0.366,0.2907598880294987,0.5364655070599516
SOS1,0.0475,0.2907598880294987,0.5364655070599516
ACAT2,0.1116,0.2914920145601281,0.5353733382633719
SKIL,0.1024,0.29222537926601755,0.5342820690432406
DOPEY2,0.0734,0.29222537926601755,0.5342820690432406
TMEM165,0.0727,0.29222537926601755,0.5342820690432406
DRAP1,0.0518,0.2929599823561083,0.5331916991983217
CTSL,0.1389,0.2929599823561083,0.5331916991983217
ZNF398,0.0778,0.2929599823561083,0.5331916991983217
IFT52,0.1678,0.2929599823561083,0.5331916991983217
AZIN1,0.0751,0.29369582403333283,0.5321022285271609
FOXRED1,0.0921,0.29443290449460446,0.5310136568280838
MGST3,0.0987,0.29443290449460446,0.5310136568280838
TUFM,0.106,0.29443290449460446,0.5310136568280838
ZNF397,0.1004,0.29517122393080475,0.5299259838991965
GLCE,0.1287,0.29517122393080475,0.5299259838991965
CCDC138,0.1024,0.2959107825267715,0.5288392095383869
PAK1IP1,0.0908,0.2959107825267715,0.5288392095383869
KRT16,0.2923,0.2959107825267715,0.5288392095383869
SNCG,0.2267,0.2959107825267715,0.5288392095383869
LCK,0.1117,0.2966515804612888,0.527753333543321
ITM2C,0.1767,0.2966515804612888,0.527753333543321
PTER,0.0731,0.2966515804612888,0.527753333543321
COG6,0.0546,0.29739361790707397,0.5266683557114455
LRP6,0.0482,0.29739361790707397,0.5266683557114455
RNF6,0.0611,0.29739361790707397,0.5266683557114455
SSR1,0.0958,0.29813689503076646,0.5255842758399872
GALM,0.1128,0.29813689503076646,0.5255842758399872
RFX5,0.0972,0.2988814119929166,0.524501093725952
KLHDC4,0.0784,0.2996271689479745,0.5234188091661246
PIGK,0.0826,0.2996271689479745,0.5234188091661246
HPGD,0.2792,0.2996271689479745,0.5234188091661246
IMPACT,0.1229,0.300374166044278,0.5223374219570688
PRPS1,0.1075,0.30112240342404195,0.5212569318951275
TAF4B,0.1412,0.30112240342404195,0.5212569318951275
QSER1,0.0725,0.30112240342404195,0.5212569318951275
ZNF543,0.0514,0.30112240342404195,0.5212569318951275
SLC6A14,0.3576,0.3018672775807665,0.520183961956449
ABHD5,0.0806,0.30187188122334585,0.5201773387764225
ALDH3B2,0.3283,0.30187188122334585,0.5201773387764225
NIPSNAP3A,0.0818,0.30187188122334585,0.5201773387764225
POGZ,0.1403,0.30187188122334585,0.5201773387764225
AP1S1,0.0884,0.30187188122334585,0.5201773387764225
UPK1B,0.2093,0.30187188122334585,0.5201773387764225
KIAA1211,0.2302,0.3026225995721248,0.5190986423968525
NIPAL1,0.2032,0.3026225995721248,0.5190986423968525
NNT,0.0523,0.30337455859415585,0.5180208425520957
GOLGA8A,0.1416,0.30412775840704853,0.5169439390376074
MUC16,0.5769,0.30412775840704853,0.5169439390376074
ANKRD36BP2,0.3549,0.30412775840704853,0.5169439390376074
TMEM67,0.1551,0.30563788084494914,0.5147928201801469
UROS,0.0733,0.30563788084494914,0.5147928201801469
CD47,0.1209,0.3063948036742359,0.513718604426973
CYB5R2,0.0909,0.3063948036742359,0.513718604426973
ITLN1,0.5569,0.30744377688326174,0.5122342932929789
ZSCAN9,0.0798,0.3079123730176049,0.511572859244561
MRPL19,0.0427,0.3079123730176049,0.511572859244561
SMARCE1,0.0735,0.3086730196986601,0.5105013294037827
SPAG16,0.014,0.3086730196986601,0.5105013294037827
UQCR10,0.0495,0.30943490782021066,0.509430694455223
OGG1,0.0325,0.30943490782021066,0.509430694455223
HSPA5,0.1085,0.30943490782021066,0.509430694455223
POLD2,0.1021,0.31019803745012553,0.508360954192553
SEC61G,0.0608,0.31019803745012553,0.508360954192553
GPD1L,0.2121,0.31172802147518475,0.5062241568984409
LSR,0.1336,0.31172802147518475,0.5062241568984409
C6orf132,0.0915,0.31172802147518475,0.5062241568984409
GLB1,0.0793,0.3124948759746936,0.5051570994532185
NPIPB3,0.1134,0.3124948759746936,0.5051570994532185
FBRSL1,0.1099,0.3124948759746936,0.5051570994532185
IFT122,0.1069,0.3124948759746936,0.5051570994532185
EMC3,0.1007,0.3124948759746936,0.5051570994532185
IFNAR1,0.0832,0.3124948759746936,0.5051570994532185
COL9A1,0.4472,0.31284146313006744,0.5046756916248957
STOML2,0.1106,0.3132629721912753,0.5040909358663235
MRPL45,0.0393,0.3132629721912753,0.5040909358663235
ATG4C,0.0447,0.31403231016136146,0.5030256659303036
ZDHHC4,0.027,0.3148028899150648,0.5019612894374809
GHITM,0.0825,0.3148028899150648,0.5019612894374809
ZFP30,0.1119,0.3148028899150648,0.5019612894374809
ARL13B,0.0815,0.3148028899150648,0.5019612894374809
SQRDL,0.0545,0.3155747114761682,0.5008978061799522
SLC44A4,0.2169,0.31634777486211496,0.49983521594958835
TGS1,0.0455,0.31712208008399734,0.4987735185380351
AGFG2,0.1667,0.31712208008399734,0.4987735185380351
SLC3A2,0.0593,0.31789762714654735,0.49771271373671133
PARP6,0.0869,0.3186744160481265,0.4966528013368093
PTPRF,0.1376,0.3186744160481265,0.4966528013368093
AACS,0.0807,0.3194524467807145,0.4955937811292955
TRAF2,0.09,0.3194524467807145,0.4955937811292955
ZNF510,0.089,0.32023171932990013,0.4945356529049092
DAP,0.0251,0.32023171932990013,0.4945356529049092
GATA2,0.3101,0.32023171932990013,0.4945356529049092
RARRES3,0.2757,0.3210122336748711,0.49347841645416246
NUCB2,0.1287,0.32179398978840346,0.4924220715673402
NUDT9,0.0109,0.32179398978840346,0.4924220715673402
SLC27A2,0.2216,0.32257698763685183,0.4913666180345001
ANP32B,0.123,0.32257698763685183,0.4913666180345001
ARHGAP28,0.2459,0.32257698763685183,0.4913666180345001
CXADR,0.1754,0.3233612271801398,0.49031205564547176
SNORA65,0.1097,0.3241467083717493,0.48925838418985734
CBLC,0.2461,0.3241467083717493,0.48925838418985734
PARD6B,0.1159,0.32493343115871187,0.48820560345703
THUMPD3,0.0949,0.32493343115871187,0.48820560345703
CHMP4C,0.131,0.3257213954815974,0.48715371323613554
C15orf48,0.2594,0.3265106012745058,0.4861027133160903
RAB15,0.2028,0.3265106012745058,0.4861027133160903
FUT3,0.2856,0.3265106012745058,0.4861027133160903
ATP6V0B,0.0698,0.32730104846505614,0.4850526034855825
OSBPL2,0.0709,0.32809273697437835,0.48400338353307026
ZDHHC23,0.1267,0.32888566671710184,0.4829550532467837
C19orf33,0.272,0.32888566671710184,0.4829550532467837
SBSN,0.205,0.3296796182949502,0.4819079013119467
FASTKD3,0.0562,0.32967983760134745,0.48190761241472285
PPP2R2D,0.0472,0.3304752495287172,0.48086106082465807
HSBP1,0.0816,0.3304752495287172,0.48086106082465807
HSD17B10,0.0703,0.3304752495287172,0.48086106082465807
AGAP11,0.1985,0.3304752495287172,0.48086106082465807
C11orf84,0.1228,0.3304752495287172,0.48086106082465807
MED10,0.0635,0.3304752495287172,0.48086106082465807
ANKMY2,0.0729,0.3312719023942856,0.47981539826412944
TRPC1,0.1665,0.3312719023942856,0.47981539826412944
KIAA0020,0.072,0.3312719023942856,0.47981539826412944
SNORA51,0.2273,0.3320697960865894,0.47877062452044716
TAPBPL,0.0683,0.3328689304876187,0.47772673938069093
RNF213,0.0837,0.3328689304876187,0.47772673938069093
PTH2R,0.4057,0.33366470218513067,0.47668973418141003
ZNF611,0.0592,0.33366930547280726,0.4766837426317103
SEMA3D,0.2202,0.33366930547280726,0.4766837426317103
ERBB4,0.2936,0.3352737766645639,0.47460041345231696
IL17RC,0.0557,0.3360778725891371,0.47356008059444776
KIFAP3,0.081,0.3360778725891371,0.47356008059444776
TOMM6,0.0672,0.33768978434125596,0.47148207727198577
FAM49B,0.0585,0.33768978434125596,0.47148207727198577
ZCCHC7,0.0612,0.3384975998472246,0.47044440637854623
EIF2AK3,0.0538,0.3401169492654045,0.46837172505339253
GATAD1,0.0412,0.3401169492654045,0.46837172505339253
NOC2L,0.0564,0.3409284828162952,0.46733671419143813
FBL,0.0987,0.3409284828162952,0.46733671419143813
CYP4F8,0.4209,0.34174016080981595,0.46630398054219474
PPME1,0.1091,0.3417412553431025,0.46630258957601667
MSX2,0.1966,0.34255526664854696,0.465269350991426
SLC25A13,0.0933,0.34255526664854696,0.465269350991426
TEX10,0.0631,0.34255526664854696,0.465269350991426
ACSS2,0.0367,0.34337051652868633,0.4642369982217302
PSMB8-AS1,0.0948,0.34337051652868633,0.4642369982217302
TXNDC16,0.0952,0.34418700477290665,0.4632055310507597
ARNT,0.0692,0.3450047311639136,0.46217494926211117
C11orf80,0.1048,0.3450047311639136,0.46217494926211117
STXBP4,0.0949,0.3458236954777236,0.4611452526391482
C2orf43,0.0483,0.3458236954777236,0.4611452526391482
PRDX2,0.0667,0.3466438974836572,0.4601164409649985
PPP1CA,0.0562,0.3466438974836572,0.4601164409649985
ZNF436,0.0731,0.3466438974836572,0.4601164409649985
GSTM4,0.1593,0.34746533694432813,0.45908851402255674
CDK19,0.1082,0.3482880136156372,0.4580614715944821
PIK3C2B,0.1096,0.3482880136156372,0.4580614715944821
QPCT,0.1506,0.35076346435151773,0.4549856492195323
ZNF678,0.0788,0.35076346435151773,0.4549856492195323
TTLL12,0.0785,0.35076346435151773,0.4549856492195323
MAN1B1,0.0596,0.3515910872898206,0.4539621426708205
NIPBL,0.0669,0.3524199461172707,0.45293951954624545
ARHGAP27,0.0268,0.3524199461172707,0.45293951954624545
SNORA16A,0.0998,0.3524199461172707,0.45293951954624545
CANT1,0.0457,0.3524199461172707,0.45293951954624545
COMMD7,0.0462,0.3524199461172707,0.45293951954624545
PTP4A2,0.062,0.3524199461172707,0.45293951954624545
ANKRD19P,0.3175,0.35324813047072734,0.45192012793204467
AGA,0.0593,0.35325004054931497,0.45191777962705354
ZNF711,0.1105,0.35325004054931497,0.45191777962705354
QRSL1,0.0412,0.35408137029462927,0.4508969226942559
GTF2H3,0.1005,0.3557477345258764,0.44885785691070146
SGK2,0.2456,0.3557477345258764,0.44885785691070146
SWT1,0.0828,0.3557477345258764,0.44885785691070146
EPS8,0.115,0.3557477345258764,0.44885785691070146
PGM3,0.0565,0.3565827683952403,0.4478396476207824
IRF9,0.0914,0.3565827683952403,0.4478396476207824
NBPF11,0.1103,0.3574190363447215,0.4468223204389321
TBC1D1,0.1015,0.3574190363447215,0.4468223204389321
ND2,0.1501,0.3582565380490288,0.44580587514497627
PDE9A,0.1062,0.36161887566995743,0.44174890843629505
DNAH11,0.3476,0.36161887566995743,0.44174890843629505
TUBB2B,0.4333,0.3624625410301874,0.44073686927087574
TENM1,0.3985,0.3624625410301874,0.44073686927087574
HAT1,0.0349,0.3624625410301874,0.44073686927087574
RPS6KA6,0.2667,0.3633074380500897,0.4397257106673085
NOP10,0.0408,0.3633074380500897,0.4397257106673085
ZNF420,0.1044,0.36415356635650276,0.438715432403751
IFI44L,0.2505,0.36415356635650276,0.438715432403751
SNORA7B,0.1371,0.36415356635650276,0.438715432403751
IFI27,0.2429,0.3650009255693972,0.43770603425812205
RNF38,0.0369,0.3650009255693972,0.43770603425812205
ZBTB37,0.0621,0.3650009255693972,0.43770603425812205
PI4KAP1,0.1206,0.3650009255693972,0.43770603425812205
ABCA3,0.1648,0.3650009255693972,0.43770603425812205
ERGIC3,0.0749,0.3650009255693972,0.43770603425812205
ZNF766,0.0459,0.3650009255693972,0.43770603425812205
SNRPE,0.1065,0.3658495153018694,0.4366975160081007
CCDC125,0.0647,0.3666993351601333,0.43568987743112675
C19orf10,0.1005,0.3666993351601333,0.43568987743112675
ZFYVE19,0.1005,0.3666993351601333,0.43568987743112675
OSER1,0.186,0.36755038474351454,0.4346831183044002
MYBPC1,0.3395,0.36839962336904064,0.43368082247310125
ARNT2,0.1767,0.3684026636444435,0.4336772384048805
CPM,0.2112,0.3684026636444435,0.4336772384048805
TMEM120B,0.0285,0.3684026636444435,0.4336772384048805
HMOX1,0.1424,0.3684026636444435,0.4336772384048805
CIAPIN1,0.0483,0.3684026636444435,0.4336772384048805
SLC25A36,0.0468,0.3684026636444435,0.4336772384048805
ZNF138,0.0791,0.3692561714484479,0.43267223750928685
FANCE,0.1218,0.3692561714484479,0.43267223750928685
FAM63A,0.0577,0.3692561714484479,0.43267223750928685
IL17RE,0.1301,0.3692561714484479,0.43267223750928685
HLA-F,0.1322,0.3692561714484479,0.43267223750928685
ND4,0.1101,0.3692561714484479,0.43267223750928685
ADIPOR2,0.055,0.37011090773414634,0.43166811539409833
MAGI1,0.1223,0.37011090773414634,0.43166811539409833
TM9SF3,0.0643,0.37096687207324164,0.4306648718355529
LCN2,0.4336,0.37182406403051416,0.4296625066096475
TBCE,0.0603,0.3735421290240598,0.4276604102585393
ERLIN1,0.0575,0.3735421290240598,0.4276604102585393
SLC25A32,0.0495,0.37440300115522207,0.4266606786841236
ZNF282,0.0771,0.37440300115522207,0.4266606786841236
PLEKHS1,0.3127,0.37483335549554164,0.4261617692701337
NOLC1,0.0767,0.37526509909432726,0.42566182454392165
NELFB,0.0495,0.37612842237144517,0.42466384761272263
ZIK1,0.1245,0.37612842237144517,0.42466384761272263
PNPO,0.0674,0.3769929705096855,0.42366674766507245
RBM4,0.0827,0.3769929705096855,0.42366674766507245
LDHB,0.0731,0.3769929705096855,0.42366674766507245
ZDHHC18,0.0327,0.3769929705096855,0.42366674766507245
CHID1,0.0459,0.37785874302519007,0.42267052447527503
RASSF2,0.1134,0.3787257394271274,0.42167517781739144
SLC44A3,0.0636,0.3787257394271274,0.42167517781739144
LRRC1,0.1347,0.37959395921768635,0.4206807074652398
CBX5,0.1833,0.38046340189207084,0.41968711319239427
GTF2H5,0.0719,0.38046340189207084,0.41968711319239427
SNORA63,0.0909,0.38046340189207084,0.41968711319239427
FOXJ2,0.1269,0.38046340189207084,0.41968711319239427
GCFC2,0.0345,0.38133406693849226,0.4186943947721869
PRMT5,0.0688,0.38133406693849226,0.4186943947721869
GTF3C4,0.0874,0.38133406693849226,0.4186943947721869
HMGCR,0.0819,0.38133406693849226,0.4186943947721869
DLAT,0.0304,0.3822059538381658,0.4177025519777044
ZNF318,0.0597,0.3822059538381658,0.4177025519777044
ZFAND1,0.06,0.3822059538381658,0.4177025519777044
ATP6V1G1,0.0469,0.3822059538381658,0.4177025519777044
ACSM6,0.3533,0.3837344108263119,0.41596925432812404
BCL7A,0.0806,0.3839533910871049,0.41572149235704553
EID1,0.0021,0.3848289403637605,0.4147322750758237
ZNF254,0.0659,0.3848289403637605,0.4147322750758237
EIF4E3,0.0579,0.3848289403637605,0.4147322750758237
SCRIB,0.0911,0.38570570934843706,0.4137439325102353
MYCN,0.2796,0.38570570934843706,0.4137439325102353
TMEM62,0.089,0.38570570934843706,0.4137439325102353
BTN3A2,0.0519,0.3865836974872757,0.4127564644321463
TET3,0.0804,0.3865836974872757,0.4127564644321463
ARHGAP10,0.0667,0.3865836974872757,0.4127564644321463
PNPLA8,0.0305,0.3865836974872757,0.4127564644321463
CLIC3,0.1491,0.38746290421938656,0.4117698706131772
H1F0,0.1291,0.38746290421938656,0.4117698706131772
PRDM15,0.0935,0.38746290421938656,0.4117698706131772
IQCE,0.0664,0.38834332897684276,0.41078415082470326
PAPD7,0.099,0.38922497118467514,0.40979930483785426
ZNF749,0.0569,0.38922497118467514,0.40979930483785426
C1QC,0.1215,0.38922497118467514,0.40979930483785426
WASH1,0.1431,0.39010783026086715,0.4088153324235141
GPR180,0.0976,0.39010783026086715,0.4088153324235141
FKBP3,0.057,0.39010783026086715,0.4088153324235141
TLE2,0.0945,0.3918771966549939,0.40685000739466626
SNRPD2,0.0435,0.3918771966549939,0.40685000739466626
ZNF84,0.1135,0.3927637027736104,0.40586865432069597
ATAD3B,0.0553,0.3927637027736104,0.40586865432069597
POMK,0.0836,0.3927637027736104,0.40586865432069597
TRPV1,0.0501,0.39365142336194014,0.4048881739003084
SSR3,0.0769,0.39365142336194014,0.4048881739003084
ACAA2,0.0906,0.3954305054713324,0.402929830098643
MGME1,0.0832,0.3954305054713324,0.402929830098643
MME,0.2241,0.3954305054713324,0.402929830098643
ZDHHC9,0.1022,0.39721443795954836,0.4009749741439187
GOLM1,0.1661,0.39721443795954836,0.4009749741439187
WEE1,0.0953,0.39721443795954836,0.4009749741439187
BTN2A2,0.0847,0.39721443795954836,0.4009749741439187
LAMTOR4,0.0781,0.39721443795954836,0.4009749741439187
TRIM21,0.0691,0.399899419883876,0.3980492258775168
SMC6,0.0837,0.399899419883876,0.3980492258775168
LPCAT3,0.0394,0.399899419883876,0.3980492258775168
LRCH4,0.0441,0.399899419883876,0.3980492258775168
SNORA23,0.0719,0.40169545559622244,0.39610308143897305
GAREM,0.146,0.40169545559622244,0.39610308143897305
RPS15A,0.0609,0.4025952857589612,0.3951313148444245
UPK3B,0.3125,0.4025952857589612,0.3951313148444245
GPAA1,0.0211,0.40349632321068485,0.39416041835600246
NIP7,0.0641,0.40439856725594636,0.39319039174062786
TSPYL5,0.0905,0.40439856725594636,0.39319039174062786
MRPL4,0.0723,0.40530201719216996,0.39222123476497295
MAP4K2,0.0283,0.40711253189153784,0.39028552879826
ESPN,0.1643,0.40801959521385534,0.38931897933929543
C1orf106,0.107,0.40801959521385534,0.38931897933929543
HYOU1,0.0846,0.40801959521385534,0.38931897933929543
NDUFS5,0.0447,0.4089278615454728,0.38835329858423767
BCKDHA,0.0486,0.4089278615454728,0.38835329858423767
RPS6KB2,0.0413,0.4089278615454728,0.38835329858423767
STAP2,0.1096,0.4098373301481152,0.38738848629850675
UGGT2,0.0574,0.4098373301481152,0.38738848629850675
NFE2L3,0.1067,0.4098373301481152,0.38738848629850675
OAS2,0.1165,0.4098373301481152,0.38738848629850675
DHCR24,0.1445,0.4107480002763553,0.3864245422472727
WDR83OS,0.0574,0.41165987117761094,0.3854614661954536
CCDC109B,0.0708,0.41165987117761094,0.3854614661954536
PIGN,0.0356,0.41165987117761094,0.3854614661954536
ZNF134,0.0531,0.4125729420921407,0.38449925790771666
TRIM17,0.1585,0.41348715930714275,0.3835379727586924
DVL2,0.0566,0.41348721225304086,0.3835379171484772
CHMP2B,0.0302,0.41348721225304086,0.3835379171484772
TSC22D4,0.044,0.41531934721050245,0.3816178372718934
DERL1,0.1063,0.41531934721050245,0.3816178372718934
ZNF594,0.1145,0.41623721043741213,0.38065909768211986
NDUFB7,0.0642,0.417156269771382,0.37970122467598477
PLEKHA6,0.242,0.41807652440964393,0.37874421801664226
CNOT7,0.0668,0.41899797354224744,0.3777880774669934
MRPL13,0.0759,0.41899797354224744,0.3777880774669934
PFAS,0.0924,0.41992061635205646,0.3768328027896858
FAM3D,0.3472,0.4208400284493584,0.37588295871197386
PLCL2,0.1066,0.42084445201474596,0.37587839374711407
SEMA6C,0.1307,0.42084445201474596,0.37587839374711407
ABHD16A,0.0663,0.4217694796987995,0.37492485010141885
POR,0.104,0.42269569856550615,0.37397217161448704
SLC39A10,0.0055,0.42269569856550615,0.37397217161448704
NIPSNAP1,0.0667,0.4236231077689574,0.37302035804795136
RAI1,0.0663,0.4236231077689574,0.37302035804795136
TUBA1C,0.0802,0.4236231077689574,0.37302035804795136
CHKA,0.104,0.4245517064560448,0.37206940916319037
CXorf57,0.1703,0.4245517064560448,0.37206940916319037
CTSS,0.1162,0.4245517064560448,0.37206940916319037
S100A7,0.3295,0.426319586469036,0.3702647140335709
SPAG17,0.2109,0.426412468832678,0.37017010448323306
CAPNS1,0.0474,0.426412468832678,0.37017010448323306
PIH1D1,0.0676,0.426412468832678,0.37017010448323306
PTPN2,0.015,0.42734463077998275,0.36922174820952014
HSPA6,0.1903,0.42734463077998275,0.36922174820952014
SLC44A1,0.0737,0.42734463077998275,0.36922174820952014
NAA15,0.0503,0.4282779787264367,0.36827425566054783
CYTB,0.1008,0.4282779787264367,0.36827425566054783
STK24,0.1033,0.4282779787264367,0.36827425566054783
STS,0.2701,0.429212511782892,0.36732762659642
HIST1H4I,0.1572,0.43014822905298633,0.36638186077698415
NBPF20,0.0968,0.4310851296331397,0.3654369579618323
ATP5H,0.0654,0.4320232126125527,0.3644929179103002
ZNF140,0.0861,0.4320232126125527,0.3644929179103002
PCYT2,0.0634,0.4320232126125527,0.3644929179103002
MLLT4,0.0944,0.43296247707320434,0.3635497403814674
POLR2J4,0.041,0.43296247707320434,0.3635497403814674
PCMTD1,0.0745,0.43390292208985015,0.36260742513415667
RAB12,0.0715,0.43390292208985015,0.36260742513415667
RASGEF1B,0.161,0.43390292208985015,0.36260742513415667
MC1R,0.1735,0.43390292208985015,0.36260742513415667
OXCT1,0.1748,0.4348445467300197,0.3616659719269342
C19orf12,0.0605,0.4348445467300197,0.3616659719269342
DUS2,0.0551,0.4348445467300197,0.3616659719269342
NDUFV1,0.045,0.4357873500540156,0.360725380518109
SNORA71A,0.1264,0.4367313311149107,0.359785650665733
ZNF37A,0.0677,0.4367313311149107,0.359785650665733
ZNF223,0.0812,0.4367313311149107,0.359785650665733
SCD,0.1328,0.4367313311149107,0.359785650665733
MISP,0.2538,0.43767643701331793,0.3588468336714423
PTPN20B,0.1305,0.43767648895854727,0.3588467821276003
MYO5C,0.1067,0.43767648895854727,0.3588467821276003
WDR3,0.0414,0.43767648895854727,0.3588467821276003
CCRN4L,0.1041,0.43767648895854727,0.3588467821276003
FGD3,0.0526,0.43767648895854727,0.3588467821276003
DNAJB1,0.0442,0.43957033114124733,0.35697162802395427
FAM161A,0.0759,0.43957033114124733,0.35697162802395427
ZNF101,0.0243,0.43957033114124733,0.35697162802395427
ENO1,0.1252,0.4405190135358251,0.3560353419727401
CNIH4,0.0558,0.4414688688241698,0.35509991626436765
ERCC2,0.0641,0.4414688688241698,0.35509991626436765
SCN5A,0.1707,0.4414688688241698,0.35509991626436765
HELB,0.0907,0.4414688688241698,0.35509991626436765
NBPF1,0.068,0.4414688688241698,0.35509991626436765
POTEG,0.3555,0.4415344612509121,0.35503539458461636
GAD1,0.0495,0.44241984428787084,0.35416540143338754
CCL3,0.286,0.44241989601594434,0.3541653506553407
SLC25A39,0.0468,0.44337209411357226,0.35323164490190384
EMD,0.0902,0.44337209411357226,0.35323164490190384
ITSN2,0.0567,0.4443254621122352,0.35229879876004316
ZNF273,0.1001,0.4443254621122352,0.35229879876004316
IMPA1,0.0303,0.44527999899987325,0.35136681198548486
ESCO1,0.0521,0.44527999899987325,0.35136681198548486
MIEN1,0.0153,0.446235703757182,0.3504356843336964
TGIF1,0.062,0.446235703757182,0.3504356843336964
LOC101929206,0.1033,0.4471925753576137,0.3495054155598845
CETN3,0.0569,0.4481506127673739,0.3485760054189972
ACVR2A,0.0286,0.4491098149454228,0.34764745366572136
ARF5,0.0477,0.4491098149454228,0.34764745366572136
LYZ,0.1614,0.4491098149454228,0.34764745366572136
BOLA3,0.0635,0.4491098149454228,0.34764745366572136
AK9,0.0626,0.4491098149454228,0.34764745366572136
DDHD2,0.1517,0.45007018084347294,0.34671976005448407
ZNF257,0.0477,0.45007018084347294,0.34671976005448407
GRWD1,0.0448,0.45007018084347294,0.34671976005448407
EGFL6,0.2729,0.45007018084347294,0.34671976005448407
WFS1,0.085,0.45103170940598936,0.3457929243394514
ATP6,0.1088,0.45103170940598936,0.3457929243394514
SARS2,0.1336,0.45103170940598936,0.3457929243394514
UBASH3B,0.0778,0.45103170940598936,0.3457929243394514
ARHGAP12,0.0745,0.45199439957018817,0.34486694627452896
GORASP1,0.0652,0.45199439957018817,0.34486694627452896
PSTPIP2,0.0888,0.452958250266037,0.3439418256133608
USP20,0.0448,0.452958250266037,0.3439418256133608
GLDC,0.3414,0.45392326041625297,0.34301756210933054
ZCRB1,0.0516,0.45392326041625297,0.34301756210933054
PRDX3,0.0376,0.45392326041625297,0.34301756210933054
SCCPDH,0.17,0.45488942893630424,0.34209415551555933
BTN3A1,0.0543,0.45488942893630424,0.34209415551555933
CD19,0.1739,0.4553724362255731,0.3416332608474107
MACROD2,0.1224,0.4558567547344078,0.3411716055849073
DENND2D,0.0706,0.4558567547344078,0.3411716055849073
PER3,0.1214,0.4558567547344078,0.3411716055849073
RALGPS2,0.0789,0.4558567547344078,0.3411716055849073
PGRMC2,0.0495,0.4568252367115304,0.3402499120699721
CDK16,0.0388,0.4568252367115304,0.3402499120699721
PXYLP1,0.0592,0.4568252367115304,0.3402499120699721
SUMF1,0.041,0.4568252367115304,0.3402499120699721
RHEB,0.0908,0.4568252367115304,0.3402499120699721
ME3,0.0708,0.4568252367115304,0.3402499120699721
TCEB1,0.0573,0.4577948737613876,0.33932907472308993
IRF5,0.0217,0.4577948737613876,0.33932907472308993
ZBTB10,0.0396,0.4577948737613876,0.33932907472308993
XIAP,0.0256,0.4577948737613876,0.33932907472308993
CD2,0.079,0.4587656647704442,0.3384090932963339
MTMR12,0.1159,0.4587656647704442,0.3384090932963339
ANKRD18B,0.299,0.4597375577378543,0.3374900156057365
CAPN1,0.0446,0.4597376086179139,0.3374899675415148
AKT3,0.1109,0.4607107041757593,0.33657169721018043
THOC7,0.053,0.4616849503086917,0.335654282053616
P4HTM,0.1009,0.4616849503086917,0.335654282053616
NQO1,0.0793,0.4626603458741724,0.33473772182284267
ATP5A1,0.0668,0.46363688972241124,0.3338220162686188
PIM1,0.0484,0.46363688972241124,0.3338220162686188
CDV3,0.0382,0.4646145806963683,0.33290716514143864
TRAP1,0.0629,0.46559341763175366,0.33199316819153263
TPI1,0.0606,0.46559341763175366,0.33199316819153263
ZSCAN26,0.0079,0.466573399357028,0.331080025168867
POF1B,0.0475,0.466573399357028,0.331080025168867
ZNF155,0.0174,0.4675545246934032,0.33016773582314346
PDHA1,0.0651,0.4675545246934032,0.33016773582314346
HSP90AB1,0.0642,0.4685367924548427,0.32925629990379934
SFMBT1,0.0145,0.4685367924548427,0.32925629990379934
WAC,0.0514,0.4685367924548427,0.32925629990379934
SH3TC2,0.0702,0.4695202014480625,0.328345717160007
TNFRSF21,0.1332,0.4705047504725317,0.3274359873406737
PCGF5,0.0508,0.4705047504725317,0.3274359873406737
OPHN1,0.0871,0.4705047504725317,0.3274359873406737
LOC102723773,0.0468,0.47149043832047355,0.32652711019444147
MAL2,0.218,0.47149043832047355,0.32652711019444147
OSTC,0.0614,0.47247726377686594,0.325619085469687
WIPI1,0.0409,0.47247726377686594,0.325619085469687
RICTOR,0.0439,0.47247726377686594,0.325619085469687
LILRB4,0.1664,0.47247726377686594,0.325619085469687
MAP2K4,0.0587,0.47247726377686594,0.325619085469687
SSB,0.0254,0.47247726377686594,0.325619085469687
KIAA1107,0.0696,0.47346522561944304,0.3247119129145209
RNASEH2B,0.059,0.4744543226186957,0.32380559227678823
TMEM237,0.0466,0.4754445535378733,0.32290012330406737
FAM111A,0.0851,0.4754445535378733,0.32290012330406737
SYNE2,0.0677,0.4774284121527973,0.3210917393426441
ZNF776,0.0451,0.4774284121527973,0.3210917393426441
KRT19,0.1047,0.4774284121527973,0.3210917393426441
EPN2,0.0453,0.4774284121527973,0.3210917393426441
TWSG1,0.0627,0.4784220373388438,0.32018882384776637
PEG10,0.3574,0.4784220373388438,0.32018882384776637
MFSD6,0.0254,0.4784220373388438,0.32018882384776637
CRIP1,0.1141,0.47941679142541826,0.31928675900554915
FAT3,0.4453,0.48041267313958,0.3183855445622371
ZNF623,0.0171,0.48041267313958,0.3183855445622371
TTC3,0.0649,0.48041267313958,0.3183855445622371
CD3E,0.0926,0.48140968120115524,0.3174851802638072
GRPEL1,0.0363,0.48240781432273805,0.31658566585596876
GCDH,0.0479,0.48240781432273805,0.31658566585596876
CRY1,0.0423,0.48240781432273805,0.31658566585596876
EIF1B,0.0874,0.48240781432273805,0.31658566585596876
LLGL2,0.1006,0.48240781432273805,0.31658566585596876
SPTSSB,0.2202,0.48340702162169535,0.3156870456341832
ZNF76,0.0807,0.4834070712096926,0.31568700108416325
GPR98,0.3698,0.4834070712096926,0.31568700108416325
RAB4A,0.04,0.4834070712096926,0.31568700108416325
TCAIM,0.0552,0.4834070712096926,0.31568700108416325
PLCE1,0.1087,0.4844074505601551,0.3147891856935637
SLC41A3,0.0373,0.4844074505601551,0.3147891856935637
SNAPC4,0.0562,0.485408951065035,0.31389221942907514
PHF19,0.06,0.485408951065035,0.31389221942907514
QSOX1,0.1061,0.485408951065035,0.31389221942907514
TTC7B,0.132,0.485408951065035,0.31389221942907514
LRRC37A3,0.1312,0.48641157140801794,0.31299610203533357
PTBP2,0.0132,0.48641157140801794,0.31299610203533357
SPTBN2,0.1519,0.48641157140801794,0.31299610203533357
RANGAP1,0.042,0.4874153102655666,0.31210083325670673
BACH1,0.0416,0.4874153102655666,0.31210083325670673
ABHD4,0.0573,0.4874153102655666,0.31210083325670673
TCP11L1,0.1155,0.4884201663069242,0.3112064128372927
CFDP1,0.062,0.4884201663069242,0.3112064128372927
RBCK1,0.0527,0.4884201663069242,0.3112064128372927
DOCK8,0.0377,0.4884201663069242,0.3112064128372927
R3HDM1,0.0348,0.4884201663069242,0.3112064128372927
CAMTA1,0.0477,0.4894261381941155,0.3103128405209209
SETD8,0.0429,0.4894261381941155,0.3103128405209209
ARMCX2,0.0059,0.4904332245819497,0.30942011605115094
SNORA12,0.0605,0.4904332245819497,0.30942011605115094
COX7A2,0.0179,0.4904332245819497,0.30942011605115094
ZNF33A,0.0792,0.4904332245819497,0.30942011605115094
IFI44,0.1078,0.49144142411802294,0.3085282391712727
GALE,0.0704,0.49144142411802294,0.3085282391712727
SLC38A10,0.0175,0.49245073544272033,0.30763720962430613
SELL,0.1466,0.49346115718921857,0.30674702715300123
FAM208B,0.0605,0.49346115718921857,0.30674702715300123
GPI,0.0698,0.49447268798348853,0.30585769149983755
TMEM64,0.1085,0.49447268798348853,0.30585769149983755
IRF4,0.0904,0.4954853264442981,0.3049692024070241
GIPC1,0.0511,0.4954853264442981,0.3049692024070241
ZNF860,0.1054,0.4964990711832148,0.30408155961649896
IFI30,0.1406,0.4964990711832148,0.30408155961649896
TSPAN14,0.0473,0.4964990711832148,0.30408155961649896
FRS2,0.2566,0.4975139208046082,0.30319476286992963
LYPLA2,0.0572,0.49852987390565395,0.30230881190871167
ASF1A,0.0626,0.49852987390565395,0.30230881190871167
NPIPA1,0.0838,0.49852987390565395,0.30230881190871167
CAB39L,0.0609,0.49852987390565395,0.30230881190871167
ZNF544,0.0558,0.49852987390565395,0.30230881190871167
SLC44A2,0.1098,0.49954692907633547,0.3014237064739698
UQCRQ,0.0512,0.49954692907633547,0.3014237064739698
HTATIP2,0.0861,0.49954692907633547,0.3014237064739698
CHPT1,0.1154,0.5005650848994476,0.3005394463065569
ACOXL,0.2311,0.5015843399505999,0.2996560311470537
KIAA1522,0.075,0.5015843399505999,0.2996560311470537
EPM2AIP1,0.032,0.5015843399505999,0.2996560311470537
EFNA1,0.1208,0.5015843399505999,0.2996560311470537
CIRH1A,0.059,0.5026046927982196,0.2987734607357691
ARRB2,0.0818,0.5026046927982196,0.2987734607357691
RIOK3,0.0275,0.5026046927982196,0.2987734607357691
SOCS4,0.0293,0.5036261420035546,0.2978917348127398
ZNF112,0.0687,0.5036261420035546,0.2978917348127398
B4GALT5,0.0706,0.5036261420035546,0.2978917348127398
RABL6,0.0163,0.5046486861206774,0.2970108531177296
PCGF3,0.0715,0.5046486861206774,0.2970108531177296
FGFR2,0.1161,0.5056723236964883,0.2961308153902298
C1QA,0.0816,0.5056723236964883,0.2961308153902298
C11orf54,0.0311,0.5056723236964883,0.2961308153902298
CUTA,0.0298,0.5056723236964883,0.2961308153902298
ADCK2,0.0595,0.5066970532707187,0.2952516213694587
FAM129B,0.0608,0.5066970532707187,0.2952516213694587
RRM2B,0.0842,0.5066970532707187,0.2952516213694587
NUP153,0.0944,0.5077228733759351,0.2943732707943612
SPPL2B,0.0643,0.5087497825375422,0.2934957634036093
LRPAP1,0.025,0.5097777792737876,0.2926190989356006
MAN1A2,0.059,0.5097777792737876,0.2926190989356006
NEK4,0.062,0.5097777792737876,0.2926190989356006
BTG3,0.0692,0.5108068620957645,0.2917432771284595
MPZL1,0.0624,0.5108068620957645,0.2917432771284595
SNORA52,0.0686,0.5118370295074162,0.29086829772003614
OTULIN,0.0285,0.5118370295074162,0.29086829772003614
GRHL2,0.1643,0.5118370295074162,0.29086829772003614
BHMT,0.3198,0.5123446297875126,0.2904378115524551
PDIA6,0.0769,0.5128682800055402,0.2899941604479062
ASCC2,0.0286,0.5128682800055402,0.2899941604479062
TRHDE,0.2395,0.5139006120797917,0.28912086504937135
CABYR,0.0549,0.5149340242126884,0.28824841126145795
MALT1,0.0432,0.5159685148796144,0.2873767988209179
CCL11,0.1567,0.5159685148796144,0.2873767988209179
ZNF548,0.0618,0.5170040825488242,0.2865060274642276
LOC146880,0.0555,0.5180407256814478,0.2856360969275884
HMGA1,0.1199,0.5180407256814478,0.2856360969275884
APOE,0.2104,0.5190784427314943,0.28476700694692586
RALGAPB,0.0612,0.5190784427314943,0.28476700694692586
L1CAM,0.335,0.5201172321458567,0.28389875725789004
CEP290,0.0119,0.5201172321458567,0.28389875725789004
TAF3,0.0445,0.5211570923643173,0.28303134759585447
CLN6,0.049,0.5211570923643173,0.28303134759585447
NT5C2,0.0532,0.5211570923643173,0.28303134759585447
DDX60L,0.0827,0.522198021819551,0.2821647776959171
SMARCAD1,0.0524,0.522198021819551,0.2821647776959171
IFIT1,0.1187,0.523240018937131,0.2812990472928989
GPR160,0.1517,0.523240018937131,0.2812990472928989
YIF1A,0.0393,0.523240018937131,0.2812990472928989
NAAA,0.0261,0.523240018937131,0.2812990472928989
SNORA68,0.1242,0.5242830821355335,0.2804341561213446
MUC21,0.2257,0.5245484201169072,0.28021441668109925
IFT57,0.0223,0.5253272098261426,0.2795701039155216
SLC1A6,0.323,0.5260298767705047,0.27898958864458295
NT5DC3,0.0805,0.5263724004132546,0.2787068904094208
SNORD22,0.0011,0.5263724004132546,0.2787068904094208
PLBD1,0.0269,0.5274186522940841,0.27784451533675547
SNORA34,0.0536,0.5274186522940841,0.27784451533675547
RB1CC1,0.0751,0.5274186522940841,0.27784451533675547
CCDC64,0.0584,0.5274186522940841,0.27784451533675547
PSMB5,0.0502,0.5274186522940841,0.27784451533675547
FBP1,0.0949,0.5284659638587688,0.2769829784309614
INTS5,0.0347,0.5295143334903742,0.2761222794251966
GABRB3,0.1776,0.5305635731676341,0.2752625706283827
RETSAT,0.0462,0.5305637595648998,0.27526241805234136
TMEM40,0.0597,0.5305637595648998,0.27526241805234136
TOM1L2,0.057,0.5305637595648998,0.27526241805234136
SNORD3D,0.1179,0.5305637595648998,0.27526241805234136
KRT14,0.2892,0.5316142404512837,0.2744033940449974
VDAC3,0.0754,0.5326657745114084,0.27354520713548863
GCNT4,0.0457,0.5326657745114084,0.27354520713548863
NOP58,0.0493,0.5337183601001061,0.27268785705586013
SF3B5,0.0499,0.5337183601001061,0.27268785705586013
BASP1,0.024,0.5347719955651651,0.2718313435378779
PRKCI,0.0697,0.5347719955651651,0.2718313435378779
DRAM1,0.1,0.5347719955651651,0.2718313435378779
ODC1,0.0076,0.5347719955651651,0.2718313435378779
FMNL2,0.0555,0.5347719955651651,0.2718313435378779
STK35,0.0534,0.5358266792473341,0.2709756663130295
ZNF718,0.1084,0.5368824094803293,0.2701208251125229
PANX1,0.0261,0.5368824094803293,0.2701208251125229
SLC7A5,0.0865,0.5379391845908394,0.26926681966728677
BCL2L1,0.0245,0.5379391845908394,0.26926681966728677
SH3GL1,0.0416,0.5379391845908394,0.26926681966728677
STXBP1,0.011,0.5379391845908394,0.26926681966728677
WNK2,0.1689,0.5389970028985324,0.26841364970796994
NOP2,0.0397,0.5389970028985324,0.26841364970796994
MSI2,0.0225,0.5389970028985324,0.26841364970796994
SLC7A11,0.0623,0.5400558627160601,0.26756131496494173
ATP6AP2,0.0312,0.5411157623490658,0.26670981516829123
FAM107B,0.1165,0.5421767000961897,0.26585915004782706
TLR3,0.0356,0.5421767000961897,0.26585915004782706
PARP12,0.0671,0.5432386742490749,0.26500931933307775
KIAA1244,0.1983,0.5453657249037566,0.263312160037433
TFAM,0.0224,0.5464307979539128,0.2624648309141899
CUL7,0.0775,0.5464307979539128,0.2624648309141899
CTC1,0.021,0.5464307979539128,0.2624648309141899
LIPH,0.1009,0.5464307979539128,0.2624648309141899
ZNF780B,0.0384,0.5464307979539128,0.2624648309141899
ZNF845,0.036,0.5474969005065631,0.2616183351119657
PROSC,0.1693,0.5474969005065631,0.2616183351119657
ATP5B,0.0564,0.5474969005065631,0.2616183351119657
TMTC2,0.0485,0.5474969005065631,0.2616183351119657
DDX3Y,0.5813,0.548563849510979,0.2607728158988318
AK3,0.0668,0.5485640308184627,0.2607726723588833
FBLN1,0.0484,0.5485640308184627,0.2607726723588833
SLC22A23,0.0499,0.5485640308184627,0.2607726723588833
TAF9B,0.0714,0.5485640308184627,0.2607726723588833
ZNF765,0.002,0.5485640308184627,0.2607726723588833
PROM1,0.2565,0.5490979355493893,0.26035018911013474
ZNF184,0.0721,0.5496321871394099,0.2599278423827835
ITGAL,0.0327,0.5507013677122514,0.25908384491122516
CTSD,0.0222,0.5507013677122514,0.25908384491122516
LOC100293211,0.2547,0.5507013677122514,0.25908384491122516
ZNF222,0.0563,0.5507013677122514,0.25908384491122516
DTNB,0.0609,0.5507013677122514,0.25908384491122516
NPAT,0.0138,0.5517715707728897,0.25824067967148545
SIRT2,0.0607,0.5517715707728897,0.25824067967148545
TAB3,0.0725,0.5539150372664895,0.25655684479515684
ATP13A4,0.2165,0.5539150372664895,0.25655684479515684
HSPD1,0.0599,0.5539150372664895,0.25655684479515684
LPHN1,0.1388,0.5539150372664895,0.25655684479515684
ARG2,0.0751,0.5539150372664895,0.25655684479515684
NEDD9,0.1421,0.5549882971365988,0.2557161746117087
NCOA3,0.068,0.5549882971365988,0.2557161746117087
GALC,0.0467,0.5560625723688148,0.25487633556636063
BCAT2,0.1121,0.5571378611644258,0.2540373273849752
MYO6,0.0451,0.5571378611644258,0.2540373273849752
IFIT2,0.1046,0.5582141617178178,0.25319914979313196
ZNF468,0.0582,0.5592914722164841,0.2523618025161264
ARHGEF26,0.0604,0.5592914722164841,0.2523618025161264
ZNF252P,0.0356,0.5603697908410301,0.25152528527897094
USP9Y,0.4591,0.5609092832143899,0.2511073722289907
CEL,0.237,0.5614491157651836,0.25068959780639316
POLR1B,0.0255,0.5625294451558007,0.24985473982283674
BCKDHB,0.0648,0.5625294451558007,0.24985473982283674
CEBPA,0.1099,0.5625294451558007,0.24985473982283674
AGPAT6,0.0535,0.5625294451558007,0.24985473982283674
GLUL,0.0238,0.5636107771728739,0.2490207110524608
FLOT2,0.0441,0.5636107771728739,0.2490207110524608
SH3KBP1,0.0135,0.5646931099695401,0.24818751121913973
HILPDA,0.1418,0.5657764416920884,0.24735514004646325
ZNF439,0.0383,0.5657764416920884,0.24735514004646325
NCL,0.0426,0.5657764416920884,0.24735514004646325
VDAC1,0.0365,0.5657764416920884,0.24735514004646325
ZNF256,0.0173,0.5657764416920884,0.24735514004646325
RAB18,0.0175,0.566860770479968,0.24652359725773573
ALG8,0.0522,0.566860770479968,0.24652359725773573
PARGP1,0.0488,0.566860770479968,0.24652359725773573
KLHL9,0.086,0.5679460944657957,0.24569288257597663
LRRN1,0.119,0.5679460944657957,0.24569288257597663
AIM1L,0.1208,0.5690324117753655,0.24486299572391937
DDX26B,0.1062,0.5701197205276549,0.24403393642401208
HNRNPA0,0.0299,0.5701197205276549,0.24403393642401208
MEGF9,0.0102,0.5701197205276549,0.24403393642401208
CNGA1,0.194,0.5712080188348347,0.24320570439841682
ARL8B,0.0181,0.5712080188348347,0.24320570439841682
PNRC2,0.0265,0.5712080188348347,0.24320570439841682
CFB,0.1521,0.5712080188348347,0.24320570439841682
RPGRIP1L,0.0323,0.5722973048022764,0.24237829936900956
HIP1R,0.0443,0.5733875765285608,0.24155172105738001
LMTK2,0.0317,0.5733875765285608,0.24155172105738001
RAB21,0.0474,0.5733875765285608,0.24155172105738001
SFI1,0.001,0.5744788321054869,0.24072596918483113
MMP11,0.0407,0.5744788321054869,0.24072596918483113
PSG4,0.2575,0.5754614315841966,0.2399837782226433
SLC10A3,0.0259,0.57557106961808,0.23990104347237942
SNORA6,0.1044,0.57557106961808,0.23990104347237942
TMED9,0.0354,0.57557106961808,0.23990104347237942
ATP8B1,0.0454,0.5766642871446006,0.23907694364075427
WSB2,0.0501,0.5766642871446006,0.23907694364075427
DNAJB9,0.056,0.577758482756553,0.23825366941039794
TBCEL,0.0649,0.577758482756553,0.23825366941039794
ZNF552,0.0945,0.5788536545186941,0.23743122050146537
FANCF,0.0293,0.5799498004890421,0.23660959663382414
ORMDL3,0.0118,0.5810469187188864,0.23578879752705356
SLC1A3,0.1372,0.5810469187188864,0.23578879752705356
AGTPBP1,0.0325,0.5810469187188864,0.23578879752705356
YWHAG,0.0402,0.582145007252795,0.23496882290044555
COX1,0.0647,0.5832440641286252,0.23414967247300356
MDC1,0.1411,0.5832440641286252,0.23414967247300356
DMXL2,0.0457,0.5832440641286252,0.23414967247300356
PLA2G7,0.1712,0.5843440873775316,0.23333134596344274
NDUFAF3,0.0278,0.5843440873775316,0.23333134596344274
GALNT7,0.0422,0.5843440873775316,0.23333134596344274
RIMS2,0.238,0.5854450750239764,0.23251384309018955
NT5DC2,0.039,0.5865470250857373,0.2316971635713821
CD3D,0.0194,0.5887538044929601,0.23006627346820993
CCDC66,0.0387,0.5887538044929601,0.23006627346820993
MCF2L,0.0435,0.5887538044929601,0.23006627346820993
ADAM15,0.0813,0.5887538044929601,0.23006627346820993
TMEM116,0.0435,0.5887538044929601,0.23006627346820993
NEDD8,0.0419,0.5887538044929601,0.23006627346820993
SYTL5,0.2081,0.5898586298406456,0.22925206231867515
PDK2,0.0275,0.5898586298406456,0.22925206231867515
UPK3A,0.3179,0.5898586298406456,0.22925206231867515
CKLF,0.0738,0.5920711417798681,0.2276261064086118
MFSD1,0.0345,0.5920711417798681,0.2276261064086118
ATP5E,0.0508,0.5931788243337852,0.22681436108117495
UBA6,0.0266,0.5931788243337852,0.22681436108117495
PPDPF,0.0256,0.5931788243337852,0.22681436108117495
SNORA67,0.0705,0.5931788243337852,0.22681436108117495
PVRL2,0.0142,0.5931788243337852,0.22681436108117495
AIP,0.0383,0.5931788243337852,0.22681436108117495
CLASRP,0.0308,0.5931788243337852,0.22681436108117495
CDH1,0.0627,0.5942874552411261,0.22600343712704585
XRRA1,0.0508,0.5942874552411261,0.22600343712704585
NAPG,0.0352,0.5953970324665456,0.22519333426204483
LINC01061,0.0474,0.5953970324665456,0.22519333426204483
ST14,0.0358,0.5953970324665456,0.22519333426204483
EXOSC7,0.0414,0.5976190176972691,0.22357559066125565
OCLN,0.088,0.5976190176972691,0.22357559066125565
ORAOV1,0.1124,0.5987314215989427,0.2227679493556545
KCTD3,0.0217,0.5987314215989427,0.2227679493556545
HOXA13,0.0019,0.5998447222591243,0.22196115793911703
CSTB,0.0595,0.5998447636114543,0.22196112799955525
TMC5,0.2254,0.6009590416665803,0.22115512630732326
EBAG9,0.0205,0.6009590416665803,0.22115512630732326
TRIM44,0.0513,0.6009590416665803,0.22115512630732326
LOC284379,0.3322,0.6018403849431344,0.22051867340968223
SYT17,0.0894,0.6031903975990651,0.2195455807704655
HSD17B11,0.0685,0.6031903975990651,0.2195455807704655
KRTCAP3,0.0401,0.6031903975990651,0.2195455807704655
CHML,0.0636,0.6031903975990651,0.2195455807704655
PHLPP1,0.063,0.604307471307294,0.21874203635311196
ZNF585A,0.0548,0.6054254727198982,0.2179393104541701
BAG4,0.069,0.6054254727198982,0.2179393104541701
ETAA1,0.0241,0.6054254727198982,0.2179393104541701
DENND1B,0.0124,0.6065443997360356,0.21713740278654525
LYN,0.0641,0.6076642502483715,0.21633631306285095
SEPT8,0.0308,0.6076642502483715,0.21633631306285095
GALNT3,0.023,0.6087850221430913,0.21553604099540724
PDE7A,0.0297,0.6087850221430913,0.21553604099540724
PRSS8,0.1886,0.6087850221430913,0.21553604099540724
CDK5RAP3,0.0382,0.6110293215920846,0.21393794867708804
WIZ,0.0102,0.6110293215920846,0.21393794867708804
GNAQ,0.131,0.6110293215920846,0.21393794867708804
ITGB7,0.0099,0.6121528448864231,0.21314012784938774
CYP51A1,0.0624,0.6121528448864231,0.21314012784938774
SDHAP2,0.0598,0.6121528448864231,0.21314012784938774
SLC41A2,0.0859,0.6121528448864231,0.21314012784938774
BSG,0.0844,0.6121528448864231,0.21314012784938774
PLEKHA5,0.0831,0.6121528448864231,0.21314012784938774
HKR1,0.0596,0.613277281043298,0.2123431235242877
TMCO4,0.0289,0.613277281043298,0.2123431235242877
STARD3NL,0.0388,0.614402627916656,0.2115469354126417
TMEM109,0.0241,0.614402627916656,0.2115469354126417
CLUH,0.0646,0.614402627916656,0.2115469354126417
ACAP3,0.0659,0.6155288833540299,0.2107515632250092
ANO8,0.0667,0.6155288833540299,0.2107515632250092
KIAA1324,0.0007,0.6155288833540299,0.2107515632250092
SEPT6,0.0337,0.6155288833540299,0.2107515632250092
SLC7A7,0.1069,0.6166560451965498,0.2099570066716558
ZFP62,0.0224,0.6177841112789546,0.2091632654625527
RNF2,0.0891,0.6189130794296036,0.20837033930737664
VARS2,0.0394,0.6189130794296036,0.20837033930737664
SNORA26,0.1027,0.6200429474704885,0.2075782279155093
GOT1,0.0662,0.6200429474704885,0.2075782279155093
SLC28A3,0.1171,0.6211735549695079,0.20678704163518102
CYC1,0.0228,0.6211737132172439,0.206786930996038
ND5,0.0545,0.6211737132172439,0.206786930996038
NBPF12,0.0615,0.6223053744791605,0.2059964482577546
ECI1,0.0615,0.6223053744791605,0.2059964482577546
MAN2A2,0.0429,0.6223053744791605,0.2059964482577546
CAP1,0.0167,0.6223053744791605,0.2059964482577546
RPS16,0.0202,0.6234379290591958,0.20520677940915572
PPARG,0.1408,0.6234379290591958,0.20520677940915572
SNORA71D,0.12,0.6234379290591958,0.20520677940915572
RCBTB1,0.0028,0.6245713747539869,0.20441792415844265
IGFL1,0.2481,0.625691449935476,0.20363977960968233
PAIP2,0.0338,0.625705709353862,0.20362988221352074
RSC1A1,0.0348,0.625705709353862,0.20362988221352074
PUF60,0.0104,0.625705709353862,0.20362988221352074
CYP4B1,0.1569,0.625705709353862,0.20362988221352074
REPIN1,0.0676,0.625705709353862,0.20362988221352074
APOBEC3G,0.0431,0.6268409306428525,0.20284265328199969
ELF4,0.0222,0.6268409306428525,0.20284265328199969
PPP1R12B,0.0034,0.6268409306428525,0.20284265328199969
AHCY,0.0233,0.6268409306428525,0.20284265328199969
USMG5,0.062,0.6268409306428525,0.20284265328199969
BANK1,0.0801,0.6268409306428525,0.20284265328199969
NCF4,0.0094,0.6268409306428525,0.20284265328199969
ATP2B1,0.0777,0.627977036398705,0.20205623707119313
ACADSB,0.0075,0.627977036398705,0.20205623707119313
ABHD2,0.1391,0.627977036398705,0.20205623707119313
ZNF714,0.018,0.627977036398705,0.20205623707119313
PLEKHO1,0.0349,0.627977036398705,0.20205623707119313
ACER2,0.1506,0.6291140243928939,0.20127063328811828
SNORA61,0.0669,0.6291140243928939,0.20127063328811828
RUSC1,0.0463,0.6291140243928939,0.20127063328811828
UQCRH,0.0317,0.6302518923906335,0.200485841639496
ZNF224,0.0057,0.6302518923906335,0.200485841639496
SNAPC3,0.027,0.6302518923906335,0.200485841639496
APLF,0.0095,0.6313906381508902,0.19970186183175065
ULK3,0.0408,0.6313906381508902,0.19970186183175065
ABHD11,0.0577,0.6313906381508902,0.19970186183175065
HMGN3,0.0502,0.6313906381508902,0.19970186183175065
ZNF486,0.0935,0.6313906381508902,0.19970186183175065
DIEXF,0.0402,0.6313906381508902,0.19970186183175065
CCDC6,0.0028,0.6336707539636566,0.19813633656310342
CLCN3,0.0357,0.6336707539636566,0.19813633656310342
IFIH1,0.0699,0.6336707539636566,0.19813633656310342
SYNGR2,0.0202,0.6348121195029726,0.1973547905135651
GNG5,0.0439,0.6348121195029726,0.1973547905135651
LBR,0.0528,0.6359543537784436,0.1965740551276306
SS18L1,0.0481,0.6359543537784436,0.1965740551276306
NLN,0.0198,0.6370974545179852,0.19579413011023808
DDHD1,0.0099,0.6370974545179852,0.19579413011023808
EXOC6,0.0636,0.6370974545179852,0.19579413011023808
SUOX,0.0351,0.6370974545179852,0.19579413011023808
CD9,0.0319,0.6370974545179852,0.19579413011023808
THYN1,0.0353,0.6382414194433408,0.1950150151660281
FADS2,0.1347,0.6382414194433408,0.1950150151660281
ZNF302,0.0416,0.6382414194433408,0.1950150151660281
EPN1,0.0539,0.6382414194433408,0.1950150151660281
DERA,0.0293,0.6382414194433408,0.1950150151660281
SCARNA10,0.0437,0.6382414194433408,0.1950150151660281
HSPA9,0.0265,0.6393862462700948,0.19423670999934317
MRPS6,0.0609,0.6393862462700948,0.19423670999934317
CLEC7A,0.1121,0.6393862462700948,0.19423670999934317
VGLL3,0.0914,0.6405319327076849,0.1934592143142278
TTLL7,0.0723,0.6405319327076849,0.1934592143142278
SPTLC3,0.1182,0.6405319327076849,0.1934592143142278
MSMO1,0.0713,0.6416784764594163,0.1926825278144278
ZNF227,0.0436,0.6428258752224734,0.19190665020339093
LINC00265,0.0495,0.6428258752224734,0.19190665020339093
ZNF17,0.0079,0.6439741266879339,0.19113158118426588
HERC6,0.0333,0.6439741266879339,0.19113158118426588
LRRC42,0.0033,0.6439741266879339,0.19113158118426588
CTNND1,0.0123,0.6439741266879339,0.19113158118426588
TCHH,0.1809,0.6439741266879339,0.19113158118426588
SERINC3,0.0313,0.6451232285407814,0.19035732045990272
FUT6,0.2361,0.6462728048302011,0.1895841188114632
SPINK1,0.2698,0.6474239741181849,0.18881122270536604
RNF128,0.041,0.6474239741181849,0.18881122270536604
EIF4EBP2,0.0322,0.6485756131823597,0.18803938507939644
CORO2A,0.1173,0.6485756131823597,0.18803938507939644
SLC35E3,0.1893,0.6485756131823597,0.18803938507939644
TXN,0.0411,0.6485756131823597,0.18803938507939644
ZMAT1,0.0559,0.6497280933131868,0.1872683545565958
CD79A,0.1465,0.6497280933131868,0.1872683545565958
SLC38A1,0.0612,0.6497280933131868,0.1872683545565958
COL4A3,0.1422,0.6508814121653823,0.18649813083831696
RIT1,0.0397,0.6508814121653823,0.18649813083831696
TTC6,0.1624,0.6514583484804702,0.1861133460348203
FCF1,0.0096,0.6520355673876495,0.18572871362561266
TMED7,0.0172,0.6520355673876495,0.18572871362561266
PMPCA,0.0077,0.6531905566226928,0.18496010261923523
RGS16,0.0705,0.6531905566226928,0.18496010261923523
ZNF600,0.0323,0.6531905566226928,0.18496010261923523
GLMN,0.0156,0.6531905566226928,0.18496010261923523
PPL,0.0661,0.6543463775072307,0.18419229751963712
IP6K2,0.0172,0.6543463775072307,0.18419229751963712
LAX1,0.1044,0.6543463775072307,0.18419229751963712
KIF27,0.0485,0.6543463775072307,0.18419229751963712
MBOAT1,0.0256,0.6543463775072307,0.18419229751963712
KRI1,0.0172,0.6543463775072307,0.18419229751963712
MPP1,0.0588,0.6543463775072307,0.18419229751963712
TLR7,0.0252,0.6555030276720111,0.18342529802696977
GPAM,0.1026,0.6566605047418238,0.1826591038410842
FMO9P,0.2201,0.6577836066279492,0.18191695426433693
ZNF418,0.0424,0.6578188063355158,0.1818937146615302
OPTN,0.0412,0.6578188063355158,0.1818937146615302
MAN1C1,0.135,0.6578188063355158,0.1818937146615302
IGSF6,0.0474,0.6589779300660041,0.18112913018755683
GPALPP1,0.0042,0.6589779300660041,0.18112913018755683
SPPL3,0.0057,0.6589779300660041,0.18112913018755683
TAF9,0.0118,0.6589779300660041,0.18112913018755683
TMPRSS2,0.0434,0.661298634359478,0.17960237415184077
DCAF16,0.0479,0.661298634359478,0.17960237415184077
GDAP1,0.0399,0.661298634359478,0.17960237415184077
MUC6,0.1447,0.6636205942042184,0.17808014493449043
GABARAP,0.0369,0.6636225984075375,0.17807883332189833
MAP2,0.208,0.6636225984075375,0.17807883332189833
TP53,0.019,0.6636225984075375,0.17807883332189833
CYP11A1,0.1897,0.6647857611272208,0.1773182911645311
EIF3J,0.004,0.6647857968092374,0.17731826785400998
PON2,0.0387,0.6647857968092374,0.17731826785400998
FER1L4,0.1602,0.6659498029015203,0.17655850528086237
KANK1,0.0282,0.6671146142561986,0.1757995452995918
APOL1,0.0847,0.6671146142561986,0.1757995452995918
S100A14,0.1268,0.6671146142561986,0.1757995452995918
GPNMB,0.1369,0.6671146142561986,0.1757995452995918
PARP4,0.0092,0.6671146142561986,0.1757995452995918
LOC105369154,0.0075,0.6671146142561986,0.1757995452995918
NBEAL2,0.0068,0.6682802284392713,0.1750413876070316
PKD1L1,0.0995,0.6682802284392713,0.1750413876070316
RCAN1,0.0835,0.6682802284392713,0.1750413876070316
RBBP8,0.0586,0.6694466430109378,0.17428403189971275
BAIAP2,0.0421,0.6694466430109378,0.17428403189971275
SLC25A24,0.0409,0.6694466430109378,0.17428403189971275
NLGN4Y,0.356,0.6706137149531666,0.17352756890962656
TARBP1,0.0357,0.6706138555256127,0.1735274778738635
ZNF605,0.0468,0.6706138555256127,0.1735274778738635
SDC4,0.0477,0.6717818635319416,0.1727717252254085
VPS26A,0.0046,0.6717818635319416,0.1727717252254085
DNAH14,0.1645,0.6729506645728149,0.17201677364996962
HNF1B,0.0481,0.674110298159197,0.17126903823793185
EI24,0.0569,0.6741202561853838,0.17126262284286498
ANKMY1,0.048,0.6741202561853838,0.17126262284286498
ZBTB7B,0.0507,0.6741202561853838,0.17126262284286498
TM7SF3,0.0808,0.6752906359010744,0.1705092724991094
FLVCR2,0.0068,0.6752906359010744,0.1705092724991094
SCN3A,0.1373,0.6752906359010744,0.1705092724991094
ZNF419,0.013,0.6764618012456036,0.1697567223134138
JUP,0.0743,0.6764618012456036,0.1697567223134138
FAM46C,0.1049,0.6776337497389942,0.169004971980185
TSC22D2,0.0635,0.6788064788955899,0.16825402119352578
ANKRD10,0.089,0.6788064788955899,0.16825402119352578
PIM2,0.1112,0.6788064788955899,0.16825402119352578
JARID2,0.1302,0.6788064788955899,0.16825402119352578
TERC,0.0976,0.6799799862240706,0.16750386964723485
JAKMIP2,0.1222,0.6799799862240706,0.16750386964723485
BCAS1,0.1879,0.6811542692274684,0.16675451703480618
DHX34,0.0212,0.6811542692274684,0.16675451703480618
PAGE2,0.2714,0.6818468622889943,0.1663131536877649
PTOV1,0.047,0.6823293254031824,0.16600596304942916
CACNB3,0.0456,0.6835051522429949,0.16525820738398828
POLR1D,0.0342,0.6835051522429949,0.16525820738398828
DCLRE1C,0.0399,0.6846817472330863,0.16451124973106324
DNAJC3,0.0452,0.6846817472330863,0.16451124973106324
POLI,0.0517,0.6846817472330863,0.16451124973106324
ACKR2,0.1642,0.6846817472330863,0.16451124973106324
CNTROB,0.0246,0.6846817472330863,0.16451124973106324
PRKY,0.5051,0.6851184343540876,0.16423434684268118
C12orf75,0.1624,0.6858591078540515,0.1637650897829284
RTKN2,0.0503,0.6858591078540515,0.1637650897829284
RABGAP1,0.0474,0.6858591078540515,0.1637650897829284
LOC102725018,0.0802,0.6864480408307775,0.1633923301453353
DDX54,0.0334,0.6870372315809148,0.16301972723155297
PLEK,0.0518,0.6870372315809148,0.16301972723155297
ZNF234,0.0203,0.6893957582246805,0.16153139308542847
HSPB1,0.0125,0.6893957582246805,0.16153139308542847
PBRM1,0.0049,0.6893957582246805,0.16153139308542847
AP3M1,0.0619,0.6905761560639245,0.16078842087308937
CCDC88B,0.0529,0.6905761560639245,0.16078842087308937
ZNF526,0.0403,0.6905761560639245,0.16078842087308937
ZNF362,0.029,0.6905761560639245,0.16078842087308937
FLG,0.2566,0.6911663054252484,0.1604174420056816
STAG3L5P-PVRIG2P-PILRB,0.0298,0.6929392080416679,0.15930486462358753
DCAF6,0.0336,0.6929392080416679,0.15930486462358753
ACADM,0.0124,0.6941218570695196,0.15856427996699796
PSAP,0.0211,0.6953052513738185,0.1578244905423875
VSIG2,0.2475,0.6964893883856045,0.15708549603927632
RAB3D,0.0305,0.6964893883856045,0.15708549603927632
TPD52L2,0.0317,0.6976742655304919,0.1563472961468777
CALB1,0.1047,0.6977987595088444,0.1562698069414227
RAB11FIP2,0.0632,0.6988598802286865,0.15560989055409802
SIDT1,0.0103,0.6988598802286865,0.15560989055409802
SP4,0.0418,0.7000462298950013,0.15487327894953648
LRP12,0.1017,0.7024211237643831,0.15340243645792717
IGLL5,0.1615,0.7024211237643831,0.15340243645792717
LANCL1,0.0237,0.7036096627702646,0.15266820494654024
YBX1,0.0618,0.7036096627702646,0.15266820494654024
RPL15,0.0009,0.7036096627702646,0.15266820494654024
YWHAQ,0.0383,0.7036096627702646,0.15266820494654024
CCDC7,0.0368,0.7036096627702646,0.15266820494654024
COL4A4,0.0755,0.704798926349929,0.15193476617469248
GUSBP1,0.0224,0.704798926349929,0.15193476617469248
SRXN1,0.0264,0.704798926349929,0.15193476617469248
HLA-DMA,0.0466,0.704798926349929,0.15193476617469248
ZNF33B,0.0137,0.7059889118914777,0.1512021198294447
SLC37A4,0.0179,0.7059889118914777,0.1512021198294447
ZNF568,0.0081,0.7059889118914777,0.1512021198294447
CCDC12,0.0492,0.7059889118914777,0.1512021198294447
SLC25A25,0.0211,0.7071796167777203,0.15047026559754925
,0.0639,0.7071796167777203,0.15047026559754925
ANKRD36,0.0663,0.7083710383861914,0.14973920316545025
CCDC40,0.0691,0.7083710383861914,0.14973920316545025
ZNF26,0.0696,0.7095631740891674,0.14900893221928332
FNDC3B,0.0142,0.7107560212536839,0.14827945244487534
TCTN1,0.0728,0.7119495772415529,0.14755076352774418
SLC35E2B,0.0232,0.7119495772415529,0.14755076352774418
COX20,0.0104,0.7119495772415529,0.14755076352774418
RGL1,0.0147,0.7119495772415529,0.14755076352774418
SERINC2,0.0517,0.7119495772415529,0.14755076352774418
STAT2,0.0243,0.7131438394093796,0.14682286515309903
OCIAD2,0.0734,0.7131438394093796,0.14682286515309903
COLGALT1,0.0284,0.7131438394093796,0.14682286515309903
C6orf106,0.0576,0.7143388051085799,0.1460957570058397
KPNA3,0.0416,0.7143388051085799,0.1460957570058397
GOLGA6L9,0.0368,0.7155344716853979,0.1453694387705567
ATP5I,0.0631,0.7155344716853979,0.1453694387705567
CABLES1,0.0663,0.7155344716853979,0.1453694387705567
IGSF8,0.012,0.7155344716853979,0.1453694387705567
BBS10,0.0198,0.7155344716853979,0.1453694387705567
SPOPL,0.0321,0.7155344716853979,0.1453694387705567
SUMO3,0.061,0.7167308364809226,0.14464391013153113
TCEB2,0.0165,0.7167308364809226,0.14464391013153113
LSS,0.0371,0.7167308364809226,0.14464391013153113
ASAP2,0.0551,0.7179278968311067,0.14391917077273422
TUBA1A,0.084,0.7179278968311067,0.14391917077273422
CNOT6,0.0416,0.7179278968311067,0.14391917077273422
TMEM69,0.0092,0.7179278968311067,0.14391917077273422
TOX3,0.2953,0.718524120675373,0.1435586481276919
DUS3L,0.0343,0.7191256500667824,0.14319522037782778
MFAP2,0.0144,0.7191256500667824,0.14319522037782778
LOC101927999,0.113,0.7191256500667824,0.14319522037782778
UGT8,0.1467,0.7203215420912534,0.14247359692473582
ADIPOR1,0.001,0.7203240935136805,0.14247205863016327
HMGN5,0.0614,0.7203240935136805,0.14247205863016327
TBC1D32,0.0828,0.7203240935136805,0.14247205863016327
ACTC1,0.0577,0.7215226193890896,0.1417500494327415
NDUFB9,0.0125,0.7227230403186622,0.14102809980841585
PKP3,0.0953,0.7239235383028559,0.14030730209948486
UBQLN2,0.0157,0.7239235383028559,0.14030730209948486
PSCA,0.318,0.7239235383028559,0.14030730209948486
GRHPR,0.0307,0.7251247157505283,0.13958729176809936
PAWR,0.0167,0.7251247157505283,0.13958729176809936
SPATA7,0.0024,0.7263265699621654,0.13886806849605887
TRPV6,0.0259,0.7275289795980605,0.13814970278348468
FOXA1,0.0393,0.7275290982332587,0.13814963196485175
AP2S1,0.0609,0.7275290982332587,0.13814963196485175
SUFU,0.0163,0.7275290982332587,0.13814963196485175
KCND2,0.0138,0.728732297854322,0.1374319818556556
ATP11C,0.0427,0.728732297854322,0.1374319818556556
TBC1D30,0.0588,0.728732297854322,0.1374319818556556
HELZ2,0.0355,0.7299361661109105,0.13671511784933646
ACAN,0.1335,0.7299361661109105,0.13671511784933646
EIF3K,0.0645,0.7311407002836381,0.1359990396264491
RNASEL,0.0012,0.7323458976481958,0.135283746867237
IFITM10,0.0647,0.7323458976481958,0.135283746867237
PIK3AP1,0.0555,0.7335517554753703,0.1345692392516316
AMOTL2,0.0197,0.7335517554753703,0.1345692392516316
POFUT1,0.0256,0.7335517554753703,0.1345692392516316
AKAP1,0.0344,0.7347582710310621,0.13385551645925287
SOGA1,0.035,0.7347582710310621,0.13385551645925287
CYP4F22,0.0697,0.7347582710310621,0.13385551645925287
PBX1,0.0436,0.7347582710310621,0.13385551645925287
C17orf62,0.0002,0.735965441576304,0.13314257816940833
CPS1,0.0496,0.735965441576304,0.13314257816940833
NKTR,0.0283,0.735965441576304,0.13314257816940833
HSPA1B,0.0766,0.737173264367279,0.1324304240610938
CASZ1,0.0254,0.737173264367279,0.1324304240610938
LRP11,0.0704,0.737173264367279,0.1324304240610938
COX5B,0.0639,0.7383817366553398,0.13171905381299256
RPL30,0.0054,0.7383817366553398,0.13171905381299256
CHIT1,0.089,0.742011022943488,0.12958964301211467
KDM5D,0.5537,0.7432186956053077,0.1288833742349492
FDFT1,0.0562,0.7432220656374495,0.12888140498544906
PAN2,0.0397,0.7432220656374495,0.12888140498544906
CXCL17,0.1133,0.7456460552942417,0.1274672753557456
TSPAN12,0.1004,0.7456460552942417,0.1274672753557456
PRTG,0.0072,0.7456460552942417,0.1274672753557456
SETMAR,0.0213,0.7456460552942417,0.1274672753557456
FNBP1,0.006,0.746858996697891,0.12676138310600718
PMS2P3,0.0093,0.7480725654377741,0.12605627213468845
PHLPP2,0.1,0.7480725654377741,0.12605627213468845
SMG1P3,0.1322,0.7480725654377741,0.12605627213468845
MDM2,0.2115,0.7480725654377741,0.12605627213468845
PIGT,0.1192,0.7480725654377741,0.12605627213468845
RARRES1,0.2732,0.7505015737564675,0.12464839273046016
DHRS2,0.0454,0.7505015737564675,0.12464839273046016
GUF1,0.0402,0.7517170077388033,0.12394562364834104
RGL3,0.0562,0.7517170077388033,0.12394562364834104
TBCA,0.0343,0.7529330578644621,0.12324363454622242
DECR1,0.0056,0.7529330578644621,0.12324363454622242
OGFR,0.0103,0.7529330578644621,0.12324363454622242
CD46,0.01,0.7529330578644621,0.12324363454622242
SP140,0.0713,0.7553669953022301,0.12184199498011211
SSX2IP,0.0656,0.7565848769811852,0.12114234386439732
IFITM1,0.0631,0.7565848769811852,0.12114234386439732
WWOX,0.0137,0.7565848769811852,0.12114234386439732
WBP4,0.0103,0.7565848769811852,0.12114234386439732
MAST2,0.012,0.7578033635371936,0.12044347142523648
APOL2,0.0317,0.7578033635371936,0.12044347142523648
ACP5,0.0433,0.7578033635371936,0.12044347142523648
DDI2,0.0274,0.759022452142371,0.11974537733598131
ABCA5,0.0969,0.759022452142371,0.11974537733598131
TREX1,0.0127,0.759022452142371,0.11974537733598131
EIF3M,0.016,0.759022452142371,0.11974537733598131
SULT2A1,0.2112,0.7595974327781548,0.11941651172354725
RPS4Y1,0.4498,0.7596321949189966,0.1193966371691361
SPRR1B,0.0377,0.7602363434651943,0.11905137257939512
EDF1,0.0256,0.7602421399643451,0.11904806126966862
RGS3,0.0101,0.7602421399643451,0.11904806126966862
HACE1,0.1044,0.7614624241662753,0.11835152289902023
OSBPL1A,0.0346,0.7614624241662753,0.11835152289902023
COPG2,0.0099,0.7614624241662753,0.11835152289902023
APOL3,0.0008,0.7614624241662753,0.11835152289902023
PLOD3,0.0007,0.7614624241662753,0.11835152289902023
ZNF799,0.0353,0.7626833019068724,0.11765576189644276
NPIPB11,0.0326,0.7626833019068724,0.11765576189644276
CACUL1,0.0303,0.7626833019068724,0.11765576189644276
NDFIP2,0.0478,0.7626833019068724,0.11765576189644276
CR2,0.0723,0.763293702138659,0.11730832092471992
TMEM117,0.0281,0.7639047703404184,0.11696077793402744
CORO1B,0.0117,0.7639047703404184,0.11696077793402744
SRI,0.0278,0.7639047703404184,0.11696077793402744
HOXA10-AS,0.0263,0.7645156992699624,0.11661359195694626
RIOK1,0.0502,0.766349467881459,0.11557313981647079
NIFK,0.0016,0.766349467881459,0.11557313981647079
INTU,0.015,0.7675726912755514,0.11488048500393393
CDC42BPG,0.0357,0.7675726912755514,0.11488048500393393
MBOAT7,0.0492,0.7675726912755514,0.11488048500393393
DDRGK1,0.016,0.7675726912755514,0.11488048500393393
CALU,0.0428,0.7675726912755514,0.11488048500393393
UHRF2,0.0216,0.7687964939358277,0.11418860591676813
LPIN1,0.0235,0.7687964939358277,0.11418860591676813
DUSP4,0.1149,0.7687964939358277,0.11418860591676813
N4BP2,0.0517,0.7700208729947233,0.11349750222548571
USP3,0.0231,0.7700208729947233,0.11349750222548571
FUT2,0.2197,0.7712458255803636,0.11280717360028314
PEF1,0.0069,0.7712458255803636,0.11280717360028314
FKTN,0.0096,0.7712458255803636,0.11280717360028314
SLC35A3,0.0231,0.7724713488165849,0.11211761971104037
UCKL1,0.0141,0.7724713488165849,0.11211761971104037
PTMA,0.0456,0.7724713488165849,0.11211761971104037
EYA1,0.028,0.773083447853263,0.11177362511637622
MTA1,0.0144,0.7736974398229542,0.11142884022732091
PEX13,0.0423,0.7749240957147896,0.11074083481837184
DPP7,0.0068,0.7749240957147896,0.11074083481837184
HBA2,0.066,0.7749240957147896,0.11074083481837184
IFT140,0.0429,0.7749240957147896,0.11074083481837184
EPB41L1,0.0576,0.7749240957147896,0.11074083481837184
SOX2,0.1419,0.7761504490991231,0.11005408688554011
TMSB10,0.0462,0.7761513136031801,0.11005360315312343
CANX,0.014,0.7773790905950064,0.10936714490018917
FBXW7,0.0335,0.7773790905950064,0.10936714490018917
ZRSR2,0.0018,0.7786074237929612,0.10868145972786546
SNORA71B,0.0658,0.7786074237929612,0.10868145972786546
PTPRH,0.0943,0.7786074237929612,0.10868145972786546
ZNF480,0.0216,0.7786074237929612,0.10868145972786546
LAPTM4A,0.0166,0.7810657471972073,0.10731240729665045
HOXB6,0.1057,0.7822957315881272,0.106629039372766
FARP1,0.0873,0.7835262605544728,0.10594644319950584
EPB41L5,0.009,0.7835262605544728,0.10594644319950584
H19,0.0156,0.7847573311783034,0.10526461844357966
TMC4,0.0403,0.7847573311783034,0.10526461844357966
HEXIM1,0.0066,0.7847573311783034,0.10526461844357966
IFRD1,0.0326,0.7847573311783034,0.10526461844357966
TET1,0.107,0.7847573311783034,0.10526461844357966
SYTL4,0.0111,0.7847573311783034,0.10526461844357966
ZNF175,0.0694,0.7847573311783034,0.10526461844357966
PRKCZ,0.0385,0.7859889405376127,0.10458356477137944
NSRP1,0.025,0.7872210857063506,0.10390328184897923
TNFAIP2,0.0103,0.7872210857063506,0.10390328184897923
KALRN,0.0157,0.7872210857063506,0.10390328184897923
LTA4H,0.0268,0.7872210857063506,0.10390328184897923
SOX4,0.0516,0.7872210857063506,0.10390328184897923
ATP6V0D1,0.0036,0.7884537637544435,0.10322376934213508
SLC25A15,0.0202,0.7884537637544435,0.10322376934213508
GPR110,0.1632,0.7896869484657795,0.10254503972042141
SATB1,0.054,0.7896869717478153,0.10254502691628481
STK36,0.0086,0.7896869717478153,0.10254502691628481
PTPRR,0.0881,0.7896869717478153,0.10254502691628481
SCIN,0.1354,0.7896869717478153,0.10254502691628481
ASTN2,0.051,0.7896869717478153,0.10254502691628481
SDCBP,0.072,0.7909207067484076,0.10186705423654827
CCNC,0.033,0.7909207067484076,0.10186705423654827
AP1B1,0.0243,0.7909207067484076,0.10186705423654827
COL19A1,0.1033,0.7921548737264849,0.10118990145429978
DNAH5,0.0027,0.7921549658142019,0.10118985096772656
CLSTN3,0.0205,0.7921549658142019,0.10118985096772656
DHX33,0.0454,0.7921549658142019,0.10118985096772656
KIF21B,0.0335,0.793389745999239,0.10051341677430266
TMEM63B,0.0147,0.793389745999239,0.10051341677430266
SIGLEC5,0.2456,0.7946250443536416,0.0998377513204405
PTPN3,0.0376,0.7946250443536416,0.0998377513204405
PLA1A,0.0206,0.7946250443536416,0.0998377513204405
FAAH,0.0424,0.7946250443536416,0.0998377513204405
ZNF221,0.0549,0.7946250443536416,0.0998377513204405
FRMD3,0.0957,0.7946250443536416,0.0998377513204405
ZNF124,0.0419,0.795860857923634,0.0991628542699856
ZNF225,0.0299,0.795860857923634,0.0991628542699856
CDC37L1,0.0331,0.795860857923634,0.0991628542699856
SNORA21,0.0252,0.7970971837515644,0.09848872528646442
TAZ,0.0328,0.7970971837515644,0.09848872528646442
VGLL4,0.0455,0.7995713603313733,0.09714277017273423
TAGAP,0.0028,0.8008092051487551,0.09647094336798268
KLHL24,0.0322,0.8008092051487551,0.09647094336798268
PLCB4,0.0464,0.8020475503551232,0.09579988328107966
FCER1G,0.0766,0.8020475503551232,0.09579988328107966
NCLN,0.022,0.8020475503551232,0.09579988328107966
HOOK2,0.0463,0.8032863929737604,0.09512958957395554
GYG1,0.0123,0.8032863929737604,0.09512958957395554
LIMCH1,0.0764,0.8032863929737604,0.09512958957395554
HPS5,0.0151,0.8045257300242006,0.09446006190822089
PPIB,0.023,0.8057655585222501,0.0937912999451667
TMEM141,0.0039,0.8057655585222501,0.0937912999451667
TCP1,0.007,0.807005875480009,0.09312330334576413
CLUAP1,0.0028,0.808246677905893,0.0924560717706644
DLD,0.0371,0.808246677905893,0.0924560717706644
SQLE,0.0182,0.8094879628046548,0.09178960488019858
SAMD9L,0.0926,0.8094879628046548,0.09178960488019858
RCL1,0.0399,0.8094879628046548,0.09178960488019858
CADPS2,0.0648,0.8107297271774061,0.09112390233437755
TRIM27,0.0012,0.8107297271774061,0.09112390233437755
ND1,0.0198,0.8107297271774061,0.09112390233437755
DDX31,0.0285,0.8107297271774061,0.09112390233437755
PIAS2,0.0007,0.8119719680216386,0.09045896379289192
PTCHD1,0.1423,0.8119719680216386,0.09045896379289192
NXPE3,0.0388,0.8119719680216386,0.09045896379289192
MXD1,0.0219,0.8132146823312462,0.08979478891511201
PIK3CB,0.0024,0.8132146823312462,0.08979478891511201
KCNC3,0.1006,0.8144578670965468,0.08913137736008739
AGAP1,0.0348,0.8144578670965468,0.08913137736008739
LGALS3BP,0.0139,0.8144578670965468,0.08913137736008739
KIAA1549,0.0016,0.8144578670965468,0.08913137736008739
UBR5,0.0575,0.8157015193043039,0.08846872878654712
DNAJC1,0.0175,0.8157015193043039,0.08846872878654712
ICAM1,0.0896,0.8157015193043039,0.08846872878654712
SYVN1,0.0268,0.8157015193043039,0.08846872878654712
LAMP1,0.0451,0.8157015193043039,0.08846872878654712
TMEM245,0.0269,0.8169456359377487,0.08780684285289943
ENO2,0.0768,0.8169456359377487,0.08780684285289943
RBM15B,0.0094,0.8181902139766017,0.08714571921723177
CYP2J2,0.0549,0.8181902139766017,0.08714571921723177
PHLDB3,0.0039,0.8181902139766017,0.08714571921723177
KAL1,0.0014,0.8181902139766017,0.08714571921723177
ADAM10,0.0042,0.819435250397095,0.08648535753731054
HSPE1,0.0821,0.819435250397095,0.08648535753731054
EPB41L3,0.1012,0.819435250397095,0.08648535753731054
SLC6A9,0.0191,0.8206807421719938,0.08582575747058108
CTTNBP2,0.1016,0.8206807421719938,0.08582575747058108
ARHGEF2,0.0418,0.8219266862706189,0.08516691867416762
CSRP2BP,0.0062,0.8219266862706189,0.08516691867416762
RABAC1,0.0087,0.8219266862706189,0.08516691867416762
CDK12,0.0164,0.8231730796588689,0.08450884080487289
KDM3A,0.0227,0.8231730796588689,0.08450884080487289
SAMHD1,0.0374,0.8231730796588689,0.08450884080487289
ALG2,0.0111,0.8244199192992413,0.08385152351917849
GAPDH,0.0222,0.8244199192992413,0.08385152351917849
MAP7D3,0.0508,0.8244199192992413,0.08385152351917849
GDF15,0.0694,0.8256672021508564,0.08319496647324409
MFI2,0.1354,0.8256672021508564,0.08319496647324409
KIAA1715,0.0105,0.8269149251694776,0.08253916932290821
VPS35,0.0053,0.8269149251694776,0.08253916932290821
WDR12,0.0125,0.8281630853075352,0.08188413172368726
TMBIM6,0.0151,0.8281630853075352,0.08188413172368726
PDXDC2P,0.0401,0.8281630853075352,0.08188413172368726
ZNF283,0.0204,0.8281630853075352,0.08188413172368726
ANAPC2,0.0145,0.8294116795141478,0.081229853330776
ZNF562,0.0001,0.8306607047351449,0.08057633379904723
MSMB,0.0062,0.8317977195876691,0.07998227460807646
ZNF83,0.0288,0.8319101579130892,0.07992357278305164
ITPA,0.0121,0.8319101579130892,0.07992357278305164
ERP27,0.0523,0.8319101579130892,0.07992357278305164
NPIPA5,0.0808,0.8319101579130892,0.07992357278305164
SDHAP1,0.0253,0.8319101579130892,0.07992357278305164
ZNF141,0.0412,0.8331600359872994,0.0792715699370178
CAT,0.0024,0.8331600359872994,0.0792715699370178
PTPRJ,0.0131,0.8331600359872994,0.0792715699370178
ALOX5,0.0161,0.8344103358938719,0.07862032491485207
THSD7A,0.0253,0.8369121889325165,0.07732010695613847
ACAD8,0.0103,0.8381637359208753,0.07667113332579105
MNAT1,0.0079,0.8394156924542152,0.07602291613171254
UQCRC1,0.0164,0.8394156924542152,0.07602291613171254
ZDBF2,0.0083,0.8394156924542152,0.07602291613171254
MMP15,0.0237,0.8394156924542152,0.07602291613171254
GUSBP11,0.0038,0.8406680554528617,0.07537545502619654
PCDH19,0.0393,0.8406680554528617,0.07537545502619654
STX3,0.0023,0.8406680554528617,0.07537545502619654
P2RX4,0.024,0.8406680554528617,0.07537545502619654
HSD3B1,0.0906,0.8419094996642957,0.0747345901022447
SPG20,0.0104,0.8419208218340544,0.07472874966121375
TJP2,0.0267,0.8419208218340544,0.07472874966121375
ERAP2,0.0302,0.8444275523977408,0.07343760475911593
TGFBR1,0.0168,0.8444275523977408,0.07343760475911593
ARHGAP32,0.0193,0.8444275523977408,0.07343760475911593
MS4A1,0.0179,0.8444275523977408,0.07343760475911593
APEH,0.0018,0.8469358594223297,0.07214947863472428
OVOL1,0.1196,0.8469358594223297,0.07214947863472428
TAMM41,0.0203,0.8469358594223297,0.07214947863472428
BCL9,0.0945,0.8481905963684191,0.07150654674066204
ABCA12,0.0833,0.8481905963684191,0.07150654674066204
PRSS22,0.0347,0.8481905963684191,0.07150654674066204
PFKM,0.0115,0.8481905963684191,0.07150654674066204
TXNDC5,0.0368,0.8481905963684191,0.07150654674066204
KLF11,0.0477,0.8494457181369557,0.0708643684921722
IL13RA1,0.0128,0.8494457181369557,0.0708643684921722
BIRC3,0.0259,0.8507012216242139,0.07022294353896293
RYR1,0.0269,0.8507012216242139,0.07022294353896293
NOL4L,0.0213,0.8507012216242139,0.07022294353896293
FAM63B,0.0033,0.8519571037235649,0.06958227153041872
RANBP6,0.0156,0.8519571037235649,0.06958227153041872
PHB2,0.003,0.8532133613254999,0.06894235211560029
TMEM8A,0.0048,0.8544699913176522,0.0683031849432448
ALCAM,0.0482,0.8544699913176522,0.0683031849432448
SNORA62,0.0553,0.8544699913176522,0.0683031849432448
TRAF7,0.0187,0.8544699913176522,0.0683031849432448
B4GALT2,0.0071,0.8544699913176522,0.0683031849432448
UTY,0.4907,0.8563554666509978,0.06734592555626723
HLA-A,0.0589,0.8582420844693801,0.06639019336346744
CYBB,0.0124,0.8582420844693801,0.06639019336346744
WWC3,0.003,0.8582420844693801,0.06639019336346744
UGT1A8,0.0928,0.8594930005632249,0.06575765571822662
CCL18,0.0178,0.8595001728424063,0.06575403164185518
RPL32,0.0076,0.8595001728424063,0.06575403164185518
NAF1,0.0014,0.8595001728424063,0.06575403164185518
PKP2,0.0386,0.8607586180017716,0.06511862040153114
DNM3,0.0712,0.8607586180017716,0.06511862040153114
DPY19L4,0.0556,0.8632765661607337,0.06385004795159338
FAM102A,0.0292,0.8632765661607337,0.06385004795159338
TRAK1,0.0189,0.8645360628942248,0.06321688603459136
ATP7B,0.043,0.8657959038818899,0.06258447318410093
FAM49A,0.0609,0.8657959038818899,0.06258447318410093
PNLDC1,0.204,0.8670416156005574,0.061960057089027326
RALGAPA2,0.0269,0.8670560859840684,0.061952809045616335
TMEM19,0.0126,0.8670560859840684,0.061952809045616335
VAPB,0.0219,0.8670560859840684,0.061952809045616335
PHTF1,0.0341,0.8670560859840684,0.061952809045616335
COX7C,0.0783,0.8683166060584981,0.061321893264307405
TEAD3,0.0022,0.8683166060584981,0.061321893264307405
NFATC3,0.0109,0.8695774609603398,0.06069172548501903
EIF4H,0.0155,0.8695774609603398,0.06069172548501903
SLC5A3,0.0449,0.8708386475422001,0.06006230535227122
KDELR1,0.0246,0.8708386475422001,0.06006230535227122
ATF7IP2,0.0239,0.8733620031437747,0.058805706602852295
ATP13A2,0.0102,0.8746241658561446,0.05817852727359607
AGPAT1,0.0159,0.8746241658561446,0.05817852727359607
ADAMTS20,0.0855,0.8758503460604343,0.057570094097316046
CAMK2N1,0.0241,0.8758866476338915,0.05755209416571005
FUT8,0.0195,0.8758866476338915,0.05755209416571005
SERPINB9,0.0266,0.8771494453172062,0.05692640692208862
MID1,0.0862,0.8771494453172062,0.05692640692208862
CENPT,0.0157,0.8771494453172062,0.05692640692208862
TMTC3,0.0106,0.8784125557438672,0.05630146518530091
UQCRB,0.0097,0.8784125557438672,0.05630146518530091
CDH2,0.0417,0.8784125557438672,0.05630146518530091
CPSF1,0.0118,0.879675975749265,0.05567726859759046
METTL22,0.0661,0.879675975749265,0.05567726859759046
CCSER1,0.1033,0.8809397021664249,0.05505381680087555
SGPP2,0.1162,0.8809397021664249,0.05505381680087555
SETD4,0.0057,0.8822037318260317,0.05443110943674873
SPCS3,0.0348,0.8822037318260317,0.05443110943674873
C2CD2L,0.0265,0.8822037318260317,0.05443110943674873
TMX1,0.0061,0.8834680615564532,0.05380914614647697
KDELR3,0.0383,0.8834680615564532,0.05380914614647697
DNMT3A,0.0581,0.8847326881837639,0.05318792657100151
INSIG2,0.0062,0.8847326881837639,0.05318792657100151
CAB39,0.0105,0.8859976085317693,0.05256745035093786
DRAM2,0.0009,0.8859976085317693,0.05256745035093786
CYP4F12,0.0277,0.8872628194220294,0.05194771712657564
IPO5,0.021,0.8872628194220294,0.05194771712657564
TM2D2,0.0458,0.8885283176738832,0.051328726537878504
MAGED1,0.0277,0.8885283176738832,0.051328726537878504
EMC7,0.0325,0.8897941001044716,0.05071047822448433
ARHGEF10L,0.025,0.8897941001044716,0.05071047822448433
CASP14,0.0704,0.8910353147050346,0.05010508308142526
SLC44A5,0.0729,0.891060163528763,0.05009297182570461
SNORA76A,0.0125,0.891060163528763,0.05009297182570461
TMBIM4,0.0336,0.891060163528763,0.05009297182570461
ARGLU1,0.0171,0.8935931206076038,0.04886018332760509
RHBDD2,0.0023,0.8935931206076038,0.04886018332760509
IFNAR2,0.0106,0.8935931206076038,0.04886018332760509
LNX2,0.0173,0.8948600078814388,0.04824490050527776
UCHL1,0.2979,0.8948600078814388,0.04824490050527776
HIGD1A,0.0141,0.8973945839305384,0.04701655590410214
MANEA,0.035,0.8973945839305384,0.04701655590410214
SYK,0.0155,0.8986622663126987,0.04640349340028839
SORT1,0.0754,0.8986622663126987,0.04640349340028839
LUC7L3,0.0215,0.8986622663126987,0.04640349340028839
ENTPD6,0.0004,0.90119840379441,0.04517958617134666
MAP3K9,0.0737,0.90119840379441,0.04517958617134666
POMT2,0.0054,0.90119840379441,0.04517958617134666
FNTA,0.0067,0.9024668524889021,0.044568740719294106
ANO10,0.0106,0.9024668524889021,0.044568740719294106
SPECC1,0.0417,0.9037355502125438,0.04395863355702624
TRAM1,0.0322,0.9037355502125438,0.04395863355702624
SEL1L,0.0175,0.9037355502125438,0.04395863355702624
CHD7,0.0014,0.9050044937579882,0.04334926432026415
BAIAP2L1,0.0354,0.9050044937579882,0.04334926432026415
SEMA4D,0.0029,0.9050044937579882,0.04334926432026415
RPSA,0.0062,0.9062736799160054,0.042740632644402074
FAM174B,0.0852,0.9062736799160054,0.042740632644402074
SRSF6,0.0304,0.9062736799160054,0.042740632644402074
CCDC57,0.0143,0.9075431054755069,0.04213273816450734
SREBF2,0.0069,0.9088127672235693,0.04152558051532055
ATP5G2,0.007,0.9088127672235693,0.04152558051532055
MTSS1L,0.0162,0.9088127672235693,0.04152558051532055
POLR1E,0.0236,0.9100826619454597,0.04091915933125514
NDUFB2,0.0218,0.911352786424659,0.04031347424639782
PGK1,0.0278,0.9126231374428873,0.039708524894508004
FAM83A,0.0384,0.9132583871033545,0.03940633066164634
DHPS,0.0311,0.9138937117801275,0.039104310909018225
NPL,0.0238,0.9138937117801275,0.039104310909018225
RELL1,0.0086,0.9138937117801275,0.039104310909018225
MSR1,0.0646,0.9151645062146506,0.03850083192303369
ZNF235,0.0093,0.9151645062146506,0.03850083192303369
MYRF,0.0159,0.9164355080844997,0.03789809204221232
GNB4,0.0059,0.9164355175230398,0.03789808756933255
PLCB3,0.0067,0.9164355175230398,0.03789808756933255
ALDOC,0.0035,0.9164355175230398,0.03789808756933255
FAM118A,0.0526,0.9164355175230398,0.03789808756933255
ALDH1L2,0.0984,0.9164355175230398,0.03789808756933255
KIAA0753,0.0163,0.9164355175230398,0.03789808756933255
SNORA72,0.019,0.9177067424802148,0.037296077480365626
NPIPB5,0.0133,0.9177067424802148,0.037296077480365626
MSLN,0.0742,0.918967741003264,0.03669973360863276
DVL1,0.0099,0.9189781778594569,0.036694801288256466
CECR1,0.0328,0.9189781778594569,0.036694801288256466
RPSAP58,0.0197,0.9202498204324332,0.036094258624801284
RLF,0.0143,0.921521666969221,0.035494449121469006
CALM1,0.0012,0.9227937142383331,0.03489537240940095
ENC1,0.0167,0.9240659590067416,0.03429702811941119
RRP15,0.0158,0.9240659590067416,0.03429702811941119
ARL14EP,0.0254,0.9240659590067416,0.03429702811941119
GAB2,0.0163,0.9253383980399034,0.033699415881986036
SDK1,0.0217,0.9278838459548828,0.03250638608513767
LRP2,0.2764,0.9278838459548828,0.03250638608513767
CPXM1,0.0337,0.9291568483602577,0.031910967785049434
RFX3,0.0994,0.9304300320775496,0.03131628005619568
RERE,0.0105,0.9304300320775496,0.03131628005619568
SLC38A4,0.0438,0.9304300320775496,0.03131628005619568
CDKL5,0.0128,0.9317033938650072,0.030722322527424767
SURF4,0.0022,0.9317033938650072,0.030722322527424767
APBA2,0.0868,0.9317033938650072,0.030722322527424767
KCNN3,0.0246,0.9329769304795121,0.030129094827257206
TMEM59,0.0175,0.9329769304795121,0.030129094827257206
PIGO,0.0161,0.9355245152105018,0.028944827425175283
SMPD2,0.0568,0.9355245152105018,0.028944827425175283
WISP3,0.0492,0.9367904044842433,0.02835756637814282
CYB5B,0.0058,0.9367985568341359,0.028353786978662976
PRKAA1,0.01,0.9393471223560074,0.02717389073074183
PHF3,0.0204,0.9393471223560074,0.02717389073074183
TRIOBP,0.0392,0.9418963092407278,0.02599690485386081
PVRL3,0.0677,0.9418963092407278,0.02599690485386081
MINPP1,0.0678,0.9418963092407278,0.02599690485386081
GDPD2,0.1112,0.9425334723818041,0.025703217660540678
FAM169A,0.025,0.943171127563447,0.025409502369918856
CRABP2,0.0973,0.943171127563447,0.025409502369918856
TXLNG,0.0105,0.9457211976980907,0.024236876438878622
NDUFA13,0.0194,0.9469964429980682,0.023651652241934905
GPR115,0.0087,0.9469964429980682,0.023651652241934905
CPVL,0.0459,0.9469964429980682,0.023651652241934905
MAP3K13,0.015,0.9482718241100533,0.023067153390264963
DDAH2,0.0155,0.9482718241100533,0.023067153390264963
SLC2A3,0.0325,0.9482718241100533,0.023067153390264963
LRP8,0.0264,0.9482718241100533,0.023067153390264963
NLRP7,0.0191,0.9489090787207992,0.02277539821709216
HIATL1,0.0331,0.9495473377754128,0.02248337950812574
METAP1,0.0201,0.9495473377754128,0.02248337950812574
FPR3,0.0466,0.9508229807344943,0.021900330219446065
KLF5,0.0361,0.9508229807344943,0.021900330219446065
SPATS2,0.0184,0.9520987497266518,0.02131800514782652
LIMD1,0.0302,0.9520987497266518,0.02131800514782652
GAA,0.0366,0.9520987497266518,0.02131800514782652
KL,0.1869,0.9546506527627885,0.02015552614852956
CTNS,0.0054,0.9559267802807303,0.019575371466412295
FABP3,0.0188,0.9559267802807303,0.019575371466412295
EPHA7,0.1436,0.9559267802807303,0.019575371466412295
ZC3H6,0.0128,0.9559267802807303,0.019575371466412295
PLEKHA2,0.062,0.9572030207797229,0.018995939492475526
CCDC91,0.0059,0.9572030207797229,0.018995939492475526
ZCCHC6,0.0073,0.9572030207797229,0.018995939492475526
USP28,0.024,0.9572030207797229,0.018995939492475526
SERPINB6,0.0159,0.9584793709945251,0.018417229848678707
SNORA14B,0.0075,0.9597558276590519,0.017839242156653078
METAP2,0.0112,0.9597558276590519,0.017839242156653078
FXYD4,0.0312,0.9609224382402515,0.017311665404995548
ZC3H12C,0.0092,0.9610323875064,0.01726197603770135
NGFRAP1,0.0443,0.9610323875064,0.01726197603770135
TRAF3IP1,0.0185,0.9610323875064,0.01726197603770135
BCAT1,0.0551,0.9623090472688717,0.016685431112798233
CD55,0.0208,0.9623090472688717,0.016685431112798233
LEO1,0.0121,0.9635858036780015,0.016109607002589777
USP25,0.0415,0.96486265346458,0.015534503327393916
MCRS1,0.003,0.96486265346458,0.015534503327393916
CTIF,0.0148,0.96486265346458,0.015534503327393916
NPNT,0.0169,0.9661395933586795,0.014960119707200162
PPP6R1,0.0155,0.9661395933586795,0.014960119707200162
TDRD9,0.1091,0.9674166200896791,0.014386455761669668
HSD17B4,0.0097,0.9686937303862899,0.013813511110135176
COL11A1,0.0744,0.9686937303862899,0.013813511110135176
GAB1,0.0163,0.96997092097658,0.013241285371601092
ANKRD18A,0.0378,0.9725255299474064,0.012098989107909781
PEX2,0.0036,0.9725255299474064,0.012098989107909781
VKORC1,0.0029,0.9725255299474064,0.012098989107909781
TMEM14C,0.0246,0.9738029417810905,0.01152891781911935
EGFLAM,0.048,0.9738029417810905,0.01152891781911935
FUCA2,0.0084,0.9750804208147997,0.010959563916062983
SNORA81,0.0057,0.9750804208147997,0.010959563916062983
FOXP2,0.1016,0.9763579637737646,0.01039092701610315
DYRK2,0.0439,0.9776355673827242,0.009823006736273714
LAMP2,0.0118,0.9776355673827242,0.009823006736273714
PUS7,0.008,0.9789132283659501,0.00925580269328042
NIPAL3,0.0083,0.9789132283659501,0.00925580269328042
PCDHB2,0.049,0.9789132283659501,0.00925580269328042
ROBO2,0.0462,0.9789132283659501,0.00925580269328042
WDR19,0.0406,0.9814687093501067,0.008123541782982394
CRIP2,0.016,0.9814687093501067,0.008123541782982394
XBP1,0.0454,0.9827465227974741,0.0075584841474469165
SUSD1,0.0194,0.9827465227974741,0.0075584841474469165
CHST11,0.0361,0.9865802156316699,0.005867597903013321
LOC101060604,0.009,0.9865802156316699,0.005867597903013321
HCCS,0.0338,0.9865802156316699,0.005867597903013321
TMEM98,0.0031,0.9878581864804604,0.005305396758043838
ZNF433,0.0253,0.9891361884839144,0.004743908771732945
ZNF267,0.0073,0.9904142183632372,0.004183133557830806
ITM2A,0.0097,0.9904142183632372,0.004183133557830806
CCDC90B,0.0022,0.9904142183632372,0.004183133557830806
PPIF,0.025,0.9916922728394197,0.0036230707297591927
SEMA3B,0.1166,0.9916922728394197,0.0036230707297591927
SLC35D2,0.0087,0.9916922728394197,0.0036230707297591927
TAF1B,0.0587,0.9929703486332637,0.003063719900611518
GTF2IRD1,0.0492,0.9929703486332637,0.003063719900611518
MYO3A,0.1761,0.9942484059524114,0.0025050966322778365
TNK2,0.0258,0.9942484424654068,0.002505080683152813
REXO2,0.0206,0.9955265510563472,0.0019471526898200045
TBX2,0.0429,0.9968046711264704,0.0013899355327214615
MARVELD2,0.0494,0.9968046711264704,0.0013899355327214615
AQP9,0.0075,0.9968046711264704,0.0013899355327214615
GNPTAB,0.0127,0.9968046711264704,0.0013899355327214615
WDR43,0.0004,0.9980827993960729,0.0008334288236374178
ZNF780A,0.0067,0.9980827993960729,0.0008334288236374178
ATP11A,0.0786,0.9993609325853882,0.00027763217401986524
GLT8D1,0.0,0.7107560212536839,0.0
MTHFD1L,-0.0,0.6211737132172439,0.0
MPI,-0.0204,1.0,0.0
SLC15A2,0.0874,1.0,-0.0
MRRF,0.0142,1.0,-0.0
SCRN1,-0.0,0.6087850221430913,0.0
ST8SIA4,-0.0236,0.9993609325853882,-0.00027763217401986524
SLC6A6,-0.0007,0.9993609325853882,-0.00027763217401986524
UNC93B1,-0.0156,0.9993609325853882,-0.00027763217401986524
PI3,-0.1312,0.9993609062128336,-0.0002776436347991567
ZBED5,-0.007,0.9980827993960729,-0.0008334288236374178
ACSL5,-0.1054,0.9980827993960729,-0.0008334288236374178
SAMM50,-0.0504,0.9980827993960729,-0.0008334288236374178
NDUFS7,-0.01,0.9980827993960729,-0.0008334288236374178
GCLM,-0.0188,0.9980827993960729,-0.0008334288236374178
AP1S2,-0.0252,0.9980827993960729,-0.0008334288236374178
FABP5,-0.104,0.9968046711264704,-0.0013899355327214615
BLNK,-0.0416,0.9968046711264704,-0.0013899355327214615
STK40,-0.0063,0.9968046711264704,-0.0013899355327214615
CD74,-0.1141,0.9968046711264704,-0.0013899355327214615
COL12A1,-0.019,0.9955265510563472,-0.0019471526898200045
ATF3,-0.0174,0.9955265510563472,-0.0019471526898200045
TNFAIP8,-0.0619,0.9955265510563472,-0.0019471526898200045
IKZF3,-0.0063,0.9942484424654068,-0.002505080683152813
PES1,-0.016,0.9929703486332637,-0.003063719900611518
PIK3CG,-0.02,0.9916922728394197,-0.0036230707297591927
NACC1,-0.0075,0.9916922728394197,-0.0036230707297591927
AAK1,-0.012,0.9916922728394197,-0.0036230707297591927
RPS20,-0.0032,0.9904142183632372,-0.004183133557830806
CCDC82,-0.0424,0.9904142183632372,-0.004183133557830806
NMRAL1,-0.059,0.9904142183632372,-0.004183133557830806
FCRL5,-0.0132,0.9904141966304483,-0.004183143087611603
DEGS1,-0.0019,0.9891361884839144,-0.004743908771732945
CCBL2,-0.028,0.9891361884839144,-0.004743908771732945
LEAP2,-0.1278,0.9891361884839144,-0.004743908771732945
ILVBL,-0.0065,0.9878581864804604,-0.005305396758043838
LYAR,-0.0041,0.9878581864804604,-0.005305396758043838
FAM84A,-0.0995,0.9878581864804604,-0.005305396758043838
ZNF793,-0.056,0.9878581864804604,-0.005305396758043838
KIAA0195,-0.0279,0.9865802156316699,-0.005867597903013321
ARHGAP4,-0.0514,0.9840243805120322,-0.0069941412122859065
CWC27,-0.0118,0.9840243805120322,-0.0069941412122859065
PRMT1,-0.0232,0.9827465227974741,-0.0075584841474469165
IARS2,-0.0348,0.9827465227974741,-0.0075584841474469165
SNORA74B,-0.0945,0.9827465227974741,-0.0075584841474469165
ATP11B,-0.0052,0.9814687093501067,-0.008123541782982394
HLA-DMB,-0.0759,0.9814687093501067,-0.008123541782982394
STC1,-0.0249,0.9801909434472729,-0.008689314503500392
SMPDL3A,-0.0046,0.9789132283659501,-0.00925580269328042
ZNF680,-0.013,0.9789132283659501,-0.00925580269328042
PYCR2,-0.0108,0.9776355673827242,-0.009823006736273714
FBXL3,-0.0082,0.9776355673827242,-0.009823006736273714
SLK,-0.0217,0.9776355673827242,-0.009823006736273714
GSTK1,-0.0591,0.9750804208147997,-0.010959563916062983
ADAP2,-0.0312,0.9738029417810905,-0.01152891781911935
UNC13C,-0.1359,0.9738018610888968,-0.011529399784100832
RRAGA,-0.0053,0.9725255299474064,-0.012098989107909781
CCDC53,-0.0102,0.9725255299474064,-0.012098989107909781
ZNF440,-0.0124,0.9725255299474064,-0.012098989107909781
CYP4F3,-0.0132,0.9712481885879997,-0.012669778164743399
NMD3,-0.0208,0.9712481885879997,-0.012669778164743399
TMEM45B,-0.0633,0.96997092097658,-0.013241285371601092
SH3YL1,-0.1066,0.9686937303862899,-0.013813511110135176
ARHGAP9,-0.0714,0.9674166200896791,-0.014386455761669668
ZC2HC1A,-0.0115,0.9674166200896791,-0.014386455761669668
GCLC,-0.0395,0.9661395933586795,-0.014960119707200162
SMAP2,-0.0739,0.96486265346458,-0.015534503327393916
PNN,-0.0256,0.96486265346458,-0.015534503327393916
WDR6,-0.0295,0.9635858036780015,-0.016109607002589777
RCOR1,-0.0214,0.9635858036780015,-0.016109607002589777
GM2A,-0.0094,0.9635858036780015,-0.016109607002589777
KIAA1598,-0.0446,0.9635858036780015,-0.016109607002589777
ANKRD12,-0.0146,0.9623090472688717,-0.016685431112798233
RSRP1,-0.0182,0.9623090472688717,-0.016685431112798233
PTPRC,-0.0558,0.9623090472688717,-0.016685431112798233
LGALS3,-0.0175,0.9623090472688717,-0.016685431112798233
VTCN1,-0.0182,0.9623081079131622,-0.016685855048540525
LILRB1,-0.0132,0.9610323875064,-0.01726197603770135
ZNF700,-0.0132,0.9610323875064,-0.01726197603770135
RPL17,-0.007,0.9610323875064,-0.01726197603770135
FUCA1,-0.001,0.9610323875064,-0.01726197603770135
ZNF836,-0.0671,0.9597558276590519,-0.017839242156653078
SMYD2,-0.0042,0.9597558276590519,-0.017839242156653078
SNORA24,-0.0751,0.9597558276590519,-0.017839242156653078
OST4,-0.008,0.9584793709945251,-0.018417229848678707
C9orf72,-0.0126,0.9572030207797229,-0.018995939492475526
MUC4,-0.0436,0.9572030207797229,-0.018995939492475526
ARMCX4,-0.0213,0.9559267802807303,-0.019575371466412295
NOB1,-0.0117,0.9559267802807303,-0.019575371466412295
ENOSF1,-0.0095,0.9559267802807303,-0.019575371466412295
SNORA5A,-0.0121,0.9559267802807303,-0.019575371466412295
TXNDC17,-0.0035,0.9546506527627885,-0.02015552614852956
BBS1,-0.0031,0.9546506527627885,-0.02015552614852956
SUN2,-0.0492,0.9546506527627885,-0.02015552614852956
PDE3B,-0.0405,0.9533746414902695,-0.020736403916539643
ARF4,-0.0038,0.9533746414902695,-0.020736403916539643
SLC35C1,-0.0158,0.9533746414902695,-0.020736403916539643
HSD17B12,-0.0349,0.9520987497266518,-0.02131800514782652
CTSA,-0.0018,0.9520987497266518,-0.02131800514782652
VPS18,-0.028,0.9520987497266518,-0.02131800514782652
ALDH3A2,-0.0584,0.9520987497266518,-0.02131800514782652
AP2B1,-0.0183,0.9508229807344943,-0.021900330219446065
RPL37,-0.0015,0.9508229807344943,-0.021900330219446065
ASAP3,-0.0395,0.9508229807344943,-0.021900330219446065
TRPM2,-0.0375,0.9495473377754128,-0.02248337950812574
ATL2,-0.0443,0.9482718241100533,-0.023067153390264963
ZNF727P,-0.1196,0.9469964429980682,-0.023651652241934905
CREB3L2,-0.0313,0.9457211976980907,-0.024236876438878622
TCEAL3,-0.0145,0.9457211976980907,-0.024236876438878622
DNAJC15,-0.0717,0.9457211976980907,-0.024236876438878622
LOC100509457,-0.0896,0.9457211976980907,-0.024236876438878622
RPL38,-0.0006,0.9444460914677102,-0.02482282635651101
NCS1,-0.0305,0.9444460914677102,-0.02482282635651101
MR1,-0.0263,0.9444460914677102,-0.02482282635651101
NFYA,-0.002,0.9444460914677102,-0.02482282635651101
IGJ,-0.0952,0.943171127563447,-0.025409502369918856
HDGFRP3,-0.0168,0.943171127563447,-0.025409502369918856
GUK1,-0.0371,0.943171127563447,-0.025409502369918856
NR4A2,-0.0886,0.9418963092407278,-0.02599690485386081
MTX2,-0.0002,0.9406216397538598,-0.02658503418276764
FZD3,-0.0527,0.9406216397538598,-0.02658503418276764
ZNF662,-0.026,0.9393471223560074,-0.02717389073074183
PTPN6,-0.0284,0.9380727602991655,-0.027763474871558055
PRDM2,-0.0246,0.9380727602991655,-0.027763474871558055
HEXB,-0.0168,0.9380727602991655,-0.027763474871558055
ARL6IP5,-0.0228,0.9367985568341359,-0.028353786978662976
TGM1,-0.1022,0.9367985568341359,-0.028353786978662976
GATM,-0.0397,0.9355245152105018,-0.028944827425175283
BLK,-0.1565,0.9355244860372609,-0.02894484096814241
HS6ST2,-0.1482,0.9342506386766034,-0.029536596583885678
PYGL,-0.0906,0.9342506386766034,-0.029536596583885678
MACC1,-0.0146,0.9342506386766034,-0.029536596583885678
ADCY6,-0.0097,0.9329769304795121,-0.030129094827257206
CCDC25,-0.0184,0.9317033938650072,-0.030722322527424767
USPL1,-0.0106,0.9317033938650072,-0.030722322527424767
ZDHHC3,-0.0248,0.9317033938650072,-0.030722322527424767
IL2RA,-0.0344,0.9317033938650072,-0.030722322527424767
ANO6,-0.0037,0.9304300320775496,-0.03131628005619568
ATP8A1,-0.0428,0.9304300320775496,-0.03131628005619568
RARG,-0.0058,0.9304300320775496,-0.03131628005619568
SYT8,-0.0063,0.9304300006105184,-0.0313162947439828
SLCO1B3,-0.2364,0.9287142697286491,-0.03211788145013664
SLC39A8,-0.0707,0.9278838459548828,-0.03250638608513767
VPS37A,-0.005,0.9278838459548828,-0.03250638608513767
RNASET2,-0.0002,0.9278838459548828,-0.03250638608513767
TRIM32,-0.006,0.9278838459548828,-0.03250638608513767
BMP5,-0.0181,0.9278820522020028,-0.03250722564898401
TTR,-0.0162,0.9272045058112149,-0.03282446655676367
FYN,-0.0235,0.926611028101784,-0.03310253532728443
DSP,-0.0175,0.926611028101784,-0.03310253532728443
CD151,-0.029,0.9253383980399034,-0.033699415881986036
SEC24D,-0.0192,0.9253383980399034,-0.033699415881986036
ZNF69,-0.0732,0.9240659590067416,-0.03429702811941119
UBL3,-0.0265,0.9240659590067416,-0.03429702811941119
SNAP29,-0.0368,0.9240659590067416,-0.03429702811941119
HFE,-0.0168,0.9240659590067416,-0.03429702811941119
ZNF181,-0.0027,0.9227937142383331,-0.03489537240940095
GSTM3,-0.034,0.921521666969221,-0.035494449121469006
CASD1,-0.0138,0.921521666969221,-0.035494449121469006
PPA2,-0.0181,0.921521666969221,-0.035494449121469006
NIPAL4,-0.1278,0.9202498204324332,-0.036094258624801284
FARP2,-0.0189,0.9189781778594569,-0.036694801288256466
CD68,-0.0186,0.9189781778594569,-0.036694801288256466
BRAF,-0.0043,0.9189781778594569,-0.036694801288256466
TELO2,-0.0067,0.9189781778594569,-0.036694801288256466
USP31,-0.0065,0.9189781778594569,-0.036694801288256466
REN,-0.0039,0.9189774089655713,-0.03669516465543907
MAGED2,-0.0157,0.9177067424802148,-0.037296077480365626
PLCD1,-0.0552,0.9177067424802148,-0.037296077480365626
DTD1,-0.0196,0.9177067424802148,-0.037296077480365626
PTPN1,-0.0372,0.9177067424802148,-0.037296077480365626
TFB2M,-0.0078,0.9177067424802148,-0.037296077480365626
TMEM43,-0.0009,0.9164355175230398,-0.03789808756933255
SH3BP5,-0.0054,0.9164355175230398,-0.03789808756933255
SIMC1,-0.0328,0.9151645062146506,-0.03850083192303369
GK,-0.0132,0.9151645062146506,-0.03850083192303369
SNORD3A,-0.0487,0.9138937117801275,-0.039104310909018225
CD52,-0.0932,0.9138937117801275,-0.039104310909018225
CD96,-0.0241,0.9126231374428873,-0.039708524894508004
BOP1,-0.0203,0.9126231374428873,-0.039708524894508004
USB1,-0.0485,0.911352786424659,-0.04031347424639782
UNC119,-0.0172,0.911352786424659,-0.04031347424639782
DOCK11,-0.0126,0.911352786424659,-0.04031347424639782
HORMAD1,-0.0169,0.9100826619454597,-0.04091915933125514
TRIM14,-0.0078,0.9100826619454597,-0.04091915933125514
MAPRE2,-0.0418,0.9100826619454597,-0.04091915933125514
LARS2,-0.0038,0.9088127672235693,-0.04152558051532055
OSBPL10,-0.0345,0.9088127672235693,-0.04152558051532055
STEAP3,-0.0928,0.9088127672235693,-0.04152558051532055
HLA-DRB1,-0.0223,0.9088127672235693,-0.04152558051532055
UVSSA,-0.0035,0.9075431054755069,-0.04213273816450734
INPP5B,-0.0032,0.9075431054755069,-0.04213273816450734
JADE1,-0.0522,0.9075431054755069,-0.04213273816450734
SPRR1A,-0.095,0.9075427402729587,-0.04213291292808872
PARM1,-0.0107,0.9062736799160054,-0.042740632644402074
SLC52A3,-0.021,0.9062736799160054,-0.042740632644402074
ANXA11,-0.0361,0.9062736799160054,-0.042740632644402074
TTC19,-0.038,0.9062736799160054,-0.042740632644402074
HOXB3,-0.0306,0.9062736799160054,-0.042740632644402074
ZNF518B,-0.0615,0.9050044937579882,-0.04334926432026415
AP3S1,-0.0068,0.9050044937579882,-0.04334926432026415
SNORA20,-0.0604,0.9037355502125438,-0.04395863355702624
MAP9,-0.0174,0.9037355502125438,-0.04395863355702624
KRTDAP,-0.1384,0.9036280749555009,-0.04401028438199573
GPHN,-0.0113,0.9024668524889021,-0.044568740719294106
BRI3,-0.0146,0.9024668524889021,-0.044568740719294106
SCARB2,-0.0064,0.9024668524889021,-0.044568740719294106
ANXA3,-0.134,0.90119840379441,-0.04517958617134666
FLII,-0.0412,0.90119840379441,-0.04517958617134666
MYL12A,-0.0178,0.90119840379441,-0.04517958617134666
BCL2A1,-0.0501,0.90119840379441,-0.04517958617134666
KLF8,-0.0112,0.8999302073345065,-0.04579117027713618
BCL2L11,-0.0055,0.8999302073345065,-0.04579117027713618
ALG1L,-0.0939,0.8999302073345065,-0.04579117027713618
LCP2,-0.046,0.8986622663126987,-0.04640349340028839
ZNF750,-0.0409,0.8986622663126987,-0.04640349340028839
S100A16,-0.091,0.8986622663126987,-0.04640349340028839
ZNF529,-0.0848,0.8986622663126987,-0.04640349340028839
RGS10,-0.0077,0.8986622663126987,-0.04640349340028839
CPT2,-0.0328,0.8973945839305384,-0.04701655590410214
ADRBK1,-0.0163,0.8973945839305384,-0.04701655590410214
RAPGEFL1,-0.0469,0.8973945839305384,-0.04701655590410214
PREX1,-0.0504,0.8973945839305384,-0.04701655590410214
SEMA7A,-0.0785,0.8961271633875962,-0.047630358151549965
OFD1,-0.0173,0.8961271633875962,-0.047630358151549965
PEX7,-0.0142,0.8961271633875962,-0.047630358151549965
HCK,-0.0075,0.8948600078814388,-0.04824490050527776
MYO3B,-0.073,0.8948600078814388,-0.04824490050527776
SELPLG,-0.0653,0.8948600078814388,-0.04824490050527776
NAP1L1,-0.0116,0.8948600078814388,-0.04824490050527776
NCOA4,-0.0122,0.8935931206076038,-0.04886018332760509
CSF2RB,-0.0921,0.8935931206076038,-0.04886018332760509
CHRNB1,-0.0337,0.8923265047595759,-0.04947620698052512
ALDH6A1,-0.0139,0.8923265047595759,-0.04947620698052512
MLPH,-0.0178,0.891060163528763,-0.05009297182570461
MARC1,-0.0006,0.8897941001044716,-0.05071047822448433
ESF1,-0.0223,0.8885283176738832,-0.051328726537878504
RDH11,-0.0028,0.8885283176738832,-0.051328726537878504
LYPD3,-0.0921,0.8872628194220294,-0.05194771712657564
CIB1,-0.0475,0.8872628194220294,-0.05194771712657564
SCAP,-0.073,0.8872628194220294,-0.05194771712657564
HERC3,-0.0406,0.8859976085317693,-0.05256745035093786
SGPL1,-0.0237,0.8859976085317693,-0.05256745035093786
SYNM,-0.1208,0.8859976085317693,-0.05256745035093786
SFMBT2,-0.0101,0.8847326881837639,-0.05318792657100151
COX3,-0.0274,0.8847326881837639,-0.05318792657100151
LDLRAP1,-0.0231,0.8834680615564532,-0.05380914614647697
SP140L,-0.0214,0.8834680615564532,-0.05380914614647697
NEO1,-0.054,0.8822037318260317,-0.05443110943674873
BHLHE41,-0.0963,0.8822037318260317,-0.05443110943674873
HDDC2,-0.0126,0.8822037318260317,-0.05443110943674873
LRP1B,-0.0537,0.8809397021664249,-0.05505381680087555
CTSZ,-0.037,0.879675975749265,-0.05567726859759046
AIM2,-0.0143,0.879675975749265,-0.05567726859759046
PITPNM3,-0.0501,0.879675975749265,-0.05567726859759046
ID2,-0.0022,0.879675975749265,-0.05567726859759046
ZNF284,-0.001,0.879675975749265,-0.05567726859759046
SIGLEC1,-0.0512,0.879675975749265,-0.05567726859759046
CPZ,-0.0664,0.8784125557438672,-0.05630146518530091
REEP5,-0.0021,0.8784125557438672,-0.05630146518530091
RPL26,-0.0241,0.8784125557438672,-0.05630146518530091
MFSD2A,-0.0446,0.8784125557438672,-0.05630146518530091
BTD,-0.0023,0.8771494453172062,-0.05692640692208862
ANO5,-0.0126,0.8771494453172062,-0.05692640692208862
CTSE,-0.0706,0.8771493071537679,-0.0569264753296147
BTBD2,-0.0088,0.8758866476338915,-0.05755209416571005
ERC1,-0.0075,0.8758866476338915,-0.05755209416571005
BTBD6,-0.0405,0.8746241658561446,-0.05817852727359607
GALNT6,-0.0735,0.8746241658561446,-0.05817852727359607
ZNF248,-0.02,0.8746241658561446,-0.05817852727359607
FGGY,-0.0039,0.8733620031437747,-0.058805706602852295
PCDHGB1,-0.0789,0.8733620031437747,-0.058805706602852295
BST1,-0.0142,0.8733620031437747,-0.058805706602852295
PPFIA1,-0.0231,0.8721001626541554,-0.05943363251025891
MRPL21,-0.0214,0.8721001626541554,-0.05943363251025891
MDFIC,-0.0177,0.8708386475422001,-0.06006230535227122
VANGL2,-0.1629,0.8695774609603398,-0.06069172548501903
GNS,-0.0058,0.8695774609603398,-0.06069172548501903
GMIP,-0.065,0.8695774609603398,-0.06069172548501903
TYMP,-0.0467,0.8695774609603398,-0.06069172548501903
ADA,-0.0145,0.8683166060584981,-0.061321893264307405
DDX10,-0.0013,0.8683166060584981,-0.061321893264307405
RPF2,-0.0047,0.8670560859840684,-0.061952809045616335
CCNDBP1,-0.0469,0.8657959038818899,-0.06258447318410093
ZNF514,-0.0336,0.8657959038818899,-0.06258447318410093
PLIN4,-0.0703,0.8657959038818899,-0.06258447318410093
MLYCD,-0.0391,0.8645360628942248,-0.06321688603459136
SLC25A43,-0.0014,0.8645360628942248,-0.06321688603459136
TLE4,-0.0144,0.8632765661607337,-0.06385004795159338
HIST1H2BE,-0.0852,0.8632765661607337,-0.06385004795159338
ZNF512B,-0.005,0.8620174168184531,-0.06448395928928784
NEB,-0.1547,0.8620174168184531,-0.06448395928928784
ETFB,-0.1183,0.8620174168184531,-0.06448395928928784
IQSEC2,-0.0193,0.8620174168184531,-0.06448395928928784
TMEM175,-0.0352,0.8620174168184531,-0.06448395928928784
ZNF586,-0.02,0.8620174168184531,-0.06448395928928784
TCOF1,-0.0134,0.8607586180017716,-0.06511862040153114
SCO2,-0.0636,0.8607586180017716,-0.06511862040153114
KRT10,-0.047,0.8607586180017716,-0.06511862040153114
FMNL1,-0.0698,0.8595001728424063,-0.06575403164185518
CHN1,-0.0024,0.8595001728424063,-0.06575403164185518
GPR87,-0.0781,0.8582420844693801,-0.06639019336346744
ZC3H3,-0.0127,0.8582420844693801,-0.06639019336346744
ARPC1B,-0.009,0.8582420844693801,-0.06639019336346744
MFSD5,-0.0028,0.8582420844693801,-0.06639019336346744
SIM2,-0.0448,0.8569843560089974,-0.06702710591925122
IL2RG,-0.0063,0.8557269905848218,-0.06766476966176536
TMED5,-0.0121,0.8557269905848218,-0.06766476966176536
NDUFS8,-0.011,0.8544699913176522,-0.0683031849432448
PTPN22,-0.0415,0.8544699913176522,-0.0683031849432448
HLA-DRA,-0.0338,0.8544699913176522,-0.0683031849432448
GBP6,-0.1221,0.8544699750038829,-0.06830319323491114
ZNF197,-0.0075,0.8532133613254999,-0.06894235211560029
TUBB2A,-0.0504,0.8532133613254999,-0.06894235211560029
SERPINB1,-0.0297,0.8507012216242139,-0.07022294353896293
TOMM20,-0.0254,0.8507012216242139,-0.07022294353896293
TMEM184B,-0.0242,0.8507012216242139,-0.07022294353896293
RTKN,-0.0019,0.8507012216242139,-0.07022294353896293
MTCL1,-0.0012,0.8507012216242139,-0.07022294353896293
LIG4,-0.0014,0.8494457181369557,-0.0708643684921722
TRIM22,-0.0164,0.8494457181369557,-0.0708643684921722
TYW3,-0.0165,0.8494457181369557,-0.0708643684921722
ALG10B,-0.0132,0.8494457181369557,-0.0708643684921722
TFCP2,-0.0423,0.8469358594223297,-0.07214947863472428
ZNF99,-0.0157,0.845681510399487,-0.07279316452432723
BCAP29,-0.0229,0.8444275523977408,-0.07343760475911593
LRRC8B,-0.0213,0.8444275523977408,-0.07343760475911593
ZDHHC2,-0.0241,0.8444275523977408,-0.07343760475911593
LMO7,-0.03,0.8444275523977408,-0.07343760475911593
CUL5,-0.0129,0.8444275523977408,-0.07343760475911593
ADAM8,-0.1315,0.843173988511969,-0.07408279968841196
LPCAT4,-0.0417,0.843173988511969,-0.07408279968841196
HIST1H2BB,-0.0354,0.8419208218340544,-0.07472874966121375
EPHB3,-0.1208,0.8419208218340544,-0.07472874966121375
STEAP4,-0.0203,0.8419208218340544,-0.07472874966121375
DDAH1,-0.0058,0.8406680554528617,-0.07537545502619654
NRK,-0.0738,0.8406680554528617,-0.07537545502619654
EIF2A,-0.0153,0.8406680554528617,-0.07537545502619654
MIPOL1,-0.0326,0.8394156924542152,-0.07602291613171254
PTTG1IP,-0.0337,0.8394156924542152,-0.07602291613171254
LIPA,-0.0029,0.8394156924542152,-0.07602291613171254
MRPL1,-0.0131,0.8394156924542152,-0.07602291613171254
SNX2,-0.0596,0.8394156924542152,-0.07602291613171254
TBX1,-0.124,0.8381637359208753,-0.07667113332579105
ZNF431,-0.0446,0.8381637359208753,-0.07667113332579105
CD84,-0.0535,0.8381637359208753,-0.07667113332579105
UGT2B15,-0.0807,0.8375057387443536,-0.0770122084147387
NBPF26,-0.0024,0.8369121889325165,-0.07732010695613847
FXYD3,-0.0957,0.8369121889325165,-0.07732010695613847
UNC13D,-0.0896,0.8369121889325165,-0.07732010695613847
NAT9,-0.0183,0.8369121889325165,-0.07732010695613847
CCDC144B,-0.1018,0.8369121889325165,-0.07732010695613847
SLC25A1,-0.0129,0.8369121889325165,-0.07732010695613847
ARF6,-0.0213,0.8369121889325165,-0.07732010695613847
ZNF208,-0.1247,0.8356610545657042,-0.07796983737013845
MIF,-0.0052,0.8356610545657042,-0.07796983737013845
TRIM38,-0.0164,0.8356610545657042,-0.07796983737013845
HMBS,-0.0029,0.8344103358938719,-0.07862032491485207
ENPP2,-0.0173,0.8344103358938719,-0.07862032491485207
PPP1R12C,-0.009,0.8344103358938719,-0.07862032491485207
SERINC5,-0.0515,0.8344103358938719,-0.07862032491485207
RAP1GAP,-0.0543,0.8344103358938719,-0.07862032491485207
RPS3A,-0.0574,0.8331600359872994,-0.0792715699370178
SNORD116-24,-0.0308,0.8319101579130892,-0.07992357278305164
CCNT2,-0.0574,0.8319101579130892,-0.07992357278305164
JUN,-0.0817,0.8294116795141478,-0.081229853330776
PIGA,-0.0204,0.8294116795141478,-0.081229853330776
SLC9A3R1,-0.0334,0.8294116795141478,-0.081229853330776
HMHA1,-0.1136,0.8294116795141478,-0.081229853330776
RRAGB,-0.0459,0.8281630853075352,-0.08188413172368726
AKIRIN1,-0.0059,0.8256672021508564,-0.08319496647324409
HDAC5,-0.0311,0.8256672021508564,-0.08319496647324409
MVB12B,-0.0145,0.8231730796588689,-0.08450884080487289
TRIM31,-0.0529,0.8225465629456207,-0.08483950801875861
ABHD17B,-0.033,0.8219266862706189,-0.08516691867416762
ZNF888,-0.0441,0.8219266862706189,-0.08516691867416762
ZNF525,-0.0365,0.8219266862706189,-0.08516691867416762
NSUN6,-0.0266,0.819435250397095,-0.08648535753731054
GPRC5B,-0.007,0.8181902139766017,-0.08714571921723177
SPOCK2,-0.0119,0.8169456359377487,-0.08780684285289943
MLLT6,-0.0108,0.8169456359377487,-0.08780684285289943
S100A6,-0.0312,0.8157015193043039,-0.08846872878654712
TSPAN3,-0.0022,0.8157015193043039,-0.08846872878654712
WDR77,-0.0185,0.8157015193043039,-0.08846872878654712
UBE2W,-0.0177,0.8157015193043039,-0.08846872878654712
IFRD2,-0.0063,0.8144578670965468,-0.08913137736008739
AKR1B10,-0.1325,0.8125930576788547,-0.09012689235251173
C3orf52,-0.2117,0.8119719680216386,-0.09045896379289192
PCDHGA4,-0.0238,0.8119719680216386,-0.09045896379289192
TAPBP,-0.0137,0.8107297271774061,-0.09112390233437755
EPOR,-0.0061,0.8107297271774061,-0.09112390233437755
DNAH6,-0.0459,0.8094879628046548,-0.09178960488019858
CTPS2,-0.0003,0.8094879628046548,-0.09178960488019858
RELN,-0.0019,0.8094879628046548,-0.09178960488019858
OPN3,-0.0197,0.8094879628046548,-0.09178960488019858
GJB6,-0.1722,0.8094879628046548,-0.09178960488019858
RPS21,-0.0218,0.808246677905893,-0.0924560717706644
SIL1,-0.0499,0.807005875480009,-0.09312330334576413
TSTA3,-0.0128,0.807005875480009,-0.09312330334576413
LCOR,-0.0223,0.8057655585222501,-0.0937912999451667
LINS,-0.0344,0.8057655585222501,-0.0937912999451667
NAGA,-0.0177,0.8057655585222501,-0.0937912999451667
IL32,-0.0056,0.8032863929737604,-0.09512958957395554
MTM1,-0.0203,0.8032863929737604,-0.09512958957395554
ARHGDIB,-0.1061,0.8032863929737604,-0.09512958957395554
CAMK2D,-0.0306,0.8020475503551232,-0.09579988328107966
C1orf116,-0.0839,0.8020475503551232,-0.09579988328107966
ZNF300,-0.0622,0.8020475503551232,-0.09579988328107966
PCGF2,-0.0084,0.8020475503551232,-0.09579988328107966
B3GALTL,-0.0169,0.8008092051487551,-0.09647094336798268
RBM6,-0.0166,0.8008092051487551,-0.09647094336798268
ARHGAP40,-0.0324,0.8008092051487551,-0.09647094336798268
MAP4K3,-0.0003,0.7995713603313733,-0.09714277017273423
SLC16A5,-0.0388,0.7995713603313733,-0.09714277017273423
ZNF737,-0.0087,0.7983340188759247,-0.09781536403308454
FAM83B,-0.0086,0.7983340188759247,-0.09781536403308454
HLA-DPB1,-0.0153,0.7983340188759247,-0.09781536403308454
SLC41A1,-0.0161,0.7983340188759247,-0.09781536403308454
ERO1L,-0.028,0.7983340188759247,-0.09781536403308454
KANSL1,-0.0177,0.7970971837515644,-0.09848872528646442
FOSL2,-0.1072,0.7970971837515644,-0.09848872528646442
EDEM1,-0.0273,0.7970971837515644,-0.09848872528646442
ARHGEF18,-0.0244,0.795860857923634,-0.0991628542699856
EPPK1,-0.0478,0.795860857923634,-0.0991628542699856
COMT,-0.1048,0.795860857923634,-0.0991628542699856
SELE,-0.1551,0.795860857923634,-0.0991628542699856
CD86,-0.0788,0.795860857923634,-0.0991628542699856
DNM2,-0.0031,0.795860857923634,-0.0991628542699856
ACAA1,-0.0118,0.793389745999239,-0.10051341677430266
GIMAP4,-0.0751,0.793389745999239,-0.10051341677430266
CNTN3,-0.0086,0.793389745999239,-0.10051341677430266
TDO2,-0.0301,0.7921549658142019,-0.10118985096772656
PEX6,-0.0075,0.7921549658142019,-0.10118985096772656
COX4I1,-0.0366,0.7921549658142019,-0.10118985096772656
RNF19B,-0.0111,0.7909207067484076,-0.10186705423654827
TRAF3IP3,-0.1404,0.7896869717478153,-0.10254502691628481
UGT1A6,-0.1595,0.7896869717478153,-0.10254502691628481
CD48,-0.0034,0.7884537637544435,-0.10322376934213508
THRB,-0.0579,0.7884537637544435,-0.10322376934213508
AOAH,-0.1262,0.7884537637544435,-0.10322376934213508
PFKP,-0.0033,0.7884537637544435,-0.10322376934213508
VLDLR,-0.0354,0.7884537637544435,-0.10322376934213508
INPP5E,-0.0446,0.7872210857063506,-0.10390328184897923
SUCLG2,-0.0436,0.7872210857063506,-0.10390328184897923
TCEAL4,-0.0004,0.7872210857063506,-0.10390328184897923
PPFIBP2,-0.0178,0.7859889405376127,-0.10458356477137944
MBD2,-0.0003,0.7859889405376127,-0.10458356477137944
RAB23,-0.0896,0.7835262605544728,-0.10594644319950584
GPRC5A,-0.0752,0.7835262605544728,-0.10594644319950584
UBE2D2,-0.0361,0.7822957315881272,-0.106629039372766
RASSF4,-0.0203,0.7822957315881272,-0.106629039372766
ZNF880,-0.0119,0.7810657471972073,-0.10731240729665045
NPHP4,-0.0093,0.7810657471972073,-0.10731240729665045
ZNF43,-0.0171,0.779836310295569,-0.10799654730413184
PLOD1,-0.0203,0.779836310295569,-0.10799654730413184
MMRN2,-0.1012,0.779836310295569,-0.10799654730413184
MARCKS,-0.0383,0.779836310295569,-0.10799654730413184
SSH2,-0.0426,0.779836310295569,-0.10799654730413184
DHRS7,-0.073,0.7786074237929612,-0.10868145972786546
SLC52A2,-0.0048,0.7786074237929612,-0.10868145972786546
ATP9B,-0.0237,0.7786074237929612,-0.10868145972786546
NFIB,-0.0383,0.7786074237929612,-0.10868145972786546
FASTKD1,-0.0489,0.7773790905950064,-0.10936714490018917
CD40,-0.0821,0.7773790905950064,-0.10936714490018917
SMIM19,-0.0279,0.7761513136031801,-0.11005360315312343
UBE2F,-0.0383,0.7761513136031801,-0.11005360315312343
CD24,-0.1233,0.7761513136031801,-0.11005360315312343
ACAT1,-0.0367,0.7749240957147896,-0.11074083481837184
IL1RN,-0.1256,0.7749240957147896,-0.11074083481837184
STARD3,-0.0541,0.7736974398229542,-0.11142884022732091
IGHMBP2,-0.0732,0.7736974398229542,-0.11142884022732091
NRXN3,-0.0147,0.7736974398229542,-0.11142884022732091
HSF1,-0.0315,0.7724713488165849,-0.11211761971104037
COL10A1,-0.0871,0.7718584909005761,-0.11246231398326163
HGH1,-0.0152,0.7712458255803636,-0.11280717360028314
LETM1,-0.0281,0.7712458255803636,-0.11280717360028314
IVL,-0.109,0.7712458255803636,-0.11280717360028314
KRT15,-0.1603,0.7712458255803636,-0.11280717360028314
EXOC7,-0.0213,0.7712458255803636,-0.11280717360028314
PDZK1IP1,-0.0862,0.7712453213766852,-0.11280745752136197
XIST,-0.6728,0.7700208729947233,-0.11349750222548571
C1orf21,-0.0018,0.7700208729947233,-0.11349750222548571
HNRNPA1,-0.0115,0.7687964939358277,-0.11418860591676813
ITK,-0.1563,0.7687964939358277,-0.11418860591676813
ABCA7,-0.0912,0.7687964939358277,-0.11418860591676813
SDC1,-0.1362,0.7687964939358277,-0.11418860591676813
CHD3,-0.0153,0.7675726912755514,-0.11488048500393393
PBDC1,-0.0921,0.766349467881459,-0.11557313981647079
FBLN2,-0.0989,0.766349467881459,-0.11557313981647079
HLA-DPA1,-0.0123,0.7651268266167861,-0.11626657068355004
TTC14,-0.0173,0.7651268266167861,-0.11626657068355004
ACPP,-0.1254,0.7651268266167861,-0.11626657068355004
PPA1,-0.0088,0.7639047703404184,-0.11696077793402744
SNORD116-23,-0.1453,0.7639047703404184,-0.11696077793402744
VCAM1,-0.0522,0.7639047703404184,-0.11696077793402744
FSTL4,-0.0996,0.763293702138659,-0.11730832092471992
ATP6V1B2,-0.0321,0.7626833019068724,-0.11765576189644276
FAM13A,-0.0872,0.7602421399643451,-0.11904806126966862
CCDC84,-0.0343,0.7602421399643451,-0.11904806126966862
ZNF253,-0.0026,0.7602421399643451,-0.11904806126966862
PIGG,-0.0027,0.7602421399643451,-0.11904806126966862
DSTN,-0.0145,0.7602421399643451,-0.11904806126966862
VAV1,-0.0886,0.759022452142371,-0.11974537733598131
ZNF441,-0.0241,0.759022452142371,-0.11974537733598131
TAB2,-0.0274,0.7578033635371936,-0.12044347142523648
FCHSD2,-0.0235,0.7578033635371936,-0.12044347142523648
RNPC3,-0.0348,0.7578033635371936,-0.12044347142523648
DYNC2LI1,-0.0225,0.7565848769811852,-0.12114234386439732
DENND4C,-0.0193,0.7565848769811852,-0.12114234386439732
SNORA31,-0.0871,0.7553669953022301,-0.12184199498011211
PON3,-0.096,0.7553669953022301,-0.12184199498011211
KRCC1,-0.052,0.7553669953022301,-0.12184199498011211
ARHGAP30,-0.0079,0.7541497213237057,-0.12254242509871416
EPB41L4A,-0.0372,0.7541497213237057,-0.12254242509871416
ACOT11,-0.0421,0.7529330578644621,-0.12324363454622242
SEPT9,-0.0615,0.7529330578644621,-0.12324363454622242
ZNF91,-0.0418,0.7517170077388033,-0.12394562364834104
BCL6,-0.0709,0.7517170077388033,-0.12394562364834104
RPL9,-0.0414,0.7517170077388033,-0.12394562364834104
PDE4B,-0.0725,0.7505015737564675,-0.12464839273046016
NPC1,-0.019,0.7492867587226082,-0.12535194211765535
EHD1,-0.0663,0.7492867587226082,-0.12535194211765535
LRRC8D,-0.01,0.7480725654377741,-0.12605627213468845
CAMSAP1,-0.0291,0.746858996697891,-0.12676138310600718
EPAS1,-0.1241,0.7456460552942417,-0.1274672753557456
NFKBIA,-0.0483,0.7456460552942417,-0.1274672753557456
SREBF1,-0.0323,0.7456460552942417,-0.1274672753557456
ALDOA,-0.022,0.7444337440134478,-0.12817394920772388
PKN2,-0.0177,0.7444337440134478,-0.12817394920772388
CSTA,-0.1511,0.7444337440134478,-0.12817394920772388
CD4,-0.091,0.7444337440134478,-0.12817394920772388
PIGV,-0.0396,0.7432220656374495,-0.12888140498544906
CYHR1,-0.0267,0.7432220656374495,-0.12888140498544906
SAMSN1,-0.0382,0.7432220656374495,-0.12888140498544906
DGKD,-0.0047,0.742011022943488,-0.12958964301211467
CCDC28A,-0.0234,0.742011022943488,-0.12958964301211467
N4BP2L2,-0.022,0.742011022943488,-0.12958964301211467
SNX30,-0.039,0.742011022943488,-0.12958964301211467
C14orf105,-0.3812,0.7416265389599177,-0.1298147374428172
ZNF862,-0.0218,0.7408006187040853,-0.13029866361060108
MYBBP1A,-0.0217,0.7408006187040853,-0.13029866361060108
C10orf2,-0.0422,0.7408006187040853,-0.13029866361060108
FREM1,-0.1073,0.7408006187040853,-0.13029866361060108
SNORA45A,-0.0626,0.7408006187040853,-0.13029866361060108
RGS1,-0.0571,0.7395908556870263,-0.1310084671034756
DSG2,-0.0478,0.7395908556870263,-0.1310084671034756
SNORD116-1,-0.1497,0.7395908556870263,-0.1310084671034756
LRRC16A,-0.0819,0.7383817366553398,-0.13171905381299256
AMD1,-0.0448,0.737173264367279,-0.1324304240610938
TACC1,-0.0816,0.737173264367279,-0.1324304240610938
SOBP,-0.0463,0.737173264367279,-0.1324304240610938
CARD16,-0.0504,0.737173264367279,-0.1324304240610938
CD180,-0.0781,0.735965441576304,-0.13314257816940833
FAM160A1,-0.006,0.735965441576304,-0.13314257816940833
RNF170,-0.0211,0.7347582710310621,-0.13385551645925287
CATSPERB,-0.089,0.7347582710310621,-0.13385551645925287
RPL23A,-0.0457,0.7347582710310621,-0.13385551645925287
LGMN,-0.019,0.7335517554753703,-0.1345692392516316
DNM1,-0.0287,0.7335517554753703,-0.1345692392516316
MS4A7,-0.0479,0.7323458976481958,-0.135283746867237
JAK3,-0.15,0.7323458976481958,-0.135283746867237
NFRKB,-0.016,0.7323458976481958,-0.135283746867237
CORO1A,-0.0351,0.7323458976481958,-0.135283746867237
HABP4,-0.0147,0.7311407002836381,-0.1359990396264491
S100A10,-0.1021,0.7299361661109105,-0.13671511784933646
LIFR,-0.0602,0.7299361661109105,-0.13671511784933646
CAMSAP2,-0.0061,0.7299361661109105,-0.13671511784933646
HLA-E,-0.008,0.728732297854322,-0.1374319818556556
MBD3,-0.0006,0.728732297854322,-0.1374319818556556
PCBD1,-0.05,0.728732297854322,-0.1374319818556556
SFN,-0.1111,0.728732297854322,-0.1374319818556556
ZNF100,-0.05,0.7275290982332587,-0.13814963196485175
ARHGAP5,-0.0681,0.7275290982332587,-0.13814963196485175
GVINP1,-0.0936,0.7275290982332587,-0.13814963196485175
TYROBP,-0.0479,0.7275290982332587,-0.13814963196485175
TMEM87A,-0.03,0.7275290982332587,-0.13814963196485175
HSPA4L,-0.1047,0.7263265699621654,-0.13886806849605887
PTPRU,-0.0521,0.7263265699621654,-0.13886806849605887
PBX3,-0.0501,0.7251247157505283,-0.13958729176809936
ZNF587,-0.0092,0.7251247157505283,-0.13958729176809936
MYH3,-0.0603,0.7239235383028559,-0.14030730209948486
TMEM154,-0.0715,0.7239235383028559,-0.14030730209948486
TMEM51,-0.0371,0.7239235383028559,-0.14030730209948486
NINL,-0.0683,0.7227230403186622,-0.14102809980841585
QRICH2,-0.0143,0.7227230403186622,-0.14102809980841585
SATB2,-0.0745,0.7227230403186622,-0.14102809980841585
EVI2B,-0.0817,0.7215232244924472,-0.14174968521278228
HSP90AB4P,-0.0683,0.7215232244924472,-0.14174968521278228
CTSH,-0.1324,0.7203240935136805,-0.14247205863016327
LCP1,-0.0598,0.7191256500667824,-0.14319522037782778
TNNI2,-0.1586,0.7191256500667824,-0.14319522037782778
HEBP2,-0.0426,0.7191256500667824,-0.14319522037782778
CFAP36,-0.0419,0.7179278968311067,-0.14391917077273422
EIF3G,-0.009,0.7167308364809226,-0.14464391013153113
KDM4C,-0.0166,0.7155344716853979,-0.1453694387705567
SNORD33,-0.1215,0.7155344716853979,-0.1453694387705567
LRRC15,-0.1642,0.7155341632270724,-0.14536962598973735
NFXL1,-0.0091,0.7143388051085799,-0.1460957570058397
ARMC10,-0.0035,0.7143388051085799,-0.1460957570058397
CRELD1,-0.0126,0.7143388051085799,-0.1460957570058397
ARHGAP25,-0.0865,0.7143388051085799,-0.1460957570058397
RFX7,-0.0534,0.7143388051085799,-0.1460957570058397
LAPTM4B,-0.075,0.7143388051085799,-0.1460957570058397
SH3BGRL3,-0.0316,0.7131438394093796,-0.14682286515309903
FAM3C,-0.06,0.7131438394093796,-0.14682286515309903
BIN2,-0.1421,0.7131438394093796,-0.14682286515309903
CNN3,-0.0784,0.7131438394093796,-0.14682286515309903
GSDMD,-0.0678,0.7131438394093796,-0.14682286515309903
TBC1D2B,-0.0264,0.7107560212536839,-0.14827945244487534
DMPK,-0.0383,0.7107560212536839,-0.14827945244487534
LGALS9,-0.0235,0.7107560212536839,-0.14827945244487534
KIAA2026,-0.0066,0.7107560212536839,-0.14827945244487534
SACS,-0.048,0.7107560212536839,-0.14827945244487534
WWP1,-0.0415,0.7095631740891674,-0.14900893221928332
PCDHB3,-0.0471,0.7095631740891674,-0.14900893221928332
CCL19,-0.3503,0.7095455712301223,-0.1490197063401174
RXRA,-0.0645,0.7083710383861914,-0.14973920316545025
HCAR3,-0.1765,0.7083710383861914,-0.14973920316545025
GABARAPL1,-0.0032,0.7083710383861914,-0.14973920316545025
SLC35B2,-0.0274,0.7071796167777203,-0.15047026559754925
SYTL2,-0.0252,0.7071796167777203,-0.15047026559754925
KIAA0232,-0.0139,0.7059889118914777,-0.1512021198294447
ATP7A,-0.0396,0.7059889118914777,-0.1512021198294447
SMOC2,-0.0836,0.7059889118914777,-0.1512021198294447
WFDC2,-0.0354,0.704798926349929,-0.15193476617469248
METTL7A,-0.043,0.704798926349929,-0.15193476617469248
EZR,-0.0294,0.704798926349929,-0.15193476617469248
FAM129A,-0.0553,0.7036096627702646,-0.15266820494654024
ACRC,-0.0282,0.7036096627702646,-0.15266820494654024
ZNF217,-0.0657,0.7024211237643831,-0.15340243645792717
TRIM4,-0.0539,0.7012333119388741,-0.1541374610214848
FAM171B,-0.0494,0.7000462298950013,-0.15487327894953648
FBXO8,-0.0351,0.7000462298950013,-0.15487327894953648
C10orf99,-0.2409,0.7000242261812604,-0.1548869298217742
PDK1,-0.0063,0.6988598802286865,-0.15560989055409802
IDS,-0.0018,0.6988598802286865,-0.15560989055409802
FAM65B,-0.1061,0.6988598802286865,-0.15560989055409802
VWF,-0.0683,0.6988598802286865,-0.15560989055409802
KDM4B,-0.0154,0.6976742655304919,-0.1563472961468777
PCDH1,-0.0303,0.6976742655304919,-0.1563472961468777
ZNF281,-0.0495,0.6976742655304919,-0.1563472961468777
PRSS12,-0.135,0.6964893883856045,-0.15708549603927632
EYA2,-0.017,0.6964893883856045,-0.15708549603927632
PIEZO1,-0.0583,0.6953052513738185,-0.1578244905423875
USP40,-0.023,0.6953052513738185,-0.1578244905423875
AGR2,-0.1053,0.6941218570695196,-0.15856427996699796
PRKD3,-0.0565,0.6941218570695196,-0.15856427996699796
CCDC69,-0.1549,0.6941218570695196,-0.15856427996699796
ACAP1,-0.1985,0.6941218570695196,-0.15856427996699796
LOC102724436,-0.2777,0.6917573068537826,-0.16004624482232915
TKT,-0.0676,0.6917573068537826,-0.16004624482232915
ETFDH,-0.0639,0.6917573068537826,-0.16004624482232915
GSR,-0.0405,0.6905761560639245,-0.16078842087308937
TLE1,-0.0647,0.6905761560639245,-0.16078842087308937
SIRT1,-0.0217,0.6905761560639245,-0.16078842087308937
ST3GAL5,-0.0578,0.6905761560639245,-0.16078842087308937
C3AR1,-0.0623,0.6893957582246805,-0.16153139308542847
LOC101060429,-0.019,0.6893957582246805,-0.16153139308542847
ATG5,-0.0036,0.6870372315809148,-0.16301972723155297
NBPF3,-0.0717,0.6870372315809148,-0.16301972723155297
ALDH1A2,-0.1272,0.6870372315809148,-0.16301972723155297
NCKAP1L,-0.1028,0.6870372315809148,-0.16301972723155297
ULK2,-0.0174,0.6870372315809148,-0.16301972723155297
PHF21A,-0.0467,0.6858591078540515,-0.1637650897829284
PRPS2,-0.0378,0.6858591078540515,-0.1637650897829284
NFASC,-0.1179,0.6858591078540515,-0.1637650897829284
MS4A4A,-0.0588,0.6846817472330863,-0.16451124973106324
PLA2G16,-0.0432,0.6846817472330863,-0.16451124973106324
RAB29,-0.0158,0.6846817472330863,-0.16451124973106324
CERS6,-0.0203,0.6846817472330863,-0.16451124973106324
SLC1A1,-0.0106,0.6846817472330863,-0.16451124973106324
WNK4,-0.119,0.6846817472330863,-0.16451124973106324
GRN,-0.0193,0.6835051522429949,-0.16525820738398828
ABCC10,-0.0299,0.6835051522429949,-0.16525820738398828
ME1,-0.0649,0.6835051522429949,-0.16525820738398828
CLSTN1,-0.0298,0.6823293254031824,-0.16600596304942916
RNF144B,-0.0104,0.6811542692274684,-0.16675451703480618
DHX32,-0.04,0.6811542692274684,-0.16675451703480618
PTCH1,-0.0475,0.6799799862240706,-0.16750386964723485
SLC29A1,-0.0434,0.6799799862240706,-0.16750386964723485
TCEA3,-0.0399,0.6799799862240706,-0.16750386964723485
ARHGAP23,-0.099,0.6788064788955899,-0.16825402119352578
PDPR,-0.0454,0.6788064788955899,-0.16825402119352578
CHP1,-0.005,0.6776337497389942,-0.169004971980185
SNORA73A,-0.038,0.6776337497389942,-0.169004971980185
RAB13,-0.0015,0.6776337497389942,-0.169004971980185
PLCB1,-0.0355,0.6764618012456036,-0.1697567223134138
SREK1,-0.0411,0.6764618012456036,-0.1697567223134138
HCLS1,-0.0979,0.6752906359010744,-0.1705092724991094
SERPINB2,-0.2143,0.6752830000104095,-0.17051418333861054
MANBA,-0.0024,0.6741202561853838,-0.17126262284286498
CLIC4,-0.0784,0.6741202561853838,-0.17126262284286498
FTH1,-0.041,0.6729506645728149,-0.17201677364996962
APOB,-0.0462,0.6729506645728149,-0.17201677364996962
ZNF561,-0.0397,0.6729506645728149,-0.17201677364996962
ERMP1,-0.0446,0.6729506645728149,-0.17201677364996962
NENF,-0.0181,0.6729506645728149,-0.17201677364996962
ZNF763,-0.085,0.6729506645728149,-0.17201677364996962
PLAC8,-0.1642,0.6729506645728149,-0.17201677364996962
TC2N,-0.0348,0.6729506645728149,-0.17201677364996962
SH3D21,-0.0674,0.6729506645728149,-0.17201677364996962
PARP15,-0.1002,0.6729506645728149,-0.17201677364996962
ZFP90,-0.0267,0.6717818635319416,-0.1727717252254085
TP53INP1,-0.0564,0.6706138555256127,-0.1735274778738635
PLSCR1,-0.0087,0.6706138555256127,-0.1735274778738635
FLNB,-0.0962,0.6706138555256127,-0.1735274778738635
IPPK,-0.0683,0.6706138555256127,-0.1735274778738635
SFXN1,-0.0268,0.6682802284392713,-0.1750413876070316
HLA-DQA2,-0.1796,0.6671146142561986,-0.1757995452995918
ZNF570,-0.0671,0.6671146142561986,-0.1757995452995918
XAF1,-0.0031,0.6671146142561986,-0.1757995452995918
ZNF121,-0.0438,0.6671146142561986,-0.1757995452995918
RRBP1,-0.0853,0.6671146142561986,-0.1757995452995918
AIF1,-0.0754,0.6659498029015203,-0.17655850528086237
FAIM3,-0.1895,0.6659498029015203,-0.17655850528086237
PSEN2,-0.0128,0.6659498029015203,-0.17655850528086237
CCND3,-0.0375,0.6647857968092374,-0.17731826785400998
SEMA3C,-0.1048,0.6647857968092374,-0.17731826785400998
LMO4,-0.062,0.6647857968092374,-0.17731826785400998
LINC00674,-0.0081,0.6624602101187793,-0.17884020198708878
DCUN1D5,-0.0637,0.6624602101187793,-0.17884020198708878
ITPR2,-0.0242,0.661298634359478,-0.17960237415184077
ZNF345,-0.0283,0.661298634359478,-0.17960237415184077
RPL22L1,-0.0246,0.661298634359478,-0.17960237415184077
ASL,-0.0649,0.6601378735402911,-0.18036535011811167
TLR1,-0.0554,0.6601378735402911,-0.18036535011811167
TTC12,-0.0144,0.6601378735402911,-0.18036535011811167
ATP6V0A4,-0.1846,0.6601358514452795,-0.18036668042513632
TTYH3,-0.0049,0.6589779300660041,-0.18112913018755683
EGLN3,-0.1074,0.6589779300660041,-0.18112913018755683
BAG1,-0.0027,0.6578188063355158,-0.1818937146615302
ZNF814,-0.0422,0.6578188063355158,-0.1818937146615302
RAB9A,-0.0501,0.6578188063355158,-0.1818937146615302
FAM120C,-0.054,0.6578188063355158,-0.1818937146615302
LOC613266,-0.2294,0.65774527056882,-0.18194226596859675
HCAR2,-0.1522,0.6555030276720111,-0.18342529802696977
APRT,-0.0072,0.6543463775072307,-0.18419229751963712
TMED10,-0.0118,0.6543463775072307,-0.18419229751963712
PI4K2A,-0.0191,0.6543463775072307,-0.18419229751963712
TMEM134,-0.038,0.6543463775072307,-0.18419229751963712
HOOK3,-0.0244,0.6543463775072307,-0.18419229751963712
KIF1C,-0.0321,0.6531905566226928,-0.18496010261923523
ERAP1,-0.0611,0.6531905566226928,-0.18496010261923523
FAM117B,-0.0472,0.6531905566226928,-0.18496010261923523
FAM214A,-0.0518,0.6531905566226928,-0.18496010261923523
GNA15,-0.1071,0.6531905566226928,-0.18496010261923523
IVD,-0.0472,0.6531905566226928,-0.18496010261923523
ZNF587B,-0.0163,0.6508814121653823,-0.18649813083831696
CRIPAK,-0.054,0.6508814121653823,-0.18649813083831696
KATNB1,-0.0489,0.6497280933131868,-0.1872683545565958
IPO7,-0.0206,0.6497280933131868,-0.1872683545565958
CYTIP,-0.1865,0.6485756131823597,-0.18803938507939644
RRAGC,-0.0084,0.6485756131823597,-0.18803938507939644
TAS2R30,-0.0276,0.6474239741181849,-0.18881122270536604
ITGB2,-0.1114,0.6462731784599196,-0.18958386773285227
KCNN4,-0.0297,0.6462731784599196,-0.18958386773285227
MAP7,-0.0511,0.6451232285407814,-0.19035732045990272
PHF8,-0.0121,0.6451232285407814,-0.19035732045990272
CYTH4,-0.0995,0.6439741266879339,-0.19113158118426588
POTEF,-0.1891,0.6439741266879339,-0.19113158118426588
SLC43A2,-0.0777,0.6439741266879339,-0.19113158118426588
SEMA4A,-0.0837,0.6439741266879339,-0.19113158118426588
ARHGAP29,-0.0227,0.6439741266879339,-0.19113158118426588
HINT1,-0.0272,0.6428258752224734,-0.19190665020339093
DMTN,-0.0566,0.6428258752224734,-0.19190665020339093
DSC2,-0.2202,0.6428258752224734,-0.19190665020339093
CTHRC1,-0.0942,0.6428258752224734,-0.19190665020339093
STIM2,-0.053,0.6428258752224734,-0.19190665020339093
CSF2RA,-0.0483,0.6428258752224734,-0.19190665020339093
TFCP2L1,-0.0677,0.6416784764594163,-0.1926825278144278
FOXP4,-0.0387,0.6405319327076849,-0.1934592143142278
THBS4,-0.1396,0.6405319327076849,-0.1934592143142278
ST3GAL3,-0.0596,0.6405319327076849,-0.1934592143142278
LRBA,-0.0161,0.6405319327076849,-0.1934592143142278
TTL,-0.0449,0.6393862462700948,-0.19423670999934317
KCNK1,-0.0314,0.6393862462700948,-0.19423670999934317
TENM3,-0.1309,0.6393862462700948,-0.19423670999934317
RPL35,-0.0328,0.6393862462700948,-0.19423670999934317
TMTC1,-0.01,0.6382414194433408,-0.1950150151660281
ISYNA1,-0.0569,0.6382414194433408,-0.1950150151660281
AK1,-0.0256,0.6382414194433408,-0.1950150151660281
CACNA1D,-0.1692,0.6382414194433408,-0.1950150151660281
C5,-0.1242,0.6370974545179852,-0.19579413011023808
PIAS3,-0.0363,0.6370974545179852,-0.19579413011023808
ARHGAP15,-0.1245,0.6359543537784436,-0.1965740551276306
PIK3R5,-0.0412,0.6348121195029726,-0.1973547905135651
ARSD,-0.1342,0.6348121195029726,-0.1973547905135651
PCDHB6,-0.0937,0.6336707539636566,-0.19813633656310342
GNA12,-0.0294,0.6336707539636566,-0.19813633656310342
STAT5A,-0.0197,0.6325302594263951,-0.19891869357100972
ZNF595,-0.0584,0.6313906381508902,-0.19970186183175065
QARS,-0.0425,0.6313906381508902,-0.19970186183175065
FGL2,-0.1254,0.6313906381508902,-0.19970186183175065
SLC20A1,-0.1042,0.6313906381508902,-0.19970186183175065
MPP6,-0.083,0.6302518923906335,-0.200485841639496
CPOX,-0.0449,0.627977036398705,-0.20205623707119313
MET,-0.0567,0.627977036398705,-0.20205623707119313
RN7SK,-0.0415,0.6268409306428525,-0.20284265328199969
HOXA10,-0.067,0.625705709353862,-0.20362988221352074
LPIN2,-0.0558,0.6245713747539869,-0.20441792415844265
APOD,-0.0743,0.6245713747539869,-0.20441792415844265
EGLN1,-0.0265,0.6234379290591958,-0.20520677940915572
ACE,-0.0254,0.6234379290591958,-0.20520677940915572
NCAM1,-0.0564,0.6223053744791605,-0.2059964482577546
CCNG2,-0.0444,0.6223053744791605,-0.2059964482577546
CSTF2T,-0.1008,0.6223053744791605,-0.2059964482577546
CD53,-0.1005,0.6223053744791605,-0.2059964482577546
RGS4,-0.0476,0.6223053744791605,-0.2059964482577546
CCAR2,-0.0094,0.6211737132172439,-0.206786930996038
UBE2Q2,-0.0864,0.6211737132172439,-0.206786930996038
MYH10,-0.0473,0.6211737132172439,-0.206786930996038
SYPL1,-0.0994,0.6211737132172439,-0.206786930996038
PCP4L1,-0.181,0.6211671853339638,-0.2067914949988659
OXR1,-0.0634,0.6200429474704885,-0.2075782279155093
MAP3K1,-0.0832,0.6200429474704885,-0.2075782279155093
P4HA1,-0.08,0.6189130794296036,-0.20837033930737664
NFKB2,-0.0898,0.6189130794296036,-0.20837033930737664
CITED2,-0.0503,0.6189130794296036,-0.20837033930737664
DDX21,-0.0455,0.6189130794296036,-0.20837033930737664
SAA1,-0.3583,0.6177696045422428,-0.20917346363625244
SESTD1,-0.0545,0.6166560451965498,-0.2099570066716558
ITPR3,-0.0579,0.6166560451965498,-0.2099570066716558
ZNF852,-0.0378,0.6166560451965498,-0.2099570066716558
ICK,-0.0536,0.6166560451965498,-0.2099570066716558
CTSK,-0.1343,0.6166560451965498,-0.2099570066716558
UBC,-0.0298,0.6155288833540299,-0.2107515632250092
MROH1,-0.033,0.6155288833540299,-0.2107515632250092
COQ9,-0.0301,0.6155288833540299,-0.2107515632250092
LYSMD3,-0.0627,0.614402627916656,-0.2115469354126417
NUCB1,-0.0092,0.614402627916656,-0.2115469354126417
RPL35A,-0.0368,0.613277281043298,-0.2123431235242877
DNHD1,-0.0128,0.613277281043298,-0.2123431235242877
RNF130,-0.0756,0.613277281043298,-0.2123431235242877
NAA20,-0.0296,0.613277281043298,-0.2123431235242877
ADAM12,-0.1574,0.613277281043298,-0.2123431235242877
CYB5R1,-0.0949,0.6121528448864231,-0.21314012784938774
PREP,-0.034,0.6110293215920846,-0.21393794867708804
KCNS3,-0.1419,0.6110293215920846,-0.21393794867708804
ITIH5,-0.1529,0.6110293215920846,-0.21393794867708804
ABHD13,-0.0438,0.6110293215920846,-0.21393794867708804
ZNF347,-0.0704,0.6099067132999101,-0.2147365862962416
DDB2,-0.0154,0.6087850221430913,-0.21553604099540724
C6orf203,-0.0434,0.6076642502483715,-0.21633631306285095
PPP4R1,-0.0583,0.6076642502483715,-0.21633631306285095
SNORA11,-0.1247,0.6054254727198982,-0.2179393104541701
CERS3,-0.262,0.605424654894408,-0.21793989711157624
FIG4,-0.0185,0.604307471307294,-0.21874203635311196
HBA1,-0.0129,0.604307471307294,-0.21874203635311196
GLRX,-0.0413,0.604307471307294,-0.21874203635311196
C10orf12,-0.0403,0.604307471307294,-0.21874203635311196
NFATC2,-0.1247,0.6031903975990651,-0.2195455807704655
TMC7,-0.1251,0.6031903975990651,-0.2195455807704655
LGALS4,-0.1487,0.6031895760668865,-0.2195461722704898
ENTPD3,-0.1219,0.6020742536895516,-0.22034994399303265
PRKCB,-0.1658,0.6020742536895516,-0.22034994399303265
SCEL,-0.1228,0.6020740890145799,-0.22035006277811744
RAB8B,-0.079,0.6009590416665803,-0.22115512630732326
LMF2,-0.072,0.6009590416665803,-0.22115512630732326
CAPN15,-0.0376,0.6009590416665803,-0.22115512630732326
TRIP10,-0.0527,0.5998447636114543,-0.22196112799955525
HECW2,-0.0915,0.5987314215989427,-0.2227679493556545
NR1H4,-0.2053,0.5986475133495361,-0.2228288171205691
MAST3,-0.1104,0.5976190176972691,-0.22357559066125565
EFNB2,-0.0486,0.5976190176972691,-0.22357559066125565
TFAP2A,-0.0829,0.5976190176972691,-0.22357559066125565
SC5D,-0.0471,0.5976190176972691,-0.22357559066125565
NCK1,-0.0886,0.5965075539681023,-0.22438405220170182
FAM86A,-0.0688,0.5953970324665456,-0.22519333426204483
EMC2,-0.0323,0.5953970324665456,-0.22519333426204483
ZNF93,-0.0464,0.5953970324665456,-0.22519333426204483
ZNF266,-0.0648,0.5953970324665456,-0.22519333426204483
PKM,-0.0191,0.5942874552411261,-0.22600343712704585
NDUFC2,-0.018,0.5931788243337852,-0.22681436108117495
SLC9A1,-0.0835,0.5931788243337852,-0.22681436108117495
ZNF736,-0.0589,0.5931788243337852,-0.22681436108117495
CTTNBP2NL,-0.0376,0.5931788243337852,-0.22681436108117495
RPS27L,-0.0508,0.5931788243337852,-0.22681436108117495
ZMYND8,-0.0557,0.5920711417798681,-0.2276261064086118
TAS2R31,-0.0221,0.5920711417798681,-0.2276261064086118
TINAGL1,-0.1536,0.5909644096081139,-0.2284386733932455
SLC12A9,-0.0669,0.5909644096081139,-0.2284386733932455
OGFRL1,-0.0775,0.5887538044929601,-0.23006627346820993
PLXNA1,-0.0611,0.5887538044929601,-0.23006627346820993
OSTF1,-0.0728,0.5887538044929601,-0.23006627346820993
CCDC141,-0.1671,0.5887538044929601,-0.23006627346820993
AKR1E2,-0.0671,0.5887538044929601,-0.23006627346820993
TEX264,-0.0437,0.5887538044929601,-0.23006627346820993
ABHD17C,-0.0725,0.5876499355739189,-0.23088130712486893
SYT7,-0.0711,0.5876499355739189,-0.23088130712486893
TMC6,-0.1068,0.5876499355739189,-0.23088130712486893
EXPH5,-0.1314,0.5876499355739189,-0.23088130712486893
RPL27A,-0.0631,0.5876499355739189,-0.23088130712486893
RRP12,-0.0378,0.5865470250857373,-0.2316971635713821
LAIR1,-0.1286,0.5865470250857373,-0.2316971635713821
FCGR2C,-0.1536,0.5865470250857373,-0.2316971635713821
FAM86DP,-0.0132,0.5843440873775316,-0.23333134596344274
SGMS2,-0.0753,0.5843440873775316,-0.23333134596344274
AKR1C3,-0.1457,0.5843440873775316,-0.23333134596344274
ZNF430,-0.0789,0.582145007252795,-0.23496882290044555
GATA3,-0.0275,0.582145007252795,-0.23496882290044555
DPYSL2,-0.0655,0.5810469187188864,-0.23578879752705356
RHBDD1,-0.013,0.5810469187188864,-0.23578879752705356
PCDHGB5,-0.1146,0.5799498004890421,-0.23660959663382414
OLFM2,-0.0883,0.5799498004890421,-0.23660959663382414
CD164,-0.0249,0.5799498004890421,-0.23660959663382414
ATHL1,-0.0953,0.5799498004890421,-0.23660959663382414
PACS2,-0.0223,0.5799498004890421,-0.23660959663382414
SLC4A11,-0.209,0.5799498004890421,-0.23660959663382414
DDR1,-0.0186,0.5788536545186941,-0.23743122050146537
SLC8B1,-0.1093,0.5788536545186941,-0.23743122050146537
LOC729737,-0.085,0.577758482756553,-0.23825366941039794
SIGLEC10,-0.1049,0.577758482756553,-0.23825366941039794
APP,-0.0459,0.5766642871446006,-0.23907694364075427
ANXA8,-0.3836,0.5766642871446006,-0.23907694364075427
MAP7D1,-0.0298,0.57557106961808,-0.23990104347237942
WAS,-0.1227,0.57557106961808,-0.23990104347237942
UBE2J1,-0.0086,0.57557106961808,-0.23990104347237942
PLA2G4F,-0.1708,0.5750247849024022,-0.24031343580711925
PLOD2,-0.0535,0.5744788321054869,-0.24072596918483113
KLK6,-0.1212,0.5737161515057825,-0.2413029234989481
SRFBP1,-0.0411,0.5733875765285608,-0.24155172105738001
TIAM2,-0.0323,0.5722973048022764,-0.24237829936900956
DOCK2,-0.1437,0.5722973048022764,-0.24237829936900956
CD99L2,-0.0551,0.5722973048022764,-0.24237829936900956
RAG1,-0.1114,0.5701197205276549,-0.24403393642401208
RPS19,-0.0227,0.5701197205276549,-0.24403393642401208
PICK1,-0.0287,0.5690324117753655,-0.24486299572391937
NDUFAF5,-0.0528,0.5690324117753655,-0.24486299572391937
CC2D2A,-0.0692,0.5679460944657957,-0.24569288257597663
MAP3K14,-0.0937,0.566860770479968,-0.24652359725773573
CTSB,-0.0719,0.566860770479968,-0.24652359725773573
ALPK1,-0.018,0.566860770479968,-0.24652359725773573
IRF8,-0.1834,0.566860770479968,-0.24652359725773573
TATDN1,-0.0574,0.5657764416920884,-0.24735514004646325
PRR12,-0.0565,0.5646931099695401,-0.24818751121913973
AES,-0.0557,0.5646931099695401,-0.24818751121913973
SBNO2,-0.0694,0.5646931099695401,-0.24818751121913973
IKZF1,-0.191,0.5646931099695401,-0.24818751121913973
SNORD15B,-0.1227,0.5646931099695401,-0.24818751121913973
MAOA,-0.2671,0.5646931099695401,-0.24818751121913973
CLDN12,-0.0275,0.5636107771728739,-0.2490207110524608
GSE1,-0.0286,0.5636107771728739,-0.2490207110524608
ZNF730,-0.1579,0.5636107771728739,-0.2490207110524608
PCSK1,-0.1866,0.56361060032372,-0.24902084732491478
PADI3,-0.3449,0.5625294451558007,-0.24985473982283674
BZRAP1,-0.1004,0.5614491157651836,-0.25068959780639316
PLXNB2,-0.0538,0.5614491157651836,-0.25068959780639316
MS4A6A,-0.1214,0.5614491157651836,-0.25068959780639316
NLGN2,-0.054,0.5603697908410301,-0.25152528527897094
CECR2,-0.2594,0.5603697908410301,-0.25152528527897094
VSIG4,-0.1614,0.5603697908410301,-0.25152528527897094
SNX13,-0.0106,0.5603697908410301,-0.25152528527897094
AKR1C2,-0.3897,0.5603697908410301,-0.25152528527897094
PIP4K2A,-0.0913,0.5603697908410301,-0.25152528527897094
ALB,-0.446,0.5603644560096022,-0.25152941986816113
ALDH4A1,-0.1281,0.5592914722164841,-0.2523618025161264
LIPG,-0.1091,0.5592914722164841,-0.2523618025161264
MDM4,-0.0617,0.5592914722164841,-0.2523618025161264
C5orf42,-0.0465,0.5582141617178178,-0.25319914979313196
ZNF808,-0.0542,0.5582141617178178,-0.25319914979313196
CKB,-0.1719,0.5571378611644258,-0.2540373273849752
NR3C2,-0.0701,0.5571378611644258,-0.2540373273849752
ZNF770,-0.0674,0.5560625723688148,-0.25487633556636063
VWA5A,-0.1408,0.5560625723688148,-0.25487633556636063
ENAH,-0.068,0.5549882971365988,-0.2557161746117087
MPP5,-0.0756,0.5549882971365988,-0.2557161746117087
ABLIM3,-0.2092,0.5528427945502905,-0.25739834639055886
TMEM205,-0.0599,0.5528427945502905,-0.25739834639055886
ANKRD13D,-0.06,0.5528427945502905,-0.25739834639055886
ID1,-0.1531,0.5517715707728897,-0.25824067967148545
SPP1,-0.1533,0.5517715707728897,-0.25824067967148545
KRT6C,-0.4278,0.5508851407236162,-0.2589389418920112
MCL1,-0.038,0.5507013677122514,-0.25908384491122516
PTK2,-0.0321,0.5507013677122514,-0.25908384491122516
RHCG,-0.338,0.5506988380991906,-0.25908583982095523
ARHGEF10,-0.038,0.5496321871394099,-0.2599278423827835
ACTG2,-0.1912,0.5485640308184627,-0.2607726723588833
TMEM176B,-0.1446,0.5485640308184627,-0.2607726723588833
PLS3,-0.0776,0.5485640308184627,-0.2607726723588833
PAK1,-0.0711,0.5474969005065631,-0.2616183351119657
TNFAIP6,-0.144,0.5474969005065631,-0.2616183351119657
PBXIP1,-0.0668,0.5474969005065631,-0.2616183351119657
COL24A1,-0.0722,0.5464307979539128,-0.2624648309141899
BTBD16,-0.2566,0.5464307524727294,-0.26246486706191047
ATRNL1,-0.0292,0.5453657249037566,-0.263312160037433
SRSF8,-0.0409,0.5453657249037566,-0.263312160037433
TBL1X,-0.0806,0.5453657249037566,-0.263312160037433
PLEKHM1P,-0.0379,0.5453657249037566,-0.263312160037433
LIMK1,-0.0456,0.5453657249037566,-0.263312160037433
PRKCH,-0.1036,0.5443016830923744,-0.26416032275329077
GCH1,-0.0106,0.5421767000961897,-0.26585915004782706
PARP10,-0.0504,0.5421767000961897,-0.26585915004782706
TSPAN31,-0.0453,0.5411157623490658,-0.26670981516829123
TTC38,-0.0583,0.5411157623490658,-0.26670981516829123
DNAJB6,-0.0261,0.5400558627160601,-0.26756131496494173
IL1B,-0.1848,0.5389970028985324,-0.26841364970796994
FGD4,-0.0689,0.5389970028985324,-0.26841364970796994
VPS13C,-0.0581,0.5389970028985324,-0.26841364970796994
ACKR3,-0.1909,0.5379391845908394,-0.26926681966728677
DOCK10,-0.1046,0.5379391845908394,-0.26926681966728677
FHAD1,-0.1061,0.5379391845908394,-0.26926681966728677
ITGA4,-0.1236,0.5368824094803293,-0.2701208251125229
WDR60,-0.0431,0.5368824094803293,-0.2701208251125229
ALDH7A1,-0.1549,0.5358266792473341,-0.2709756663130295
ORAI1,-0.0801,0.5347719955651651,-0.2718313435378779
LOXL4,-0.0007,0.5347719955651651,-0.2718313435378779
UBE2E3,-0.0318,0.5347719955651651,-0.2718313435378779
SLCO4A1,-0.0437,0.5347719955651651,-0.2718313435378779
ZNF618,-0.0624,0.5337183601001061,-0.27268785705586013
HBB,-0.0103,0.5337183601001061,-0.27268785705586013
SCUBE2,-0.1697,0.5337183601001061,-0.27268785705586013
RAPGEF1,-0.0552,0.5326657745114084,-0.27354520713548863
KPNA5,-0.0415,0.5326657745114084,-0.27354520713548863
DHRS4,-0.0301,0.5326657745114084,-0.27354520713548863
FERMT3,-0.1057,0.5305637595648998,-0.27526241805234136
EHD4,-0.0857,0.5305637595648998,-0.27526241805234136
EEA1,-0.0463,0.5295143334903742,-0.2761222794251966
CLIP1,-0.0695,0.5295143334903742,-0.2761222794251966
GIMAP7,-0.179,0.5284659638587688,-0.2769829784309614
MYO1G,-0.1657,0.5274186522940841,-0.27784451533675547
CD99,-0.02,0.5263724004132546,-0.2787068904094208
JRK,-0.0284,0.5263724004132546,-0.2787068904094208
TUSC3,-0.073,0.5253272098261426,-0.2795701039155216
DCDC2,-0.1988,0.5253194618236021,-0.279576509331995
IQGAP2,-0.1119,0.5242830821355335,-0.2804341561213446
CIITA,-0.1867,0.5242830821355335,-0.2804341561213446
ZNF701,-0.0026,0.5242830821355335,-0.2804341561213446
PIK3R2,-0.0353,0.523240018937131,-0.2812990472928989
CPAMD8,-0.1614,0.523240018937131,-0.2812990472928989
SASH1,-0.0847,0.522198021819551,-0.2821647776959171
MGST2,-0.106,0.5211570923643173,-0.28303134759585447
ZNF564,-0.0565,0.5211570923643173,-0.28303134759585447
RNASE1,-0.0927,0.5211570923643173,-0.28303134759585447
SP110,-0.0853,0.5211570923643173,-0.28303134759585447
GBA2,-0.0267,0.5211570923643173,-0.28303134759585447
LOC100289097,-0.0586,0.5211570923643173,-0.28303134759585447
ATM,-0.072,0.5201172321458567,-0.28389875725789004
RPL11,-0.0357,0.5201172321458567,-0.28389875725789004
PRPF40B,-0.0399,0.5190784427314943,-0.28476700694692586
TMEM135,-0.0698,0.5190784427314943,-0.28476700694692586
NEK7,-0.0061,0.5190784427314943,-0.28476700694692586
CEACAM5,-0.133,0.5190782532325111,-0.2847671654940181
NBPF8,-0.045,0.5180407256814478,-0.2856360969275884
PTK6,-0.1991,0.5180407256814478,-0.2856360969275884
FAAH2,-0.0648,0.5180407256814478,-0.2856360969275884
TCN2,-0.0464,0.5180407256814478,-0.2856360969275884
RYR2,-0.141,0.5180407256814478,-0.2856360969275884
PLXNB3,-0.1486,0.5170040825488242,-0.2865060274642276
NYNRIN,-0.168,0.5170040825488242,-0.2865060274642276
GRK6,-0.0861,0.5170040825488242,-0.2865060274642276
TMEM132A,-0.0252,0.5170040825488242,-0.2865060274642276
RGL2,-0.0742,0.5170040825488242,-0.2865060274642276
TTC7A,-0.0825,0.5159685148796144,-0.2873767988209179
SNORA73B,-0.0923,0.5159685148796144,-0.2873767988209179
ACSL3,-0.0415,0.5159685148796144,-0.2873767988209179
ERO1LB,-0.1,0.5159685148796144,-0.2873767988209179
COTL1,-0.1451,0.5159685148796144,-0.2873767988209179
ZNHIT6,-0.0335,0.5159685148796144,-0.2873767988209179
SNORA8,-0.1622,0.5159685148796144,-0.2873767988209179
TNFRSF11A,-0.0738,0.5149340242126884,-0.28824841126145795
ZNF827,-0.0509,0.5149340242126884,-0.28824841126145795
ODF2L,-0.0692,0.5139006120797917,-0.28912086504937135
NBPF15,-0.011,0.5139006120797917,-0.28912086504937135
KHDRBS3,-0.0515,0.5128682800055402,-0.2899941604479062
RASSF8,-0.0786,0.5128682800055402,-0.2899941604479062
ZNF708,-0.1075,0.5128682800055402,-0.2899941604479062
TAF7,-0.0206,0.5118370295074162,-0.29086829772003614
PCYOX1,-0.0204,0.5118370295074162,-0.29086829772003614
ANKZF1,-0.0496,0.5118370295074162,-0.29086829772003614
DPY19L2,-0.1104,0.5118370295074162,-0.29086829772003614
GSTM2,-0.1955,0.5118370295074162,-0.29086829772003614
KDM5B,-0.0366,0.5108068620957645,-0.2917432771284595
NPIPB15,-0.3352,0.5097777792737876,-0.2926190989356006
ANK2,-0.0911,0.5077228733759351,-0.2943732707943612
ZFAND5,-0.0597,0.5077228733759351,-0.2943732707943612
AGAP9,-0.0149,0.5066970532707187,-0.2952516213694587
FAM135A,-0.0729,0.5066970532707187,-0.2952516213694587
NR4A3,-0.1848,0.5066970532707187,-0.2952516213694587
BCAR3,-0.0655,0.5066970532707187,-0.2952516213694587
DMKN,-0.3373,0.5056723236964883,-0.2961308153902298
APC,-0.0421,0.5056723236964883,-0.2961308153902298
WBP5,-0.1481,0.5056723236964883,-0.2961308153902298
SLITRK6,-0.2753,0.5056723236964883,-0.2961308153902298
SUMF2,-0.0293,0.5046486861206774,-0.2970108531177296
FKBP5,-0.1236,0.5046486861206774,-0.2970108531177296
DTNA,-0.1416,0.5046486861206774,-0.2970108531177296
ZNF211,-0.0522,0.5036261420035546,-0.2978917348127398
SNX29,-0.0392,0.5036261420035546,-0.2978917348127398
SLC12A8,-0.0346,0.5036261420035546,-0.2978917348127398
KREMEN1,-0.1056,0.5026046927982196,-0.2987734607357691
IVNS1ABP,-0.0349,0.5026046927982196,-0.2987734607357691
ZNF90,-0.2529,0.5015843399505999,-0.2996560311470537
SSH3,-0.1163,0.5005650848994476,-0.3005394463065569
RPLP2,-0.0838,0.5005650848994476,-0.3005394463065569
LRMP,-0.1772,0.5005650848994476,-0.3005394463065569
NPIPB4,-0.0489,0.5005650848994476,-0.3005394463065569
PHTF2,-0.0479,0.5005650848994476,-0.3005394463065569
RDH10,-0.1145,0.49954692907633547,-0.3014237064739698
FRAS1,-0.1787,0.49954692907633547,-0.3014237064739698
FAM114A1,-0.0445,0.49954692907633547,-0.3014237064739698
GSAP,-0.1218,0.49852987390565395,-0.30230881190871167
FYB,-0.1255,0.49852987390565395,-0.30230881190871167
PLCG1,-0.0581,0.4975139208046082,-0.30319476286992963
FRA10AC1,-0.0221,0.4975139208046082,-0.30319476286992963
TNRC6C,-0.0427,0.4964990711832148,-0.30408155961649896
IKBKE,-0.102,0.4964990711832148,-0.30408155961649896
VANGL1,-0.0345,0.4964990711832148,-0.30408155961649896
VIPR1,-0.1825,0.4964990711832148,-0.30408155961649896
ITPK1,-0.0635,0.4954853264442981,-0.3049692024070241
SLC16A1,-0.1545,0.4954853264442981,-0.3049692024070241
TRAF3,-0.0278,0.49447268798348853,-0.30585769149983755
INPP5A,-0.044,0.49447268798348853,-0.30585769149983755
NDUFAF4,-0.05,0.49346115718921857,-0.30674702715300123
CTSC,-0.1162,0.49346115718921857,-0.30674702715300123
ADAMTSL4,-0.0917,0.49346115718921857,-0.30674702715300123
OSBPL8,-0.0448,0.49245073544272033,-0.30763720962430613
CDCA7L,-0.1624,0.49245073544272033,-0.30763720962430613
CYP27A1,-0.0949,0.49144142411802294,-0.3085282391712727
KIAA1551,-0.0714,0.49144142411802294,-0.3085282391712727
PTPDC1,-0.0502,0.4904332245819497,-0.30942011605115094
TNFRSF1B,-0.1507,0.4904332245819497,-0.30942011605115094
RRAS2,-0.141,0.4894261381941155,-0.3103128405209209
PTGR1,-0.1011,0.4894261381941155,-0.3103128405209209
CD22,-0.2721,0.4894261381941155,-0.3103128405209209
CDC14A,-0.0997,0.4894261381941155,-0.3103128405209209
CLCN7,-0.0599,0.4894261381941155,-0.3103128405209209
C1orf54,-0.1104,0.4894261381941155,-0.3103128405209209
LMBRD1,-0.0385,0.4874153102655666,-0.31210083325670673
GPX2,-0.5482,0.4869128072629737,-0.3125488020602119
CEP170B,-0.0546,0.48641157140801794,-0.31299610203533357
CD37,-0.1909,0.48641157140801794,-0.31299610203533357
STK38L,-0.0553,0.48641157140801794,-0.31299610203533357
SNRNP70,-0.0507,0.48641157140801794,-0.31299610203533357
FXYD5,-0.1317,0.485408951065035,-0.31389221942907514
ZBTB44,-0.0514,0.485408951065035,-0.31389221942907514
SERPING1,-0.0864,0.4834070712096926,-0.31568700108416325
MIER1,-0.0597,0.4834070712096926,-0.31568700108416325
PDGFRL,-0.11,0.48240781432273805,-0.31658566585596876
TMEM87B,-0.0753,0.48240781432273805,-0.31658566585596876
EML6,-0.0455,0.48140968120115524,-0.3174851802638072
NAA16,-0.042,0.48140968120115524,-0.3174851802638072
B3GNT2,-0.0348,0.48140968120115524,-0.3174851802638072
PTPRM,-0.1349,0.48140968120115524,-0.3174851802638072
PLA2G4A,-0.0404,0.48140968120115524,-0.3174851802638072
PCDHGB2,-0.1471,0.48041267313958,-0.3183855445622371
KRT6B,-0.5702,0.4797689014177522,-0.31896790638982814
KRT23,-0.3147,0.47941679142541826,-0.31928675900554915
FAM102B,-0.0163,0.47941679142541826,-0.31928675900554915
GREB1,-0.1224,0.47941679142541826,-0.31928675900554915
SNORD13,-0.1973,0.47941679142541826,-0.31928675900554915
KIAA1217,-0.1291,0.47941679142541826,-0.31928675900554915
HNRNPU-AS1,-0.0918,0.4774284121527973,-0.3210917393426441
BMP2K,-0.1241,0.4774284121527973,-0.3210917393426441
GPX1,-0.1339,0.4774284121527973,-0.3210917393426441
PRKAG2,-0.0505,0.4774284121527973,-0.3210917393426441
AP1G2,-0.0541,0.47643591713298417,-0.32199550574367075
PDPN,-0.1403,0.47643591713298417,-0.32199550574367075
ROCK1,-0.0449,0.47643591713298417,-0.32199550574367075
DIP2C,-0.1009,0.4744543226186957,-0.32380559227678823
LOX,-0.2015,0.4744543226186957,-0.32380559227678823
DNPEP,-0.0915,0.47346522561944304,-0.3247119129145209
TMC8,-0.2281,0.47346522561944304,-0.3247119129145209
ARHGEF6,-0.1616,0.47346522561944304,-0.3247119129145209
MAN2B1,-0.0631,0.47247726377686594,-0.325619085469687
PPP1R15A,-0.1292,0.47247726377686594,-0.325619085469687
SDHD,-0.055,0.47247726377686594,-0.325619085469687
CAST,-0.1239,0.47149043832047355,-0.32652711019444147
AHR,-0.1206,0.47149043832047355,-0.32652711019444147
MMP3,-0.2811,0.4709745714633836,-0.32700254036846227
RNH1,-0.0988,0.4705047504725317,-0.3274359873406737
RPL22,-0.0599,0.4705047504725317,-0.3274359873406737
WIPF1,-0.1403,0.4705047504725317,-0.3274359873406737
LMAN2,-0.0451,0.4695202014480625,-0.328345717160007
RPS7,-0.0857,0.4695202014480625,-0.328345717160007
TTC28,-0.0748,0.4685367924548427,-0.32925629990379934
STARD10,-0.0666,0.4675545246934032,-0.33016773582314346
CMPK1,-0.0771,0.4675545246934032,-0.33016773582314346
RASSF5,-0.0875,0.4675545246934032,-0.33016773582314346
ZNF844,-0.1059,0.466573399357028,-0.331080025168867
CAPN9,-0.2023,0.4665550083228378,-0.33109714419471725
ETF1,-0.0786,0.46559341763175366,-0.33199316819153263
ZNF626,-0.3233,0.46559341763175366,-0.33199316819153263
EMILIN2,-0.1498,0.46559341763175366,-0.33199316819153263
TMBIM1,-0.1078,0.46559341763175366,-0.33199316819153263
ZNF721,-0.0116,0.46559341763175366,-0.33199316819153263
PITRM1,-0.0779,0.46559341763175366,-0.33199316819153263
RSPO3,-0.19,0.4655932153343577,-0.33199335688977993
SLC15A1,-0.1516,0.46510380539168794,-0.33245010715833806
STK32A,-0.2291,0.4641250853722192,-0.3333649578806669
RNF19A,-0.0776,0.46363688972241124,-0.3338220162686188
MUC2,-0.3977,0.4626603458741724,-0.33473772182284267
PINK1,-0.0765,0.4616849503086917,-0.335654282053616
DAB2,-0.0659,0.4616849503086917,-0.335654282053616
GRINA,-0.0649,0.4607107041757593,-0.33657169721018043
PTPRQ,-0.2749,0.4607107041757593,-0.33657169721018043
RPLP0,-0.0558,0.4607107041757593,-0.33657169721018043
RWDD1,-0.0757,0.4597376086179139,-0.3374899675415148
ADAM17,-0.03,0.4587656647704442,-0.3384090932963339
ST6GALNAC1,-0.3399,0.4587656647704442,-0.3384090932963339
SPI1,-0.1274,0.4587656647704442,-0.3384090932963339
CDK7,-0.0241,0.4587656647704442,-0.3384090932963339
ITPKC,-0.1396,0.4587656647704442,-0.3384090932963339
GABRP,-0.3156,0.458765461050784,-0.33840928614935395
ARSB,-0.0575,0.4577948737613876,-0.33932907472308993
RAD50,-0.0497,0.4577948737613876,-0.33932907472308993
SLC26A6,-0.0888,0.4577948737613876,-0.33932907472308993
CD36,-0.0768,0.4568252367115304,-0.3402499120699721
PRKCQ,-0.1847,0.4568252367115304,-0.3402499120699721
TSPYL1,-0.0893,0.4568252367115304,-0.3402499120699721
PPARD,-0.0345,0.4558567547344078,-0.3411716055849073
LMNA,-0.0925,0.4558567547344078,-0.3411716055849073
SULF1,-0.1269,0.45488942893630424,-0.34209415551555933
SLC7A2,-0.1227,0.45392326041625297,-0.34301756210933054
PFKFB4,-0.0618,0.45392326041625297,-0.34301756210933054
RHBDF2,-0.1107,0.45392326041625297,-0.34301756210933054
KLC2,-0.0359,0.452958250266037,-0.3439418256133608
ADARB1,-0.0151,0.452958250266037,-0.3439418256133608
JAM2,-0.13,0.45199439957018817,-0.34486694627452896
PPAP2A,-0.1877,0.45199439957018817,-0.34486694627452896
UBE2E2,-0.0684,0.45199439957018817,-0.34486694627452896
F8,-0.1163,0.45007018084347294,-0.34671976005448407
SIPA1L2,-0.1252,0.45007018084347294,-0.34671976005448407
CCNYL1,-0.0081,0.45007018084347294,-0.34671976005448407
COL1A2,-0.1656,0.4491098149454228,-0.34764745366572136
MFAP5,-0.3082,0.4491013320019923,-0.3476556568494267
CCR7,-0.1519,0.4481506127673739,-0.3485760054189972
ZNF292,-0.0535,0.4471925753576137,-0.3495054155598845
HES1,-0.1769,0.4471925753576137,-0.3495054155598845
UBA52,-0.0268,0.4471925753576137,-0.3495054155598845
TEAD1,-0.0511,0.4471925753576137,-0.3495054155598845
SLA,-0.1871,0.446235703757182,-0.3504356843336964
NADSYN1,-0.0793,0.44527999899987325,-0.35136681198548486
PPP2R5B,-0.0513,0.44527999899987325,-0.35136681198548486
MCPH1,-0.0617,0.44527999899987325,-0.35136681198548486
SIPA1,-0.1204,0.4443254621122352,-0.35229879876004316
EIF3F,-0.0649,0.4443254621122352,-0.35229879876004316
MBD6,-0.1156,0.4443254621122352,-0.35229879876004316
CHI3L1,-0.172,0.4443254104732629,-0.35229884923322996
B3GNT5,-0.0594,0.44337209411357226,-0.35323164490190384
HMGCS2,-0.3364,0.44337157727610776,-0.3532321511579192
SPAG7,-0.0574,0.44241989601594434,-0.3541653506553407
BMP4,-0.1407,0.44241989601594434,-0.3541653506553407
SRGN,-0.1203,0.44241989601594434,-0.3541653506553407
TMEM181,-0.0728,0.44241989601594434,-0.3541653506553407
MPHOSPH6,-0.0541,0.4414688688241698,-0.35509991626436765
RNPEPL1,-0.0686,0.4405190135358251,-0.3560353419727401
GOT2,-0.1003,0.4405190135358251,-0.3560353419727401
LPHN3,-0.0972,0.43957033114124733,-0.35697162802395427
FURIN,-0.0471,0.43862282262353436,-0.35790877466124793
ZNF559,-0.0574,0.43862282262353436,-0.35790877466124793
SGSM2,-0.0777,0.43862282262353436,-0.35790877466124793
NSG1,-0.2203,0.43862282262353436,-0.35790877466124793
TP53I3,-0.0852,0.4367313311149107,-0.359785650665733
SETD7,-0.0537,0.4367313311149107,-0.359785650665733
ATF4,-0.0578,0.4357873500540156,-0.360725380518109
SNTB1,-0.0932,0.4357873500540156,-0.360725380518109
CD163,-0.1683,0.4348445467300197,-0.3616659719269342
APOBEC3C,-0.0114,0.4348445467300197,-0.3616659719269342
EPS8L1,-0.1651,0.4348445467300197,-0.3616659719269342
TMEM2,-0.0213,0.4348445467300197,-0.3616659719269342
STX6,-0.0543,0.4348445467300197,-0.3616659719269342
CPA4,-0.1705,0.43390292208985015,-0.36260742513415667
PGM2L1,-0.0805,0.43296247707320434,-0.3635497403814674
PCM1,-0.042,0.43296247707320434,-0.3635497403814674
POTEE,-0.2626,0.43296247707320434,-0.3635497403814674
SCNN1A,-0.313,0.43296247707320434,-0.3635497403814674
CDON,-0.071,0.4320232126125527,-0.3644929179103002
ZMAT3,-0.0894,0.4320232126125527,-0.3644929179103002
POSTN,-0.2012,0.4320232126125527,-0.3644929179103002
LOC100996634,-0.2106,0.4320232126125527,-0.3644929179103002
PKIA,-0.1717,0.4310851296331397,-0.3654369579618323
TNRC18,-0.0247,0.4310851296331397,-0.3654369579618323
SLC25A46,-0.0576,0.43014822905298633,-0.36638186077698415
CXorf23,-0.0497,0.43014822905298633,-0.36638186077698415
PILRA,-0.0664,0.43014822905298633,-0.36638186077698415
ARHGEF1,-0.1207,0.429212511782892,-0.36732762659642
TXNIP,-0.095,0.429212511782892,-0.36732762659642
TBC1D12,-0.0332,0.429212511782892,-0.36732762659642
CRLS1,-0.0348,0.4282779787264367,-0.36827425566054783
BMP7,-0.2538,0.4282779787264367,-0.36827425566054783
IPO4,-0.049,0.4282779787264367,-0.36827425566054783
BCOR,-0.0519,0.4282779787264367,-0.36827425566054783
TMEM47,-0.1046,0.42734463077998275,-0.36922174820952014
CNTLN,-0.0501,0.42734463077998275,-0.36922174820952014
RGPD8,-0.1623,0.42734463077998275,-0.36922174820952014
CCDC88C,-0.1004,0.426412468832678,-0.37017010448323306
HRAS,-0.0825,0.42548149376645716,-0.3711193247213279
PCDHGA6,-0.1273,0.42548149376645716,-0.3711193247213279
LPIN3,-0.0987,0.4245517064560448,-0.37206940916319037
FCGR2A,-0.1327,0.4245517064560448,-0.37206940916319037
R3HCC1,-0.0303,0.4236231077689574,-0.37302035804795136
TRIM66,-0.0627,0.4236231077689574,-0.37302035804795136
NT5DC1,-0.0574,0.4236231077689574,-0.37302035804795136
EDARADD,-0.222,0.42269569856550615,-0.37397217161448704
ZFHX4,-0.071,0.42269569856550615,-0.37397217161448704
RHOBTB3,-0.095,0.4217694796987995,-0.37492485010141885
ZBTB38,-0.055,0.4217694796987995,-0.37492485010141885
KLF4,-0.1805,0.4217694796987995,-0.37492485010141885
GNPDA1,-0.0549,0.4217694796987995,-0.37492485010141885
CYP3A5,-0.2927,0.41992061635205646,-0.3768328027896858
DUOX2,-0.2143,0.41899797354224744,-0.3777880774669934
UGDH,-0.0657,0.41807652440964393,-0.37874421801664226
FSTL1,-0.0967,0.41807652440964393,-0.37874421801664226
PLXNC1,-0.0905,0.41807652440964393,-0.37874421801664226
GLRX3,-0.0829,0.417156269771382,-0.37970122467598477
LONRF1,-0.0832,0.417156269771382,-0.37970122467598477
FSIP2,-0.1656,0.417156269771382,-0.37970122467598477
ITGB1BP1,-0.0396,0.417156269771382,-0.37970122467598477
VEGFA,-0.0995,0.41623721043741213,-0.38065909768211986
UNC13B,-0.0251,0.41623721043741213,-0.38065909768211986
MTUS1,-0.1647,0.41531934721050245,-0.3816178372718934
LAMA5,-0.1758,0.41531934721050245,-0.3816178372718934
SNORA48,-0.1032,0.41531934721050245,-0.3816178372718934
FN1,-0.2112,0.41531934721050245,-0.3816178372718934
EPHA2,-0.1481,0.41531934721050245,-0.3816178372718934
ATP1A1,-0.0365,0.4144026808862412,-0.38257744368189894
IRAK2,-0.187,0.41348721225304086,-0.3835379171484772
KYNU,-0.0763,0.41348721225304086,-0.3835379171484772
CTTN,-0.1089,0.4125729420921407,-0.38449925790771666
ITGB6,-0.1679,0.4125729420921407,-0.38449925790771666
SLPI,-0.3244,0.4125729420921407,-0.38449925790771666
MFAP3L,-0.1422,0.4125729420921407,-0.38449925790771666
CLIP3,-0.0579,0.41165987117761094,-0.3854614661954536
EPHA4,-0.0589,0.41165987117761094,-0.3854614661954536
IL10RA,-0.1896,0.4107480002763553,-0.3864245422472727
ZNF264,-0.0756,0.4107480002763553,-0.3864245422472727
UPP1,-0.1131,0.4098373301481152,-0.38738848629850675
RAI14,-0.1467,0.4098373301481152,-0.38738848629850675
STAG2,-0.0021,0.4098373301481152,-0.38738848629850675
KDM6A,-0.0798,0.4098373301481152,-0.38738848629850675
CERCAM,-0.1146,0.4089278615454728,-0.38835329858423767
SCP2,-0.0787,0.4089278615454728,-0.38835329858423767
INTS9,-0.0417,0.4089278615454728,-0.38835329858423767
EPHA1,-0.1504,0.4089278615454728,-0.38835329858423767
KLF3,-0.1143,0.40711253189153784,-0.39028552879826
PHKA2,-0.0374,0.40711253189153784,-0.39028552879826
LILRB2,-0.1711,0.40711253189153784,-0.39028552879826
SHISA5,-0.1097,0.40711253189153784,-0.39028552879826
CXCL8,-0.2447,0.40620667230964835,-0.3912529471954596
TEAD2,-0.0742,0.40530201719216996,-0.39222123476497295
RIC1,-0.0257,0.40530201719216996,-0.39222123476497295
DYNC1I1,-0.187,0.40530201719216996,-0.39222123476497295
CCNB1IP1,-0.073,0.40530201719216996,-0.39222123476497295
ANPEP,-0.076,0.40439856725594636,-0.39319039174062786
EDN1,-0.1138,0.40169545559622244,-0.39610308143897305
TIPARP,-0.055,0.40079683341079264,-0.397075718372477
OLFML3,-0.1884,0.40079683341079264,-0.397075718372477
PLK2,-0.1186,0.399899419883876,-0.3980492258775168
FAM177A1,-0.0878,0.399899419883876,-0.3980492258775168
FPR1,-0.1724,0.399899419883876,-0.3980492258775168
SLC7A6,-0.0215,0.3990032156895619,-0.39902360418642324
HIVEP1,-0.0497,0.3990032156895619,-0.39902360418642324
CNOT6L,-0.105,0.3990032156895619,-0.39902360418642324
TGFBR3,-0.1454,0.3990032156895619,-0.39902360418642324
TECPR1,-0.0679,0.3990032156895619,-0.39902360418642324
AKAP12,-0.1922,0.3990032156895619,-0.39902360418642324
ADSSL1,-0.1543,0.3990032156895619,-0.39902360418642324
IDUA,-0.0952,0.3990032156895619,-0.39902360418642324
DENND4A,-0.0831,0.3981082214948285,-0.3999988535312793
GTF3C6,-0.0461,0.3981082214948285,-0.3999988535312793
ZNF549,-0.0046,0.3981082214948285,-0.3999988535312793
PCCA,-0.0268,0.3981082214948285,-0.3999988535312793
PLCG2,-0.0955,0.3981082214948285,-0.3999988535312793
SHROOM3,-0.122,0.39721443795954836,-0.4009749741439187
CTNNAL1,-0.0552,0.39721443795954836,-0.4009749741439187
ATL3,-0.0984,0.39721443795954836,-0.4009749741439187
KAT2A,-0.052,0.396321865736492,-0.4019519662559272
C1orf162,-0.1476,0.396321865736492,-0.4019519662559272
PARD3,-0.0462,0.396321865736492,-0.4019519662559272
LPXN,-0.1351,0.39365142336194014,-0.4048881739003084
LRRC41,-0.0827,0.39365142336194014,-0.4048881739003084
CDC14B,-0.0397,0.3918771966549939,-0.40685000739466626
GRAMD1A,-0.0931,0.3918771966549939,-0.40685000739466626
PITPNM2,-0.0596,0.3918771966549939,-0.40685000739466626
NIN,-0.0675,0.3909919056163492,-0.40783223335232077
BLVRA,-0.041,0.39010783026086715,-0.4088153324235141
HDAC9,-0.1374,0.39010783026086715,-0.4088153324235141
SERPINE1,-0.1999,0.38922497118467514,-0.40979930483785426
VEGFC,-0.1065,0.38922497118467514,-0.40979930483785426
CLIC6,-0.0766,0.38834332897684276,-0.41078415082470326
IMPDH2,-0.068,0.38834332897684276,-0.41078415082470326
TOP3B,-0.0342,0.38834332897684276,-0.41078415082470326
CXCR4,-0.223,0.38746290421938656,-0.4117698706131772
ABAT,-0.1628,0.38570570934843706,-0.4137439325102353
SEC14L1,-0.0375,0.38570570934843706,-0.4137439325102353
RPS5,-0.0636,0.3848289403637605,-0.4147322750758237
DUOXA1,-0.2856,0.3839533910871049,-0.41572149235704553
CDSN,-0.4099,0.3837767142824793,-0.4159213796928347
DNAJC10,-0.0486,0.3822059538381658,-0.4177025519777044
MYOCD,-0.2031,0.3822059538381658,-0.4177025519777044
PRSS3,-0.3005,0.382202932304172,-0.4177059853117856
GPX8,-0.1468,0.38133406693849226,-0.4186943947721869
ZNF614,-0.133,0.38133406693849226,-0.4186943947721869
CRYZ,-0.1383,0.38133406693849226,-0.4186943947721869
TSPAN2,-0.1509,0.38133406693849226,-0.4186943947721869
GTF2E2,-0.0888,0.38046340189207084,-0.41968711319239427
SLFN12,-0.2325,0.38046340189207084,-0.41968711319239427
TMCO3,-0.0136,0.37959395921768635,-0.4206807074652398
FLRT3,-0.3034,0.37959395921768635,-0.4206807074652398
FRRS1,-0.0908,0.3787257394271274,-0.42167517781739144
CDH26,-0.2328,0.3787257394271274,-0.42167517781739144
RPL6,-0.0442,0.3787257394271274,-0.42167517781739144
DCAF17,-0.0904,0.3787257394271274,-0.42167517781739144
PAG1,-0.1368,0.3787257394271274,-0.42167517781739144
ZNF532,-0.1092,0.37785874302519007,-0.42267052447527503
ZNF783,-0.0429,0.37785874302519007,-0.42267052447527503
ZNF432,-0.1835,0.3769929705096855,-0.42366674766507245
CD63,-0.0339,0.37612842237144517,-0.42466384761272263
SRC,-0.1003,0.37526509909432726,-0.42566182454392165
PIK3CD,-0.162,0.37440300115522207,-0.4266606786841236
EFCAB13,-0.2086,0.37440300115522207,-0.4266606786841236
ZNF462,-0.0349,0.37440300115522207,-0.4266606786841236
WDR72,-0.0266,0.3744027845410389,-0.4266609299491278
PLEKHA1,-0.065,0.3735421290240598,-0.4276604102585393
PRDM1,-0.0941,0.3726824831638149,-0.42866101949213825
EXOC6B,-0.0624,0.3726824831638149,-0.42866101949213825
PVALB,-0.3329,0.37266275560722517,-0.4286840090237666
SBDS,-0.0672,0.37182406403051416,-0.4296625066096475
PPP2R1B,-0.0226,0.37182406403051416,-0.4296625066096475
C9orf3,-0.0544,0.37182406403051416,-0.4296625066096475
HPSE2,-0.3545,0.3717622513217994,-0.4297347105160775
BPIFB1,-0.4678,0.3716830619732062,-0.4298272297549094
PCDHB8,-0.2522,0.37096687207324164,-0.4306648718355529
AP5M1,-0.0738,0.37096687207324164,-0.4306648718355529
TMX4,-0.0613,0.37096687207324164,-0.4306648718355529
ANK3,-0.0656,0.37011090773414634,-0.43166811539409833
AGAP3,-0.0608,0.3692561714484479,-0.43267223750928685
POU5F1,-0.3644,0.3692561714484479,-0.43267223750928685
SYDE2,-0.1158,0.3692561714484479,-0.43267223750928685
SNORA54,-0.1901,0.3684026636444435,-0.4336772384048805
PIGR,-0.3218,0.3684026636444435,-0.4336772384048805
COL6A1,-0.1513,0.3684026636444435,-0.4336772384048805
FBXL17,-0.0548,0.3684026636444435,-0.4336772384048805
INPP4B,-0.2248,0.36755038474351454,-0.4346831183044002
PKHD1,-0.1809,0.36755038474351454,-0.4346831183044002
PRKX,-0.1045,0.36755038474351454,-0.4346831183044002
JMY,-0.0533,0.3666993351601333,-0.43568987743112675
URB1,-0.0669,0.3666993351601333,-0.43568987743112675
PLEKHG4,-0.0533,0.3666993351601333,-0.43568987743112675
ZNF7,-0.0704,0.3666993351601333,-0.43568987743112675
NPM1,-0.0774,0.3658495153018694,-0.4366975160081007
AKNA,-0.1879,0.3658495153018694,-0.4366975160081007
ATP1B3,-0.15,0.3650009255693972,-0.43770603425812205
SGCB,-0.1271,0.3650009255693972,-0.43770603425812205
LGR5,-0.2415,0.3650008712077226,-0.437706098940087
PTPRO,-0.215,0.36415356635650276,-0.438715432403751
PLBD2,-0.0661,0.3633074380500897,-0.4397257106673085
SULT1A1,-0.1343,0.3633074380500897,-0.4397257106673085
COL1A1,-0.2119,0.3633074380500897,-0.4397257106673085
ASAP1,-0.0686,0.3624625410301874,-0.44073686927087574
PARVB,-0.1275,0.3624625410301874,-0.44073686927087574
ATP5G3,-0.07,0.36161887566995743,-0.44174890843629505
VILL,-0.178,0.36161887566995743,-0.44174890843629505
PCSK7,-0.0599,0.36161887566995743,-0.44174890843629505
SERPINB4,-0.5657,0.36129293755858116,-0.4421405278017948
SEZ6L2,-0.1718,0.36077644233570105,-0.4427618283851694
FKBP11,-0.0444,0.35993524138686595,-0.4437756293388637
RBM7,-0.064,0.35993524138686595,-0.4437756293388637
CCL2,-0.2313,0.35993524138686595,-0.4437756293388637
PPP1R3C,-0.2788,0.35993524138686595,-0.4437756293388637
LARGE,-0.0746,0.35909527317605416,-0.4447903115185034
EMB,-0.1446,0.35909527317605416,-0.4447903115185034
NOL6,-0.0665,0.3582565380490288,-0.44580587514497627
JAK2,-0.0978,0.3582565380490288,-0.44580587514497627
CEACAM6,-0.297,0.3574190363447215,-0.4468223204389321
SH3BP1,-0.1213,0.3574190363447215,-0.4468223204389321
ADAM23,-0.1074,0.3565827683952403,-0.4478396476207824
LDHA,-0.1206,0.3565827683952403,-0.4478396476207824
PSMD5,-0.0003,0.3565827683952403,-0.4478396476207824
TLR6,-0.1492,0.3565827683952403,-0.4478396476207824
GEMIN4,-0.0567,0.3565827683952403,-0.4478396476207824
NBPF10,-0.0879,0.3557477345258764,-0.44885785691070146
ABL1,-0.0596,0.3557477345258764,-0.44885785691070146
LSP1,-0.1098,0.3549139350551124,-0.449876948528626
CUEDC1,-0.0527,0.3549139350551124,-0.449876948528626
LTBP1,-0.1254,0.35408137029462927,-0.4508969226942559
PTPN21,-0.0494,0.35408137029462927,-0.4508969226942559
RSU1,-0.072,0.35408137029462927,-0.4508969226942559
OSR1,-0.1782,0.35408137029462927,-0.4508969226942559
FRMD4A,-0.0086,0.35325004054931497,-0.45191777962705354
ELOVL5,-0.0934,0.35325004054931497,-0.45191777962705354
TRIP6,-0.0785,0.3524199461172707,-0.45293951954624545
FAM162A,-0.105,0.3524199461172707,-0.45293951954624545
FHL2,-0.1879,0.3515910872898206,-0.4539621426708205
ADAMTS13,-0.1266,0.3515910872898206,-0.4539621426708205
RAB11FIP3,-0.0412,0.3515910872898206,-0.4539621426708205
FTL,-0.0738,0.35076346435151773,-0.4549856492195323
HSD11B1,-0.1988,0.35076346435151773,-0.4549856492195323
KRT13,-0.3921,0.34911192724676265,-0.4570353134631995
GARNL3,-0.087,0.34911192724676265,-0.4570353134631995
NPAS2,-0.1169,0.34911192724676265,-0.4570353134631995
LAMC1,-0.1659,0.3482880136156372,-0.4580614715944821
TOMM7,-0.0458,0.3482880136156372,-0.4580614715944821
PPP3CA,-0.0752,0.3482880136156372,-0.4580614715944821
PROM2,-0.2021,0.34746533694432813,-0.45908851402255674
RPS24,-0.0603,0.3466438974836572,-0.4601164409649985
SLC22A5,-0.11,0.3466438974836572,-0.4601164409649985
ERN2,-0.3914,0.3457930734461455,-0.46118371029357563
FRZB,-0.0919,0.3450047311639136,-0.46217494926211117
ZBTB1,-0.0845,0.34418700477290665,-0.4632055310507597
SLC9A9,-0.1908,0.34418700477290665,-0.4632055310507597
ANKRD36B,-0.1843,0.34418700477290665,-0.4632055310507597
CROT,-0.1554,0.34418700477290665,-0.4632055310507597
TRIM2,-0.0838,0.34337051652868633,-0.4642369982217302
PM20D1,-0.5477,0.3433584804047307,-0.46425222175893716
GALNT2,-0.0612,0.34255526664854696,-0.465269350991426
SAMD9,-0.1353,0.34255526664854696,-0.465269350991426
HK2,-0.1026,0.34255526664854696,-0.465269350991426
ATXN1L,-0.0566,0.34255526664854696,-0.465269350991426
SH3RF1,-0.0727,0.34255526664854696,-0.465269350991426
MBOAT2,-0.1294,0.34255526664854696,-0.465269350991426
PPP2R2B,-0.2194,0.3417412553431025,-0.46630258957601667
PPP1R3B,-0.132,0.3409284828162952,-0.46733671419143813
CYP2C18,-0.2074,0.3409238850095081,-0.46734257118398004
ZNF702P,-0.0936,0.3393066548810546,-0.4694076223773498
ZNF280D,-0.0854,0.33768978434125596,-0.47148207727198577
RASA2,-0.0824,0.33768978434125596,-0.47148207727198577
MOCS1,-0.1408,0.33768978434125596,-0.47148207727198577
CASP10,-0.1317,0.33768978434125596,-0.47148207727198577
ACO2,-0.0551,0.33768978434125596,-0.47148207727198577
PARVG,-0.1546,0.3360778725891371,-0.47356008059444776
TRANK1,-0.1377,0.3360778725891371,-0.47356008059444776
ARAP2,-0.1202,0.3352737766645639,-0.47460041345231696
VPS13B,-0.0446,0.3352737766645639,-0.47460041345231696
ETHE1,-0.1397,0.33447092091102426,-0.47564163406012316
DCTN6,-0.0606,0.33447092091102426,-0.47564163406012316
PDCD4,-0.0555,0.33447092091102426,-0.47564163406012316
APBB1IP,-0.2291,0.33447092091102426,-0.47564163406012316
INPP5D,-0.1589,0.33447092091102426,-0.47564163406012316
BOC,-0.1545,0.33447092091102426,-0.47564163406012316
PPAP2B,-0.135,0.33366930547280726,-0.4766837426317103
SMURF1,-0.0559,0.3328689304876187,-0.47772673938069093
ZNF429,-0.1828,0.3312719023942856,-0.47981539826412944
BCS1L,-0.0471,0.3304752495287172,-0.48086106082465807
RPL36AL,-0.0946,0.32967983760134745,-0.48190761241472285
NCKAP1,-0.0354,0.32967983760134745,-0.48190761241472285
RN7SL1,-0.1913,0.32967983760134745,-0.48190761241472285
ANKAR,-0.0933,0.32888566671710184,-0.4829550532467837
RPL24,-0.0566,0.32888566671710184,-0.4829550532467837
IGBP1,-0.0795,0.32809273697437835,-0.48400338353307026
UGT1A5,-0.3629,0.32809273697437835,-0.48400338353307026
PLIN3,-0.1125,0.32809273697437835,-0.48400338353307026
ANKRD44,-0.1706,0.32730104846505614,-0.4850526034855825
MBNL1,-0.113,0.32730104846505614,-0.4850526034855825
UBLCP1,-0.0889,0.32730104846505614,-0.4850526034855825
LAMA1,-0.2861,0.32730104846505614,-0.4850526034855825
PNPLA3,-0.1844,0.32651054643226396,-0.48610278626222103
DES,-0.4237,0.3257213954815974,-0.48715371323613554
EEF1G,-0.0754,0.3257213954815974,-0.48715371323613554
ZFYVE9,-0.1437,0.3257213954815974,-0.48715371323613554
LAMC3,-0.2048,0.32493343115871187,-0.48820560345703
SNORD15A,-0.1539,0.32493343115871187,-0.48820560345703
COL3A1,-0.2256,0.32493343115871187,-0.48820560345703
SEMA3A,-0.2893,0.32493343115871187,-0.48820560345703
ETV5,-0.0718,0.3241467083717493,-0.48925838418985734
AGPAT5,-0.0398,0.3233612271801398,-0.49031205564547176
CCL20,-0.1909,0.3229688973450179,-0.4908392992225268
ADRBK2,-0.0923,0.32257698763685183,-0.4913666180345001
TRAM2,-0.1009,0.32257698763685183,-0.4913666180345001
ANXA8L1,-0.4953,0.32257698763685183,-0.4913666180345001
ATXN7L1,-0.0507,0.32179398978840346,-0.4924220715673402
TRABD,-0.1145,0.32179398978840346,-0.4924220715673402
BDH2,-0.1551,0.3210122336748711,-0.49347841645416246
CACNA2D1,-0.1583,0.3210122336748711,-0.49347841645416246
SRGAP2,-0.0265,0.3210122336748711,-0.49347841645416246
NBPF19,-0.089,0.3210122336748711,-0.49347841645416246
VPS36,-0.0636,0.32023171932990013,-0.4945356529049092
TTN,-0.2211,0.32023171932990013,-0.4945356529049092
NBEA,-0.1126,0.32023171932990013,-0.4945356529049092
CKAP4,-0.0541,0.32023171932990013,-0.4945356529049092
TMPRSS11E,-0.3956,0.3198413792255642,-0.4950653504496941
ANGPT2,-0.1034,0.3186744160481265,-0.4966528013368093
BBS9,-0.0647,0.3186744160481265,-0.4966528013368093
ATP1A2,-0.3028,0.3186744160481265,-0.4966528013368093
NDUFS4,-0.0721,0.3186744160481265,-0.4966528013368093
SPTBN5,-0.1848,0.3186744160481265,-0.4966528013368093
POLR3GL,-0.041,0.3186744160481265,-0.4966528013368093
ZNF692,-0.0936,0.31789762714654735,-0.49771271373671133
TRIM29,-0.3273,0.31712208008399734,-0.4987735185380351
DNAH7,-0.1543,0.31712208008399734,-0.4987735185380351
CCNL2,-0.0607,0.31634777486211496,-0.49983521594958835
CHD1,-0.0702,0.3155747114761682,-0.5008978061799522
NAMPT,-0.1033,0.3155747114761682,-0.5008978061799522
GPR155,-0.1632,0.3155747114761682,-0.5008978061799522
MVP,-0.1987,0.3155747114761682,-0.5008978061799522
CFL2,-0.1258,0.3148028899150648,-0.5019612894374809
PITPNC1,-0.109,0.3148028899150648,-0.5019612894374809
KIF7,-0.0941,0.31403231016136146,-0.5030256659303036
PCDHB9,-0.275,0.31403231016136146,-0.5030256659303036
TSKU,-0.1817,0.31403231016136146,-0.5030256659303036
BTK,-0.185,0.31403231016136146,-0.5030256659303036
UGT1A1,-0.5389,0.31403231016136146,-0.5030256659303036
AMPD2,-0.0925,0.3132629721912753,-0.5040909358663235
SORL1,-0.1932,0.3132629721912753,-0.5040909358663235
IL6,-0.3543,0.31326291733331313,-0.5040910119190793
ITGB1,-0.0752,0.3124948759746936,-0.5051570994532185
RPL7A,-0.0784,0.3124948759746936,-0.5051570994532185
RGS12,-0.0817,0.3124948759746936,-0.5051570994532185
MPDZ,-0.1566,0.3124948759746936,-0.5051570994532185
PCDHGB3,-0.1838,0.31172802147518475,-0.5062241568984409
SLC23A2,-0.1615,0.31096240865000824,-0.5072921084092182
NR3C1,-0.1564,0.31096240865000824,-0.5072921084092182
ZNF493,-0.1989,0.31096240865000824,-0.5072921084092182
SLC38A6,-0.0808,0.30943490782021066,-0.509430694455223
PCED1A,-0.0601,0.30943490782021066,-0.509430694455223
MMP9,-0.2291,0.3086730196986601,-0.5105013294037827
ALPK2,-0.1501,0.3079123730176049,-0.511572859244561
HLA-DRB5,-0.5063,0.3065346385613896,-0.5135204428875287
GLG1,-0.0332,0.3063948036742359,-0.513718604426973
NLGN4X,-0.1722,0.30563788084494914,-0.5147928201801469
LRP5,-0.1046,0.30563788084494914,-0.5147928201801469
SLC43A3,-0.1179,0.30563788084494914,-0.5147928201801469
EFHD2,-0.1477,0.3048821991222329,-0.515867931648621
CCDC102B,-0.1146,0.3048821991222329,-0.515867931648621
VPS28,-0.0893,0.30412775840704853,-0.5169439390376074
PTP4A1,-0.111,0.30412775840704853,-0.5169439390376074
ZNF616,-0.0424,0.30412775840704853,-0.5169439390376074
CRIM1,-0.1181,0.30412775840704853,-0.5169439390376074
SLC40A1,-0.0977,0.30412775840704853,-0.5169439390376074
ENGASE,-0.067,0.30337455859415585,-0.5180208425520957
GALT,-0.0485,0.30337455859415585,-0.5180208425520957
KRT6A,-0.6331,0.3026225995721248,-0.5190986423968525
CASQ2,-0.373,0.3014950691881544,-0.52071978615032
ADD3,-0.123,0.30112240342404195,-0.5212569318951275
RPS6,-0.0942,0.30112240342404195,-0.5212569318951275
PTS,-0.0581,0.30112240342404195,-0.5212569318951275
MAP2K3,-0.0897,0.30112240342404195,-0.5212569318951275
XYLT1,-0.1256,0.300374166044278,-0.5223374219570688
SLC16A3,-0.1432,0.2996271689479745,-0.5234188091661246
DUSP5,-0.198,0.2996271689479745,-0.5234188091661246
PPP2R2A,-0.0931,0.2996271689479745,-0.5234188091661246
ABCB6,-0.1622,0.2996271689479745,-0.5234188091661246
ARHGAP31,-0.1321,0.29813689503076646,-0.5255842758399872
ALDH1A1,-0.1812,0.29813689503076646,-0.5255842758399872
TXNRD2,-0.2193,0.29739361790707397,-0.5266683557114455
SSBP3,-0.0355,0.29739361790707397,-0.5266683557114455
SCARNA9,-0.1139,0.2966515804612888,-0.527753333543321
TRAK2,-0.0489,0.2966515804612888,-0.527753333543321
FKBP9,-0.083,0.2966515804612888,-0.527753333543321
LHFPL2,-0.1779,0.2959107825267715,-0.5288392095383869
DEF6,-0.1271,0.29517122393080475,-0.5299259838991965
WASL,-0.0748,0.29369582403333283,-0.5321022285271609
TLDC1,-0.1826,0.2929599823561083,-0.5331916991983217
PERP,-0.2087,0.29222537926601755,-0.5342820690432406
ATP2C2,-0.1902,0.29222537926601755,-0.5342820690432406
SNORA74A,-0.1475,0.29222537926601755,-0.5342820690432406
CALCOCO1,-0.075,0.2914920145601281,-0.5353733382633719
PNP,-0.1208,0.2914920145601281,-0.5353733382633719
ZNF816,-0.1168,0.2914920145601281,-0.5353733382633719
CLIC1,-0.0478,0.2914920145601281,-0.5353733382633719
KIAA0922,-0.183,0.2914920145601281,-0.5353733382633719
SH3PXD2B,-0.1681,0.2907598880294987,-0.5364655070599516
LEPREL2,-0.1307,0.290028999459192,-0.5375585756339966
MAGEA4,-0.635,0.2899733735466251,-0.537641878834387
ADAM28,-0.1771,0.2892993486282861,-0.5386525441863049
FRY,-0.1378,0.2892993486282861,-0.5386525441863049
ZNF654,-0.1052,0.28857093530988576,-0.5397474129174573
ITFG1,-0.0315,0.2878437592711356,-0.5408431820278146
PAPD4,-0.0553,0.2878437592711356,-0.5408431820278146
ID3,-0.1347,0.2878437592711356,-0.5408431820278146
ZNF812,-0.4707,0.2871178202732305,-0.5419398517175212
DENND2A,-0.1432,0.2871178202732305,-0.5419398517175212
MOXD1,-0.1595,0.2871178202732305,-0.5419398517175212
HEPHL1,-0.4627,0.28695608762812796,-0.5421845574817207
RN7SL2,-0.1834,0.2856696524150626,-0.5441358936344701
KLHL6,-0.2234,0.2856696524150626,-0.5441358936344701
RAC2,-0.3068,0.2856696524150626,-0.5441358936344701
IGSF10,-0.2119,0.2856696524150626,-0.5441358936344701
CADM1,-0.1728,0.28494742304755294,-0.5452352662609121
GIMAP8,-0.2357,0.28494742304755294,-0.5452352662609121
HAVCR1,-0.5451,0.28494742304755294,-0.5452352662609121
SLC4A2,-0.0533,0.2842264297064181,-0.5463355402651042
TPCN2,-0.0965,0.2842264297064181,-0.5463355402651042
CR1,-0.2409,0.2842264297064181,-0.5463355402651042
CPD,-0.0798,0.2835066721232885,-0.5474367158461036
SCRN3,-0.0842,0.2835066721232885,-0.5474367158461036
RASSF3,-0.0873,0.2835066721232885,-0.5474367158461036
LOC729218,-0.0978,0.2827881500239169,-0.5485387932027521
JUND,-0.1325,0.2827881500239169,-0.5485387932027521
ARHGAP21,-0.0786,0.2827881500239169,-0.5485387932027521
FOSB,-0.3335,0.28207086312819263,-0.5496417725336733
SPIRE1,-0.1655,0.28135481115015193,-0.5507456540372759
ADH7,-0.6236,0.28096337320637377,-0.5513502916647932
SLC2A1,-0.1682,0.280639993797991,-0.5518504379117528
CASC4,-0.0725,0.280639993797991,-0.5518504379117528
SELENBP1,-0.2815,0.2792140617749683,-0.5540627135650197
LUM,-0.207,0.2792140617749683,-0.5540627135650197
ACSL4,-0.1074,0.2792140617749683,-0.5540627135650197
STARD9,-0.1603,0.2792140617749683,-0.5540627135650197
ALDH1B1,-0.1484,0.2792140617749683,-0.5540627135650197
ABCB1,-0.2375,0.2792140617749683,-0.5540627135650197
PCDHB16,-0.2474,0.27850294649141016,-0.5551702057391168
NHP2L1,-0.0787,0.2777930646083635,-0.5562786010747032
VAT1,-0.0697,0.2777930646083635,-0.5562786010747032
KDR,-0.124,0.2777930646083635,-0.5562786010747032
SERPINB5,-0.2137,0.2777930646083635,-0.5562786010747032
CHRDL1,-0.3847,0.27779001400392456,-0.5562833703368544
ITGA9,-0.1773,0.2770844158050103,-0.5573878997688941
ACSS1,-0.0677,0.2763769997547665,-0.5584981020185911
TSPAN17,-0.0902,0.2763769997547665,-0.5584981020185911
LAPTM5,-0.1651,0.2763769997547665,-0.5584981020185911
ZNF358,-0.0602,0.27567081612529465,-0.5596092080204813
PLVAP,-0.1142,0.27567081612529465,-0.5596092080204813
SPOCK1,-0.2335,0.27567081612529465,-0.5596092080204813
AFF3,-0.1948,0.27567081612529465,-0.5596092080204813
KCNMA1,-0.2493,0.27567081612529465,-0.5596092080204813
GUCY1B3,-0.1534,0.27567081612529465,-0.5596092080204813
PPARA,-0.1014,0.27496586457851724,-0.5607212179710372
CDK18,-0.1051,0.27496586457851724,-0.5607212179710372
FAM83H,-0.0804,0.2742621447706284,-0.5618341320665182
PNKP,-0.0596,0.2742621447706284,-0.5618341320665182
PIK3C2G,-0.3606,0.27411615177083826,-0.5620653737334594
CXCL14,-0.2866,0.2739106922674852,-0.5623910144706317
ENTPD4,-0.0875,0.2735596563521073,-0.562947950502969
SLC2A10,-0.1554,0.2735596563521073,-0.562947950502969
ATP9A,-0.1197,0.27285839896773056,-0.5640626734762211
KTN1,-0.1127,0.27285839896773056,-0.5640626734762211
REV3L,-0.105,0.2721583722565848,-0.5651783011818926
SCMH1,-0.0985,0.2721583722565848,-0.5651783011818926
VAV3,-0.1425,0.2721583722565848,-0.5651783011818926
GJA5,-0.1006,0.2721583722565848,-0.5651783011818926
GYPC,-0.188,0.27145957585207914,-0.5662948338153894
DGCR2,-0.1132,0.27145957585207914,-0.5662948338153894
MPEG1,-0.2036,0.27076200938195916,-0.5674122715719029
SOX13,-0.1462,0.2700656724683186,-0.5685306146464126
FAT4,-0.1149,0.2700656724683186,-0.5685306146464126
GPR137B,-0.0903,0.2700656724683186,-0.5685306146464126
PKP4,-0.0505,0.2700656724683186,-0.5685306146464126
COL5A2,-0.2153,0.2693705647276119,-0.5696498632336866
TM2D1,-0.0528,0.2693705647276119,-0.5696498632336866
PTP4A3,-0.1783,0.26867668577066894,-0.5707700175282789
CMTR2,-0.0398,0.267984035202706,-0.5718910777245328
GREM1,-0.3309,0.267984035202706,-0.5718910777245328
GOLIM4,-0.0769,0.26729261262333937,-0.5730130440165797
RORA,-0.1514,0.26729261262333937,-0.5730130440165797
TNNT2,-0.2677,0.26729261262333937,-0.5730130440165797
TPP1,-0.0744,0.2666024176265993,-0.5741359165983385
UGT2B7,-0.4368,0.2665655497781434,-0.5741959783580407
CD82,-0.1834,0.26591344980094156,-0.5752596956635178
LY6E,-0.156,0.26591344980094156,-0.5752596956635178
CCNG1,-0.1155,0.26591344980094156,-0.5752596956635178
SPATA13,-0.0697,0.26591344980094156,-0.5752596956635178
LTF,-0.6131,0.2652257087292612,-0.5763843814056148
CSGALNACT2,-0.1071,0.2645391939889058,-0.5775099740179155
CHL1,-0.2947,0.2645391939889058,-0.5775099740179155
KSR1,-0.0822,0.2638539051516885,-0.5786364736934955
H6PD,-0.1426,0.2638539051516885,-0.5786364736934955
DYSF,-0.1179,0.2638539051516885,-0.5786364736934955
TPD52L1,-0.2127,0.2638539051516885,-0.5786364736934955
AKAP11,-0.083,0.2638539051516885,-0.5786364736934955
DDR2,-0.124,0.263169841783901,-0.5797638806252194
PGAP1,-0.1987,0.263169841783901,-0.5797638806252194
FCN1,-0.3136,0.2624870034463268,-0.5808921950057424
PDE10A,-0.2897,0.2624870034463268,-0.5808921950057424
PACS1,-0.0983,0.2624870034463268,-0.5808921950057424
CSF3R,-0.1227,0.2624870034463268,-0.5808921950057424
PSD4,-0.1971,0.2624870034463268,-0.5808921950057424
CEACAM1,-0.2017,0.2618053896942547,-0.5820214170275088
C6orf48,-0.0439,0.2618053896942547,-0.5820214170275088
RND3,-0.1577,0.2618053896942547,-0.5820214170275088
SEMA4C,-0.0663,0.2611250000774915,-0.5831515468827537
CNNM2,-0.0526,0.2611250000774915,-0.5831515468827537
AR,-0.2832,0.2611250000774915,-0.5831515468827537
MT1G,-0.3518,0.26112445948206153,-0.5831524459841616
SLC8A1,-0.1475,0.26044583414037614,-0.5842825847635021
PDK3,-0.075,0.259767891421792,-0.5854145308615704
NR4A1,-0.3488,0.259767891421792,-0.5854145308615704
FOXK1,-0.0907,0.259767891421792,-0.5854145308615704
DPY19L1,-0.1493,0.25909117145518135,-0.5865473853685647
GABRE,-0.3889,0.25909117145518135,-0.5865473853685647
SP100,-0.1199,0.258415673768558,-0.5876811484758828
SLC4A7,-0.0839,0.258415673768558,-0.5876811484758828
CNTN1,-0.1943,0.2577413978845209,-0.5888158203747138
S100A4,-0.2908,0.2577413978845209,-0.5888158203747138
DIO2,-0.184,0.2577413978845209,-0.5888158203747138
AGAP6,-0.0817,0.2577413978845209,-0.5888158203747138
REPS2,-0.1984,0.2577413978845209,-0.5888158203747138
RPS11,-0.0658,0.2577413978845209,-0.5888158203747138
ESYT2,-0.075,0.2570683433202675,-0.5899514012560384
AHI1,-0.0788,0.2563965095876082,-0.5910878913106278
ADAMTS14,-0.2287,0.2557258961929777,-0.592225290729047
ABI3BP,-0.2835,0.2557258961929777,-0.592225290729047
ANXA5,-0.1225,0.25505650263745105,-0.5933635997016515
OLA1,-0.0473,0.2543883284167556,-0.5945028184185901
TRPM4,-0.1559,0.25372137302128506,-0.595642947069804
MEF2C,-0.1951,0.2530556359361138,-0.5967839858450261
IL20RB,-0.467,0.2530556359361138,-0.5967839858450261
TES,-0.1572,0.2530556359361138,-0.5967839858450261
PRRX1,-0.2977,0.25239111664100866,-0.5979259349337845
PLAUR,-0.1775,0.25172781461044513,-0.5990687945253983
ATP8B2,-0.1671,0.25106572931361926,-0.6002125648089811
SFRP4,-0.397,0.25106572931361926,-0.6002125648089811
ABCA4,-0.2468,0.25106572931361926,-0.6002125648089811
IFT172,-0.1101,0.25040486021446196,-0.6013572459734402
LRRFIP2,-0.0614,0.25040486021446196,-0.6013572459734402
THNSL2,-0.3222,0.24974520677165313,-0.6025028382074762
HAS3,-0.4455,0.24974520677165313,-0.6025028382074762
ENPEP,-0.128,0.24974520677165313,-0.6025028382074762
PC,-0.1485,0.24974520677165313,-0.6025028382074762
IGF2BP2,-0.3517,0.2490867684386351,-0.6036493416995838
ABCA1,-0.1262,0.2490867684386351,-0.6036493416995838
ADAMTS4,-0.2373,0.24842954466362643,-0.6047967566380524
ECHDC2,-0.1478,0.24842954466362643,-0.6047967566380524
APCDD1,-0.1462,0.2477735348896356,-0.6059450832109664
NR2F2,-0.1537,0.2477735348896356,-0.6059450832109664
ZNF350,-0.1905,0.2471187385544762,-0.607094321606203
SOD2,-0.1625,0.2471187385544762,-0.607094321606203
ACER3,-0.0807,0.2464651550907786,-0.6082444720114366
ABCC2,-0.0899,0.2464651550907786,-0.6082444720114366
SYT14,-0.4813,0.246138282566697,-0.6088208340238699
CALML3,-0.5129,0.24606659091382765,-0.6089473475597466
RPL27,-0.077,0.24581278392600625,-0.6093955346141351
VPS13A,-0.0692,0.24581278392600625,-0.6093955346141351
LY6D,-0.5803,0.24563736189615415,-0.6097055755143252
ZNF613,-0.1826,0.24516162448246814,-0.6105475096015621
UGT1A3,-0.4206,0.24451167617733283,-0.6117003971607782
COL28A1,-0.2006,0.24451167617733283,-0.6117003971607782
CDH5,-0.1867,0.24451167617733283,-0.6117003971607782
SNRK,-0.078,0.24451167617733283,-0.6117003971607782
SLC35A1,-0.0937,0.24451167617733283,-0.6117003971607782
PRDX5,-0.1027,0.24451167617733283,-0.6117003971607782
B3GALNT1,-0.3002,0.24321541062533258,-0.6140089107417903
CTBP2,-0.0434,0.24321541062533258,-0.6140089107417903
SLC18B1,-0.2065,0.24321541062533258,-0.6140089107417903
CYP4V2,-0.0764,0.24321541062533258,-0.6140089107417903
PHACTR2,-0.066,0.24256909218723188,-0.6151645371366856
HSPA2,-0.1698,0.24256909218723188,-0.6151645371366856
KRT4,-0.5566,0.24256610176092563,-0.6151698912138978
PMP22,-0.1784,0.2419239825050914,-0.6163210768495668
KAT6B,-0.0608,0.2419239825050914,-0.6163210768495668
AKAP6,-0.2128,0.24128008097059161,-0.6174785300664737
RGS5,-0.1725,0.24128008097059161,-0.6174785300664737
SLC14A1,-0.518,0.24128008097059161,-0.6174785300664737
ZC3H12A,-0.2119,0.24128008097059161,-0.6174785300664737
FGFR3,-0.3622,0.24063738697035697,-0.618636896973244
MAPKAPK3,-0.0946,0.24063738697035697,-0.618636896973244
SIAE,-0.0956,0.23999589988597103,-0.619796177755512
WLS,-0.2186,0.23999589988597103,-0.619796177755512
BZW1,-0.0443,0.23999589988597103,-0.619796177755512
AXIN2,-0.1662,0.23999589988597103,-0.619796177755512
PTPN12,-0.0982,0.23999589988597103,-0.619796177755512
HLA-DQB1,-0.3849,0.23935561909399006,-0.6209563725987098
SOX9,-0.363,0.23935561909399006,-0.6209563725987098
TNFAIP3,-0.2316,0.23871654396595832,-0.6221174816880656
ROBO1,-0.2001,0.23871654396595832,-0.6221174816880656
PLA2G6,-0.0891,0.23871654396595832,-0.6221174816880656
ZNF676,-0.2876,0.23807867386842085,-0.6232795052086068
COMP,-0.401,0.23807867386842085,-0.6232795052086068
PCDHGB4,-0.2166,0.23744200816293914,-0.6244424433451573
MINK1,-0.0829,0.23744200816293914,-0.6244424433451573
ITGA7,-0.215,0.23680654620610397,-0.625606296282341
MCAM,-0.1658,0.23617228734955154,-0.6267710642045783
CTSF,-0.1762,0.23617228734955154,-0.6267710642045783
FLCN,-0.0619,0.2349073763191456,-0.6291033457408924
NSA2,-0.1077,0.23427672282391554,-0.630270859722805
GLIS2,-0.1805,0.23364726978624328,-0.631439289425444
PELI1,-0.1241,0.233019016533203,-0.6326086350322251
FERMT1,-0.2159,0.233019016533203,-0.6326086350322251
ABCA10,-0.1796,0.23239196238699966,-0.6337788967263641
TET2,-0.0928,0.23239196238699966,-0.6337788967263641
PLAT,-0.3452,0.23114144867966557,-0.6361221691085781
DENND5A,-0.1053,0.23114144867966557,-0.6361221691085781
ATP13A3,-0.0627,0.23114144867966557,-0.6361221691085781
SERPINB3,-0.7559,0.23113272288983722,-0.6361385644107872
DSG1,-0.5546,0.22988700755414804,-0.6384855729107379
SBF1,-0.0683,0.22927465419670967,-0.6396439529059776
CDK2AP1,-0.0486,0.22927465419670967,-0.6396439529059776
RBM19,-0.082,0.22865478018699825,-0.6408197149605989
CARD8,-0.1221,0.22803610040444722,-0.6419963943794951
STX7,-0.0948,0.22803610040444722,-0.6419963943794951
FZD6,-0.0992,0.22803610040444722,-0.6419963943794951
MGAT2,-0.0755,0.22803610040444722,-0.6419963943794951
TRIB1,-0.1831,0.22803610040444722,-0.6419963943794951
MAML3,-0.1624,0.22741861413283337,-0.6431739913442865
ABL2,-0.0958,0.22680232065119643,-0.6443525060363936
RHOBTB1,-0.0545,0.22680232065119643,-0.6443525060363936
LAD1,-0.1378,0.22618721923385132,-0.6455319386370418
USP45,-0.0003,0.22618721923385132,-0.6455319386370418
TXNDC15,-0.0736,0.22557330915040652,-0.6467122893272552
TRIO,-0.0918,0.22557330915040652,-0.6467122893272552
BTG2,-0.3014,0.2249605896657757,-0.647893558287862
PPIP5K1,-0.0998,0.2243490600401944,-0.6490757456994916
MGAT1,-0.1495,0.22373871952923363,-0.6502588517425766
KMT2E,-0.0765,0.22373871952923363,-0.6502588517425766
GPRIN3,-0.2617,0.22373871952923363,-0.6502588517425766
VPS51,-0.0891,0.22373871952923363,-0.6502588517425766
LDB1,-0.0914,0.22373871952923363,-0.6502588517425766
GPC6,-0.2329,0.22312956738381506,-0.6514428765973527
PCNXL2,-0.1202,0.22312956738381506,-0.6514428765973527
STYX,-0.1169,0.22312956738381506,-0.6514428765973527
SMPD1,-0.0858,0.22312956738381506,-0.6514428765973527
MEST,-0.2433,0.22312956738381506,-0.6514428765973527
EMC10,-0.1176,0.22312956738381506,-0.6514428765973527
LGR4,-0.2245,0.22312956738381506,-0.6514428765973527
NEFH,-0.2523,0.22252160285022626,-0.6526278204438579
ULK4,-0.0218,0.22252160285022626,-0.6526278204438579
USO1,-0.0663,0.22191482517013494,-0.6538136834619337
ERICH1,-0.075,0.22191482517013494,-0.6538136834619337
UGT1A4,-0.4283,0.22070482731410646,-0.6561881677311798
CLN5,-0.1079,0.22070482731410646,-0.6561881677311798
MAPK6,-0.084,0.22070482731410646,-0.6561881677311798
OAT,-0.1975,0.22070482731410646,-0.6561881677311798
RAB24,-0.1344,0.21949956765724232,-0.6585663308398957
GPR125,-0.0895,0.2188987127090063,-0.6597567924065728
SLC27A3,-0.0896,0.2188987127090063,-0.6597567924065728
PGM5,-0.3089,0.2188987127090063,-0.6597567924065728
MBIP,-0.138,0.2188987127090063,-0.6597567924065728
ADAMTS12,-0.2341,0.21829903996809352,-0.6609481742197487
SSBP2,-0.1778,0.21829903996809352,-0.6609481742197487
ACADVL,-0.0952,0.21829903996809352,-0.6609481742197487
ACKR1,-0.388,0.21770054864425126,-0.6621404764578923
WDFY4,-0.2842,0.21770054864425126,-0.6621404764578923
OSBPL3,-0.1753,0.21770054864425126,-0.6621404764578923
SLFN5,-0.1602,0.21710323794272546,-0.663333699299279
DPYSL3,-0.2639,0.21710323794272546,-0.663333699299279
PPFIA4,-0.2331,0.21650710706427723,-0.6645278429219882
DKK1,-0.3517,0.21650710706427723,-0.6645278429219882
STAT4,-0.2506,0.21650710706427723,-0.6645278429219882
FAM179B,-0.0879,0.21650710706427723,-0.6645278429219882
PITPNM1,-0.0888,0.21591215520519713,-0.6657229075039047
CACNB2,-0.2441,0.21591215520519713,-0.6657229075039047
GSTO1,-0.0949,0.2153183815573202,-0.6669188932227195
GJB3,-0.3192,0.2147257853080412,-0.6681158002559283
RPL14,-0.0596,0.2147257853080412,-0.6681158002559283
FRK,-0.1694,0.2147257853080412,-0.6681158002559283
SRSF5,-0.0158,0.2147257853080412,-0.6681158002559283
COL22A1,-0.2383,0.21413436564032995,-0.669313628780833
SPATA6,-0.0668,0.21354412173274506,-0.6705123789745427
NCF2,-0.1618,0.2129550527594508,-0.6717120510139717
ECI2,-0.103,0.2129550527594508,-0.6717120510139717
ITSN1,-0.092,0.21236715789023097,-0.6729126450758413
CRISPLD2,-0.209,0.21236715789023097,-0.6729126450758413
SYTL1,-0.3149,0.21178043629050458,-0.6741141613366791
CNIH1,-0.0974,0.21178043629050458,-0.6741141613366791
ZNF426,-0.077,0.21119488712134082,-0.6753165999728201
TNNT3,-0.5857,0.21061050953947413,-0.676519961160406
RPL18,-0.1034,0.21061050953947413,-0.676519961160406
CYP24A1,-0.5243,0.21061050953947413,-0.676519961160406
ACSS3,-0.2047,0.21002730269731917,-0.6777242450753868
MYO1F,-0.2097,0.2094452657429865,-0.6789294518935189
PKP1,-0.5577,0.2094452657429865,-0.6789294518935189
EMP3,-0.1878,0.2094452657429865,-0.6789294518935189
APLP2,-0.1051,0.2088643978202971,-0.6801355817903679
PLEKHH1,-0.1801,0.2088643978202971,-0.6801355817903679
FGFR1,-0.1366,0.2088643978202971,-0.6801355817903679
ABCG1,-0.1488,0.2088643978202971,-0.6801355817903679
PRKCD,-0.1383,0.20828469806879868,-0.6813426349413054
OBFC1,-0.1288,0.2077061656237792,-0.6825506115215135
AMIGO2,-0.2514,0.2077061656237792,-0.6825506115215135
SLCO2B1,-0.1968,0.20712879961628372,-0.6837595117059809
OLFM4,-0.6542,0.20712591604696695,-0.6837655578326519
SERPINA1,-0.5611,0.20655259917312885,-0.6849693356695054
S100A13,-0.0998,0.20655259917312885,-0.6849693356695054
NACA,-0.0696,0.20655259917312885,-0.6849693356695054
CRTAC1,-0.5865,0.20597756341691742,-0.6861800835866948
RPS17,-0.0987,0.2054036914660553,-0.6873917556319643
SMAD6,-0.2596,0.2054036914660553,-0.6873917556319643
CYR61,-0.3187,0.20483098243476572,-0.6886043519795384
IGFN1,-0.5198,0.20483098243476572,-0.6886043519795384
RALB,-0.1299,0.20425943543310376,-0.6898178728034525
ANXA1,-0.1928,0.2036890495669732,-0.6910323182775508
ABCC5,-0.1557,0.2036890495669732,-0.6910323182775508
MPRIP,-0.0821,0.2036890495669732,-0.6910323182775508
THBS3,-0.0886,0.203119823938141,-0.6922476885754871
FAM13B,-0.0707,0.203119823938141,-0.6922476885754871
STIM1,-0.0817,0.203119823938141,-0.6922476885754871
PGM1,-0.1847,0.203119823938141,-0.6922476885754871
HTRA1,-0.2171,0.203119823938141,-0.6922476885754871
OLFML2B,-0.1979,0.203119823938141,-0.6922476885754871
ZMIZ1,-0.1629,0.20255175764425282,-0.6934639838707252
RASAL2,-0.0677,0.20255175764425282,-0.6934639838707252
CYBA,-0.1719,0.201984849778848,-0.6946812043365397
RDH13,-0.1573,0.201984849778848,-0.6946812043365397
SNX7,-0.0982,0.201984849778848,-0.6946812043365397
HERPUD1,-0.0819,0.201984849778848,-0.6946812043365397
DOCK4,-0.1443,0.201984849778848,-0.6946812043365397
MCU,-0.0923,0.201984849778848,-0.6946812043365397
OGT,-0.073,0.20141909943137537,-0.6958993501460154
LXN,-0.1906,0.20141909943137537,-0.6958993501460154
FNDC1,-0.4024,0.2008545056872083,-0.6971184214720479
SHANK2,-0.2717,0.2008545056872083,-0.6971184214720479
ADCY5,-0.2213,0.2008545056872083,-0.6971184214720479
PDZRN3,-0.2095,0.2008545056872083,-0.6971184214720479
MGAT4B,-0.0986,0.20029106762766047,-0.698338418487343
SYNJ2,-0.0842,0.1997287843300002,-0.6995593413644191
MAN2A1,-0.073,0.1997287843300002,-0.6995593413644191
IGF2,-0.3954,0.19972776485028376,-0.6995615581482779
RAD51B,-0.0374,0.19916765486746735,-0.700781190275604
ARID4A,-0.1085,0.19916765486746735,-0.700781190275604
STK39,-0.0785,0.1986076783092876,-0.7020039653930382
PNISR,-0.09,0.1986076783092876,-0.7020039653930382
GAS7,-0.1779,0.1986076783092876,-0.7020039653930382
RIPK4,-0.126,0.1980488537206878,-0.7032276668886742
SQSTM1,-0.1217,0.1980488537206878,-0.7032276668886742
MOCS2,-0.1245,0.19749118016291267,-0.7044522949342747
MMP28,-0.4715,0.19749118016291267,-0.7044522949342747
RPL19,-0.0991,0.19693465669323817,-0.7056778497014167
NABP1,-0.1618,0.19693465669323817,-0.7056778497014167
CD97,-0.1952,0.19637928236498892,-0.7069043313614878
PDGFD,-0.2003,0.19637928236498892,-0.7069043313614878
AUTS2,-0.2246,0.19637928236498892,-0.7069043313614878
INTS10,-0.0933,0.19637928236498892,-0.7069043313614878
MAK16,-0.1005,0.19637928236498892,-0.7069043313614878
LUC7L,-0.067,0.19527197732639467,-0.7093600760450336
SELP,-0.3958,0.19472004470307613,-0.7105893394103483
BCL11A,-0.2849,0.19472004470307613,-0.7105893394103483
FAM20A,-0.246,0.19472004470307613,-0.7105893394103483
EML2,-0.1463,0.1941692573952668,-0.7118195303522722
CRACR2A,-0.2221,0.1941692573952668,-0.7118195303522722
ZNF577,-0.2069,0.1941692573952668,-0.7118195303522722
FOXN2,-0.1304,0.1941692573952668,-0.7118195303522722
PDE8B,-0.2302,0.19307111485749606,-0.7142826956475727
NOD2,-0.2418,0.19307111485749606,-0.7142826956475727
SMAD9,-0.1888,0.19307111485749606,-0.7142826956475727
LOXL2,-0.2295,0.19252375768356145,-0.7155156703412964
ANXA6,-0.1792,0.19197754193722094,-0.7167495732923228
PPIC,-0.1789,0.1914324666369246,-0.7179844046703602
CD163L1,-0.1523,0.1914324666369246,-0.7179844046703602
AFF1,-0.0911,0.19088853079732515,-0.7192201646449303
LIPC,-0.3175,0.19088853079732515,-0.7192201646449303
PCDHB10,-0.2098,0.19034573342929262,-0.7204568533853717
ITGA11,-0.2265,0.19034573342929262,-0.7204568533853717
LRRC37A2,-0.1129,0.19034573342929262,-0.7204568533853717
CCM2,-0.0969,0.19034573342929262,-0.7204568533853717
KLHL2,-0.1135,0.19034573342929262,-0.7204568533853717
MICALL1,-0.132,0.18926355013259488,-0.7229330178402875
ZNF438,-0.1017,0.18926355013259488,-0.7229330178402875
PLXNB1,-0.144,0.18926355013259488,-0.7229330178402875
SPARC,-0.2394,0.18872416220690047,-0.7241724938925108
WDR41,-0.1252,0.18872416220690047,-0.7241724938925108
ANKRD36C,-0.1834,0.18872416220690047,-0.7241724938925108
AMER1,-0.1074,0.18872416220690047,-0.7241724938925108
MKNK2,-0.1588,0.18818590875874608,-0.7254128993861023
SNX25,-0.0642,0.18818590875874608,-0.7254128993861023
MARCO,-0.3186,0.1881798998019415,-0.7254267670474206
CASP8,-0.1249,0.1876487887803252,-0.7266542344894749
CDK10,-0.09,0.1876487887803252,-0.7266542344894749
SHROOM1,-0.2052,0.18711280126014274,-0.7278964993708569
NF2,-0.118,0.18657794518302984,-0.7291396941982935
AGRN,-0.1294,0.18657794518302984,-0.7291396941982935
ZNF320,-0.2521,0.1860442195301607,-0.7303838191396446
SHH,-0.4727,0.18534827959917866,-0.7320114407326151
PCDH18,-0.1632,0.18498015540365342,-0.7328748600346162
SIDT2,-0.1116,0.18498015540365342,-0.7328748600346162
RGS2,-0.2055,0.18498015540365342,-0.7328748600346162
GREB1L,-0.546,0.18497915932877873,-0.7328771986151272
ZNF385A,-0.2101,0.18444981487421463,-0.7341217763230405
KDM6B,-0.1324,0.18444981487421463,-0.7341217763230405
LEPRE1,-0.0975,0.1839206006574492,-0.735369623394988
GRAMD3,-0.1351,0.18339251171647586,-0.7366184014174036
EIF1,-0.043,0.18339251171647586,-0.7366184014174036
SDR42E1,-0.5785,0.18339251171647586,-0.7366184014174036
DCBLD2,-0.2533,0.18286554701084967,-0.7378681105570483
SH3BP2,-0.1173,0.1823397054965764,-0.7391187509805017
EGFR,-0.3707,0.1818149861261289,-0.7403703228541616
GPR183,-0.3086,0.1818149861261289,-0.7403703228541616
WSB1,-0.0547,0.1818149861261289,-0.7403703228541616
CARD11,-0.3806,0.18129138784846266,-0.7416228263442427
TIMP2,-0.2046,0.18129138784846266,-0.7416228263442427
ALS2CL,-0.2928,0.18076890960903103,-0.7428762616167788
CCL21,-0.6741,0.18071255034289213,-0.7430116849853234
PLN,-0.3671,0.18024755034980178,-0.7441306288376202
DUSP10,-0.2338,0.18024755034980178,-0.7441306288376202
ADM,-0.222,0.18024755034980178,-0.7441306288376202
ITGB4,-0.1916,0.18024755034980178,-0.7441306288376202
PDK4,-0.2703,0.17972730900927059,-0.7453859281724391
SLC16A7,-0.2469,0.17920818452247977,-0.7466421597867225
RPS27A,-0.0727,0.1786901758210303,-0.7478993238457806
JPH2,-0.2303,0.1786901758210303,-0.7478993238457806
MMP2,-0.2999,0.1786901758210303,-0.7478993238457806
NRP2,-0.1754,0.1781732818331011,-0.7491574205147382
ZNF277,-0.0773,0.1781732818331011,-0.7491574205147382
CLSTN2,-0.1947,0.1781732818331011,-0.7491574205147382
PDZD8,-0.0555,0.17765750148346138,-0.7504164499585433
ELMO1,-0.2407,0.17714283369348838,-0.7516764123419613
CCDC146,-0.1153,0.1761168314611805,-0.7541991365858001
SLC12A1,-0.7921,0.1752299695590681,-0.7563916144862286
GCC2,-0.1165,0.17509526643993334,-0.756725594560782
ACOT9,-0.1061,0.17509526643993334,-0.756725594560782
CNPPD1,-0.0787,0.174586145151298,-0.7579902241074546
TCIRG1,-0.1704,0.1740781298802193,-0.7592557875785586
CARF,-0.0861,0.1740781298802193,-0.7592557875785586
C5orf15,-0.1109,0.17357121952476295,-0.7605222851376017
N4BP1,-0.0837,0.17357121952476295,-0.7605222851376017
GRAMD4,-0.1419,0.17357121952476295,-0.7605222851376017
ST6GAL1,-0.2233,0.17306541297972577,-0.7617897169479151
PTGDS,-0.366,0.17205710688385567,-0.7643273839747742
TDRD3,-0.0681,0.17205710688385567,-0.7643273839747742
CLDN1,-0.4262,0.17205710688385567,-0.7643273839747742
PLP2,-0.2178,0.17205710688385567,-0.7643273839747742
MROH2A,-0.3818,0.17197099709666763,-0.764544790667785
KIAA0226L,-0.2813,0.17155460510641907,-0.7655976195170873
ANKRD20A5P,-0.3565,0.17155455653922436,-0.7655977424660901
KIAA0586,-0.0741,0.17105320268622637,-0.7668687899622039
MMP1,-0.5624,0.17055289850197064,-0.7681408954725614
THBS2,-0.2665,0.17005369142916993,-0.7694139362104218
NAIP,-0.174,0.17005369142916993,-0.7694139362104218
SNORD17,-0.0997,0.1695555803401846,-0.7706879123378672
FOS,-0.3611,0.1695555803401846,-0.7706879123378672
MEGF8,-0.1026,0.1695555803401846,-0.7706879123378672
ZNF655,-0.0835,0.16905856410423148,-0.771962824016804
DLG5,-0.1247,0.16905856410423148,-0.771962824016804
POMGNT1,-0.1053,0.16905856410423148,-0.771962824016804
PXN,-0.1668,0.16905856410423148,-0.771962824016804
CIRBP,-0.1147,0.16856264158740053,-0.7732386714089605
IL1A,-0.4175,0.16856264158740053,-0.7732386714089605
RPS29,-0.138,0.16806781165266937,-0.7745154546758894
ZNF395,-0.1182,0.16806781165266937,-0.7745154546758894
SERPINB13,-0.7343,0.1678719990032015,-0.7750217380045341
PAQR8,-0.2232,0.16757407315992,-0.7757931739789654
CLTB,-0.1506,0.16708142496595335,-0.777071829479388
TNFSF10,-0.2555,0.16658986592450653,-0.7783514213381775
FLI1,-0.2631,0.16658986592450653,-0.7783514213381775
CD34,-0.193,0.16609939488626557,-0.7796319497161822
IL7R,-0.3739,0.16609939488626557,-0.7796319497161822
SMAD1,-0.0803,0.1656100106988838,-0.7809134147740721
RHOBTB2,-0.2525,0.1656100106988838,-0.7809134147740721
HERC2P2,-0.1361,0.1656100106988838,-0.7809134147740721
SEL1L3,-0.1857,0.16512171220699612,-0.7821958166723416
HK1,-0.1226,0.16512171220699612,-0.7821958166723416
CYP4F11,-0.5033,0.16463449825223486,-0.7834791555713098
KIAA0754,-0.1955,0.16463449825223486,-0.7834791555713098
ACACB,-0.2068,0.16463449825223486,-0.7834791555713098
LACTB,-0.0946,0.16463449825223486,-0.7834791555713098
BMPR1A,-0.07,0.16463449825223486,-0.7834791555713098
TRMT1,-0.0902,0.16414836767324492,-0.784763431631121
KIAA1462,-0.2304,0.16366331930570022,-0.7860486450117431
PTPRS,-0.2442,0.16366331930570022,-0.7860486450117431
SRGAP1,-0.1082,0.16317935198231837,-0.7873347958729703
TGM2,-0.2057,0.16317935198231837,-0.7873347958729703
THEMIS2,-0.2079,0.16317935198231837,-0.7873347958729703
BAHCC1,-0.1785,0.16317935198231837,-0.7873347958729703
IGSF3,-0.1583,0.16269646453287656,-0.7886218843744219
ELTD1,-0.1816,0.16269646453287656,-0.7886218843744219
ZBTB4,-0.131,0.16269646453287656,-0.7886218843744219
DMBT1,-0.6581,0.16197367978848742,-0.7905555512061364
HSPA1A,-0.3267,0.1617339245603142,-0.7911988749356009
SPATS2L,-0.0935,0.16125426968218637,-0.7924887773136944
HOXD10,-0.2692,0.16125426968218637,-0.7924887773136944
TSC22D3,-0.2385,0.1607756899680155,-0.793779617968744
PLXND1,-0.131,0.1607756899680155,-0.793779617968744
ZFPM2,-0.2662,0.1607756899680155,-0.793779617968744
COL8A2,-0.2515,0.1602981842331097,-0.7950713970594993
CRY2,-0.0895,0.15934638994810923,-0.7976577711822488
GPC3,-0.1652,0.15887209901445842,-0.7989523665308724
MALAT1,-0.164,0.15887209901445842,-0.7989523665308724
CD14,-0.2219,0.15887209901445842,-0.7989523665308724
SPOCK3,-0.5929,0.15884564631138665,-0.7990246839457543
MICALCL,-0.3134,0.1583988772929915,-0.8002479009484605
ADSS,-0.0916,0.1579267235849372,-0.8015443745928943
TCP11L2,-0.1385,0.1579267235849372,-0.8015443745928943
PYGB,-0.1048,0.1579267235849372,-0.8015443745928943
PRKACB,-0.1705,0.1579267235849372,-0.8015443745928943
TF,-0.3287,0.1579267235849372,-0.8015443745928943
CYTH1,-0.1253,0.15745563668875417,-0.8028417876218834
AGL,-0.1154,0.15698561540014666,-0.8041401401929662
HGSNAT,-0.0772,0.15698561540014666,-0.8041401401929662
ZNF589,-0.1197,0.15698561540014666,-0.8041401401929662
MYEOV,-0.5175,0.15698298211054057,-0.804147425145374
IER5,-0.1549,0.15651665851208127,-0.8054394324635062
DIXDC1,-0.1968,0.15651665851208127,-0.8054394324635062
NID2,-0.2256,0.15651665851208127,-0.8054394324635062
RASSF6,-0.2248,0.15651665851208127,-0.8054394324635062
QDPR,-0.0634,0.15604876481480073,-0.8067396645906972
COL15A1,-0.2422,0.15604876481480073,-0.8067396645906972
MGAM,-0.2039,0.15558193309584045,-0.8080408367315601
MXI1,-0.1018,0.15511616214004356,-0.8093429490429445
FKBP10,-0.2045,0.15418779764394513,-0.8119499948038171
ADAMTS6,-0.2844,0.15418779764394513,-0.8119499948038171
ARMC9,-0.1058,0.15418779764394513,-0.8119499948038171
SLC25A37,-0.1316,0.1537252016600081,-0.8132549285661483
RPS18,-0.1178,0.1537252016600081,-0.8132549285661483
DCHS1,-0.2127,0.1537252016600081,-0.8132549285661483
MYO10,-0.2899,0.1537252016600081,-0.8132549285661483
GSN,-0.1514,0.15326366155199492,-0.8145608031246857
EBF1,-0.207,0.15326366155199492,-0.8145608031246857
USP53,-0.1602,0.1523437440475967,-0.8171753752541854
SMARCA1,-0.2078,0.15097175606661978,-0.8211042933142955
KIFC2,-0.2032,0.15097175606661978,-0.8211042933142955
TPM1,-0.2233,0.15097175606661978,-0.8211042933142955
CYTH3,-0.1182,0.1505165253276015,-0.8224158159199844
CMTM7,-0.1605,0.15006234181175482,-0.823728280410264
TPM4,-0.1208,0.15006234181175482,-0.823728280410264
ANAPC15,-0.113,0.1496092042728203,-0.8250416869399391
CEP170,-0.0879,0.1496092042728203,-0.8250416869399391
NDRG1,-0.287,0.1496092042728203,-0.8250416869399391
ADCY3,-0.102,0.14915711146204702,-0.826356035663644
PREX2,-0.1683,0.1487060621282072,-0.8276713267358459
MBNL2,-0.092,0.1487060621282072,-0.8276713267358459
PCDHB4,-0.2525,0.1487060621282072,-0.8276713267358459
STAMBPL1,-0.1502,0.1487060621282072,-0.8276713267358459
CSGALNACT1,-0.2723,0.1487060621282072,-0.8276713267358459
ADAMTS2,-0.2585,0.14825605501761194,-0.8289875603108421
LPHN2,-0.2492,0.14780708887412658,-0.8303047365427616
MFAP4,-0.3226,0.14735916243918595,-0.8316228555855646
TCF4,-0.1547,0.14691227445180954,-0.8329419175930437
NDNF,-0.4347,0.14691227445180954,-0.8329419175930437
SPARCL1,-0.2107,0.14646642364861695,-0.8342619227188228
SGK1,-0.2589,0.14646642364861695,-0.8342619227188228
DUOX1,-0.465,0.14646642364861695,-0.8342619227188228
EFHC1,-0.1003,0.146021608763843,-0.8355828711163589
SDK2,-0.2748,0.146021608763843,-0.8355828711163589
CASP1,-0.2414,0.146021608763843,-0.8355828711163589
EPHB2,-0.3017,0.14557782852935325,-0.8369047629389404
RECK,-0.1898,0.14557782852935325,-0.8369047629389404
CERK,-0.1173,0.14557782852935325,-0.8369047629389404
SAV1,-0.1185,0.14557782852935325,-0.8369047629389404
RMRP,-0.1016,0.14557782852935325,-0.8369047629389404
MFSD10,-0.1526,0.14469336692693327,-0.839551377471557
GALNT14,-0.5083,0.14469336692693327,-0.839551377471557
LOC283922,-0.051,0.14469336692693327,-0.839551377471557
CST3,-0.1964,0.1438130286494728,-0.8422017675396366
FYCO1,-0.1451,0.1438130286494728,-0.8422017675396366
RPL34,-0.1178,0.1438130286494728,-0.8422017675396366
HSD17B2,-0.5085,0.1438130286494728,-0.8422017675396366
RFTN1,-0.2078,0.1433744025625259,-0.8435283787809209
WDR81,-0.1274,0.14293680346815293,-0.8448559343634724
GALNS,-0.1334,0.14293680346815293,-0.8448559343634724
RPS4X,-0.1206,0.14293680346815293,-0.8448559343634724
CSRNP1,-0.2301,0.14250023008206011,-0.8461844344394119
KCNJ15,-0.417,0.14250023008206011,-0.8461844344394119
OBSL1,-0.177,0.1420646811177063,-0.8475138791606934
ARFGAP3,-0.0822,0.14163015528631778,-0.8488442686791049
ANGPTL4,-0.2566,0.14163015528631778,-0.8488442686791049
PAM,-0.2337,0.14163015528631778,-0.8488442686791049
MSH3,-0.1007,0.1411966512969034,-0.8501756031462692
LCA5,-0.1264,0.1411966512969034,-0.8501756031462692
HDAC4,-0.0887,0.1411966512969034,-0.8501756031462692
PPP2R5A,-0.138,0.14076416785626988,-0.8515078827136432
SEC31B,-0.1684,0.140332703669037,-0.852841107532518
PLCH2,-0.4981,0.140332703669037,-0.852841107532518
ZNF528,-0.2076,0.140332703669037,-0.852841107532518
KLF6,-0.2042,0.1399022574376524,-0.85417527775402
ADAM9,-0.0578,0.1399022574376524,-0.85417527775402
EPHX1,-0.1686,0.1399022574376524,-0.85417527775402
CCSER2,-0.114,0.1399022574376524,-0.85417527775402
TAS2R43,-0.6617,0.13904441364144968,-0.8568464550085857
TACC2,-0.2231,0.13904441364144968,-0.8568464550085857
RPL36,-0.1103,0.13904441364144968,-0.8568464550085857
WDR66,-0.2151,0.138617013470803,-0.8581834623430775
FERMT2,-0.2264,0.138617013470803,-0.8581834623430775
RALGDS,-0.1083,0.13819062604437785,-0.8595214156830523
RPL10,-0.119,0.13776525005398807,-0.8608603151788139
BBS4,-0.1103,0.13776525005398807,-0.8608603151788139
TIMP3,-0.3194,0.13776525005398807,-0.8608603151788139
GPRASP1,-0.1799,0.13776525005398807,-0.8608603151788139
INSR,-0.0961,0.13776525005398807,-0.8608603151788139
IFI16,-0.2213,0.13776525005398807,-0.8608603151788139
TAF1C,-0.1254,0.1373408841893664,-0.8622001609805006
ACTB,-0.0936,0.1373408841893664,-0.8622001609805006
MPZL2,-0.2845,0.1373408841893664,-0.8622001609805006
SLC24A1,-0.1371,0.1373408841893664,-0.8622001609805006
SCN2A,-0.4286,0.1373408841893664,-0.8622001609805006
CHMP7,-0.1201,0.13691752713817884,-0.8635409532380874
MFHAS1,-0.1172,0.13607383421652747,-0.8662253777200416
KDM7A,-0.127,0.1356534957111976,-0.8675690102435415
EGR2,-0.3167,0.1352341607496004,-0.8689135898212047
MECOM,-0.2844,0.1352341607496004,-0.8689135898212047
ALPL,-0.2613,0.1343984961658583,-0.8716055907354923
DIMT1,-0.0991,0.13398216389291392,-0.8729530123699445
ANXA2P2,-0.1911,0.13356682986213286,-0.8743013816542164
INADL,-0.2246,0.13315249274325544,-0.8756506987368157
TMEM123,-0.1219,0.13273915120410454,-0.8770009637660887
COL5A1,-0.2958,0.13273915120410454,-0.8770009637660887
SLC38A5,-0.2702,0.1323268039106011,-0.8783521768902186
TMEM65,-0.093,0.1323268039106011,-0.8783521768902186
ESYT1,-0.0938,0.1323268039106011,-0.8783521768902186
SEPT11,-0.1267,0.13191544952677794,-0.8797043382572283
ARID5B,-0.1741,0.13191544952677794,-0.8797043382572283
TRIM8,-0.1565,0.13191544952677794,-0.8797043382572283
MICAL1,-0.1473,0.13150508671479572,-0.8810574480149777
SLC25A16,-0.0737,0.13150508671479572,-0.8810574480149777
MTMR2,-0.0476,0.13150508671479572,-0.8810574480149777
STAT3,-0.0958,0.1306873304457206,-0.8837665132933324
SNX19,-0.1131,0.1306873304457206,-0.8837665132933324
FBXW5,-0.1155,0.1306873304457206,-0.8837665132933324
HGF,-0.2089,0.13027993430371787,-0.8851224691088532
NTRK2,-0.4133,0.1298735243637661,-0.8864793739049447
ZC3H13,-0.091,0.1294680992788836,-0.8878372278286626
GINM1,-0.1086,0.12866019827749367,-0.8905557836463998
ASPH,-0.1642,0.12866019827749367,-0.8905557836463998
UBA7,-0.2072,0.12825771965816093,-0.8919164858337284
RASA1,-0.0446,0.12825771965816093,-0.8919164858337284
DGKA,-0.1833,0.12785622048827594,-0.8932781377353043
NEK1,-0.1036,0.12785622048827594,-0.8932781377353043
CYLD,-0.127,0.12785622048827594,-0.8932781377353043
CASP4,-0.1992,0.12785622048827594,-0.8932781377353043
TUBA4A,-0.2737,0.12745569941208304,-0.8946407394973822
ADK,-0.1271,0.12665758610921038,-0.8973687931872696
TBC1D8,-0.1031,0.12625999116252312,-0.8987342454067925
TANGO6,-0.1259,0.12625999116252312,-0.8987342454067925
PAMR1,-0.2635,0.12625999116252312,-0.8987342454067925
KCNQ1,-0.2203,0.12625999116252312,-0.8987342454067925
FAP,-0.3406,0.1254677178661025,-0.901468001323089
ANXA2,-0.207,0.1254677178661025,-0.901468001323089
CD276,-0.1443,0.1254677178661025,-0.901468001323089
COL14A1,-0.3287,0.1254677178661025,-0.901468001323089
ABR,-0.1397,0.1254677178661025,-0.901468001323089
NBPF14,-0.1203,0.12467932426301623,-0.90420556017799
PRNP,-0.1764,0.12389479940745005,-0.9069469231320038
ITGB8,-0.3813,0.12389479940745005,-0.9069469231320038
CAMK1D,-0.257,0.12389479940745005,-0.9069469231320038
CILP,-0.4592,0.12350398433243137,-0.9083190315081444
ARHGEF4,-0.5662,0.12350394178608491,-0.90831918111989
B3GALNT2,-0.0908,0.12311413232807733,-0.9096920913431075
ZAK,-0.1985,0.12311413232807733,-0.9096920913431075
MYO1C,-0.1157,0.12311413232807733,-0.9096920913431075
SEMA6A,-0.3687,0.12233731202852059,-0.9124410659667561
REL,-0.1865,0.12233731202852059,-0.9124410659667561
MAPK10,-0.2981,0.12195034097806909,-0.9138169810436755
MARK1,-0.2144,0.12156432748781319,-0.9151938481558859
CAV1,-0.2862,0.12117927017636523,-0.9165716674471125
ENDOD1,-0.1423,0.12117927017636523,-0.9165716674471125
WRN,-0.086,0.12117927017636523,-0.9165716674471125
PNPLA6,-0.0799,0.12079516766085852,-0.9179504390609222
ZNF44,-0.1109,0.12079516766085852,-0.9179504390609222
TRPV2,-0.2229,0.12079516766085852,-0.9179504390609222
ZNF506,-0.1834,0.12041201855696078,-0.9193301631407276
EFEMP2,-0.2197,0.12002982147888923,-0.920710839829783
MAML2,-0.1556,0.12002982147888923,-0.920710839829783
CPXM2,-0.3125,0.12002982147888923,-0.920710839829783
FBN1,-0.3051,0.11964857503942425,-0.9220924692711882
YWHAH,-0.086,0.11964857503942425,-0.9220924692711882
CSPG4,-0.2191,0.11964857503942425,-0.9220924692711882
CHP2,-0.6896,0.1193357238285127,-0.9232295283400301
OSTM1,-0.1219,0.11926827784992394,-0.9234750516078862
THY1,-0.2596,0.11851052565922357,-0.9262430755381541
CD69,-0.3695,0.11813306787375566,-0.9276285174168328
PDE8A,-0.1021,0.11813306787375566,-0.9276285174168328
ZNF354A,-0.0948,0.11775655376974531,-0.9290149127610214
DNAJB4,-0.1905,0.11775655376974531,-0.9290149127610214
ITGAM,-0.249,0.1173809819516518,-0.9304022617128858
BTG1,-0.2061,0.1173809819516518,-0.9304022617128858
SLC12A2,-0.1987,0.11700635102259677,-0.9317905644144375
SORBS2,-0.2827,0.11700635102259677,-0.9317905644144375
SVIL,-0.2114,0.11700635102259677,-0.9317905644144375
DSG3,-0.9375,0.1169874661472868,-0.9318606653876644
TBC1D2,-0.2212,0.11663265958437878,-0.933179821007533
RAB31,-0.2204,0.11588808958111547,-0.935961196435011
ANK1,-0.2687,0.11588808958111547,-0.935961196435011
ALDH3A1,-0.5612,0.11550813161641535,-0.9373874409508132
ZNF334,-0.3349,0.11514726073031821,-0.9387463891270847
RAVER2,-0.2801,0.11477824572793069,-0.9401404173003486
RPL29,-0.1755,0.11477824572793069,-0.9401404173003486
RASGRF2,-0.2413,0.11477824572793069,-0.9401404173003486
DCN,-0.3048,0.11477824572793069,-0.9401404173003486
SLC38A2,-0.1513,0.11441016180016825,-0.9415354002130577
MPPED2,-0.3661,0.11404300753995898,-0.9429313380059909
SAT1,-0.1589,0.11404300753995898,-0.9429313380059909
VAV2,-0.2644,0.11404300753995898,-0.9429313380059909
LAMC2,-0.4074,0.11331148238786937,-0.9457260787948785
CCND2,-0.3023,0.11331148238786937,-0.9457260787948785
GSTP1,-0.1703,0.11331148238786937,-0.9457260787948785
FMNL3,-0.1849,0.11331148238786937,-0.9457260787948785
LOC101928451,-0.1128,0.11331148238786937,-0.9457260787948785
GXYLT2,-0.3353,0.1129471086758439,-0.9471248820716249
ZNF841,-0.211,0.1129471086758439,-0.9471248820716249
LMBR1L,-0.1181,0.1129471086758439,-0.9471248820716249
CAPN8,-0.6928,0.11258325140029336,-0.9485262130855211
RBP1,-0.2835,0.11222113192067495,-0.949925355090556
KCNJ2,-0.2024,0.11185952605040905,-0.9513270251126169
IRF3,-0.1297,0.11149883996505087,-0.9527296509960713
CAPRIN2,-0.163,0.11149883996505087,-0.9527296509960713
STON2,-0.3015,0.11149883996505087,-0.9527296509960713
LRRFIP1,-0.1541,0.11149883996505087,-0.9527296509960713
MYO5A,-0.0816,0.11149883996505087,-0.9527296509960713
PTPRD,-0.4392,0.11113907224822517,-0.9541332328804767
CLDND1,-0.1269,0.11113907224822517,-0.9541332328804767
TMEM176A,-0.2747,0.11113907224822517,-0.9541332328804767
PTMS,-0.1586,0.11078022148245571,-0.9555377709052388
RPL28,-0.1262,0.11078022148245571,-0.9555377709052388
KDELC2,-0.217,0.11042228624917906,-0.9569432652096118
SCAMP1,-0.08,0.11006526512875853,-0.9583497159326972
CXCL12,-0.3307,0.11006526512875853,-0.9583497159326972
PLCB2,-0.2794,0.11006526512875853,-0.9583497159326972
LGALS1,-0.2728,0.1097091567004972,-0.9597571232134466
ZNF521,-0.2932,0.1097091567004972,-0.9597571232134466
ZNF160,-0.0933,0.10935395954265212,-0.9611654871906596
FAT1,-0.2133,0.10899967223244765,-0.9625748080029851
MLXIP,-0.1198,0.10899967223244765,-0.9625748080029851
USP12,-0.0788,0.10899967223244765,-0.9625748080029851
REEP3,-0.0976,0.10899967223244765,-0.9625748080029851
EIF3H,-0.0917,0.10899967223244765,-0.9625748080029851
DMXL1,-0.1,0.10899967223244765,-0.9625748080029851
HECTD2,-0.132,0.10864629334608902,-0.9639850857889213
GPR56,-0.2594,0.1082938214587763,-0.9653963206868146
KIAA1147,-0.1112,0.10759159297714095,-0.9682216623711117
PDGFRA,-0.2151,0.10759159297714095,-0.9682216623711117
TLL1,-0.2791,0.10724183352831225,-0.9696357694334583
SLC36A1,-0.146,0.10724183352831225,-0.9696357694334583
PCDHGA9,-0.2101,0.10689297536954401,-0.9710508341596485
SPTAN1,-0.0416,0.10689297536954401,-0.9710508341596485
TAF1D,-0.1154,0.10654501707121114,-0.972466856687279
TFB1M,-0.1042,0.10654501707121114,-0.972466856687279
MAP1B,-0.2567,0.10619795720276372,-0.973883837153797
GLT8D2,-0.3043,0.10619795720276372,-0.973883837153797
ITGAX,-0.2442,0.10585179433274088,-0.9753017756964995
LGALS8,-0.1237,0.10585179433274088,-0.9753017756964995
IL1R1,-0.2632,0.10585179433274088,-0.9753017756964995
RPS15,-0.1164,0.10550652702878353,-0.976720672452535
PRKD2,-0.1286,0.10550652702878353,-0.976720672452535
LIX1L,-0.1618,0.10550652702878353,-0.976720672452535
CYP7B1,-0.2682,0.10516215385764824,-0.9781405275589026
CAMTA2,-0.0855,0.10516215385764824,-0.9781405275589026
CTSO,-0.1878,0.10481867338522007,-0.9795613411524526
ARRDC3,-0.1156,0.10481867338522007,-0.9795613411524526
COL5A3,-0.3298,0.10413438479574946,-0.9824058443477559
AQP1,-0.3107,0.10413438479574946,-0.9824058443477559
TCF21,-0.4976,0.10413422780705232,-0.9824064990726714
PRG4,-0.775,0.10413422780705232,-0.9824064990726714
PRUNE2,-0.437,0.1037935738062404,-0.9838295342224668
PODXL,-0.2599,0.1037935738062404,-0.9838295342224668
CXCL1,-0.4244,0.10345364977053186,-0.9852541831302746
NRG1,-0.523,0.10345364977053186,-0.9852541831302746
DAAM1,-0.142,0.10345364977053186,-0.9852541831302746
PRSS1,-0.945,0.10298533834001494,-0.9872245998701992
CYP2C9,-0.7499,0.10293426246817525,-0.9874400428845235
CYP1B1,-0.4395,0.10277645680663461,-0.9881063585894652
SFRP1,-0.5657,0.10277630083484975,-0.9881070176678086
RAB27A,-0.1812,0.10176728353201887,-0.9923918179243751
MYOM1,-0.2445,0.10143265098813287,-0.993822223883862
PITX1,-0.3805,0.10143265098813287,-0.993822223883862
GPRC5C,-0.4542,0.10143265098813287,-0.993822223883862
GDA,-0.4585,0.10076466369422493,-0.9966917402430469
PAX8,-0.9347,0.10075752070191368,-0.9967225275447591
COBL,-0.4592,0.10059986419682276,-0.9974026055485835
PARP8,-0.1697,0.10043400879993451,-0.998119202198999
VCAN,-0.2697,0.09977261243325836,-1.0009886561219157
INF2,-0.141,0.09977261243325836,-1.0009886561219157
C4B,-0.4627,0.09977261243325836,-1.0009886561219157
PXDC1,-0.1887,0.09977261243325836,-1.0009886561219157
ZCCHC14,-0.1177,0.09977261243325836,-1.0009886561219157
CRKL,-0.1319,0.09977261243325836,-1.0009886561219157
FBXO32,-0.2323,0.09944321944075929,-1.0024248240011318
ZNF615,-0.2115,0.09944321944075929,-1.0024248240011318
AFAP1,-0.2322,0.09878703660287565,-1.0053000422668001
NEDD4,-0.1527,0.09878703660287565,-1.0053000422668001
RPS12,-0.1581,0.09878703660287565,-1.0053000422668001
PXK,-0.1211,0.09878703660287565,-1.0053000422668001
MATN2,-0.3288,0.09846024386176475,-1.0067390929215039
CFLAR,-0.1192,0.09846024386176475,-1.0067390929215039
SMOC1,-0.5044,0.09846024386176475,-1.0067390929215039
DOPEY1,-0.0836,0.09780924849129037,-1.009620077944186
C3,-0.3982,0.09716169693767802,-1.01250490880892
LRRK1,-0.1969,0.09716169693767802,-1.01250490880892
STK25,-0.1049,0.09716169693767802,-1.01250490880892
QKI,-0.0952,0.09683920896549802,-1.0139487667656446
PVRL1,-0.3729,0.09683920896549802,-1.0139487667656446
NFIL3,-0.2293,0.09683920896549802,-1.0139487667656446
CFAP97,-0.0907,0.09683920896549802,-1.0139487667656446
CPEB4,-0.1338,0.09683920896549802,-1.0139487667656446
CD209,-0.3006,0.09651757759438753,-1.0153935865828994
SH2B1,-0.0784,0.09619680137216453,-1.0168393683937205
SHROOM2,-0.2273,0.09587687884612496,-1.0182861123310014
PLCD3,-0.3745,0.09587687884612496,-1.0182861123310014
ELP3,-0.0741,0.09587687884612496,-1.0182861123310014
MFSD12,-0.1626,0.09587687884612496,-1.0182861123310014
CYP2C19,-0.6286,0.09583395696839524,-1.0184805795334755
SFRP2,-0.627,0.09555780856305532,-1.0197338185274913
COL6A3,-0.3267,0.09555780856305532,-1.0197338185274913
LRP4,-0.331,0.09555780856305532,-1.0197338185274913
CNTN4,-0.2906,0.09523958906924536,-1.0211824871157948
PLXNA2,-0.2611,0.09523958906924536,-1.0211824871157948
KITLG,-0.2312,0.09523958906924536,-1.0211824871157948
MTMR11,-0.1669,0.09492221891050064,-1.0226321182283726
ZNF469,-0.3319,0.09460569663215466,-1.024082711997542
SLIT2,-0.3721,0.09460569663215466,-1.024082711997542
ABCG2,-0.0847,0.09429002077908157,-1.0255342685554771
DNAH17,-0.5486,0.09413246251043131,-1.0262605799956726
LTBR,-0.1396,0.09397518989570859,-1.0269867880342078
ABCA2,-0.1927,0.09366120252602829,-1.0284402705656215
CDK14,-0.279,0.09366120252602829,-1.0284402705656215
USP11,-0.0878,0.09334805721361103,-1.0298947162814618
SCARNA5,-0.1336,0.09303575250161715,-1.0313501253133304
IRF2BP2,-0.1695,0.09303575250161715,-1.0313501253133304
HR,-0.3788,0.09303575250161715,-1.0313501253133304
FAM126A,-0.1447,0.09303575250161715,-1.0313501253133304
IGFBP2,-0.3228,0.09303575250161715,-1.0313501253133304
ROR2,-0.3507,0.09272428693280943,-1.0328064977926856
ARHGAP18,-0.1679,0.09272428693280943,-1.0328064977926856
FAM127A,-0.082,0.09210386739388919,-1.0357221336189772
LETMD1,-0.0704,0.09210386739388919,-1.0357221336189772
WDR55,-0.1108,0.09210386739388919,-1.0357221336189772
GPC4,-0.2584,0.0917949105074244,-1.0371813972281185
TLN2,-0.1911,0.09148678693146556,-1.038641624809157
TLE3,-0.1194,0.09117949520697108,-1.0401028164928392
NOTCH2,-0.1568,0.09117949520697108,-1.0401028164928392
WNT5A,-0.272,0.09117949520697108,-1.0401028164928392
RASGRP3,-0.2083,0.09117949520697108,-1.0401028164928392
FMO3,-0.4579,0.09117949520697108,-1.0401028164928392
EHBP1,-0.1236,0.09056740147459719,-1.0430280926904183
ZNF337,-0.1107,0.09056740147459719,-1.0430280926904183
TMEM45A,-0.4583,0.09026259654706027,-1.0444921774651021
EIF2D,-0.1016,0.09026259654706027,-1.0444921774651021
ARHGEF12,-0.111,0.08965546326796317,-1.047423241017165
RYR3,-0.4363,0.08935313199505195,-1.0488902200544847
CCNH,-0.1419,0.08935313199505195,-1.0488902200544847
EPHB4,-0.202,0.0890516223519032,-1.0503581641057216
IMPDH1,-0.1663,0.0890516223519032,-1.0503581641057216
BIN1,-0.2717,0.0890516223519032,-1.0503581641057216
S1PR1,-0.2857,0.08875093287721662,-1.0518270733004942
PPP1R13L,-0.2352,0.08875093287721662,-1.0518270733004942
TMEM168,-0.1178,0.08845106210946356,-1.0532969477682799
KRT1,-0.74,0.08844904027969419,-1.0533068750605807
CPT1A,-0.1142,0.08815200858689842,-1.0547677876384172
CST1,-0.5703,0.08799684664110177,-1.0555328904737675
ITGA8,-0.2948,0.08785377084757104,-1.0562395930401032
TNXB,-0.4597,0.08785377084757104,-1.0562395930401032
MYO18A,-0.1161,0.08755634742933824,-1.057712364102395
FOXF1,-0.4256,0.08755634742933824,-1.057712364102395
ALAD,-0.1292,0.0872597368698755,-1.0591861009542112
CD248,-0.3052,0.0872597368698755,-1.0591861009542112
LRRK2,-0.2866,0.08696393770668875,-1.06066080372433
FGD5,-0.2248,0.08696393770668875,-1.06066080372433
CRTC1,-0.1372,0.08666894847712626,-1.06213647254139
MAP3K3,-0.1295,0.08637476771839014,-1.0636131075338904
CDH11,-0.2717,0.08637476771839014,-1.0636131075338904
COL4A1,-0.2653,0.08637476771839014,-1.0636131075338904
IL16,-0.3121,0.08608139396754795,-1.0650907088301924
STEAP2,-0.3238,0.08578882576154444,-1.0665692765585169
TIMD4,-0.5082,0.08578868367131756,-1.0665699958719241
C4A,-0.4048,0.085497061637213,-1.068048810846947
ZEB2,-0.286,0.085497061637213,-1.068048810846947
CSF1R,-0.2966,0.08520610013128745,-1.0695293118234266
MUC5AC,-0.8785,0.08511407714515629,-1.069998605357674
SCARNA12,-0.1595,0.08491593978041329,-1.071010779615761
TREM1,-0.4651,0.08462657912115926,-1.0724932143516184
RBM3,-0.1261,0.08462657912115926,-1.0724932143516184
CPE,-0.2838,0.08405025102347229,-1.075460985163879
TNS4,-0.7382,0.08405025102347229,-1.075460985163879
CTAGE5,-0.1394,0.08405025102347229,-1.075460985163879
LRRC75A-AS1,-0.144,0.08405025102347229,-1.075460985163879
TRPC6,-0.1881,0.08405025102347229,-1.075460985163879
SLC39A14,-0.2955,0.08376328065789647,-1.0769463214949266
FLT1,-0.1397,0.08376328065789647,-1.0769463214949266
ISM1,-0.3785,0.08376328065789647,-1.0769463214949266
AEBP1,-0.329,0.08347710412967776,-1.0784326252787864
CLDN11,-0.3405,0.08347710412967776,-1.0784326252787864
ETV1,-0.2576,0.08347710412967776,-1.0784326252787864
RPL5,-0.1137,0.08319171997517276,-1.0799198966424364
SWAP70,-0.1443,0.08290712673072964,-1.0814081357127174
CNTNAP1,-0.1781,0.0826233229326995,-1.0828973426163329
SCUBE3,-0.3856,0.08234030711744744,-1.0843875174798496
ZNF135,-0.3486,0.08234030711744744,-1.0843875174798496
CDHR1,-0.4254,0.08234030711744744,-1.0843875174798496
ARNTL,-0.1778,0.08205807782136386,-1.085878660429698
ZNF513,-0.0907,0.08205807782136386,-1.085878660429698
MIR205HG,-0.5716,0.08177663358087596,-1.08737077159217
GALNT11,-0.1248,0.08149597293245825,-1.0888638510934232
CMTM3,-0.2471,0.08149597293245825,-1.0888638510934232
BNIP3L,-0.1718,0.0812160944126442,-1.0903578990594773
PRKCA,-0.2498,0.0812160944126442,-1.0903578990594773
HEG1,-0.2155,0.0812160944126442,-1.0903578990594773
LEF1,-0.292,0.08093699655803702,-1.091852915616217
TESC,-0.4431,0.08065867790532105,-1.0933489008893889
HMCN2,-0.4665,0.08065867790532105,-1.0933489008893889
STK10,-0.2195,0.08065867790532105,-1.0933489008893889
CASK,-0.137,0.08038113699127244,-1.0948458550046054
COPZ2,-0.3274,0.08038113699127244,-1.0948458550046054
SLC6A8,-0.4728,0.08010437235277014,-1.0963437780873435
SH2B3,-0.205,0.07982838252680731,-1.0978426702629427
ARHGEF25,-0.2269,0.07982838252680731,-1.0978426702629427
COL6A2,-0.3345,0.07955316605050158,-1.0993425316566094
AIG1,-0.2062,0.07955316605050158,-1.0993425316566094
PHC2,-0.1291,0.07955316605050158,-1.0993425316566094
GULP1,-0.3139,0.07927872146110664,-1.1008433623934124
TP63,-0.756,0.0787321420928067,-1.1038479323960335
CMAHP,-0.296,0.0787321420928067,-1.1038479323960335
ZHX1,-0.1468,0.0787321420928067,-1.1038479323960335
RPS23,-0.1614,0.0787321420928067,-1.1038479323960335
DAB2IP,-0.1289,0.07846000438918493,-1.1053516719113166
CA9,-0.7063,0.0784593275523082,-1.1053554183779513
MUC5B,-0.8606,0.0784078883847418,-1.1056402420397349
GYS1,-0.1557,0.07791802563253238,-1.1083620605924787
VASP,-0.1585,0.07764818165589077,-1.109868710007016
BMP2,-0.5319,0.07764818165589077,-1.109868710007016
NAV3,-0.3157,0.07737909933164332,-1.1113763296364045
CELSR2,-0.2757,0.07737909933164332,-1.1113763296364045
CLCN5,-0.1093,0.07711077719851762,-1.1128849196046384
RTN4,-0.0828,0.07684321379547375,-1.114394480035577
STRA6,-0.3181,0.07657640766171457,-1.1159050110529467
ITGBL1,-0.3302,0.07631035733669664,-1.1174165127803386
IFITM3,-0.2378,0.07631035733669664,-1.1174165127803386
USP54,-0.1692,0.07604506136014026,-1.1189289853412125
DBN1,-0.2544,0.0755167266126766,-1.1219568434565745
ABCB4,-0.3131,0.0755167266126766,-1.1219568434565745
ZNF189,-0.1057,0.0755167266126766,-1.1219568434565745
CTDSPL,-0.1698,0.07525368492262396,-1.1234722292573152
NPC2,-0.1928,0.07499139174276329,-1.124988586384042
TRO,-0.1846,0.07446904507873102,-1.1280242151064994
SPATA20,-0.1956,0.07446904507873102,-1.1280242151064994
PRX,-0.208,0.07446904507873102,-1.1280242151064994
ARPC2,-0.1329,0.07446904507873102,-1.1280242151064994
MGP,-0.4773,0.07420898867794223,-1.1295434869474215
TOP1MT,-0.2515,0.07420898867794223,-1.1295434869474215
SLC30A1,-0.1477,0.07420898867794223,-1.1295434869474215
ACSF3,-0.1194,0.0739496749541316,-1.1310637306047122
CHPF2,-0.1186,0.0739496749541316,-1.1310637306047122
BTF3,-0.1147,0.07369110244986277,-1.1325849462006377
DNAH2,-0.5234,0.07369110244986277,-1.1325849462006377
ESD,-0.1233,0.07369110244986277,-1.1325849462006377
PNKD,-0.1283,0.07343326970806664,-1.1341071338573316
ADH5,-0.1533,0.07291981768551412,-1.137154425840898
FAS,-0.2857,0.07291981768551412,-1.137154425840898
JUNB,-0.3216,0.07266419549254717,-1.1386795304113801
IGF1,-0.5112,0.0724093072376522,-1.1402056075298492
PADI1,-0.5897,0.07240927487817014,-1.140205801614673
PHF1,-0.1314,0.07215515146574827,-1.141732657317781
GNAI1,-0.2671,0.0719017267221819,-1.1432606798965221
SERTAD2,-0.1551,0.0719017267221819,-1.1432606798965221
BCL9L,-0.1713,0.0719017267221819,-1.1432606798965221
PDE5A,-0.2566,0.07139706450364701,-1.1463196439111587
SNORD89,-0.3223,0.07139706450364701,-1.1463196439111587
ABCC1,-0.1902,0.07139706450364701,-1.1463196439111587
METTL8,-0.1215,0.07139706450364701,-1.1463196439111587
ORM1,-0.9096,0.07137728814188177,-1.1464399563437848
SCARNA17,-0.2593,0.0711458241215995,-1.1478505855890933
NSMF,-0.2006,0.0711458241215995,-1.1478505855890933
ANTXR1,-0.2912,0.0711458241215995,-1.1478505855890933
KIAA0513,-0.2323,0.07064551754773746,-1.1509153888903103
GUCY1A3,-0.2718,0.07064551754773746,-1.1509153888903103
BCR,-0.1083,0.07039644845167721,-1.1524492507548503
ARHGEF28,-0.32,0.07039644845167721,-1.1524492507548503
ZFP36,-0.329,0.07014810021418826,-1.1539840862559658
ARL4C,-0.2619,0.06990047138439436,-1.1555198955139603
CLIP2,-0.1614,0.06965356051193523,-1.157056678649008
PLD2,-0.1259,0.06965356051193523,-1.157056678649008
CSMD2,-0.4081,0.06940736614697623,-1.1585944357811544
CSAD,-0.1554,0.06940736614697623,-1.1585944357811544
SPINK5,-0.5287,0.06940736614697623,-1.1585944357811544
IQSEC1,-0.1273,0.06916188684021823,-1.1601331670303148
HIVEP3,-0.2674,0.06891712114290695,-1.1616728725162753
SMAD3,-0.2518,0.06867306760684261,-1.1632135523586933
CHST14,-0.1165,0.06842972478438926,-1.1647552066770988
F5,-0.4567,0.0681870912284847,-1.166297835590891
PLEKHO2,-0.2047,0.0681870912284847,-1.166297835590891
RASGRP2,-0.3954,0.0681870912284847,-1.166297835590891
PRICKLE1,-0.2909,0.06794516549264963,-1.1678414392193412
RABGGTA,-0.119,0.06794516549264963,-1.1678414392193412
RSPH3,-0.1067,0.06770394613099692,-1.1693860176815933
AHSA2,-0.1308,0.06746343169824132,-1.1709315710966623
MAST4,-0.3228,0.06746343169824132,-1.1709315710966623
IL20RA,-0.4379,0.06746343169824132,-1.1709315710966623
THAP4,-0.1181,0.06746343169824132,-1.1709315710966623
LMF1,-0.2215,0.0672236207497086,-1.1724780995834354
CLK1,-0.1361,0.06698451184134509,-1.1740256032606715
TBC1D19,-0.0932,0.06698451184134509,-1.1740256032606715
ALOX5AP,-0.3046,0.06674610352972667,-1.1755740822470022
ELF1,-0.1903,0.06674610352972667,-1.1755740822470022
FOXN3,-0.1309,0.06650839437206825,-1.1771235366609312
LPAR3,-0.5627,0.06650839437206825,-1.1771235366609312
MYL9,-0.3096,0.06627138292623283,-1.178673966620835
SIK3,-0.1356,0.06627138292623283,-1.178673966620835
IFNGR2,-0.1192,0.06579944740477932,-1.1817777536514367
LAMA3,-0.4977,0.06579944740477932,-1.1817777536514367
CPNE2,-0.1775,0.06556452044821065,-1.1833311109582512
ANO9,-0.2759,0.06533028544158204,-1.1848854442832755
NAB1,-0.1301,0.06533028544158204,-1.1848854442832755
CARD6,-0.3006,0.06533028544158204,-1.1848854442832755
TNKS1BP1,-0.1952,0.06533028544158204,-1.1848854442832755
AMOTL1,-0.1347,0.0650967409461346,-1.1864407537442496
FCHSD1,-0.1643,0.06486388552381203,-1.1879970394587895
CLCA4,-0.9231,0.06486385514558224,-1.1879972428554955
CAPN13,-0.5989,0.0648628222866069,-1.1880041583945729
PPP1R1B,-0.7141,0.06463002011274281,-1.1895657089256662
SALL4,-0.3498,0.06440023614988419,-1.1911125401183933
PDGFC,-0.2758,0.06440023614988419,-1.1911125401183933
SLC34A2,-1.065,0.06433066191159995,-1.1915819800301237
KCNT2,-0.2953,0.0641694393257609,-1.1926717552980561
XDH,-0.3654,0.06393932582974433,-1.1942319472004814
ADCY7,-0.2638,0.06370989422742611,-1.1957931159426534
ELK4,-0.1516,0.06348114308515396,-1.1973552616414316
CD44,-0.3593,0.0630256764499726,-1.2004824843756128
LAMA4,-0.2927,0.0630256764499726,-1.2004824843756128
OGN,-0.7043,0.0629097263016795,-1.201282204274998
ATP6V0E1,-0.1158,0.06279895809361855,-1.2020475616441064
PDE7B,-0.3045,0.06279895809361855,-1.2020475616441064
SEPP1,-0.3182,0.06257291447043828,-1.2036136163353877
KLF12,-0.3171,0.06234754415069146,-1.2051806485656884
CAP2,-0.2907,0.06234754415069146,-1.2051806485656884
MAN2B2,-0.1171,0.06234754415069146,-1.2051806485656884
DUSP1,-0.4271,0.062122845705445816,-1.2067486584511171
F13A1,-0.358,0.062122845705445816,-1.2067486584511171
CTNNB1,-0.1074,0.062122845705445816,-1.2067486584511171
VCL,-0.176,0.06189881770658619,-1.2083176461076568
GSTA1,-0.92,0.06189778325507366,-1.2083249040869586
SMAD5,-0.1246,0.06167545872682264,-1.209887611651167
PCNXL4,-0.1229,0.06167545872682264,-1.209887611651167
STX16,-0.113,0.06145276733969939,-1.211458555197381
SGSH,-0.1348,0.06145276733969939,-1.211458555197381
IKBKB,-0.1107,0.06145276733969939,-1.211458555197381
AMICA1,-0.4451,0.06100938164177057,-1.2146033767602402
SLC16A2,-0.2715,0.06100938164177057,-1.2146033767602402
EREG,-0.7205,0.06099297170100811,-1.2147202064208034
CTGF,-0.4474,0.060788684482299016,-1.2161772550077332
RPL10A,-0.126,0.060788684482299016,-1.2161772550077332
STARD13,-0.2396,0.0601305586880796,-1.2209047609969608
MMP14,-0.2012,0.0601305586880796,-1.2209047609969608
ADH1C,-0.6186,0.060130442477265136,-1.2209056003333205
EDNRA,-0.2564,0.059912500580494785,-1.222482553792258
OSBPL5,-0.1676,0.059912500580494785,-1.222482553792258
KIAA1377,-0.1887,0.059912500580494785,-1.222482553792258
MID2,-0.1714,0.05969509868493448,-1.2240613255116768
S1PR3,-0.2991,0.05969509868493448,-1.2240613255116768
ARHGAP1,-0.2035,0.05969509868493448,-1.2240613255116768
PER1,-0.3351,0.05947835158282551,-1.2256410762698393
RPL23,-0.1662,0.05947835158282551,-1.2256410762698393
PCDHB11,-0.369,0.05926225785651178,-1.2272218061812443
RPL37A,-0.1442,0.05926225785651178,-1.2272218061812443
PNCK,-0.7504,0.059045206676549625,-1.228815352892457
AKR1C1,-0.4427,0.05883202486528006,-1.2303862039211668
ABCC3,-0.4343,0.05883202486528006,-1.2303862039211668
KIAA1671,-0.2057,0.05883202486528006,-1.2303862039211668
HSF4,-0.2004,0.058617882769708696,-1.2319698719780687
MAP4K4,-0.0949,0.058404388388641794,-1.2335545196449842
ITPR1,-0.265,0.058404388388641794,-1.2335545196449842
SEMA3F,-0.2886,0.05819154030913022,-1.2351401470358003
CLEC2B,-0.3349,0.05819154030913022,-1.2351401470358003
GCNT2,-0.3508,0.05819154030913022,-1.2351401470358003
TSPAN8,-0.6553,0.0581881215472568,-1.235165662652418
FABP4,-0.6609,0.05776777740781221,-1.2383143414440716
SNCA,-0.3253,0.05734658278161346,-1.2414924561115392
MAGI3,-0.0977,0.05734658278161346,-1.2414924561115392
VIM,-0.2888,0.057136945049710064,-1.2430829838258957
BCORL1,-0.0844,0.057136945049710064,-1.2430829838258957
GPR126,-0.3562,0.057136945049710064,-1.2430829838258957
ZFP57,-0.8824,0.056985559885128205,-1.244235180410092
TSPYL2,-0.1676,0.056927945162218226,-1.2446744919449164
ENTPD1,-0.2553,0.056927945162218226,-1.2446744919449164
FSCN1,-0.3132,0.056927945162218226,-1.2446744919449164
TTN-AS1,-0.2111,0.056927945162218226,-1.2446744919449164
EPHX3,-0.6088,0.05651185329738658,-1.2478604498489736
TRPS1,-0.2732,0.056304758511063695,-1.2494548998597195
PRCP,-0.1763,0.056098295951201735,-1.2510503307265468
APBB2,-0.2137,0.056098295951201735,-1.2510503307265468
PPP3CC,-0.1573,0.055892464215901806,-1.2526467425620094
PLA2G2A,-0.8822,0.055892464215901806,-1.2526467425620094
RPS8,-0.1268,0.05568726190431595,-1.2542441354785392
ASPN,-0.5046,0.05548268761665457,-1.2558425095884478
RAB38,-0.4865,0.05548268761665457,-1.2558425095884478
MAP1A,-0.2701,0.05548268761665457,-1.2558425095884478
RUNX2,-0.2169,0.055278739954193884,-1.2574418650039267
BTBD11,-0.4836,0.05487271891535363,-1.2606435201997637
RHBDF1,-0.1955,0.05467064274692308,-1.2622458202039055
SNX14,-0.1269,0.054469187619606056,-1.2638491019611857
GJB4,-0.702,0.054268242887464645,-1.265454239902596
SLC12A6,-0.1677,0.05406813491629156,-1.2670586111814148
TRERF1,-0.2098,0.05386853455706659,-1.2686648388671922
PPP3CB,-0.0988,0.05386853455706659,-1.2686648388671922
ECM1,-0.3399,0.05386853455706659,-1.2686648388671922
ENPP1,-0.4311,0.05386853455706659,-1.2686648388671922
FAM105A,-0.1667,0.05366954967251475,-1.2702720487517647
FER,-0.1413,0.05366954967251475,-1.2702720487517647
SEMA4B,-0.3767,0.053471178873837906,-1.271880240946249
GLIS3,-0.3126,0.053076273984620025,-1.2750995727088268
EEF1B2,-0.1699,0.05287973712220748,-1.27671071249856
GPR116,-0.2459,0.05268380880194105,-1.2783228350414853
TMEM246,-0.5946,0.052293772256897755,-1.2815500288288917
INHBA,-0.3383,0.05209966126959005,-1.283165100294067
LIMK2,-0.1909,0.0519061532993807,-1.2847811549538235
RASA3,-0.3179,0.051713246967979035,-1.2863981929182149
SH3BP4,-0.2218,0.051713246967979035,-1.2863981929182149
PRKD1,-0.2421,0.05152094089829683,-1.2880162142971756
IFT88,-0.0373,0.05132923371445505,-1.2896352192005236
TSC22D1,-0.1463,0.05132923371445505,-1.2896352192005236
C1S,-0.385,0.05113812404179057,-1.2912552077379602
FGD6,-0.1757,0.050947610506863084,-1.2928761800190687
NFAT5,-0.1988,0.050947610506863084,-1.2928761800190687
TPM2,-0.3261,0.050947610506863084,-1.2928761800190687
KIFC3,-0.2481,0.05056836636261214,-1.2961210762500521
SETBP1,-0.3159,0.05019149031889076,-1.2993699087678068
PJA2,-0.1529,0.05019149031889076,-1.2993699087678068
MICALL2,-0.251,0.050003936914310945,-1.3009958014069427
EDNRB,-0.3139,0.050003936914310945,-1.3009958014069427
BCL10,-0.1569,0.050003936914310945,-1.3009958014069427
FNDC3A,-0.1468,0.04981697143287992,-1.3026226784448014
KIF26B,-0.2969,0.04963059250990371,-1.3042505399901514
CPQ,-0.2527,0.04963059250990371,-1.3042505399901514
RAPH1,-0.147,0.04963059250990371,-1.3042505399901514
NPR2,-0.1449,0.049444798781964165,-1.3058793861516445
CSNK1G3,-0.1398,0.049444798781964165,-1.3058793861516445
CNN1,-0.4992,0.049444798781964165,-1.3058793861516445
DIAPH2,-0.2137,0.04925958888692539,-1.3075092170378169
TNC,-0.4935,0.04925958888692539,-1.3075092170378169
ABCC4,-0.3158,0.04925958888692539,-1.3075092170378169
ETS1,-0.2647,0.04925958888692539,-1.3075092170378169
CELF2,-0.3989,0.04907496146394025,-1.3091400327570886
TENM4,-0.369,0.04907496146394025,-1.3091400327570886
CORO1C,-0.1858,0.04907496146394025,-1.3091400327570886
GMFG,-0.3225,0.04889091515345667,-1.310771833417765
TIMP1,-0.3527,0.048707448597224035,-1.3124046191280354
CLCA2,-0.9283,0.048707448597224035,-1.3124046191280354
PDLIM1,-0.1909,0.04816051389118154,-1.3173088876365746
TSPAN7,-0.4161,0.04816051389118154,-1.3173088876365746
FOXC1,-0.3235,0.04797935279569807,-1.3189456146248104
EIF3E,-0.159,0.047618748202645,-1.3222220254752248
KIF16B,-0.1131,0.047439302005801334,-1.3238617095522875
MTERF4,-0.122,0.047439302005801334,-1.3238617095522875
MXRA5,-0.4701,0.047439302005801334,-1.3238617095522875
ALDH2,-0.3757,0.047260424744811555,-1.3255023795403202
LPL,-0.4136,0.047082115073419806,-1.3271440355464799
CAPN2,-0.2383,0.047082115073419806,-1.3271440355464799
PAPPA,-0.2665,0.04690437164673378,-1.3287866776778077
CAPN3,-0.2626,0.04672719312123039,-1.3304303060412335
CREB5,-0.3215,0.04672719312123039,-1.3304303060412335
ZHX2,-0.19,0.04655057815476207,-1.3320749207435711
KANSL1L,-0.164,0.04655057815476207,-1.3320749207435711
GJB5,-0.7207,0.0464616133099847,-1.3329057140480676
GYLTL1B,-0.4037,0.04602410120884669,-1.337014683950502
PCOLCE,-0.3224,0.04602410120884669,-1.337014683950502
TMEM63A,-0.2152,0.045849727084757534,-1.3386632450743654
LITAF,-0.1775,0.045849727084757534,-1.3386632450743654
PLXDC1,-0.2547,0.045849727084757534,-1.3386632450743654
SDPR,-0.3488,0.0456759098298031,-1.3403127930695122
PTK7,-0.2836,0.0456759098298031,-1.3403127930695122
MMP12,-0.6247,0.045502648110211714,-1.3419633280420777
RPL8,-0.165,0.045502648110211714,-1.3419633280420777
MRC1,-0.3879,0.045502648110211714,-1.3419633280420777
NEXN,-0.3645,0.04532994059362812,-1.3436148500980827
RARRES2,-0.374,0.04532994059362812,-1.3436148500980827
MT2A,-0.3739,0.04498618284717838,-1.3469208558839383
AMY2B,-0.2735,0.04498618284717838,-1.3469208558839383
RPL13AP5,-0.1631,0.04498618284717838,-1.3469208558839383
PDP1,-0.1662,0.04481512995973434,-1.348575339825269
AGT,-0.5554,0.04481512995973434,-1.348575339825269
SLC11A1,-0.3934,0.04464462596015339,-1.3502308112730013
RNF139,-0.1548,0.04464462596015339,-1.3502308112730013
NALCN,-0.3467,0.04464462596015339,-1.3502308112730013
FAM198B,-0.3016,0.04447466952324682,-1.3518872703325937
PPP1R13B,-0.1645,0.04447466952324682,-1.3518872703325937
FAM160A2,-0.1398,0.044136394043956945,-1.3552031517086407
NFKBIZ,-0.249,0.04396807235846847,-1.3568625742354534
SLC37A2,-0.3963,0.043800292949454755,-1.3585229847948455
GAS6,-0.3284,0.043800292949454755,-1.3585229847948455
EPHA3,-0.3888,0.043466355690794226,-1.361846770430859
PARD3B,-0.2965,0.043300195209817566,-1.3635101457169467
CDH6,-0.3402,0.04296948397739868,-1.3668398617481177
DOCK1,-0.1638,0.04280493060357036,-1.3685062027020007
MSRB3,-0.3848,0.04264091031224144,-1.3701735324204318
SEPW1,-0.1585,0.04264091031224144,-1.3701735324204318
PCDH7,-0.4651,0.042477421795980984,-1.371841851007533
CUTC,-0.1197,0.04231446374887197,-1.3735111585673176
ZNF423,-0.3214,0.04199013384604183,-1.3768527410204374
GPC1,-0.2987,0.04199013384604183,-1.3768527410204374
PCDHGB7,-0.2782,0.04199013384604183,-1.3768527410204374
ARAP3,-0.2793,0.04182875938610338,-1.3785250161212466
CYP2S1,-0.5189,0.041667910186891824,-1.3801982806096877
CEMIP,-0.5275,0.04150758495013698,-1.381872534589224
C1R,-0.3693,0.04150758495013698,-1.381872534589224
SIK2,-0.1259,0.041347782379113254,-1.3835477781632064
HIF1A,-0.1984,0.041347782379113254,-1.3835477781632064
PPP2R3A,-0.2166,0.041188501178644074,-1.38522401143488
IRF6,-0.364,0.041188501178644074,-1.38522401143488
SMYD3,-0.2216,0.041188501178644074,-1.38522401143488
LEPR,-0.3264,0.041188501178644074,-1.38522401143488
RPL12,-0.1771,0.04102974005510736,-1.3869012345073766
CORIN,-0.4227,0.04102974005510736,-1.3869012345073766
SCN9A,-0.392,0.04087149771643997,-1.3885794474837216
CALD1,-0.3487,0.04071377287214287,-1.3902586504668284
RPLP1,-0.1572,0.04071377287214287,-1.3902586504668284
DMD,-0.4209,0.04055656423328545,-1.391938843559505
CRTAP,-0.1485,0.04024369042404064,-1.395302200484243
CRYBG3,-0.1816,0.04024369042404064,-1.395302200484243
PTGIS,-0.6397,0.04024369042404064,-1.395302200484243
SALL1,-0.3072,0.040243667789637914,-1.3953024447461102
A2M,-0.3192,0.04008802268367892,-1.3969853645213721
CACNA1H,-0.2815,0.04008802268367892,-1.3969853645213721
CALCRL,-0.3174,0.03947044957506836,-1.403727926889019
CAPNS2,-0.6463,0.039317324368043555,-1.4054160445462132
PLEKHG5,-0.238,0.039317324368043555,-1.4054160445462132
TOB2,-0.1718,0.03916470383745516,-1.4071051532333438
FMOD,-0.4017,0.03916470383745516,-1.4071051532333438
PJA1,-0.1536,0.03901258671031761,-1.408795253052132
NEFM,-0.511,0.03901236487964856,-1.4087977225143622
MYH11,-0.575,0.03870985758255417,-1.4121784264910326
SNORD97,-0.27,0.03855924304407211,-1.413871500314053
AMPD3,-0.21,0.03855924304407211,-1.413871500314053
ZBED6,-0.1569,0.03825950768550582,-1.4172606226736943
STOM,-0.2311,0.03825950768550582,-1.4172606226736943
ANKRA2,-0.1368,0.038110384337374646,-1.4189566714125785
NOX4,-0.4825,0.038110384337374646,-1.4189566714125785
HOMER1,-0.1868,0.03796175552738654,-1.420653711992171
RPL31,-0.1489,0.03781361999563422,-1.4223517445133347
SPON1,-0.4731,0.03781361999563422,-1.4223517445133347
ARHGEF3,-0.1849,0.03781361999563422,-1.4223517445133347
EML3,-0.155,0.03751882373548198,-1.4257507857833032
WWC2,-0.1773,0.03751882373548198,-1.4257507857833032
RPL13,-0.1703,0.03737216049555432,-1.4274517947333047
TBXAS1,-0.331,0.03722598551081523,-1.4291537960272718
FBLN5,-0.3327,0.03722598551081523,-1.4291537960272718
PRSS23,-0.2921,0.03679037758015097,-1.4342657549757616
RALGAPA1,-0.156,0.03679037758015097,-1.4342657549757616
PRKCE,-0.1318,0.03664614311697696,-1.435971726647858
MBD5,-0.1752,0.03650239066780022,-1.4376786911645243
FLNC,-0.4989,0.0360740129809054,-1.4428055427794577
ERRFI1,-0.2918,0.03593217617285745,-1.4445164796713907
PTGS2,-0.4947,0.03593217617285745,-1.4445164796713907
NES,-0.2715,0.035790815179877804,-1.446228409905862
CMIP,-0.2515,0.035790815179877804,-1.446228409905862
FGF7,-0.5364,0.03523010469093455,-1.453086066253114
ANKRD6,-0.2614,0.03523010469093455,-1.453086066253114
GRK5,-0.2078,0.03523010469093455,-1.453086066253114
LPGAT1,-0.1288,0.0350911042875476,-1.4548029646873526
KLHL5,-0.2484,0.0350911042875476,-1.4548029646873526
COL4A2,-0.3137,0.034952572316975745,-1.456520857058229
ATP8B4,-0.3215,0.034814507554883585,-1.4582397434643954
MAP3K8,-0.2634,0.034676908778671224,-1.4599596240043984
GJB2,-0.5664,0.03453977476747758,-1.461680498776683
SCARNA6,-0.2406,0.03453977476747758,-1.461680498776683
RPL13A,-0.1767,0.03426689616541819,-1.4651252314113503
PNRC1,-0.2234,0.03426689616541819,-1.4651252314113503
MOB3B,-0.2752,0.0341311491415566,-1.4668490894701016
EHBP1L1,-0.2226,0.03359274792410704,-1.4737544689340432
RB1,-0.2294,0.03345928829188426,-1.4754833010961195
MYOF,-0.3396,0.03332628251575284,-1.477213128371814
SFXN3,-0.2275,0.03319372939242929,-1.4789439508585394
ARHGEF5,-0.3706,0.03319372939242929,-1.4789439508585394
LBH,-0.2355,0.03319372939242929,-1.4789439508585394
DHRS3,-0.3782,0.03306162772040621,-1.4806757686536036
GPX4,-0.1428,0.03306162772040621,-1.4806757686536036
NOD1,-0.1823,0.03292997629995528,-1.4824085818542128
KRT17,-0.5961,0.03292997629995528,-1.4824085818542128
SLC4A4,-0.4225,0.03279877393313031,-1.4841423905574722
SOCS3,-0.3881,0.03266801942377071,-1.4858771948603833
CHSY1,-0.2229,0.03266801942377071,-1.4858771948603833
SARAF,-0.1554,0.0325377115775043,-1.4876129948598462
ENTPD7,-0.2038,0.032407849201750556,-1.4893497906526583
YBX3,-0.2032,0.032407849201750556,-1.4893497906526583
B4GALNT3,-0.5463,0.032407849201750556,-1.4893497906526583
C8orf4,-0.4796,0.032407849201750556,-1.4893497906526583
CHCHD10,-0.2444,0.032407849201750556,-1.4893497906526583
COL8A1,-0.363,0.032407849201750556,-1.4893497906526583
PXDN,-0.3725,0.03214945610043481,-1.4928263700050146
ZBTB16,-0.6096,0.03214945610043481,-1.4928263700050146
FHL1,-0.4765,0.03214945610043481,-1.4928263700050146
LENG8,-0.1987,0.03202092299869684,-1.494566153757646
TNIP1,-0.1567,0.03202092299869684,-1.494566153757646
TARSL2,-0.1465,0.031892830615125545,-1.4963069336898014
RPS13,-0.1737,0.031892830615125545,-1.4963069336898014
DSE,-0.2807,0.031511185946685276,-1.5015352515258105
TOM1,-0.1588,0.03138484461811296,-1.5032800171379535
FHOD1,-0.2002,0.03138484461811296,-1.5032800171379535
SDC2,-0.299,0.03138484461811296,-1.5032800171379535
ARL2BP,-0.1557,0.03138484461811296,-1.5032800171379535
HTRA3,-0.5601,0.031258938107942,-1.5050257794100599
PER2,-0.2061,0.031258938107942,-1.5050257794100599
NTN4,-0.3125,0.031258938107942,-1.5050257794100599
LINC01000,-0.1371,0.031008424846619122,-1.5085202943172042
BAIAP3,-0.5081,0.031008424846619122,-1.5085202943172042
MICAL2,-0.2752,0.03075963678859775,-1.5120187970123187
SYNPO2,-0.4747,0.03075963678859775,-1.5120187970123187
PDLIM3,-0.4584,0.03075963678859775,-1.5120187970123187
NDST2,-0.1435,0.030635886789412092,-1.5137695440190109
RPS3,-0.1743,0.03051256458902145,-1.5155212882588707
ABCC9,-0.3862,0.030267198932381105,-1.519027768818727
KIF13A,-0.1636,0.030267198932381105,-1.519027768818727
CYB5R3,-0.1718,0.02990232991019672,-1.5242949712836058
TRPM6,-0.4666,0.02978155013310722,-1.5260527009178273
CUBN,-0.3315,0.02978155013310722,-1.5260527009178273
SH3BGRL,-0.2149,0.029661190048883488,-1.5278114284494053
TEK,-0.3113,0.029541248506933567,-1.5295711539728254
P4HA2,-0.2409,0.029541248506933567,-1.5295711539728254
CLTCL1,-0.3076,0.029541248506933567,-1.5295711539728254
PCDHB5,-0.4861,0.029541248506933567,-1.5295711539728254
SIRPA,-0.3348,0.029421724358522187,-1.5313318775824762
MYO1E,-0.1767,0.029302616456773362,-1.5330935993726444
MCTP2,-0.3235,0.029065644815068768,-1.536620037871196
EMR2,-0.3528,0.028947778790677697,-1.5383847547676606
AOC3,-0.4097,0.028947778790677697,-1.5383847547676606
TANK,-0.1711,0.028947778790677697,-1.5383847547676606
COL7A1,-0.4817,0.028830324444082855,-1.5401504702208095
STK17B,-0.3018,0.028830324444082855,-1.5401504702208095
ADAM19,-0.319,0.0287132806377386,-1.5419171843244375
IL1R2,-0.4532,0.0287132806377386,-1.5419171843244375
SLC12A4,-0.2492,0.02859664623597196,-1.5436848971722423
GFPT2,-0.5226,0.028364601112857102,-1.5472233194746763
FILIP1L,-0.3603,0.028364601112857102,-1.5472233194746763
SRPX2,-0.3767,0.028249188129546476,-1.5489940291162099
PCDHB15,-0.2916,0.028134180026892996,-1.5507657378757271
CPA3,-0.4843,0.028019575678619915,-1.552538445846435
CDH13,-0.3937,0.028019575678619915,-1.552538445846435
ANXA10,-1.2339,0.027901471753653973,-1.5543728878506793
PKD2,-0.2074,0.027791573749537057,-1.556086859793766
KIAA1549L,-0.5591,0.0276781739256091,-1.5578625659563168
KLF10,-0.2059,0.0276781739256091,-1.5578625659563168
SPRED2,-0.2271,0.027565173369829193,-1.5596392717019127
ZNF846,-0.3023,0.02734036559729052,-1.563195682313029
PTPN13,-0.3792,0.02734036559729052,-1.563195682313029
ANGPTL2,-0.3749,0.02734036559729052,-1.563195682313029
STXBP5,-0.1243,0.02722855615256057,-1.5649753873636993
PTPRZ1,-0.8701,0.02722848638488554,-1.5649765001570084
VWA8,-0.2663,0.02711714152003987,-1.5667560923677173
DPYD,-0.3146,0.02711714152003987,-1.5667560923677173
ZNF354B,-0.182,0.02711714152003987,-1.5667560923677173
SERPINH1,-0.2396,0.02711714152003987,-1.5667560923677173
SPEG,-0.5502,0.0270061205904914,-1.5685377974174148
HPS1,-0.1513,0.0270061205904914,-1.5685377974174148
RHOB,-0.3411,0.02678525541287777,-1.5721042080227046
ZNF333,-0.1099,0.02678525541287777,-1.5721042080227046
DOCK9,-0.1275,0.02678525541287777,-1.5721042080227046
RUNX1T1,-0.3629,0.02667540895585906,-1.5738889137624805
ITPKB,-0.2772,0.02667540895585906,-1.5738889137624805
CDCP1,-0.2827,0.02667540895585906,-1.5738889137624805
MAP3K6,-0.3286,0.02645688279732099,-1.5774613265760347
DNAH1,-0.2234,0.02645688279732099,-1.5774613265760347
FGB,-1.35,0.026356175444114907,-1.5791176101639084
CHPF,-0.2848,0.026348200898300915,-1.5792490338334204
PTPRK,-0.1709,0.026348200898300915,-1.5792490338334204
BACE2,-0.2046,0.026348200898300915,-1.5792490338334204
GLIPR1,-0.3716,0.026348200898300915,-1.5792490338334204
BMP1,-0.2891,0.026348200898300915,-1.5792490338334204
TLN1,-0.166,0.026348200898300915,-1.5792490338334204
JAM3,-0.3295,0.02613199398135181,-1.582827450507711
AHNAK2,-0.6947,0.026024466777404952,-1.584618160107649
CREB3L1,-0.4209,0.025917322288993384,-1.5864098706713106
CD81,-0.1581,0.025917322288993384,-1.5864098706713106
LTBP3,-0.2436,0.025917322288993384,-1.5864098706713106
ANKRD50,-0.2884,0.025917322288993384,-1.5864098706713106
LMOD1,-0.4753,0.02581055942790341,-1.588202582289975
EEF1A1,-0.1764,0.02581055942790341,-1.588202582289975
CHST15,-0.366,0.02581055942790341,-1.588202582289975
LAMB3,-0.705,0.025704177107842376,-1.5899962950548243
FEZ1,-0.342,0.02559817424444003,-1.5917910090569454
RPGR,-0.1982,0.02559817424444003,-1.5917910090569454
ABCA8,-0.4994,0.02559817424444003,-1.5917910090569454
DEPTOR,-0.3824,0.025282431579349007,-1.597181159396391
TRAF3IP2,-0.254,0.025282431579349007,-1.597181159396391
PCSK5,-0.3416,0.025282431579349007,-1.597181159396391
CBLB,-0.1466,0.025073813959100757,-1.6007796008080457
VDR,-0.3044,0.024866688304338944,-1.6043820493468228
UTRN,-0.2644,0.024866688304338944,-1.6043820493468228
TTC39B,-0.2385,0.024763682288040812,-1.6061847765148844
PODN,-0.4443,0.024763682288040812,-1.6061847765148844
CAV2,-0.335,0.024763682288040812,-1.6061847765148844
TNFRSF10A,-0.3239,0.024763682288040812,-1.6061847765148844
IGFBP5,-0.5711,0.024661046055812794,-1.607988505735741
RPS2,-0.1913,0.024661046055812794,-1.607988505735741
BGN,-0.4215,0.024558778542585938,-1.6097932370995343
ECE1,-0.1807,0.024558778542585938,-1.6097932370995343
TMSB4X,-0.2436,0.024355345422547355,-1.6134057066160286
AREG,-0.6697,0.024355345422547355,-1.6134057066160286
MXRA8,-0.4407,0.02405293461973204,-1.6188319292109468
ANO1,-0.4012,0.02405293461973204,-1.6188319292109468
CEBPB,-0.286,0.02395285716263529,-1.6206426753200873
FEM1B,-0.1469,0.02385314102336722,-1.6224544242005334
FADS3,-0.3053,0.02385314102336722,-1.6224544242005334
EMILIN1,-0.3756,0.02375378515238966,-1.6242671759416794
NCOA7,-0.2003,0.023556150026886324,-1.627895688363178
RBL2,-0.1818,0.023556150026886324,-1.627895688363178
C7,-0.9506,0.023556150026886324,-1.627895688363178
MAPK8IP3,-0.1294,0.023457868683019842,-1.6297114492218534
LYST,-0.2009,0.023457868683019842,-1.6297114492218534
SRPX,-0.4582,0.023359943428764456,-1.6315282132978737
BNC2,-0.494,0.023359943428764456,-1.6315282132978737
NAV1,-0.2469,0.023262373224323545,-1.6333459806801665
THRA,-0.1891,0.023262373224323545,-1.6333459806801665
POLK,-0.1481,0.023262373224323545,-1.6333459806801665
MTSS1,-0.3796,0.023165157031851426,-1.635164751457571
MASP1,-0.6684,0.023165157031851426,-1.635164751457571
TMPRSS4,-0.8462,0.023068293815454628,-1.6369845257188298
ALDH1A3,-0.3453,0.023068293815454628,-1.6369845257188298
EEF1D,-0.1395,0.02277981169307927,-1.6424498702917996
SORBS3,-0.2179,0.02268435006111904,-1.64427365937408
TCF7L2,-0.1541,0.02268435006111904,-1.64427365937408
TRPV4,-0.4014,0.02249446925078848,-1.6479242494054211
MKL1,-0.1531,0.022400048026048308,-1.6497510505307744
EEF2,-0.1565,0.022305971560608435,-1.6515788558466262
PSD3,-0.3117,0.02221223883618028,-1.6534076654408936
NEK6,-0.2383,0.0221188488364349,-1.6552374794014046
PCDHGB6,-0.3183,0.022025800547003854,-1.6570682978158937
ADAMTS9,-0.3768,0.021933092955479648,-1.6589001207720058
SEC23A,-0.1729,0.021933092955479648,-1.6589001207720058
STAT6,-0.2324,0.021840725051416494,-1.6607329483572932
PCDHB13,-0.378,0.021840725051416494,-1.6607329483572932
FMN1,-0.3866,0.021748695826330697,-1.66256678065922
MT1E,-0.5144,0.021748695826330697,-1.66256678065922
FOXP1,-0.2288,0.021748695826330697,-1.66256678065922
MMRN1,-0.6316,0.021748695826330697,-1.66256678065922
PEG3,-0.4409,0.02156564938897102,-1.6662374597623852
C12orf57,-0.1477,0.02156564938897102,-1.6662374597623852
BMPR2,-0.1604,0.021474630169545806,-1.668074306738095
RHOC,-0.1871,0.021383945614796215,-1.6699121587793875
SGK223,-0.2881,0.021293594726057574,-1.6717510159732718
ILK,-0.1743,0.02120357650663035,-1.673590878406668
EIF3L,-0.1396,0.02111388996178072,-1.6754317461664048
RPS9,-0.1556,0.02102453409874089,-1.6772736193392215
ZNF649,-0.332,0.02102453409874089,-1.6772736193392215
PALLD,-0.3569,0.02102453409874089,-1.6772736193392215
RPS25,-0.1747,0.02102453409874089,-1.6772736193392215
MYO15B,-0.3292,0.020935507926709382,-1.6791164980117688
CES2,-0.182,0.020935507926709382,-1.6791164980117688
SYNGAP1,-0.2087,0.020758440702300214,-1.6828052722022022
FNIP2,-0.1844,0.020758440702300214,-1.6828052722022022
C15orf39,-0.1461,0.020758440702300214,-1.6828052722022022
SOCS5,-0.1891,0.020670397678155036,-1.6846511678929383
TPCN1,-0.1711,0.020670397678155036,-1.6846511678929383
COL21A1,-0.3735,0.020670397678155036,-1.6846511678929383
CTDSP2,-0.1473,0.02049528789132219,-1.688345976896907
CCDC80,-0.5498,0.020408219168674226,-1.690194890382453
CEP41,-0.323,0.020408219168674226,-1.690194890382453
STK17A,-0.264,0.02032147325651242,-1.6920448099717667
GEM,-0.5491,0.02032147325651242,-1.6920448099717667
LRIG1,-0.4221,0.020148945965380798,-1.6957476678053476
PDE3A,-0.3237,0.020063162642200268,-1.6976006062212161
CFTR,-0.9677,0.02006237364929571,-1.6976176853830878
TSPAN1,-0.649,0.019977698241084738,-1.6994545510840555
AKAP13,-0.1576,0.019892551794851897,-1.701309502479446
TAGLN,-0.4357,0.019807722338288956,-1.703165460492878
PML,-0.2229,0.019807722338288956,-1.703165460492878
MYC,-0.4502,0.019723208908152705,-1.7050224252097523
SMTN,-0.259,0.019639010543169442,-1.706880396715384
UGCG,-0.2465,0.019555126284035246,-1.708739375094997
FEM1C,-0.1524,0.019471555173415738,-1.7105993604337304
KIZ,-0.1487,0.019388296255946357,-1.7124603528166324
ECM2,-0.3857,0.01930534857823213,-1.7143223523286653
PCDHGA10,-0.3224,0.0192227111888478,-1.7161853590547018
TFPI2,-0.6818,0.01918149491053683,-1.717117549089365
IRS1,-0.3963,0.018976651265964352,-1.7217804233642582
KIAA1191,-0.1503,0.018895245555036987,-1.7236474597932956
HMCN1,-0.5022,0.018895245555036987,-1.7236474597932956
EDIL3,-0.427,0.018895245555036987,-1.7236474597932956
AADAC,-0.9612,0.01885352518609918,-1.724607434543959
RP1L1,-0.5388,0.018733349875809022,-1.7273845556468965
ARHGAP24,-0.3375,0.018733349875809022,-1.7273845556468965
CDKN1A,-0.3415,0.01865285803025864,-1.7292546152400716
RPS6KA2,-0.2146,0.018572668932532004,-1.731125682723092
SERPINF1,-0.4871,0.018492781648925774,-1.7329977581800453
LIMA1,-0.24,0.018413195247704708,-1.7348708416949337
PLAU,-0.4102,0.018333908799101642,-1.7367449333516705
BICC1,-0.4875,0.018254921375316924,-1.738620033234086
THBS1,-0.4308,0.018254921375316924,-1.738620033234086
EFEMP1,-0.6164,0.018254921375316924,-1.738620033234086
HIBCH,-0.1814,0.01817623205051847,-1.7404961414259201
LPA,-0.9359,0.018165520444373272,-1.7407521550332192
ARHGAP42,-0.2826,0.018097839900841135,-1.7423732580108295
DZIP1,-0.3105,0.017941943441223067,-1.7461305166940615
PLAGL1,-0.3593,0.017941943441223067,-1.7461305166940615
COL18A1,-0.3641,0.01786443729338452,-1.7480106589592646
GATA6,-0.4268,0.01778722464487077,-1.7498918099513026
CMBL,-0.3521,0.017710304581646904,-1.7517739697533994
BICD1,-0.2499,0.01755733856475259,-1.755541316120245
SEC14L2,-0.3779,0.01755733856475259,-1.755541316120245
LAMB1,-0.2655,0.01748129079283462,-1.7574265028510156
SCARNA2,-0.2241,0.01748129079283462,-1.7574265028510156
F3,-0.5026,0.01748129079283462,-1.7574265028510156
CEP112,-0.3003,0.01740553196971054,-1.7593126987238896
UGT1A7,-1.1689,0.01740553196971054,-1.7593126987238896
GHR,-0.3959,0.017330061191164974,-1.7611999038216646
C1orf74,-0.3186,0.017330061191164974,-1.7611999038216646
HBEGF,-0.4432,0.017179980160759584,-1.7649773420226817
ZNF154,-0.4094,0.01710536811027914,-1.7668675752910932
SCARNA7,-0.265,0.01710536811027914,-1.7668675752910932
RASL11A,-0.4153,0.017031040507134866,-1.7687588181147433
FCGBP,-0.586,0.017031040507134866,-1.7687588181147433
ITGA1,-0.2925,0.016956996456918106,-1.7706510705760057
PISD,-0.1255,0.016956996456918106,-1.7706510705760057
ITGAV,-0.2878,0.016956996456918106,-1.7706510705760057
SERPINE2,-0.5158,0.016883235067179907,-1.772544332757167
RRN3P2,-0.3785,0.016883235067179907,-1.772544332757167
PIK3IP1,-0.3663,0.01680975544743023,-1.774438604740431
C11orf96,-0.5602,0.01673655670913751,-1.7763338866079141
AFAP1L1,-0.2691,0.016590998332583994,-1.7801274803235945
PPFIBP1,-0.1971,0.016590998332583994,-1.7801274803235945
NHSL1,-0.2209,0.016518636927045714,-1.7820257923356058
L3MBTL3,-0.1602,0.016518636927045714,-1.7820257923356058
SSC5D,-0.4736,0.016518636927045714,-1.7820257923356058
ATP10D,-0.2732,0.016303213278787827,-1.7877267899694462
C14orf159,-0.211,0.016303213278787827,-1.7877267899694462
CCDC88A,-0.3076,0.016231955996167054,-1.789629143318706
EIF4B,-0.1435,0.016231955996167054,-1.789629143318706
SHB,-0.2422,0.016090262090853794,-1.793436881712995
EGR1,-0.5664,0.016090262090853794,-1.793436881712995
DAAM2,-0.3355,0.016019823728236154,-1.7953422669206656
DENND2C,-0.3982,0.016019823728236154,-1.7953422669206656
ALG13,-0.1651,0.016019823728236154,-1.7953422669206656
SSFA2,-0.2393,0.016019823728236154,-1.7953422669206656
IFITM2,-0.3697,0.016019823728236154,-1.7953422669206656
LFNG,-0.3433,0.015879759847893683,-1.7991560697630307
AOX1,-0.7052,0.015810132601942216,-1.801064487559866
FLNA,-0.3263,0.015810132601942216,-1.801064487559866
DPP4,-0.5756,0.015671683192520554,-1.80488435630957
SLC35D1,-0.2948,0.015602859312506602,-1.8067958074240797
VWA5B1,-0.9552,0.015594867051477068,-1.8070183233150454
SRGAP3,-0.2583,0.015534301507836802,-1.8087082698059844
DENND3,-0.2799,0.015534301507836802,-1.8087082698059844
FBLIM1,-0.2418,0.015330216021504039,-1.814451725361791
NBEAL1,-0.1584,0.015262714003533458,-1.8163682336185853
BTBD3,-0.2279,0.015128494607025457,-1.8202042852212903
SHANK3,-0.2915,0.014995315781414593,-1.824044384143746
DGKH,-0.3081,0.014995315781414593,-1.824044384143746
PEAK1,-0.1897,0.014995315781414593,-1.824044384143746
RBMS1,-0.1736,0.014995315781414593,-1.824044384143746
PLB1,-0.4722,0.014929114484328597,-1.8259659515499218
COLEC12,-0.5588,0.01486317081579716,-1.8278885310259227
ENG,-0.2799,0.014732053030224486,-1.8317367265064801
IGF1R,-0.3209,0.0146668772509265,-1.833662342670375
SGSM3,-0.1474,0.0146668772509265,-1.833662342670375
SLC39A13,-0.221,0.01460195577566731,-1.835588971222771
CPED1,-0.3581,0.014537287778143474,-1.8375166122431321
RPS6KA1,-0.1815,0.014472872433979286,-1.8394452658108438
ARHGEF40,-0.2234,0.014408708920725783,-1.8413749320052082
ITGA5,-0.4332,0.014344796417859367,-1.8433056109054475
JADE2,-0.2229,0.014344796417859367,-1.8433056109054475
SLC9A7,-0.2996,0.014281134106780731,-1.8452373025907012
MGLL,-0.2773,0.014281134106780731,-1.8452373025907012
NRP1,-0.3382,0.014281134106780731,-1.8452373025907012
RPS14,-0.1879,0.014217721170813423,-1.847170007140031
CDH3,-0.5351,0.014154556795202793,-1.8491037246324153
CD109,-0.5427,0.014091640167114646,-1.8510384551467514
SCN7A,-0.86,0.014028926982190748,-1.8529755451893568
PIK3R1,-0.2474,0.013904368668422172,-1.85684872560925
MED16,-0.1265,0.013904368668422172,-1.85684872560925
ZFP36L1,-0.2552,0.013904368668422172,-1.85684872560925
MRVI1,-0.3849,0.013780744924580575,-1.8607273058035236
GBE1,-0.1912,0.013658092825743805,-1.8646099399723275
CA2,-0.5227,0.013658092825743805,-1.8646099399723275
HP,-1.1558,0.013652123414435183,-1.864799794377729
LMCD1,-0.4257,0.01347592254693886,-1.8704414937976053
ENTPD5,-0.276,0.013295902674014804,-1.8762821725832057
PLXDC2,-0.3598,0.013295902674014804,-1.8762821725832057
PCDHB14,-0.3745,0.013236370235947842,-1.8782310936442206
FAH,-0.2611,0.013177073582435101,-1.8801810289010399
SGMS1,-0.218,0.013177073582435101,-1.8801810289010399
GALNT5,-0.5709,0.013118011931184911,-1.8821319784312842
GCNT1,-0.3668,0.013059184501802346,-1.8840839423124922
EYA4,-0.4573,0.013059184501802346,-1.8840839423124922
CACNA1C,-0.3761,0.013000590515787508,-1.8860369206221277
MERTK,-0.2344,0.013000590515787508,-1.8860369206221277
FHOD3,-0.5565,0.01294222919653421,-1.8879909134375714
CLIP4,-0.2968,0.01294222919653421,-1.8879909134375714
NLRP3,-0.4223,0.012884099769328243,-1.889945920836128
MYO1D,-0.196,0.012884099769328243,-1.889945920836128
IL6ST,-0.326,0.012826201461345943,-1.8919019428950212
SLC3A1,-0.8133,0.012797237143507787,-1.892883782136888
PMEPA1,-0.4468,0.012768533501652485,-1.8938589796913994
FGG,-1.074,0.01274576813097301,-1.894633986401806
STEAP1,-0.4991,0.012711095121200456,-1.8958170313023281
TNFRSF14,-0.302,0.012540149793094328,-1.901697275791925
MAP4,-0.18,0.012540149793094328,-1.901697275791925
D2HGDH,-0.2091,0.012483622076823462,-1.9036593874301688
ST6GALNAC2,-0.6068,0.01242732012281001,-1.9056225142671281
EPHX2,-0.4524,0.01237124317329636,-1.9075866563794008
LRRC8C,-0.3036,0.01237124317329636,-1.9075866563794008
ZEB1,-0.3179,0.012259761266115478,-1.9115179867358885
UACA,-0.2707,0.012204354802305402,-1.9134851751329112
TUBB6,-0.4677,0.012204354802305402,-1.9134851751329112
PTPRB,-0.3645,0.012149170330706,-1.9154533791108623
C20orf194,-0.2307,0.012149170330706,-1.9154533791108623
SH3D19,-0.2468,0.01209420710292182,-1.9174225987459508
TLR4,-0.3276,0.012039464372424594,-1.9193928341143098
THSD4,-0.3839,0.012039464372424594,-1.9193928341143098
PTGFRN,-0.1859,0.01198494139455162,-1.9213640852919935
INPP1,-0.2913,0.011930637426503894,-1.9233363523549798
ERN1,-0.2231,0.0118765517273444,-1.9253096353791683
PPP1R18,-0.2578,0.011822683557996257,-1.927283934440383
ACTN1,-0.3056,0.011769032181240974,-1.9292592496143697
ADAMTSL3,-0.583,0.011715596861716603,-1.9312355809767985
DSEL,-0.389,0.011715596861716603,-1.9312355809767985
PLEKHG1,-0.2567,0.01166237686591595,-1.9332129286032609
PDZD2,-0.4115,0.01166237686591595,-1.9332129286032609
PHLDB2,-0.4753,0.011451635514618771,-1.9411324832586196
ROR1,-0.4568,0.011451635514618771,-1.9411324832586196
BCAM,-0.4759,0.011244281143296059,-1.949068304166015
SEC16B,-0.4139,0.011192966358297217,-1.951054801557818
HEPH,-0.445,0.011141859663550618,-1.9530423159653754
AASS,-0.2616,0.011090960345827435,-1.95503084746344
FER1L6,-0.7555,0.011014989562448237,-1.9580159100405203
GJA1,-0.4237,0.010989780997693594,-1.959010962029728
PALMD,-0.395,0.010989780997693594,-1.959010962029728
TNIK,-0.4105,0.010889422644668294,-1.9629951458531962
LAMA2,-0.4014,0.010889422644668294,-1.9629951458531962
ITM2B,-0.3215,0.010839549577678268,-1.964988763922454
DST,-0.2174,0.010740412151406831,-1.968979052747517
TRAF5,-0.2807,0.010691146393049413,-1.9709757236516978
NOSTRIN,-0.3178,0.010691146393049413,-1.9709757236516978
IL4R,-0.3228,0.010642081674854725,-1.972973412315769
LNPEP,-0.191,0.010593217301823422,-1.9749721188137324
TBC1D4,-0.2388,0.010544552580767993,-1.9769718432195114
IL1RAP,-0.3693,0.010544552580767993,-1.9769718432195114
SCN4B,-0.5057,0.010496086820310576,-1.9789725856069578
CREBRF,-0.2008,0.010496086820310576,-1.9789725856069578
CDC42BPA,-0.2271,0.010447819330880962,-1.9809743460498457
GSDMC,-0.8106,0.0104478106020963,-1.9809747088877236
SERPINA3,-0.9429,0.010399749424714378,-1.9829771246218786
CDK17,-0.1541,0.010209431940459153,-1.9909984216728618
PLSCR4,-0.4046,0.01016233969718219,-1.9930062919935256
ERF,-0.2101,0.01016233969718219,-1.9930062919935256
TNFRSF11B,-0.6024,0.01016233969718219,-1.9930062919935256
SLC7A8,-0.4094,0.010068735018858634,-1.9970250884174012
ARAP1,-0.1558,0.010068735018858634,-1.9970250884174012
BLCAP,-0.2968,0.010022221235229225,-1.999036014666903
DKK3,-0.3584,0.010022221235229225,-1.999036014666903
SNX9,-0.1798,0.009975898925878031,-2.001047959705517
COL17A1,-0.9138,0.009929767420978116,-2.0030609236062022
IFFO2,-0.3085,0.009929767420978116,-2.0030609236062022
AHDC1,-0.2622,0.009883826052484352,-2.0050749064418465
IL33,-0.648,0.009747136111669913,-2.01112296928629
MMP7,-1.0041,0.00970194864390875,-2.013141028589163
MUC3A,-0.7257,0.00970194864390875,-2.013141028589163
COBLL1,-0.3946,0.009656947998978,-2.0151601071903245
EVC2,-0.4317,0.009656947998978,-2.0151601071903245
GABBR1,-0.4362,0.009523060435988337,-2.021223459507643
SPOCD1,-0.7334,0.009478800526021148,-2.0232466160256957
ACVRL1,-0.3146,0.009478800526021148,-2.0232466160256957
AHNAK,-0.3091,0.009434724169519106,-2.0252707922035404
RBFOX2,-0.1623,0.009347119524294158,-2.0293222038268617
KIAA0930,-0.226,0.009303589943647543,-2.031349439416285
ZNF276,-0.218,0.009303589943647543,-2.031349439416285
TUBG2,-0.2461,0.009303589943647543,-2.031349439416285
RPL4,-0.1915,0.009260241332614097,-2.0333776949533933
RNF145,-0.2633,0.009260241332614097,-2.0333776949533933
FILIP1,-0.4532,0.009174084454780946,-2.037437266157763
FUT11,-0.1894,0.009174084454780946,-2.037437266157763
NNMT,-0.5748,0.009131274910039582,-2.039468581968393
HDC,-0.5751,0.009088643779023365,-2.041500918013443
TMEM173,-0.3455,0.009003914221421428,-2.0455686510927515
MTMR10,-0.2078,0.009003914221421428,-2.0455686510927515
STAB1,-0.3862,0.008961814530800824,-2.0476040482698012
PROCR,-0.4399,0.008878142178820846,-2.0516779042551323
COL16A1,-0.5479,0.008878142178820846,-2.0516779042551323
GPX3,-0.4483,0.008795168356548118,-2.055755842889858
DOCK5,-0.2592,0.008795168356548118,-2.055755842889858
CLN8,-0.1947,0.008753941834526598,-2.0577963433783832
ATG16L2,-0.2332,0.008712888076942664,-2.0598378647422817
GLTSCR2,-0.1841,0.008672006464713618,-2.061880407052413
MEIS1,-0.3233,0.008510189147640823,-2.070060787169962
SLCO2A1,-0.4629,0.00847015903585989,-2.0721084352716597
EMP1,-0.4517,0.00847015903585989,-2.0721084352716597
WDR27,-0.1705,0.008430297390851722,-2.074157104743256
FAT2,-1.2155,0.008390603605481994,-2.0762067956551125
PPP2CB,-0.1982,0.008272523361300022,-2.082361997734823
PARVA,-0.2849,0.008272523361300022,-2.082361997734823
F2R,-0.3529,0.008233494977043159,-2.084415775109944
AXL,-0.3501,0.008233494977043159,-2.084415775109944
SNCAIP,-0.408,0.008194631442158009,-2.0864705742760856
MCTP1,-0.4724,0.008194631442158009,-2.0864705742760856
PROS1,-0.4271,0.008194631442158009,-2.0864705742760856
DISP1,-0.224,0.008194631442158009,-2.0864705742760856
PTGS1,-0.4245,0.008155932159654653,-2.0885263953031874
ZNF608,-0.4002,0.008117396534225104,-2.0905832382611202
RPL3,-0.2098,0.008117396534225104,-2.0905832382611202
MAMLD1,-0.412,0.008079023972240721,-2.092641103219685
PTK2B,-0.3027,0.008002765672474677,-2.0967598994175627
ERGIC1,-0.143,0.008002765672474677,-2.0967598994175627
RUSC2,-0.3145,0.007927152544818324,-2.1008827844538307
ADH1B,-1.1448,0.007740911648700758,-2.111207889357775
ACTA2,-0.4504,0.00770413743923081,-2.113275978146357
BAZ2B,-0.2089,0.00770413743923081,-2.113275978146357
GLS,-0.2242,0.0076675198733983,-2.115345089698782
SLC25A12,-0.1867,0.0075947523795863335,-2.119486381370961
PTEN,-0.194,0.0075947523795863335,-2.119486381370961
BICD2,-0.2324,0.007522604597588877,-2.1236317649252223
ACVR1B,-0.2445,0.0073801500214953145,-2.1319348098781283
HAS2,-0.5504,0.0073801500214953145,-2.1319348098781283
EPB41L2,-0.3101,0.0073449166299147765,-2.1340131294004037
MYLK,-0.4102,0.0073449166299147765,-2.1340131294004037
TGFB3,-0.4954,0.007274902231280317,-2.1381728388644987
GALNT10,-0.3171,0.007240120111172387,-2.140254228942813
OSMR,-0.4194,0.007205487304530911,-2.1423366426761867
LATS2,-0.2411,0.007136667423311986,-2.1465045413803567
PTRF,-0.4172,0.007034543692626594,-2.1527640685492857
SPRY1,-0.3625,0.007034543692626594,-2.1527640685492857
SVEP1,-0.4677,0.007034543692626594,-2.1527640685492857
MT1X,-0.6086,0.006933734175488358,-2.1590328122803593
CFI,-0.5447,0.006900420520936135,-2.1611244419646116
NLRX1,-0.243,0.006867250727168723,-2.163217095981649
TGFBI,-0.4123,0.006834224257690879,-2.1653107743988715
CD58,-0.2221,0.006834224257690879,-2.1653107743988715
DLL1,-0.3872,0.006834224257690879,-2.1653107743988715
BNIP3,-0.4142,0.006801340577591503,-2.1674054772836158
TG,-0.5196,0.006768599153540975,-2.1695012047031463
TNS3,-0.2625,0.006735999453788325,-2.171597956724667
UGT1A9,-1.4658,0.006687358275255204,-2.1747454088476235
HIPK3,-0.2106,0.006639045406431099,-2.1778943610721586
NHSL2,-0.4551,0.0066070073178383475,-2.1799952121723005
NFIC,-0.2436,0.006575108318372976,-2.182097088209431
WDFY2,-0.2238,0.0065117254990374185,-2.1863039153617945
MYO1B,-0.3657,0.006448892788427707,-2.1905148430628563
LEPREL1,-0.4224,0.006448892788427707,-2.1905148430628563
FAM65A,-0.204,0.0063866060514083806,-2.1947298718451616
RNF180,-0.4037,0.0063866060514083806,-2.1947298718451616
KIRREL,-0.3782,0.006324861177616076,-2.198949002240198
GPR124,-0.3715,0.0062029807015831565,-2.2073995699891498
TANC1,-0.175,0.0062029807015831565,-2.2073995699891498
LPP,-0.2343,0.006112962526913359,-2.213748266471733
CA12,-0.7921,0.006112962526913359,-2.213748266471733
PLD1,-0.3076,0.005994768831306993,-2.222227559391395
CP,-1.0054,0.005994768831306993,-2.222227559391395
AFAP1L2,-0.4019,0.005994768831306993,-2.222227559391395
NIPAL2,-0.2926,0.005907479121656812,-2.2285978045860313
SPRY2,-0.4315,0.005878638133766843,-2.2307232724772086
LPCAT2,-0.3728,0.0058499241236596,-2.232849766890409
ZDHHC7,-0.2252,0.005736328169723533,-2.2413660110670346
ADAMTSL2,-0.4803,0.005736328169723533,-2.2413660110670346
COL4A5,-0.5306,0.005708241793052521,-2.243497639067479
HIVEP2,-0.2307,0.005680279502375955,-2.2456302939803447
MICAL3,-0.2114,0.005680279502375955,-2.2456302939803447
SORBS1,-0.5329,0.0056524408209170695,-2.2477639758704755
PTPN14,-0.2502,0.0056524408209170695,-2.2477639758704755
KIAA0247,-0.2341,0.005624725273373786,-2.249898684802647
NCOR2,-0.2139,0.005624725273373786,-2.249898684802647
ROS1,-1.0963,0.005594109966362228,-2.252269000725502
CEP85L,-0.284,0.005542312703275823,-2.2563089744982205
FLT4,-0.3659,0.005542312703275823,-2.2563089744982205
LRIG3,-0.4764,0.005542312703275823,-2.2563089744982205
PAPSS2,-0.3714,0.005515084967766233,-2.2584477922450494
SIPA1L1,-0.1546,0.005515084967766233,-2.2584477922450494
TUBGCP6,-0.1676,0.005515084967766233,-2.2584477922450494
CLU,-0.6242,0.005460991368505015,-2.2627285098980043
TFPI,-0.5238,0.005434124573178686,-2.264870409932855
SNAI2,-0.5318,0.005407377162093353,-2.267013337525665
WDR91,-0.3063,0.005407377162093353,-2.267013337525665
SEMA6D,-0.4507,0.005380748673089278,-2.269157292740638
FZD4,-0.3294,0.005354238645452549,-2.271302275641914
KRT5,-1.3966,0.005354238645452549,-2.271302275641914
PLEK2,-0.5009,0.00530157213863739,-2.275595324759617
SEPT10,-0.2385,0.005275414745234316,-2.2777433911040084
DSC3,-1.461,0.005249373984743527,-2.2798924853906306
KANK2,-0.3348,0.005223449403636926,-2.2820426076833074
FAM20C,-0.4309,0.005171946972603262,-2.2863459365418084
MEIS2,-0.2702,0.005146368222750715,-2.288499143234966
TK2,-0.1951,0.005146368222750715,-2.288499143234966
PLTP,-0.3761,0.005120903852425551,-2.290653378188847
FRMD4B,-0.296,0.005095553415212962,-2.292808641466961
MEF2A,-0.1652,0.005070316466112059,-2.294964933132756
BNC1,-1.3379,0.005053970697442651,-2.2963672804168667
HNMT,-0.4391,0.0049458185658611134,-2.3057618194932448
NEAT1,-0.3593,0.0048967984050413945,-2.310087774964888
SLC26A2,-0.3265,0.0048967984050413945,-2.310087774964888
MYH9,-0.244,0.0048240919261890265,-2.3165844250270564
ATP2B4,-0.3266,0.004752363625909055,-2.323090336822319
IQCA1,-0.7415,0.0047286695701511455,-2.325261032542784
CDK6,-0.3963,0.004705082495182453,-2.3274327575951856
ADAMTS1,-0.5508,0.004681601978228505,-2.3296055120419794
PLEKHG3,-0.3255,0.004542933090976247,-2.342663659494815
ADAMTSL1,-0.6196,0.004520186756672281,-2.3448436214459885
ABLIM1,-0.3069,0.0044525654608197525,-2.351389686898112
ATP10A,-0.4409,0.0044525654608197525,-2.351389686898112
ITGB5,-0.3649,0.004407995263495067,-2.3557588808166754
SCARA3,-0.5281,0.004385862145013585,-2.357945023046274
MYADM,-0.429,0.004341897848704715,-2.362320398354129
IL6R,-0.3513,0.004255165791558342,-2.371083514085569
BAG3,-0.2409,0.004212391662529645,-2.375471255490478
CPEB2,-0.289,0.004170007922616375,-2.3798631199074642
ZBTB20,-0.2781,0.004170007922616375,-2.3798631199074642
NFE2L2,-0.2217,0.004086399103172172,-2.388659219729771
MRC2,-0.451,0.0040657360229349165,-2.3908608223296546
UNC5B,-0.4194,0.0040451678218217215,-2.3930634561087607
CCND1,-0.6232,0.004024694116711602,-2.395267121127737
NOTCH1,-0.3805,0.004024694116711602,-2.395267121127737
TLR5,-0.3627,0.004024694116711602,-2.395267121127737
RBPMS,-0.3418,0.0039038150077857167,-2.4085107706675926
PRELP,-0.7577,0.0038839921541499686,-2.4107216560587847
RAPGEF5,-0.3386,0.0038839921541499686,-2.4107216560587847
ITGA2,-0.5227,0.0038642607772502047,-2.41293357317289
JMJD1C,-0.1784,0.0038446205053466703,-2.4151465220700237
HDAC7,-0.2099,0.003690733912338041,-2.4328872646306556
MFGE8,-0.3658,0.00365314766829398,-2.437332772291494
AQP3,-0.8599,0.003634485371913935,-2.439557074752842
PDE1A,-0.5581,0.003579017505774558,-2.4462361773734216
ARRDC4,-0.2979,0.003579017505774558,-2.4462361773734216
NCKAP5,-0.5077,0.003579017505774558,-2.4462361773734216
ITGA3,-0.5261,0.003542467905460176,-2.4506940757437867
ELL2,-0.3516,0.003542467905460176,-2.4506940757437867
MAPKBP1,-0.2127,0.003488279940820913,-2.457388669417431
AIM1,-0.4483,0.003488279940820913,-2.457388669417431
TSPAN9,-0.2948,0.0033647628100200756,-2.4730455447921815
CD200,-0.4889,0.0033474463532194377,-2.475286374342081
SLC2A9,-0.5659,0.0033474463532194377,-2.475286374342081
EHD3,-0.3702,0.0033474463532194377,-2.475286374342081
SH3PXD2A,-0.3724,0.0033474463532194377,-2.475286374342081
CYBRD1,-0.4901,0.0033474463532194377,-2.475286374342081
RUNX1,-0.2727,0.003313056682184771,-2.4797711338284274
ELK3,-0.2563,0.003313056682184771,-2.4797711338284274
TCF7L1,-0.4833,0.003295982795762884,-2.4820150638817013
MCC,-0.6042,0.003295982795762884,-2.4820150638817013
FAM160B2,-0.2367,0.0032284857894130307,-2.491001120855815
NUAK1,-0.4436,0.0032284857894130307,-2.491001120855815
NLRP1,-0.4388,0.0032118095153782426,-2.4932502195805357
PDGFRB,-0.4227,0.003178692236291754,-2.4977515188139323
BHLHE40,-0.386,0.0031622505775147887,-2.5000037194385314
PPARGC1A,-0.9302,0.0030811957641834046,-2.5112807078486896
ELN,-0.6685,0.0030652179424339866,-2.51353864093955
TGFB1I1,-0.4199,0.0030334821499247463,-2.518058556253802
SLC24A3,-0.571,0.0030177269008248137,-2.520320065697417
LAMB2,-0.2985,0.0030177269008248137,-2.520320065697417
LRCH1,-0.2305,0.0030020463294225764,-2.522582609741877
CRYAB,-0.618,0.0029554495477906698,-2.529376450053254
GNB2L1,-0.2302,0.0029554495477906698,-2.529376450053254
MAN2C1,-0.2312,0.002940064559096297,-2.5316431330737457
GLI2,-0.5935,0.0028195911713889896,-2.5498138579506118
TENM2,-1.0891,0.002804853244256396,-2.55208985700211
PCNX,-0.2168,0.0027322133915427082,-2.5634853843644647
MITF,-0.4526,0.0027036418188809246,-2.568050844678328
SYNE1,-0.4307,0.0026753435047851977,-2.5726204481642223
AP3M2,-0.2847,0.0026753435047851977,-2.5726204481642223
GLI3,-0.6268,0.0026753435047851977,-2.5726204481642223
MSN,-0.4112,0.002661296092244942,-2.574906803737073
SH3RF2,-0.8119,0.002647316123495471,-2.5771941952712916
C11orf24,-0.2181,0.002647316123495471,-2.5771941952712916
PCDHB12,-0.5016,0.002633403310430439,-2.5794826228228875
NT5E,-0.6269,0.0025111629737638416,-2.600125100783881
PKD1,-0.2746,0.002458518700380512,-2.6093264839606904
NFIX,-0.449,0.002445516393145039,-2.611629421606318
TNFRSF1A,-0.248,0.00241970037892175,-2.6162384075059104
PDLIM5,-0.3109,0.00241970037892175,-2.6162384075059104
LRP1,-0.3699,0.0024068861293347087,-2.6185444558701287
AMT,-0.35,0.0023562478971436815,-2.627779020040287
TM4SF1,-0.6563,0.002331296301429812,-2.632402525321967
MICA,-0.3698,0.002318911455711082,-2.6347158339537473
ITGA6,-0.4333,0.002306586893848067,-2.637030179985741
DDIT4,-0.5416,0.002282117574807131,-2.641661984468828
MMP13,-1.265,0.0022338805490373153,-2.650940053369433
SESN3,-0.5027,0.0022219810255941106,-2.6532596539977433
ADCY9,-0.3153,0.00221012938493385,-2.6555823011936157
YAP1,-0.3005,0.0021865997327603333,-2.660230709309437
LCAT,-0.3098,0.002140227884370487,-2.669539981951984
PORCN,-0.2996,0.002050178312298826,-2.6882083649541477
TCN1,-1.5042,0.0020446432901304375,-2.6893824483611284
ANTXR2,-0.4188,0.002039169908967428,-2.6905465861626716
PRKG1,-0.4837,0.0020064692936349465,-2.6975674821832913
FRMD6,-0.5055,0.0020064692936349465,-2.6975674821832913
GANC,-0.2467,0.0019530359908234802,-2.7092897533982625
NISCH,-0.2027,0.0019425073699350687,-2.7116373247967727
GPR133,-0.8287,0.0019320308848344095,-2.713985935370862
GPCPD1,-0.2351,0.0019112333972120632,-2.718686274257454
CD59,-0.3088,0.0018804224273513913,-2.7257445777258247
PTHLH,-0.9349,0.0018601359628740767,-2.730455310745574
SESN1,-0.3022,0.0018601359628740767,-2.730455310745574
RAB34,-0.5311,0.0018500683067503025,-2.732812236625587
EHD2,-0.4822,0.0018400507351591256,-2.7351702021557487
ALDH1L1,-1.0533,0.0018400507351591256,-2.7351702021557487
LRRC8A,-0.3095,0.001820164952103482,-2.739889252376386
ITGB3,-0.5773,0.0018102962960448946,-2.7422503371716695
EXTL3,-0.2362,0.0018102962960448946,-2.7422503371716695
CNKSR3,-0.3146,0.0017236659390329643,-2.7635469002819777
CSRP1,-0.2934,0.0017236659390329643,-2.7635469002819777
TNFRSF10B,-0.3428,0.0017049399524554035,-2.768290912141572
EOGT,-0.2795,0.0017049399524554035,-2.768290912141572
GGT5,-0.57,0.0017049399524554035,-2.768290912141572
ADRB2,-0.5256,0.0016772015948374663,-2.7754147333011536
DYNC2H1,-0.2983,0.0016680481334121215,-2.777791421459868
IRAK3,-0.4718,0.0016680481334121215,-2.777791421459868
MST1R,-0.8549,0.0016589406526413728,-2.7801691502573687
UGT1A10,-1.6522,0.0016140857166321817,-2.792073405628887
CTDSP1,-0.2389,0.001605249785884018,-2.7944573793397627
KIF13B,-0.2383,0.0015703494809757848,-2.804003684680565
MAP3K4,-0.1871,0.0015703494809757848,-2.804003684680565
TLR2,-0.4699,0.0015703494809757848,-2.804003684680565
ANKH,-0.4289,0.001553162569253839,-2.808783084364975
CCDC8,-0.6891,0.001553162569253839,-2.808783084364975
SGIP1,-0.5185,0.0015361490291867183,-2.8135666492694744
IRS2,-0.3841,0.0015277067805375352,-2.815959993806507
RAPGEF4,-0.3067,0.0015277067805375352,-2.815959993806507
EPHB6,-0.8345,0.0015193072847721693,-2.818354379801163
DHRS1,-0.2925,0.0014697972510305849,-2.832742569218832
SYNPO,-0.4338,0.001445603770463004,-2.839950727706988
MAF,-0.4665,0.0014376212014238715,-2.8423555310622017
EVC,-0.5322,0.0014217778241476001,-2.847168263863187
LYVE1,-0.7186,0.0014060955535291674,-2.851985165119632
CES1,-0.8617,0.0013983143705940879,-2.8543951790439945
ADAMTS10,-0.556,0.0013300494494669884,-2.8761322122423705
MALL,-0.6592,0.0013079867452202752,-2.88339665701088
NFATC4,-0.3971,0.0013007078932702923,-2.8858202242567192
TPST1,-0.3908,0.0012719647538009151,-2.895524922840003
LIMS1,-0.2172,0.0012719647538009151,-2.895524922840003
SLC22A3,-0.9507,0.001257814130671459,-2.900383530582055
CPNE8,-0.5144,0.0012438089824651014,-2.9052463111493316
CACHD1,-0.5477,0.0012368605381302383,-2.9076792663652062
HIP1,-0.2762,0.0012299479559082728,-2.910113264934624
PDE4D,-0.4056,0.001223071068355469,-2.9125483069065727
CEP68,-0.2344,0.0012094237108897943,-2.9174215212537615
NHS,-0.4572,0.0012026529094900788,-2.9198596937267407
WWTR1,-0.4115,0.0012026529094900788,-2.9198596937267407
IGFBP7,-0.486,0.0011959171397813782,-2.922298909797725
SULF2,-0.7367,0.001189216237707165,-2.9247391695154716
ALDOB,-1.2042,0.0011742429809785964,-2.930242027126297
KLF7,-0.378,0.0011693211067742184,-2.9320662110361355
ARHGAP26,-0.2818,0.0011627580480545329,-2.93451064582756
NR2F1,-0.5032,0.001156229046703708,-2.9369561245088343
LRRC32,-0.4991,0.0011052040308793688,-2.956557539801966
FCGRT,-0.3148,0.001086612506853919,-2.9639253005664394
ZHX3,-0.2523,0.0010804798953324888,-2.9663833096945695
ARHGEF17,-0.3228,0.0010743793109951746,-2.968842363339288
HIPK2,-0.2235,0.0010743793109951746,-2.968842363339288
ZFP36L2,-0.3808,0.0010502942211739075,-2.978689024041334
ARHGAP6,-0.556,0.0010325593191119304,-2.9860849893345405
SAMD4A,-0.456,0.001009343742223268,-2.9959609051926654
TRIB2,-0.4869,0.0009754249665816965,-3.010806132576832
RBMS3,-0.4992,0.0009754249665816965,-3.010806132576832
RIN2,-0.3309,0.0009698755347591452,-3.013283995667349
PTPRG,-0.3845,0.0009588642831618773,-3.018242858152523
CHD9,-0.2254,0.0009212302431619087,-3.0356318129757898
NDST1,-0.2669,0.0009212302431619087,-3.0356318129757898
GADD45A,-0.3463,0.0009107318026423511,-3.0406094976495566
CGNL1,-0.5627,0.0009055242622901173,-3.043099908864497
SNED1,-0.597,0.0009055242622901173,-3.043099908864497
CLK4,-0.2409,0.0009003443300700581,-3.045591366060261
COL4A6,-0.85,0.0008900667580133436,-3.050577418580348
MAMDC2,-0.7795,0.0008849688535820932,-3.053072013997611
DNMBP,-0.3912,0.0008598829059802187,-3.0655606845110315
SPTBN1,-0.2384,0.0008500344417073544,-3.070563477179335
CD93,-0.3997,0.0008211131882503778,-3.085596972424631
FOXO1,-0.3814,0.0007885265508481028,-3.1031836787552587
SHC1,-0.2553,0.0007839705464077355,-3.1057002533523947
JAG1,-0.5291,0.0007704487233871379,-3.1132562601137037
LDB2,-0.4527,0.0007354417921737446,-3.1334516945722206
PHLDB1,-0.4261,0.0007269239393016559,-3.138511028576572
EFNB1,-0.5423,0.0007226994644115276,-3.141042267135051
PDE4A,-0.3443,0.0007184978063784402,-3.1435745534576514
ABCA9,-0.772,0.0007184978063784402,-3.1435745534576514
KIT,-0.6177,0.0007143188526896375,-3.146107887589259
RNF217,-0.4646,0.000693760745787022,-3.158790276950544
RIN3,-0.3261,0.0006897156828097577,-3.1613298988765015
LRP10,-0.2484,0.0006856925502567711,-3.1638705689245206
PLEKHH2,-0.5275,0.0006737536512428151,-3.1714988682463034
HMGA2,-1.3508,0.0006732219265478906,-3.171841747681833
SPRED1,-0.3874,0.0006659020585295029,-3.1765896425535853
LOXL1,-0.5606,0.0006466437347416434,-3.189334925900395
SNX18,-0.2223,0.0006428547715515471,-3.191887128222878
A4GALT,-0.4858,0.0006279044710558346,-3.2021064244938664
SLCO3A1,-0.3896,0.000609671447225774,-3.2149041438376127
DUSP6,-0.523,0.000606084482991637,-3.2174668346789397
PLEKHG2,-0.3182,0.000602517166981871,-3.2200305746132023
CELSR1,-0.7991,0.0005746742442173517,-3.2405782666646945
LDLR,-0.4418,0.0005712793811443915,-3.2431514503956205
FOXC2,-0.901,0.0005628729388824396,-3.24958963031748
DOCK6,-0.3038,0.0005612065111199234,-3.250877298928336
PTPRE,-0.4276,0.0005545834270692529,-3.2560331128322924
GLYCTK,-0.2774,0.0005480332067256384,-3.261193125711287
COL27A1,-0.5715,0.0005480332067256384,-3.261193125711287
TEP1,-0.2963,0.0005415551149746503,-3.266357337909742
TNS1,-0.555,0.0005319716266810085,-3.274111530683297
PLEC,-0.3934,0.000525670683619935,-3.2792862426831384
PFKFB3,-0.4153,0.0005132769143187419,-3.28964826858445
GUCY1A2,-0.5077,0.0005102213168338058,-3.2922414007048695
PHLDA1,-0.6396,0.000501155961304457,-3.300027099295547
LTBP2,-0.5755,0.0004981677016705968,-3.3026244330438703
TSHZ2,-0.5757,0.0004777105295559487,-3.320835186019038
MAP3K5,-0.3609,0.00046637531196778396,-3.331264447442743
SKI,-0.2524,0.00046637531196778396,-3.331264447442743
LIF,-0.76,0.0004608022766983498,-3.336485383848977
PLA2R1,-0.5597,0.00043648404159308624,-3.360031630022003
TPT1,-0.347,0.0004286478965379545,-3.3678993031030013
CFH,-0.5506,0.0004108714705785202,-3.3862940135214696
SHROOM4,-0.4284,0.0003985982181371909,-3.3994646470678322
SLIT3,-0.6523,0.00039618503792547907,-3.40210192977955
CNN2,-0.4046,0.0003913995738478768,-3.4073796515334505
PRICKLE2,-0.4887,0.0003506964918510773,-3.455068578507831
DUSP7,-0.4608,0.00034220595477749176,-3.465712437505308
JAG2,-0.4601,0.00032780854077435944,-3.4843797354425945
ATXN1,-0.4015,0.00032780854077435944,-3.4843797354425945
ZYX,-0.313,0.0003238003182906332,-3.489722728677773
NID1,-0.4762,0.0003238003182906332,-3.489722728677773
HSPG2,-0.409,0.0003178739075718316,-3.497745119341097
SLC20A2,-0.3391,0.00031397954266896845,-3.503098647453569
DFNA5,-0.5727,0.0003082216621085479,-3.511136841919972
IGFBP4,-0.5214,0.00029884437922452335,-3.5245549081245264
TGFBR2,-0.4187,0.0002879443968249758,-3.5406913680862204
PDLIM7,-0.5255,0.00027569874953144223,-3.559565203690476
NOTCH3,-0.3379,0.00027060149626092876,-3.5676698063486385
S100A2,-1.505,0.00022710642165830878,-3.643770585501364
ETS2,-0.397,0.00018194474055362829,-3.7400604939746986
PIEZO2,-0.6374,0.0001621492415258134,-3.7900850784552347
KIAA0141,-0.2741,0.0001560141264341808,-3.80683607629519
DCBLD1,-0.3434,0.00014253783411749925,-3.846069844654857
MACF1,-0.2989,0.0001301634222419446,-3.885511041499795
THBD,-0.7755,0.0001172625102627795,-3.9308408130200245
GRB10,-0.4766,0.00011127372114746531,-3.953607388299455
SSH1,-0.2414,0.00010488156320977121,-3.9793008483172247
LTBP4,-0.5483,0.00010215327137895888,-3.9907477208662794
UST,-0.709,0.0001001511623439316,-3.999344005964751
IL1RL1,-0.8826,0.0001001511623439316,-3.999344005964751
DLC1,-0.5007,9.499175616437966e-05,-4.02231408321295
ABCA6,-0.9368,9.128802703697322e-05,-4.039586179012813
NOTCH4,-0.4591,8.428592786638358e-05,-4.074244927867841
LPAR6,-0.5008,7.884171608352521e-05,-4.103243931354867
OBSCN,-0.6405,6.847194181558097e-05,-4.164487355675348
ST5,-0.4174,6.801185347600714e-05,-4.167415389490921
PLK3,-0.4559,6.531216836422878e-05,-4.1850058974215
IFNGR1,-0.3595,6.48722010628639e-05,-4.1879413665488965
NFIA,-0.5736,6.356906915003406e-05,-4.196754147952326
F2RL1,-0.6652,6.271412285656766e-05,-4.202634647558242
TENC1,-0.486,5.4742744910811235e-05,-4.261673429985248
TGFB1,-0.4782,4.773781590737117e-05,-4.3211374546437815
RAPGEF3,-0.6763,4.2460352188369204e-05,-4.372016407889498
EXT1,-0.408,3.880329783148698e-05,-4.411131362829663
MMP10,-1.6432,3.606978530190402e-05,-4.44285644272394
SH3TC1,-0.6244,3.495525048575592e-05,-4.456487581413908
ACVR1,-0.3137,2.7922314588216667e-05,-4.554048584214126
CHST3,-0.645,9.996366401273138e-06,-5.000157833864636
KCND3,-1.0596,5.318585574186121e-06,-5.274203848719861
ZSWIM6,-0.3517,3.3269524976409647e-06,-5.477953399960659
PCDHGC3,-0.5969,2.6951781926961714e-06,-5.569412515988807
