collection,direction,term,overlap,term_size,query_size,p_value,genes,fdr
Hallmark,Upregulated in R,HALLMARK_E2F_TARGETS,50,134,200,2.9090391857952796e-44,"AURKA, BRCA1, BUB1B, CCNB2, CCNE1, CDCA8, CDK1, CIT, DEPDC1, DIAPH3, DONSON, E2F8, ESPL1, EZH2, HELLS, HMGB2, HMGB3, KIF22, KIF2C, KIF4A, KPNA2, MCM2, MCM4, MCM6, MCM7, MELK, MKI67, MYBL2, NCAPD2, NUP107, PCNA, PLK1, PLK4, POLA2, POLE, PRIM2, PSMC3IP, RACGAP1, RFC2, RFC3, RNASEH2A, RPA1, RPA3, SLBP, SPAG5, STMN1, TIMELESS, TMPO, TOP2A, UBE2T",2.1817793893464596e-42
Hallmark,Upregulated in R,HALLMARK_G2M_CHECKPOINT,43,118,200,2.0036470395820986e-37,"AURKA, BUB1, CCNA2, CCNB2, CCNF, CDC6, CDK1, CENPF, CHAF1A, DBF4, ESPL1, EXO1, EZH2, HMGB3, INCENP, KIF11, KIF15, KIF22, KIF23, KIF2C, KIF4A, KPNA2, MCM2, MCM6, MKI67, MYBL2, NDC80, NEK2, NUSAP1, PLK1, PLK4, POLA2, POLE, POLQ, PRC1, PRIM2, RACGAP1, RAD54L, STMN1, TMPO, TOP2A, TPX2, TTK",7.51367639843287e-36
Hallmark,Upregulated in R,HALLMARK_MITOTIC_SPINDLE,27,134,200,3.727094557148995e-16,"AURKA, BUB1, CCNB2, CDK1, CENPF, CENPJ, ECT2, EPB41, ESPL1, INCENP, KIF11, KIF15, KIF22, KIF23, KIF2C, KIF4A, KNTC1, NDC80, NEK2, NUSAP1, PLK1, PRC1, RACGAP1, SASS6, TOP2A, TPX2, TTK",9.317736392872488e-15
Hallmark,Upregulated in R,HALLMARK_SPERMATOGENESIS,13,42,200,7.023668765852208e-11,"AURKA, BUB1, CCNB2, CDK1, DBF4, EZH2, KIF2C, NCAPH, NEK2, PARP2, RFC4, TOPBP1, TTK",1.3169378935972889e-09
Hallmark,Upregulated in R,HALLMARK_MYC_TARGETS_V1,16,124,200,3.8674459136035896e-07,"CBX3, CCNA2, CDK2, CSTF2, HDGF, ILF2, KPNA2, MCM2, MCM4, MCM6, MCM7, NDUFAB1, PCNA, PSMC4, RFC4, TYMS",4.844119877476283e-06
Hallmark,Upregulated in R,HALLMARK_DNA_REPAIR,13,81,200,3.8752959019810266e-07,"ARL6IP1, FEN1, PCNA, POLA2, PRIM1, RAD51, RFC2, RFC3, RFC4, RFC5, RPA3, TYMS, ZWINT",4.844119877476283e-06
Hallmark,Downregulated in R,HALLMARK_TGF_BETA_SIGNALING,7,40,200,0.00011678300588605294,"ACVR1, HIPK2, LTBP2, SKI, SPTBN1, TGFB1, WWTR1",0.0012512464916362815
Hallmark,Downregulated in R,HALLMARK_COAGULATION,9,83,200,0.0005574648951062785,"CFH, CSRP1, DUSP6, ITGB3, KLF7, LRP1, MMP10, RAPGEF3, THBD",0.005226233391621361
Hallmark,Downregulated in R,HALLMARK_TNFA_SIGNALING_VIA_NFKB,12,144,200,0.0008050513526110319,"ETS2, F2RL1, GADD45A, IRS2, JAG1, LDLR, LIF, PDLIM5, PFKFB3, PHLDA1, PTPRE, TLR2",0.0067087612717586
Hallmark,Downregulated in R,HALLMARK_P53_PATHWAY,10,135,200,0.005115175106500132,"DDIT4, GADD45A, JAG2, KIF13B, LIF, PLK3, PTPRE, SESN1, TGFB1, TM4SF1",0.03836381329875099
Hallmark,Downregulated in R,HALLMARK_EPITHELIAL_MESENCHYMAL_TRANSITION,11,172,200,0.010030999142600418,"CD59, FOXC2, GADD45A, IGFBP4, ITGB3, LOXL1, LRP1, NT5E, PTHLH, SLIT3, TGFB1",0.06641936254035985
Hallmark,Downregulated in R,HALLMARK_UV_RESPONSE_DN,8,106,200,0.010627098006457577,"ATXN1, DLC1, ITGB3, KIT, LDLR, PDLIM5, SYNE1, TGFBR2",0.06641936254035985
Hallmark,Downregulated in R,HALLMARK_KRAS_SIGNALING_UP,9,137,200,0.016268930766132114,"ANKH, CFH, DNMBP, DUSP6, F2RL1, LIF, MALL, MMP10, TRIB2",0.09062432168048233
Hallmark,Upregulated in R,HALLMARK_MYC_TARGETS_V2,4,35,200,0.01691654004702337,"CBX3, MCM4, PLK1, PLK4",0.09062432168048233
Hallmark,Downregulated in R,HALLMARK_IL6_JAK_STAT3_SIGNALING,5,55,200,0.01979384258344809,"IFNGR1, ITGB3, TGFB1, TLR2, TNFRSF1A",0.0981326530021537
Hallmark,Upregulated in R,HALLMARK_MTORC1_SIGNALING,9,143,200,0.02093496597379279,"AURKA, BUB1, CACYBP, CCNF, MCM2, MCM4, PLK1, PSMC4, RPA1",0.0981326530021537
Hallmark,Upregulated in R,HALLMARK_UV_RESPONSE_UP,7,99,200,0.022738081293135575,"CCNE1, CDK2, DNAJA1, FEN1, GGH, PARP2, RFC4",0.1003150645285393
Hallmark,Downregulated in R,HALLMARK_XENOBIOTIC_METABOLISM,8,127,200,0.02855976616674411,"CES1, DHRS1, ETS2, IGFBP4, LCAT, PDLIM5, TNFRSF1A, TPST1",0.11612089802180584
Hallmark,Downregulated in R,HALLMARK_WNT_BETA_CATENIN_SIGNALING,3,24,200,0.02986957027574723,"JAG1, JAG2, NOTCH4",0.11612089802180584
Hallmark,Downregulated in R,HALLMARK_IL2_STAT5_SIGNALING,8,129,200,0.03096557280581489,"HIPK2, IFNGR1, IL1RL1, ITGA6, LIF, NT5E, PHLDA1, PLEC",0.11612089802180584
Hallmark,Downregulated in R,HALLMARK_ANGIOGENESIS,3,26,200,0.036815154440282626,"JAG1, JAG2, THBD",0.1314826944295808
Hallmark,Downregulated in R,HALLMARK_HYPOXIA,8,138,200,0.04351308374537783,"ALDOB, CHST3, DDIT4, EXT1, IRS2, KLF7, NDST1, PFKFB3",0.14834005822287896
Hallmark,Downregulated in R,HALLMARK_COMPLEMENT,7,132,200,0.08316594554236403,"CD59, CFH, CSRP1, DUSP6, LRP1, MMP13, NOTCH4",0.2711933006816219
Hallmark,Downregulated in R,HALLMARK_NOTCH_SIGNALING,2,19,200,0.1010423431781875,"JAG1, NOTCH3",0.3157573224318359
Hallmark,Downregulated in R,HALLMARK_HEDGEHOG_SIGNALING,2,21,200,0.11964309364909205,"CELSR1, ETS2",0.35892928094727616
Hallmark,Upregulated in R,HALLMARK_WNT_BETA_CATENIN_SIGNALING,2,24,200,0.14892703865410037,"NCSTN, SKP2",0.429597226886828
Hallmark,Downregulated in R,HALLMARK_GLYCOLYSIS,6,129,200,0.16312719435772136,"ALDOB, DDIT4, EXT1, IRS2, NT5E, TPST1",0.43694784202961073
Hallmark,Upregulated in R,HALLMARK_GLYCOLYSIS,6,129,200,0.16312719435772136,"AURKA, CDK1, DEPDC1, PSMC4, SDHC, STMN1",0.43694784202961073
Hallmark,Upregulated in R,HALLMARK_ESTROGEN_RESPONSE_LATE,6,135,200,0.1884566416014403,"ANXA9, CDC6, PLK4, RNASEH2A, TOP2A, XRCC3",0.48738786621062147
Hallmark,Upregulated in R,HALLMARK_APOPTOSIS,5,113,200,0.22102291916781874,"BRCA1, CDK2, DNAJA1, HMGB2, TOP2A",0.5371004384488686
Hallmark,Downregulated in R,HALLMARK_CHOLESTEROL_HOMEOSTASIS,3,57,200,0.2220015145588657,"ANTXR2, JAG1, LDLR",0.5371004384488686
Hallmark,Downregulated in R,HALLMARK_MYOGENESIS,5,116,200,0.236799213549734,"ADCY9, IGFBP7, PDLIM7, TGFB1, WWTR1",0.5459300097051224
Hallmark,Downregulated in R,HALLMARK_INFLAMMATORY_RESPONSE,5,117,200,0.24212755086459525,"ITGB3, LDLR, LIF, PTPRE, TLR2",0.5459300097051224
Hallmark,Downregulated in R,HALLMARK_APICAL_JUNCTION,5,118,200,0.24748827106632212,"CNN2, MSN, PKD1, SHC1, ZYX",0.5459300097051224
Hallmark,Downregulated in R,HALLMARK_BILE_ACID_METABOLISM,3,65,200,0.28370403492037244,"ABCA6, ABCA9, ATXN1",0.6079372176865123
Hallmark,Downregulated in R,HALLMARK_ADIPOGENESIS,5,129,200,0.3081823700225589,"GADD45A, IFNGR1, PFKFB3, PHLDB1, RAB34",0.6420466042136643
Hallmark,Upregulated in R,HALLMARK_HEME_METABOLISM,4,102,200,0.33279607680512185,"EIF2AK1, EPB41, HDGF, PPOX",0.6745866421725443
Hallmark,Downregulated in R,HALLMARK_ANDROGEN_RESPONSE,3,74,200,0.3545302284289227,"ANKH, MAF, PDLIM5",0.6997307140044526
Hallmark,Upregulated in R,HALLMARK_NOTCH_SIGNALING,1,19,200,0.4237668680646199,PSENEN,0.7874339156161377
Hallmark,Upregulated in R,HALLMARK_PI3K_AKT_MTOR_SIGNALING,2,51,200,0.4302984119030998,"CDK1, CDK2",0.7874339156161377
Hallmark,Downregulated in R,HALLMARK_ALLOGRAFT_REJECTION,4,117,200,0.4304638738701553,"IFNGR1, LIF, TGFB1, TLR2",0.7874339156161377
Hallmark,Upregulated in R,HALLMARK_IL6_JAK_STAT3_SIGNALING,2,55,200,0.46897905234135834,"CXCL10, CXCL9",0.8374625934667113
Hallmark,Downregulated in R,HALLMARK_APICAL_SURFACE,1,25,200,0.515983281182618,SULF2,0.8648314872797042
Hallmark,Upregulated in R,HALLMARK_APICAL_SURFACE,1,25,200,0.515983281182618,BRCA1,0.8648314872797042
Hallmark,Downregulated in R,HALLMARK_MITOTIC_SPINDLE,4,134,200,0.5360419268856634,"PDLIM5, PLEKHG2, SPTBN1, SYNPO",0.8648314872797042
Hallmark,Downregulated in R,HALLMARK_UNFOLDED_PROTEIN_RESPONSE,2,63,200,0.5414338506347692,"DDIT4, SHC1",0.8648314872797042
Hallmark,Downregulated in R,HALLMARK_ESTROGEN_RESPONSE_EARLY,4,135,200,0.541961065361948,"ADCY9, CELSR1, DLC1, IGFBP4",0.8648314872797042
Hallmark,Downregulated in R,HALLMARK_HEME_METABOLISM,3,102,200,0.5616159557028243,"ALDH1L1, LRP10, TNS1",0.877524930785663
Hallmark,Upregulated in R,HALLMARK_OXIDATIVE_PHOSPHORYLATION,3,107,200,0.594331328505722,"NDUFAB1, NDUFS2, SDHC",0.9096908089373297
Hallmark,Upregulated in R,HALLMARK_REACTIVE_OXYGEN_SPECIES_PATHWAY,1,33,200,0.6164926426772119,NDUFS2,0.9247389640158179
Hallmark,Downregulated in R,HALLMARK_APOPTOSIS,3,113,200,0.6314573830701533,"ANKH, GADD45A, IFNGR1",0.9286137986325783
Hallmark,Upregulated in R,HALLMARK_IL2_STAT5_SIGNALING,3,129,200,0.718675293435561,"CCNE1, CDC6, CXCL10",0.9893476983501106
Hallmark,Upregulated in R,HALLMARK_PROTEIN_SECRETION,1,51,200,0.7730670191459701,RAB5A,0.9893476983501106
Hallmark,Downregulated in R,HALLMARK_PI3K_AKT_MTOR_SIGNALING,1,51,200,0.7730670191459701,TNFRSF1A,0.9893476983501106
Hallmark,Downregulated in R,HALLMARK_KRAS_SIGNALING_DN,1,60,200,0.8255242881721494,SYNPO,0.9893476983501106
Hallmark,Upregulated in R,HALLMARK_UNFOLDED_PROTEIN_RESPONSE,1,63,200,0.8401740130876882,ATF6,0.9893476983501106
Hallmark,Upregulated in R,HALLMARK_INFLAMMATORY_RESPONSE,2,117,200,0.8526511461903761,"CXCL10, CXCL9",0.9893476983501106
Hallmark,Upregulated in R,HALLMARK_ALLOGRAFT_REJECTION,2,117,200,0.8526511461903761,"BRCA1, CXCL9",0.9893476983501106
Hallmark,Downregulated in R,HALLMARK_PEROXISOME,1,68,200,0.8619199461238618,ATXN1,0.9893476983501106
Hallmark,Upregulated in R,HALLMARK_PEROXISOME,1,68,200,0.8619199461238618,TOP2A,0.9893476983501106
Hallmark,Upregulated in R,HALLMARK_INTERFERON_ALPHA_RESPONSE,1,71,200,0.8735267230189052,CXCL10,0.9893476983501106
Hallmark,Downregulated in R,HALLMARK_INTERFERON_ALPHA_RESPONSE,1,71,200,0.8735267230189052,LPAR6,0.9893476983501106
Hallmark,Upregulated in R,HALLMARK_ADIPOGENESIS,2,129,200,0.8881683639053666,"NDUFAB1, SDHC",0.9893476983501106
Hallmark,Downregulated in R,HALLMARK_MTORC1_SIGNALING,2,143,200,0.9195505824837362,"DDIT4, LDLR",0.9893476983501106
Hallmark,Upregulated in R,HALLMARK_INTERFERON_GAMMA_RESPONSE,2,155,200,0.9396828839198851,"CXCL10, CXCL9",0.9893476983501106
Hallmark,Upregulated in R,HALLMARK_FATTY_ACID_METABOLISM,1,108,200,0.9573105857245265,SDHC,0.9893476983501106
Hallmark,Downregulated in R,HALLMARK_FATTY_ACID_METABOLISM,1,108,200,0.9573105857245265,PTPRG,0.9893476983501106
Hallmark,Upregulated in R,HALLMARK_EPITHELIAL_MESENCHYMAL_TRANSITION,2,172,200,0.9602053097211959,"COPA, MCM7",0.9893476983501106
Hallmark,Downregulated in R,HALLMARK_G2M_CHECKPOINT,1,118,200,0.9682020916698953,TGFB1,0.9893476983501106
Hallmark,Upregulated in R,HALLMARK_P53_PATHWAY,1,135,200,0.9807469995387358,PCNA,0.9893476983501106
Hallmark,Downregulated in R,HALLMARK_ESTROGEN_RESPONSE_LATE,1,135,200,0.9807469995387358,IGFBP4,0.9893476983501106
Hallmark,Upregulated in R,HALLMARK_ESTROGEN_RESPONSE_EARLY,1,135,200,0.9807469995387358,ANXA9,0.9893476983501106
Hallmark,Upregulated in R,HALLMARK_KRAS_SIGNALING_UP,1,137,200,0.9818520684041434,CXCL10,0.9893476983501106
Hallmark,Upregulated in R,HALLMARK_TNFA_SIGNALING_VIA_NFKB,1,144,200,0.9852457266123474,CXCL10,0.9893476983501106
Hallmark,Downregulated in R,HALLMARK_INTERFERON_GAMMA_RESPONSE,1,155,200,0.9893476983501106,CFH,0.9893476983501106
KEGG,Upregulated in R,KEGG_MEDICUS_REFERENCE_ORIGIN_UNWINDING_AND_ELONGATION,16,21,200,1.931249157904019e-21,"MCM10, MCM2, MCM4, MCM6, MCM7, PCNA, POLA2, POLE, PRIM1, PRIM2, RFC2, RFC3, RFC4, RFC5, RPA1, RPA3",8.883746126358488e-20
KEGG,Upregulated in R,KEGG_MEDICUS_REFERENCE_HOMOLOGOUS_RECOMBINATION,12,22,200,1.0676051603469265e-13,"BRCA1, PCNA, POLE, RAD51, RAD54L, RFC2, RFC3, RFC4, RFC5, RPA1, RPA3, XRCC3",2.455491868797931e-12
KEGG,Upregulated in R,KEGG_MEDICUS_REFERENCE_DNA_REPLICATION_LICENSING,11,18,200,2.0966632860553297e-13,"CCNA2, CCNE1, CCNE2, CDC6, CDK2, DBF4, MCM2, MCM4, MCM6, MCM7, TICRR",3.214883705284839e-12
KEGG,Upregulated in R,KEGG_MEDICUS_REFERENCE_MISMATCH_REPAIR,9,17,200,2.1086538315758928e-10,"EXO1, PCNA, POLE, RFC2, RFC3, RFC4, RFC5, RPA1, RPA3",2.4249519063122766e-09
KEGG,Upregulated in R,KEGG_MEDICUS_REFERENCE_PRE_IC_FORMATION,8,15,200,2.087502392825813e-09,"CDC6, MCM2, MCM4, MCM6, MCM7, POLE, TICRR, TOPBP1",1.920502201399748e-08
KEGG,Upregulated in R,KEGG_MEDICUS_REFERENCE_CONDENSIN_LOADING,5,15,200,4.2978621138419244e-05,"KIF4A, NCAPD2, NCAPG, NCAPH, TOP2A",0.0003295027620612142
KEGG,Upregulated in R,KEGG_MEDICUS_VARIANT_MUTATION_CAUSED_ABERRANT_HTT_TO_26S_PROTEASOME_MEDIATED_PROTEIN_DEGRADATION,3,20,200,0.018281801358084392,"PSMB4, PSMC4, PSMD4",0.09609022414235416
KEGG,Upregulated in R,KEGG_MEDICUS_VARIANT_MUTATION_CAUSED_ABERRANT_ABETA_TO_26S_PROTEASOME_MEDIATED_PROTEIN_DEGRADATION,3,21,200,0.02088917916138134,"PSMB4, PSMC4, PSMD4",0.09609022414235416
KEGG,Upregulated in R,KEGG_MEDICUS_VARIANT_SCRAPIE_CONFORMATION_PRPSC_TO_26S_PROTEASOME_MEDIATED_PROTEIN_DEGRADATION,3,21,200,0.02088917916138134,"PSMB4, PSMC4, PSMD4",0.09609022414235416
KEGG,Upregulated in R,KEGG_MEDICUS_VARIANT_MUTATION_CAUSED_ABERRANT_SNCA_TO_26S_PROTEASOME_MEDIATED_PROTEIN_DEGRADATION,3,21,200,0.02088917916138134,"PSMB4, PSMC4, PSMD4",0.09609022414235416
KEGG,Upregulated in R,KEGG_MEDICUS_REFERENCE_26S_PROTEASOME_MEDIATED_PROTEIN_DEGRADATION,3,24,200,0.02986957027574723,"PSMB4, PSMC4, PSMD4",0.11450001939036437
KEGG,Upregulated in R,KEGG_MEDICUS_VARIANT_MUTATION_INACTIVATED_VCP_TO_26S_PROTEASOME_MEDIATED_PROTEIN_DEGRADATION,3,24,200,0.02986957027574723,"PSMB4, PSMC4, PSMD4",0.11450001939036437
KEGG,Upregulated in R,KEGG_MEDICUS_VARIANT_MUTATION_INACTIVATED_UBQLN2_TO_26S_PROTEASOME_MEDIATED_PROTEIN_DEGRADATION,3,25,200,0.033247329086309466,"PSMB4, PSMC4, PSMD4",0.11764439522847965
KEGG,Upregulated in R,KEGG_MEDICUS_VARIANT_MUTATION_CAUSED_ABERRANT_SOD1_TO_26S_PROTEASOME_MEDIATED_PROTEIN_DEGRADATION,3,26,200,0.036815154440282626,"PSMB4, PSMC4, PSMD4",0.12096407887521433
KEGG,Upregulated in R,KEGG_MEDICUS_VARIANT_MUTATION_CAUSED_ABERRANT_TDP43_TO_ELECTRON_TRANSFER_IN_COMPLEX_I,2,20,200,0.11023795893597672,"NDUFAB1, NDUFS2",0.3057545726587908
KEGG,Upregulated in R,KEGG_MEDICUS_REFERENCE_ELECTRON_TRANSFER_IN_COMPLEX_I,2,20,200,0.11023795893597672,"NDUFAB1, NDUFS2",0.3057545726587908
KEGG,Upregulated in R,KEGG_MEDICUS_VARIANT_MUTATION_CAUSED_ABERRANT_SNCA_TO_ELECTRON_TRANSFER_IN_COMPLEX_I,2,21,200,0.11964309364909205,"NDUFAB1, NDUFS2",0.3057545726587908
KEGG,Upregulated in R,KEGG_MEDICUS_VARIANT_MUTATION_INACTIVATED_PINK1_TO_ELECTRON_TRANSFER_IN_COMPLEX_I,2,21,200,0.11964309364909205,"NDUFAB1, NDUFS2",0.3057545726587908
KEGG,Upregulated in R,KEGG_MEDICUS_VARIANT_MUTATION_CAUSED_ABERRANT_ABETA_TO_ELECTRON_TRANSFER_IN_COMPLEX_I,2,23,200,0.1390055829559043,"NDUFAB1, NDUFS2",0.33653983241955776
KEGG,Upregulated in R,KEGG_MEDICUS_REFERENCE_MITOCHONDRIAL_COMPLEX_UCP1_IN_THERMOGENESIS,2,30,200,0.21081884327678643,"NDUFS2, SDHC",0.4848833395366088
KEGG,Upregulated in R,KEGG_MEDICUS_REFERENCE_MICROTUBULE_NUCLEATION,1,15,200,0.3527777086230739,TPX2,0.5473607005809322
KEGG,Upregulated in R,KEGG_MEDICUS_REFERENCE_GENE_SILENCING_BY_METHYLATION_OF_H3K27_AND_UBIQUITINATION_OF_H2AK119,1,15,200,0.3527777086230739,EZH2,0.5473607005809322
KEGG,Upregulated in R,KEGG_MEDICUS_REFERENCE_KINETOCHORE_FIBER_ORGANIZATION,1,15,200,0.3527777086230739,AURKA,0.5473607005809322
KEGG,Upregulated in R,KEGG_MEDICUS_REFERENCE_TSH_TG_SIGNALING_PATHWAY,1,15,200,0.3527777086230739,CREB3L4,0.5473607005809322
KEGG,Downregulated in R,KEGG_MEDICUS_REFERENCE_TSH_TG_SIGNALING_PATHWAY,1,15,200,0.3527777086230739,ADCY9,0.5473607005809322
KEGG,Downregulated in R,KEGG_MEDICUS_REFERENCE_GLYCOLYSIS,1,15,200,0.3527777086230739,ALDOB,0.5473607005809322
KEGG,Downregulated in R,KEGG_MEDICUS_REFERENCE_ADRB3_UCP1_SIGNALING_PATHWAY,1,16,200,0.3713015292119956,ADCY9,0.5473607005809322
KEGG,Upregulated in R,KEGG_MEDICUS_REFERENCE_ADRB3_UCP1_SIGNALING_PATHWAY,1,16,200,0.3713015292119956,ACTL6A,0.5473607005809322
KEGG,Upregulated in R,KEGG_MEDICUS_REFERENCE_ANGIOTENSIN_ALDOSTERONE_SIGNALING_PATHWAY,1,16,200,0.3713015292119956,CREB3L4,0.5473607005809322
KEGG,Downregulated in R,KEGG_MEDICUS_PATHOGEN_HCMV_US28_TO_GNAQ_PLCB_G_CALCINEURIN_SIGNALING_PATHWAY,1,16,200,0.3713015292119956,NFATC4,0.5473607005809322
KEGG,Downregulated in R,KEGG_MEDICUS_REFERENCE_CXCR4_GNAQ_PLCB_G_CALCINEURIN_SIGNALING_PATHWAY,1,18,200,0.4067813667548076,NFATC4,0.5473607005809322
KEGG,Downregulated in R,KEGG_MEDICUS_REFERENCE_RAB7_REGULATED_MICROTUBULE_MINUS_END_DIRECTED_TRANSPORT,1,18,200,0.4067813667548076,DYNC2H1,0.5473607005809322
KEGG,Downregulated in R,KEGG_MEDICUS_VARIANT_MLL_AF4_FUSION_TO_TRANSCRIPTIONAL_ACTIVATION,1,18,200,0.4067813667548076,HMGA2,0.5473607005809322
KEGG,Downregulated in R,KEGG_MEDICUS_REFERENCE_ITGA_B_RHOGAP_RHOA_SIGNALING_PATHWAY,1,19,200,0.4237668680646199,ITGB3,0.5473607005809322
KEGG,Upregulated in R,KEGG_MEDICUS_REFERENCE_PRNP_PI3K_NOX2_SIGNALING_PATHWAY,1,19,200,0.4237668680646199,CREB3L4,0.5473607005809322
KEGG,Downregulated in R,KEGG_MEDICUS_REFERENCE_REGULATION_OF_GF_RTK_RAS_ERK_SIGNALING_UBIQUITINATION_OF_RTK_BY_CBL,1,20,200,0.44026838959770637,KIT,0.5473607005809322
KEGG,Downregulated in R,KEGG_MEDICUS_REFERENCE_ITGA_B_RHOGEF_RHOA_SIGNALING_PATHWAY,1,20,200,0.44026838959770637,ITGB3,0.5473607005809322
KEGG,Downregulated in R,KEGG_MEDICUS_REFERENCE_ITGA_B_FAK_CDC42_SIGNALING_PATHWAY,1,21,200,0.45629965439513703,ITGB3,0.5523627395309554
KEGG,Downregulated in R,KEGG_MEDICUS_REFERENCE_ITGA_B_RHOG_RAC_SIGNALING_PATHWAY,1,22,200,0.4718739982967371,ITGB3,0.5565693313243566
KEGG,Downregulated in R,KEGG_MEDICUS_REFERENCE_CYTOKINE_JAK_STAT_SIGNALING_PATHWAY,1,24,200,0.50170339568867,IFNGR1,0.5769589050419704
KEGG,Downregulated in R,KEGG_MEDICUS_REFERENCE_ITGA_B_FAK_RAC_SIGNALING_PATHWAY,1,25,200,0.515983281182618,ITGB3,0.5789080715707422
KEGG,Downregulated in R,KEGG_MEDICUS_REFERENCE_RTK_PLCG_ITPR_SIGNALING_PATHWAY,1,26,200,0.5298559300452548,MST1R,0.5803183995733743
KEGG,Downregulated in R,KEGG_MEDICUS_REFERENCE_ITGA_B_TALIN_VINCULIN_SIGNALING_PATHWAY,1,27,200,0.5433328992284207,ITGB3,0.5812398456862174
KEGG,Downregulated in R,KEGG_MEDICUS_REFERENCE_GF_RTK_PI3K_SIGNALING_PATHWAY,1,39,200,0.6779810588436026,KIT,0.6930473045956826
KEGG,Downregulated in R,KEGG_MEDICUS_REFERENCE_GF_RTK_RAS_ERK_SIGNALING_PATHWAY,1,39,200,0.6779810588436026,KIT,0.6930473045956826
KEGG,Downregulated in R,KEGG_MEDICUS_REFERENCE_GF_RTK_RAS_PI3K_SIGNALING_PATHWAY,1,43,200,0.7134174807861633,KIT,0.7134174807861633
Reactome,Upregulated in R,REACTOME_CELL_CYCLE,79,324,200,2.448445089677577e-55,"AURKA, BLM, BORA, BRCA1, BRCC3, BRIP1, BUB1, BUB1B, CCNA2, CCNB2, CCNE1, CCNE2, CDC6, CDCA8, CDK1, CDK2, CENPF, CENPI, CENPJ, CEP152, DBF4, DNA2, DSN1, ENSA, ESCO2, ESPL1, EXO1, FEN1, FOXM1, GTSE1, HJURP, INCENP, KIF18A, KIF23, KIF2C, KNTC1, LIN9, MCM10, MCM2, MCM4, MCM6, MCM7, MYBL2, NCAPD2, NCAPG, NCAPH, NDC80, NEK2, NUF2, NUP107, NUP210, PCNA, PLK1, PLK4, POLA2, POLE, PRIM1, PRIM2, PSMB4, PSMC3IP, PSMC4, PSMD4, RAD51, RFC2, RFC3, RFC4, RFC5, RMI1, RPA1, RPA3, SKP2, TMPO, TOP2A, TOPBP1, TPX2, TYMS, VRK1, ZWILCH, ZWINT",1.7702257998368882e-52
Reactome,Upregulated in R,REACTOME_CELL_CYCLE_MITOTIC,69,270,200,3.2828824489936965e-49,"AURKA, BORA, BUB1, BUB1B, CCNA2, CCNB2, CCNE1, CCNE2, CDC6, CDCA8, CDK1, CDK2, CENPF, CENPI, CENPJ, CEP152, DBF4, DNA2, DSN1, ENSA, ESCO2, ESPL1, FEN1, FOXM1, GTSE1, INCENP, KIF18A, KIF23, KIF2C, KNTC1, LIN9, MCM10, MCM2, MCM4, MCM6, MCM7, MYBL2, NCAPD2, NCAPG, NCAPH, NDC80, NEK2, NUF2, NUP107, NUP210, PCNA, PLK1, PLK4, POLA2, POLE, PRIM1, PRIM2, PSMB4, PSMC4, PSMD4, RFC2, RFC3, RFC4, RFC5, RPA1, RPA3, SKP2, TMPO, TOP2A, TPX2, TYMS, VRK1, ZWILCH, ZWINT",1.1867620053112212e-46
Reactome,Upregulated in R,REACTOME_CELL_CYCLE_CHECKPOINTS,47,141,200,7.383413372628819e-39,"BLM, BRCA1, BRCC3, BRIP1, BUB1, BUB1B, CCNA2, CCNB2, CCNE1, CCNE2, CDC6, CDCA8, CDK1, CDK2, CENPF, CENPI, DBF4, DNA2, DSN1, EXO1, GTSE1, INCENP, KIF18A, KIF2C, KNTC1, MCM10, MCM2, MCM4, MCM6, MCM7, NDC80, NUF2, NUP107, PLK1, PSMB4, PSMC4, PSMD4, RFC2, RFC3, RFC4, RFC5, RMI1, RPA1, RPA3, TOPBP1, ZWILCH, ZWINT",1.7794026228035454e-36
Reactome,Upregulated in R,REACTOME_DNA_REPLICATION,28,73,200,3.462458852260236e-25,"CCNA2, CCNE1, CCNE2, CDC6, CDK2, DBF4, DNA2, FEN1, MCM10, MCM2, MCM4, MCM6, MCM7, PCNA, POLA2, POLE, PRIM1, PRIM2, PSMB4, PSMC4, PSMD4, RFC2, RFC3, RFC4, RFC5, RPA1, RPA3, SKP2",6.258394375460376e-23
Reactome,Upregulated in R,REACTOME_HOMOLOGY_DIRECTED_REPAIR,24,52,200,4.593449590837094e-24,"BLM, BRCA1, BRCC3, BRIP1, CCNA2, CDK2, DNA2, EXO1, FEN1, PARP2, PCNA, POLE, POLQ, RAD51, RFC2, RFC3, RFC4, RFC5, RMI1, RPA1, RPA3, TIMELESS, TOPBP1, XRCC3",6.642128108350438e-22
Reactome,Upregulated in R,REACTOME_G2_M_CHECKPOINTS,28,84,200,3.308581566927647e-23,"BLM, BRCA1, BRCC3, BRIP1, CCNB2, CDC6, CDK1, CDK2, DBF4, DNA2, EXO1, GTSE1, MCM10, MCM2, MCM4, MCM6, MCM7, PSMB4, PSMC4, PSMD4, RFC2, RFC3, RFC4, RFC5, RMI1, RPA1, RPA3, TOPBP1",3.9868407881478146e-21
Reactome,Upregulated in R,REACTOME_DNA_REPAIR,32,120,200,5.0662835792615636e-23,"ACTL6A, BLM, BRCA1, BRCC3, BRIP1, CCNA2, CDK2, DNA2, DTL, EXO1, FANCA, FANCB, FANCD2, FANCI, FEN1, KPNA2, PARP2, PCNA, POLE, POLQ, RAD51, RFC2, RFC3, RFC4, RFC5, RMI1, RPA1, RPA3, TIMELESS, TOPBP1, UBE2T, XRCC3",4.682268433452872e-21
Reactome,Upregulated in R,REACTOME_SYNTHESIS_OF_DNA,26,70,200,5.1809332596988904e-23,"CCNA2, CCNE1, CCNE2, CDC6, CDK2, DNA2, FEN1, MCM2, MCM4, MCM6, MCM7, PCNA, POLA2, POLE, PRIM1, PRIM2, PSMB4, PSMC4, PSMD4, RFC2, RFC3, RFC4, RFC5, RPA1, RPA3, SKP2",4.682268433452872e-21
Reactome,Upregulated in R,REACTOME_DNA_DOUBLE_STRAND_BREAK_REPAIR,25,64,200,8.344844762378559e-23,"BLM, BRCA1, BRCC3, BRIP1, CCNA2, CDK2, DNA2, EXO1, FEN1, KPNA2, PARP2, PCNA, POLE, POLQ, RAD51, RFC2, RFC3, RFC4, RFC5, RMI1, RPA1, RPA3, TIMELESS, TOPBP1, XRCC3",6.703691959110776e-21
Reactome,Upregulated in R,REACTOME_S_PHASE,28,96,200,2.1213295885781504e-21,"CCNA2, CCNE1, CCNE2, CDC6, CDK2, DNA2, ESCO2, FEN1, LIN9, MCM2, MCM4, MCM6, MCM7, PCNA, POLA2, POLE, PRIM1, PRIM2, PSMB4, PSMC4, PSMD4, RFC2, RFC3, RFC4, RFC5, RPA1, RPA3, SKP2",1.5337212925420028e-19
Reactome,Upregulated in R,REACTOME_MITOTIC_G1_PHASE_AND_G1_S_TRANSITION,27,99,200,8.221546347190031e-20,"CCNA2, CCNE1, CCNE2, CDC6, CDK1, CDK2, DBF4, LIN9, MCM10, MCM2, MCM4, MCM6, MCM7, MYBL2, PCNA, POLA2, POLE, PRIM1, PRIM2, PSMB4, PSMC4, PSMD4, RPA1, RPA3, SKP2, TOP2A, TYMS",5.403798190016721e-18
Reactome,Upregulated in R,REACTOME_DNA_STRAND_ELONGATION,16,25,200,1.7536609828181508e-19,"DNA2, FEN1, MCM2, MCM4, MCM6, MCM7, PCNA, POLA2, PRIM1, PRIM2, RFC2, RFC3, RFC4, RFC5, RPA1, RPA3",1.0565807421479358e-17
Reactome,Upregulated in R,REACTOME_M_PHASE,34,181,200,3.827843630983016e-19,"BUB1, BUB1B, CCNB2, CDCA8, CDK1, CENPF, CENPI, CENPJ, CEP152, DSN1, ENSA, ESPL1, INCENP, KIF18A, KIF23, KIF2C, KNTC1, NCAPD2, NCAPG, NCAPH, NDC80, NEK2, NUF2, NUP107, NUP210, PLK1, PLK4, PSMB4, PSMC4, PSMD4, TMPO, VRK1, ZWILCH, ZWINT",2.1288699578467084e-17
Reactome,Upregulated in R,REACTOME_PROCESSING_OF_DNA_DOUBLE_STRAND_BREAK_ENDS,17,34,200,4.3183520047127695e-18,"BLM, BRCA1, BRCC3, BRIP1, CCNA2, CDK2, DNA2, EXO1, RFC2, RFC3, RFC4, RFC5, RMI1, RPA1, RPA3, TIMELESS, TOPBP1",2.230120356719523e-16
Reactome,Upregulated in R,REACTOME_MITOTIC_PROMETAPHASE,25,99,200,1.602907830214453e-17,"BUB1, BUB1B, CCNB2, CDCA8, CDK1, CENPF, CENPI, CENPJ, CEP152, DSN1, INCENP, KIF18A, KIF2C, KNTC1, NCAPD2, NCAPG, NCAPH, NDC80, NEK2, NUF2, NUP107, PLK1, PLK4, ZWILCH, ZWINT",7.726015741633664e-16
Reactome,Upregulated in R,REACTOME_HOMOLOGOUS_DNA_PAIRING_AND_STRAND_EXCHANGE,15,27,200,5.225447710480354e-17,"BLM, BRCA1, BRIP1, DNA2, EXO1, RAD51, RFC2, RFC3, RFC4, RFC5, RMI1, RPA1, RPA3, TOPBP1, XRCC3",2.3612491841733097e-15
Reactome,Upregulated in R,REACTOME_HDR_THROUGH_HOMOLOGOUS_RECOMBINATION_HRR,17,39,200,8.328851382493453e-17,"BLM, BRCA1, BRIP1, DNA2, EXO1, PCNA, POLE, RAD51, RFC2, RFC3, RFC4, RFC5, RMI1, RPA1, RPA3, TOPBP1, XRCC3",3.5422114997310392e-15
Reactome,Upregulated in R,REACTOME_ACTIVATION_OF_THE_PRE_REPLICATIVE_COMPLEX,14,23,200,9.951420202993826e-17,"CDC6, CDK2, DBF4, MCM10, MCM2, MCM4, MCM6, MCM7, POLA2, POLE, PRIM1, PRIM2, RPA1, RPA3",3.786777266718177e-15
Reactome,Upregulated in R,REACTOME_HDR_THROUGH_SINGLE_STRAND_ANNEALING_SSA,14,23,200,9.951420202993826e-17,"BLM, BRCA1, BRIP1, DNA2, EXO1, RAD51, RFC2, RFC3, RFC4, RFC5, RMI1, RPA1, RPA3, TOPBP1",3.786777266718177e-15
Reactome,Upregulated in R,REACTOME_EXTENSION_OF_TELOMERES,15,29,200,2.2170180286302255e-16,"BLM, CCNA2, CDK2, DNA2, FEN1, PCNA, POLA2, PRIM1, PRIM2, RFC2, RFC3, RFC4, RFC5, RPA1, RPA3",8.014520173498266e-15
Reactome,Upregulated in R,REACTOME_ACTIVATION_OF_ATR_IN_RESPONSE_TO_REPLICATION_STRESS,14,24,200,2.3290067790518817e-16,"CDC6, CDK2, DBF4, MCM10, MCM2, MCM4, MCM6, MCM7, RFC2, RFC3, RFC4, RFC5, RPA1, RPA3",8.018437625021479e-15
Reactome,Upregulated in R,REACTOME_CHROMOSOME_MAINTENANCE,17,43,200,6.218986862674564e-16,"BLM, CCNA2, CDK2, CENPI, DNA2, FEN1, HJURP, PCNA, POLA2, PRIM1, PRIM2, RFC2, RFC3, RFC4, RFC5, RPA1, RPA3",2.0437852280516863e-14
Reactome,Upregulated in R,REACTOME_TELOMERE_C_STRAND_LAGGING_STRAND_SYNTHESIS,13,21,200,9.498659727541388e-16,"BLM, DNA2, FEN1, PCNA, POLA2, PRIM1, PRIM2, RFC2, RFC3, RFC4, RFC5, RPA1, RPA3",2.985883036092358e-14
Reactome,Upregulated in R,REACTOME_LAGGING_STRAND_SYNTHESIS,12,17,200,1.1584289255258466e-15,"DNA2, FEN1, PCNA, POLA2, PRIM1, PRIM2, RFC2, RFC3, RFC4, RFC5, RPA1, RPA3",3.489767138146613e-14
Reactome,Upregulated in R,REACTOME_TELOMERE_MAINTENANCE,15,33,200,2.6810292155956052e-15,"BLM, CCNA2, CDK2, DNA2, FEN1, PCNA, POLA2, PRIM1, PRIM2, RFC2, RFC3, RFC4, RFC5, RPA1, RPA3",7.75353649150249e-14
Reactome,Upregulated in R,REACTOME_DISEASES_OF_DNA_REPAIR,14,29,200,8.121511168949834e-15,"BLM, BRCA1, BRIP1, DNA2, EXO1, RAD51, RFC2, RFC3, RFC4, RFC5, RMI1, RPA1, RPA3, TOPBP1",2.2106541074450013e-13
Reactome,Upregulated in R,REACTOME_REGULATION_OF_TP53_ACTIVITY_THROUGH_PHOSPHORYLATION,17,49,200,8.255554758093366e-15,"AURKA, BLM, BRCA1, BRIP1, CCNA2, CDK2, DNA2, EXO1, RFC2, RFC3, RFC4, RFC5, RMI1, RPA1, RPA3, TOPBP1, TPX2",2.2106541074450013e-13
Reactome,Upregulated in R,REACTOME_MITOTIC_METAPHASE_AND_ANAPHASE,24,116,200,9.780357610596673e-15,"BUB1, BUB1B, CCNB2, CDCA8, CDK1, CENPF, CENPI, DSN1, ESPL1, INCENP, KIF18A, KIF2C, KNTC1, NDC80, NUF2, NUP107, PLK1, PSMB4, PSMC4, PSMD4, TMPO, VRK1, ZWILCH, ZWINT",2.525428054450498e-13
Reactome,Upregulated in R,REACTOME_G2_M_DNA_DAMAGE_CHECKPOINT,15,36,200,1.3346988779343329e-14,"BLM, BRCA1, BRCC3, BRIP1, CDK1, DNA2, EXO1, RFC2, RFC3, RFC4, RFC5, RMI1, RPA1, RPA3, TOPBP1",3.327542374988009e-13
Reactome,Upregulated in R,REACTOME_RESOLUTION_OF_SISTER_CHROMATID_COHESION,18,59,200,1.7226009387515934e-14,"BUB1, BUB1B, CCNB2, CDCA8, CDK1, CENPF, CENPI, DSN1, INCENP, KIF18A, KIF2C, KNTC1, NDC80, NUF2, NUP107, PLK1, ZWILCH, ZWINT",4.15146826239134e-13
Reactome,Upregulated in R,REACTOME_MITOTIC_SPINDLE_CHECKPOINT,16,48,200,1.086125567584749e-13,"BUB1, BUB1B, CDCA8, CENPF, CENPI, DSN1, INCENP, KIF18A, KIF2C, KNTC1, NDC80, NUF2, NUP107, PLK1, ZWILCH, ZWINT",2.5331251140766888e-12
Reactome,Upregulated in R,REACTOME_DNA_REPLICATION_PRE_INITIATION,17,58,200,2.0019379706374033e-13,"CDC6, CDK2, DBF4, MCM10, MCM2, MCM4, MCM6, MCM7, POLA2, POLE, PRIM1, PRIM2, PSMB4, PSMC4, PSMD4, RPA1, RPA3",4.523128602408883e-12
Reactome,Upregulated in R,REACTOME_SEPARATION_OF_SISTER_CHROMATIDS,20,93,200,8.642353507820612e-13,"BUB1, BUB1B, CDCA8, CENPF, CENPI, DSN1, ESPL1, INCENP, KIF18A, KIF2C, KNTC1, NDC80, NUF2, NUP107, PLK1, PSMB4, PSMC4, PSMD4, ZWILCH, ZWINT",1.8934610867134252e-11
Reactome,Upregulated in R,REACTOME_RESOLUTION_OF_AP_SITES_VIA_THE_MULTIPLE_NUCLEOTIDE_PATCH_REPLACEMENT_PATHWAY,10,16,200,1.992123597763192e-12,"FEN1, PARP2, PCNA, POLE, RFC2, RFC3, RFC4, RFC5, RPA1, RPA3",4.2361922387729055e-11
Reactome,Upregulated in R,REACTOME_REGULATION_OF_TP53_ACTIVITY,18,77,200,2.7701230241800565e-12,"AURKA, BLM, BRCA1, BRIP1, CCNA2, CDK1, CDK2, DNA2, EXO1, RFC2, RFC3, RFC4, RFC5, RMI1, RPA1, RPA3, TOPBP1, TPX2",5.722282704234802e-11
Reactome,Upregulated in R,REACTOME_RHO_GTPASES_ACTIVATE_FORMINS,17,69,200,4.585668708407423e-12,"BUB1, BUB1B, CDCA8, CENPF, CENPI, DIAPH3, DSN1, INCENP, KIF18A, KIF2C, KNTC1, NDC80, NUF2, NUP107, PLK1, ZWILCH, ZWINT",9.209551322718241e-11
Reactome,Upregulated in R,REACTOME_G0_AND_EARLY_G1,10,18,200,1.0354709675639301e-11,"CCNA2, CCNE1, CCNE2, CDC6, CDK1, CDK2, LIN9, MYBL2, PCNA, TOP2A",2.0233662420235716e-10
Reactome,Upregulated in R,REACTOME_MITOTIC_G2_G2_M_PHASES,20,107,200,1.3694099161825317e-11,"AURKA, BORA, CCNA2, CCNB2, CDK1, CDK2, CENPF, CENPJ, CEP152, FOXM1, GTSE1, LIN9, MYBL2, NEK2, PLK1, PLK4, PSMB4, PSMC4, PSMD4, TPX2",2.6054825510525535e-10
Reactome,Upregulated in R,REACTOME_RESOLUTION_OF_ABASIC_SITES_AP_SITES,10,19,200,2.1320361396484666e-11,"FEN1, PARP2, PCNA, POLE, RFC2, RFC3, RFC4, RFC5, RPA1, RPA3",3.952466997348311e-10
Reactome,Upregulated in R,REACTOME_BASE_EXCISION_REPAIR,10,20,200,4.158828977616744e-11,"FEN1, PARP2, PCNA, POLE, RFC2, RFC3, RFC4, RFC5, RPA1, RPA3",7.517083377042264e-10
Reactome,Upregulated in R,REACTOME_TRANSCRIPTIONAL_REGULATION_BY_TP53,25,185,200,5.943019864977946e-11,"AURKA, BLM, BRCA1, BRIP1, CCNA2, CCNE1, CCNE2, CDK1, CDK2, CENPJ, DNA2, E2F8, EXO1, FANCD2, FANCI, PCNA, RFC2, RFC3, RFC4, RFC5, RMI1, RPA1, RPA3, TOPBP1, TPX2",1.0480008200924524e-09
Reactome,Upregulated in R,REACTOME_RECOGNITION_OF_DNA_DAMAGE_BY_PCNA_CONTAINING_REPLICATION_COMPLEX,9,18,200,4.1137605663953937e-10,"DTL, PCNA, POLE, RFC2, RFC3, RFC4, RFC5, RPA1, RPA3",7.081544975009213e-09
Reactome,Upregulated in R,REACTOME_SWITCHING_OF_ORIGINS_TO_A_POST_REPLICATIVE_STATE,13,51,200,1.0453020553658838e-09,"CCNA2, CCNE1, CCNE2, CDC6, CDK2, MCM2, MCM4, MCM6, MCM7, PSMB4, PSMC4, PSMD4, SKP2",1.757566014022172e-08
Reactome,Upregulated in R,REACTOME_RHO_GTPASE_EFFECTORS,20,138,200,1.5990455423130643e-09,"BUB1, BUB1B, CDCA8, CENPF, CENPI, CIT, DIAPH3, DSN1, INCENP, KIF14, KIF18A, KIF2C, KNTC1, NDC80, NUF2, NUP107, PLK1, PRC1, ZWILCH, ZWINT",2.6275225615735127e-08
Reactome,Upregulated in R,REACTOME_DUAL_INCISION_IN_GG_NER,9,23,200,6.106437907440724e-09,"PARP2, PCNA, POLE, RFC2, RFC3, RFC4, RFC5, RPA1, RPA3",9.811010237954762e-08
Reactome,Upregulated in R,REACTOME_GAP_FILLING_DNA_REPAIR_SYNTHESIS_AND_LIGATION_IN_GG_NER,8,17,200,7.506529783912293e-09,"PCNA, POLE, RFC2, RFC3, RFC4, RFC5, RPA1, RPA3",1.1798306595149105e-07
Reactome,Upregulated in R,REACTOME_RESOLUTION_OF_D_LOOP_STRUCTURES_THROUGH_SYNTHESIS_DEPENDENT_STRAND_ANNEALING_SDSA,8,18,200,1.31826527657305e-08,"BLM, BRCA1, BRIP1, DNA2, EXO1, RAD51, RMI1, XRCC3",2.027884670132585e-07
Reactome,Upregulated in R,REACTOME_DNA_DAMAGE_BYPASS,9,25,200,1.4526296217659046e-08,"DTL, PCNA, POLE, RFC2, RFC3, RFC4, RFC5, RPA1, RPA3",2.1880233677848938e-07
Reactome,Upregulated in R,REACTOME_ORC1_REMOVAL_FROM_CHROMATIN,11,43,200,2.0251447579382835e-08,"CCNA2, CDC6, CDK2, MCM2, MCM4, MCM6, MCM7, PSMB4, PSMC4, PSMD4, SKP2",2.9881217550803656e-07
Reactome,Upregulated in R,REACTOME_RESOLUTION_OF_D_LOOP_STRUCTURES,8,19,200,2.221554482636482e-08,"BLM, BRCA1, BRIP1, DNA2, EXO1, RAD51, RMI1, XRCC3",3.2123677818923526e-07
Reactome,Upregulated in R,REACTOME_TERMINATION_OF_TRANSLESION_DNA_SYNTHESIS,8,21,200,5.693438564568038e-08,"PCNA, POLE, RFC2, RFC3, RFC4, RFC5, RPA1, RPA3",8.071286435652336e-07
Reactome,Upregulated in R,REACTOME_MEIOTIC_RECOMBINATION,7,15,200,7.398690967466624e-08,"BLM, BRCA1, CDK2, PSMC3IP, RAD51, RPA1, RPA3",1.028702609515071e-06
Reactome,Upregulated in R,REACTOME_TRANSLESION_SYNTHESIS_BY_Y_FAMILY_DNA_POLYMERASES_BYPASSES_LESIONS_ON_DNA_TEMPLATE,8,22,200,8.729091676839672e-08,"PCNA, POLE, RFC2, RFC3, RFC4, RFC5, RPA1, RPA3",1.1818509585583548e-06
Reactome,Upregulated in R,REACTOME_APC_C_MEDIATED_DEGRADATION_OF_CELL_CYCLE_PROTEINS,11,49,200,8.827102595041654e-08,"AURKA, BUB1B, CCNA2, CDK1, CDK2, NEK2, PLK1, PSMB4, PSMC4, PSMD4, SKP2",1.1818509585583548e-06
Reactome,Upregulated in R,REACTOME_GLOBAL_GENOME_NUCLEOTIDE_EXCISION_REPAIR_GG_NER,10,40,200,1.1580880704181266e-07,"ACTL6A, PARP2, PCNA, POLE, RFC2, RFC3, RFC4, RFC5, RPA1, RPA3",1.5223594089314647e-06
Reactome,Upregulated in R,REACTOME_TP53_REGULATES_TRANSCRIPTION_OF_CELL_CYCLE_GENES,9,34,200,2.982959553713437e-07,"AURKA, CCNA2, CCNE1, CCNE2, CDK1, CDK2, CENPJ, E2F8, PCNA",3.851213852383598e-06
Reactome,Upregulated in R,REACTOME_KINESINS,9,35,200,3.9171700367983944e-07,"KIF11, KIF15, KIF18A, KIF22, KIF23, KIF2C, KIF4A, KIFC1, RACGAP1",4.9686209414127005e-06
Reactome,Upregulated in R,REACTOME_FANCONI_ANEMIA_PATHWAY,7,19,200,5.255301625468912e-07,"FANCA, FANCB, FANCD2, FANCI, RPA1, RPA3, UBE2T",6.551005302093143e-06
Reactome,Upregulated in R,REACTOME_NUCLEOTIDE_EXCISION_REPAIR,10,47,200,5.941493401488621e-07,"ACTL6A, PARP2, PCNA, POLE, RFC2, RFC3, RFC4, RFC5, RPA1, RPA3",7.280846998773344e-06
Reactome,Upregulated in R,REACTOME_DUAL_INCISION_IN_TC_NER,8,29,200,9.862043742221149e-07,"PCNA, POLE, RFC2, RFC3, RFC4, RFC5, RPA1, RPA3",1.1883762709376484e-05
Reactome,Upregulated in R,REACTOME_SUMOYLATION_OF_DNA_REPLICATION_PROTEINS,7,22,200,1.653436262338922e-06,"AURKA, CDCA8, INCENP, NUP107, NUP210, PCNA, TOP2A",1.9597285535590827e-05
Reactome,Upregulated in R,REACTOME_TRANSCRIPTION_COUPLED_NUCLEOTIDE_EXCISION_REPAIR_TC_NER,8,31,200,1.7255896792043388e-06,"PCNA, POLE, RFC2, RFC3, RFC4, RFC5, RPA1, RPA3",2.0122602226850597e-05
Reactome,Upregulated in R,REACTOME_COPI_DEPENDENT_GOLGI_TO_ER_RETROGRADE_TRAFFIC,10,53,200,1.9267573006661936e-06,"COPA, KIF11, KIF15, KIF18A, KIF22, KIF23, KIF2C, KIF4A, KIFC1, RACGAP1",2.211183378383584e-05
Reactome,Upregulated in R,REACTOME_CYCLIN_A_B1_B2_ASSOCIATED_EVENTS_DURING_G2_M_TRANSITION,6,16,200,3.175285227553768e-06,"CCNA2, CCNB2, CDK1, CDK2, FOXM1, PLK1",3.587080030502147e-05
Reactome,Upregulated in R,REACTOME_REGULATION_OF_PLK1_ACTIVITY_AT_G2_M_TRANSITION,9,47,200,5.61572244294643e-06,"AURKA, BORA, CCNB2, CDK1, CENPJ, CEP152, NEK2, PLK1, PLK4",6.24641127115426e-05
Reactome,Upregulated in R,REACTOME_G1_S_SPECIFIC_TRANSCRIPTION,6,18,200,7.016595540349567e-06,"CCNE1, CDC6, CDK1, LIN9, PCNA, TYMS",7.686361478292026e-05
Reactome,Upregulated in R,REACTOME_NUCLEAR_ENVELOPE_BREAKDOWN,7,28,200,9.921196919666893e-06,"CCNB2, CDK1, NUP107, NUP210, PLK1, TMPO, VRK1",0.00010548566724881123
Reactome,Upregulated in R,REACTOME_MEIOSIS,7,28,200,9.921196919666893e-06,"BLM, BRCA1, CDK2, PSMC3IP, RAD51, RPA1, RPA3",0.00010548566724881123
Reactome,Upregulated in R,REACTOME_AURKA_ACTIVATION_BY_TPX2,8,40,200,1.3485723152241287e-05,"AURKA, CDK1, CENPJ, CEP152, NEK2, PLK1, PLK4, TPX2",0.00013928825484386357
Reactome,Upregulated in R,REACTOME_SCF_SKP2_MEDIATED_DEGRADATION_OF_P27_P21,8,40,200,1.3485723152241287e-05,"CCNA2, CCNE1, CCNE2, CDK2, PSMB4, PSMC4, PSMD4, SKP2",0.00013928825484386357
Reactome,Upregulated in R,REACTOME_GOLGI_TO_ER_RETROGRADE_TRANSPORT,10,66,200,1.5085900789753046e-05,"COPA, KIF11, KIF15, KIF18A, KIF22, KIF23, KIF2C, KIF4A, KIFC1, RACGAP1",0.00015362121508438666
Reactome,Upregulated in R,REACTOME_FACTORS_INVOLVED_IN_MEGAKARYOCYTE_DEVELOPMENT_AND_PLATELET_PRODUCTION,11,82,200,1.859141063073196e-05,"CDK2, KIF11, KIF15, KIF18A, KIF22, KIF23, KIF2C, KIF4A, KIFC1, RAB5A, RACGAP1",0.00018668874841693345
Reactome,Upregulated in R,REACTOME_CYCLIN_A_CDK2_ASSOCIATED_EVENTS_AT_S_PHASE_ENTRY,9,55,200,2.1500546307121144e-05,"CCNA2, CCNE1, CCNE2, CDK2, LIN9, PSMB4, PSMC4, PSMD4, SKP2",0.00021294376684998065
Reactome,Upregulated in R,REACTOME_MITOTIC_PROPHASE,8,45,200,3.3436808125696884e-05,"CCNB2, CDK1, ENSA, NUP107, NUP210, PLK1, TMPO, VRK1",0.0003266866523632277
Reactome,Upregulated in R,REACTOME_REPRODUCTION,7,38,200,8.297404335571023e-05,"BLM, BRCA1, CDK2, PSMC3IP, RAD51, RPA1, RPA3",0.0007998697779490466
Reactome,Upregulated in R,REACTOME_G1_S_DNA_DAMAGE_CHECKPOINTS,7,44,200,0.000217910979878522,"CCNA2, CCNE1, CCNE2, CDK2, PSMB4, PSMC4, PSMD4",0.0020730215585812025
Reactome,Upregulated in R,REACTOME_SIGNALING_BY_RHO_GTPASES_MIRO_GTPASES_AND_RHOBTB3,24,385,200,0.00023369843728937258,"BUB1, BUB1B, CCNE1, CDCA8, CENPF, CENPI, CIT, DIAPH3, DSN1, ECT2, INCENP, KIF14, KIF18A, KIF2C, KNTC1, NDC80, NUF2, NUP107, PLK1, PRC1, RACGAP1, TMPO, ZWILCH, ZWINT",0.002194337274808005
Reactome,Upregulated in R,REACTOME_INTRA_GOLGI_AND_RETROGRADE_GOLGI_TO_ER_TRAFFIC,10,91,200,0.00024711288726963695,"COPA, KIF11, KIF15, KIF18A, KIF22, KIF23, KIF2C, KIF4A, KIFC1, RACGAP1",0.0022905463781531733
Reactome,Upregulated in R,REACTOME_SUMOYLATION,10,92,200,0.00027046683508692823,"AURKA, BLM, BRCA1, CDCA8, INCENP, NUP107, NUP210, PCNA, RPA1, TOP2A",0.002475285085668976
Reactome,Upregulated in R,REACTOME_DEUBIQUITINATION,11,112,200,0.0003299377898467406,"ACTL6A, BRCA1, BRCC3, CCNA2, CDK1, PSMB4, PSMC4, PSMD4, SKP2, SUDS3, USP21",0.0029818127757399184
Reactome,Upregulated in R,REACTOME_THE_ROLE_OF_GTSE1_IN_G2_M_PROGRESSION_AFTER_G2_CHECKPOINT,7,48,200,0.0003801468634812309,"CCNB2, CDK1, GTSE1, PLK1, PSMB4, PSMC4, PSMD4",0.0033931627444065424
Reactome,Upregulated in R,REACTOME_MHC_CLASS_II_ANTIGEN_PRESENTATION,8,69,200,0.0007216021479248257,"KIF11, KIF15, KIF18A, KIF22, KIF23, KIF2C, KIF4A, RACGAP1",0.006362418938410354
Reactome,Downregulated in R,REACTOME_G_ALPHA_S_SIGNALLING_EVENTS,6,39,200,0.0007476152518596788,"ADCY9, ADRB2, PDE4A, PDE4D, PTHLH, SHC1",0.006512359362584913
Reactome,Upregulated in R,REACTOME_DNA_DAMAGE_TELOMERE_STRESS_INDUCED_SENESCENCE,4,16,200,0.0008970149473149669,"CCNA2, CCNE1, CCNE2, CDK2",0.007629903610690837
Reactome,Upregulated in R,REACTOME_NUCLEAR_PORE_COMPLEX_NPC_DISASSEMBLY,4,16,200,0.0008970149473149669,"CCNB2, CDK1, NUP107, NUP210",0.007629903610690837
Reactome,Upregulated in R,REACTOME_RECRUITMENT_OF_MITOTIC_CENTROSOME_PROTEINS_AND_COMPLEXES,6,41,200,0.0009826205280734387,"CDK1, CENPJ, CEP152, NEK2, PLK1, PLK4",0.008165915422955129
Reactome,Upregulated in R,REACTOME_APC_C_CDH1_MEDIATED_DEGRADATION_OF_CDC20_AND_OTHER_APC_C_CDH1_TARGETED_PROTEINS_IN_LATE_MITOSIS_EARLY_G1,6,41,200,0.0009826205280734387,"AURKA, PLK1, PSMB4, PSMC4, PSMD4, SKP2",0.008165915422955129
Reactome,Downregulated in R,REACTOME_DISEASES_OF_SIGNAL_TRANSDUCTION_BY_GROWTH_FACTOR_RECEPTORS_AND_SECOND_MESSENGERS,16,237,200,0.0011675837178686053,"DUSP6, DUSP7, FOXO1, HIP1, IRS2, ITGB3, JAG1, JAG2, KIT, MSN, PORCN, SHC1, SPRED1, SPTBN1, TGFB1, TGFBR2",0.00959276168203411
Reactome,Downregulated in R,REACTOME_INTEGRIN_SIGNALING,4,18,200,0.0014420652641941034,"ITGB3, RAPGEF3, RAPGEF4, SHC1",0.011457287758377328
Reactome,Upregulated in R,REACTOME_TRANSCRIPTIONAL_REGULATION_BY_E2F6,4,18,200,0.0014420652641941034,"BRCA1, CBX3, EZH2, RAD51",0.011457287758377328
Reactome,Downregulated in R,REACTOME_RUNX2_REGULATES_BONE_DEVELOPMENT,4,18,200,0.0014420652641941034,"GLI3, MAF, WWTR1, YAP1",0.011457287758377328
Reactome,Downregulated in R,REACTOME_SIGNALING_BY_TGF_BETA_RECEPTOR_COMPLEX,7,61,200,0.001647252074795914,"ITGB3, LTBP2, LTBP4, SKI, TGFB1, TGFBR2, WWTR1",0.012945252718233108
Reactome,Downregulated in R,REACTOME_RET_SIGNALING,4,19,200,0.0017861928459226013,"GRB10, IRS2, PDLIM7, SHC1",0.013886208898946676
Reactome,Upregulated in R,REACTOME_RECRUITMENT_OF_NUMA_TO_MITOTIC_CENTROSOMES,6,46,200,0.0018185703291525635,"CDK1, CENPJ, CEP152, NEK2, PLK1, PLK4",0.013987514340184078
Reactome,Downregulated in R,REACTOME_PLATELET_AGGREGATION_PLUG_FORMATION,4,20,200,0.0021833758935196784,"ITGB3, RAPGEF3, RAPGEF4, SHC1",0.01644354969807008
Reactome,Upregulated in R,REACTOME_DISEASES_OF_MITOTIC_CELL_CYCLE,4,20,200,0.0021833758935196784,"CCNE1, CCNE2, CDK2, SKP2",0.01644354969807008
Reactome,Upregulated in R,REACTOME_ANCHORING_OF_THE_BASAL_BODY_TO_THE_PLASMA_MEMBRANE,6,48,200,0.0022725773269997975,"CDK1, CENPJ, CEP152, NEK2, PLK1, PLK4",0.01693890110743148
Reactome,Downregulated in R,REACTOME_TGF_BETA_RECEPTOR_SIGNALING_ACTIVATES_SMADS,5,35,200,0.002920189196639336,"ITGB3, LTBP2, LTBP4, TGFB1, TGFBR2",0.021326230193638784
Reactome,Upregulated in R,REACTOME_SUMOYLATION_OF_DNA_DAMAGE_RESPONSE_AND_REPAIR_PROTEINS,5,35,200,0.002920189196639336,"BLM, BRCA1, NUP107, NUP210, RPA1",0.021326230193638784
Reactome,Downregulated in R,REACTOME_ELASTIC_FIBRE_FORMATION,5,36,200,0.003313886780834984,"ITGB3, LOXL1, LTBP2, LTBP4, TGFB1",0.02372217962914548
Reactome,Upregulated in R,REACTOME_NUCLEAR_ENVELOPE_NE_REASSEMBLY,5,36,200,0.003313886780834984,"CCNB2, CDK1, NUP107, TMPO, VRK1",0.02372217962914548
Reactome,Downregulated in R,REACTOME_ASSEMBLY_OF_COLLAGEN_FIBRILS_AND_OTHER_MULTIMERIC_STRUCTURES,6,54,200,0.0041521486537007875,"COL27A1, COL4A6, ITGA6, LOXL1, MMP13, PLEC",0.029431406633584994
Reactome,Upregulated in R,REACTOME_ANTIVIRAL_MECHANISM_BY_IFN_STIMULATED_GENES,7,75,200,0.005359815126212073,"CDK1, FANCA, FANCB, ILF2, KPNA2, NUP107, NUP210",0.037622779963605135
Reactome,Upregulated in R,REACTOME_UB_SPECIFIC_PROCESSING_PROTEASES,7,78,200,0.006641396284110728,"CCNA2, PSMB4, PSMC4, PSMD4, SKP2, SUDS3, USP21",0.046170476090500547
Reactome,Downregulated in R,REACTOME_METABOLISM_OF_FAT_SOLUBLE_VITAMINS,4,27,200,0.006767079651768715,"HSPG2, LDLR, LRP1, LRP10",0.046596177030750294
Reactome,Downregulated in R,REACTOME_EXTRACELLULAR_MATRIX_ORGANIZATION,13,213,200,0.007791901657849557,"COL27A1, COL4A6, HSPG2, ITGA6, ITGB3, LOXL1, LTBP2, LTBP4, MMP10, MMP13, NID1, PLEC, TGFB1",0.05314664998703047
Reactome,Upregulated in R,REACTOME_TRANSPORT_OF_MATURE_MRNAS_DERIVED_FROM_INTRONLESS_TRANSCRIPTS,3,15,200,0.008101196457566566,"NUP107, NUP210, SLBP",0.05423300961870951
Reactome,Upregulated in R,REACTOME_NS1_MEDIATED_EFFECTS_ON_HOST_PATHWAYS,3,15,200,0.008101196457566566,"KPNA2, NUP107, NUP210",0.05423300961870951
Reactome,Downregulated in R,REACTOME_NOTCH3_ACTIVATION_AND_TRANSMISSION_OF_SIGNAL_TO_THE_NUCLEUS,3,16,200,0.009763699883009246,"JAG1, JAG2, NOTCH3",0.06382588741888069
Reactome,Downregulated in R,REACTOME_HS_GAG_BIOSYNTHESIS,3,16,200,0.009763699883009246,"EXT1, HSPG2, NDST1",0.06382588741888069
Reactome,Downregulated in R,REACTOME_MOLECULES_ASSOCIATED_WITH_ELASTIC_FIBRES,4,30,200,0.009887274399605309,"ITGB3, LTBP2, LTBP4, TGFB1",0.06382588741888069
Reactome,Downregulated in R,REACTOME_LAMININ_INTERACTIONS,4,30,200,0.009887274399605309,"COL4A6, HSPG2, ITGA6, NID1",0.06382588741888069
Reactome,Upregulated in R,REACTOME_DISEASES_OF_PROGRAMMED_CELL_DEATH,4,31,200,0.011103706732546788,"EZH2, POLA2, PRIM1, PRIM2",0.07104407051001176
Reactome,Upregulated in R,REACTOME_NEDDYLATION,7,89,200,0.013334012197680623,"BRCA1, CCNF, DTL, PSMB4, PSMC4, PSMD4, SKP2",0.08456570893792185
Reactome,Downregulated in R,REACTOME_NON_INTEGRIN_MEMBRANE_ECM_INTERACTIONS,5,50,200,0.013509464753208784,"COL4A6, HSPG2, ITGA6, ITGB3, TGFB1",0.08493341753539088
Reactome,Upregulated in R,REACTOME_NUCLEAR_SIGNALING_BY_ERBB4,3,18,200,0.013643746271166459,"NCSTN, PSENEN, STMN1",0.08503817719011508
Reactome,Upregulated in R,REACTOME_SIGNALING_BY_NOTCH4,5,51,200,0.014640133522295198,"NCSTN, PSENEN, PSMB4, PSMC4, PSMD4",0.09046851740700365
Reactome,Downregulated in R,REACTOME_COLLAGEN_FORMATION,6,71,200,0.015461663814274017,"COL27A1, COL4A6, ITGA6, LOXL1, MMP13, PLEC",0.09473544862474673
Reactome,Downregulated in R,REACTOME_SIGNALING_BY_TGFB_FAMILY_MEMBERS,7,92,200,0.015789563368299557,"ITGB3, LTBP2, LTBP4, SKI, TGFB1, TGFBR2, WWTR1",0.09559890116885805
Reactome,Upregulated in R,REACTOME_TRNA_PROCESSING_IN_THE_NUCLEUS,3,19,200,0.015867037538399676,"CSTF2, NUP107, NUP210",0.09559890116885805
Reactome,Downregulated in R,REACTOME_GLYCOSAMINOGLYCAN_METABOLISM,6,72,200,0.01647876786761254,"CHST3, EXT1, HSPG2, LYVE1, NDST1, UST",0.09846404271308981
Reactome,Upregulated in R,REACTOME_CYCLIN_D_ASSOCIATED_EVENTS_IN_G1,4,35,200,0.01691654004702337,"CCNE1, CCNE2, CDK2, SKP2",0.09943624759347883
Reactome,Downregulated in R,REACTOME_RHOQ_GTPASE_CYCLE,4,35,200,0.01691654004702337,"ARHGAP26, CPNE8, DLC1, OBSCN",0.09943624759347883
Reactome,Downregulated in R,REACTOME_MAPK_FAMILY_SIGNALING_CASCADES,10,162,200,0.01733648272039178,"DUSP6, DUSP7, FOXO1, IRS2, ITGB3, KIT, MMP10, SHC1, SPRED1, SPTBN1",0.10108287908744562
Reactome,Upregulated in R,REACTOME_DNA_DOUBLE_STRAND_BREAK_RESPONSE,3,20,200,0.018281801358084392,"BRCA1, BRCC3, KPNA2",0.10574193905516013
Reactome,Upregulated in R,REACTOME_PROCESSING_OF_CAPPED_INTRON_CONTAINING_PRE_MRNA,6,75,200,0.01980543555843265,"CSTF2, FAM50A, GPATCH1, NUP107, NUP210, SLBP",0.1136454754662445
Reactome,Upregulated in R,REACTOME_REGULATION_OF_TP53_EXPRESSION_AND_DEGRADATION,3,21,200,0.02088917916138134,"CCNA2, CDK1, CDK2",0.11799122291936491
Reactome,Downregulated in R,REACTOME_INSULIN_RECEPTOR_SIGNALLING_CASCADE,3,21,200,0.02088917916138134,"GRB10, IRS2, SHC1",0.11799122291936491
Reactome,Downregulated in R,REACTOME_METABOLISM_OF_VITAMINS_AND_COFACTORS,7,102,200,0.026278867027075253,"ALDH1L1, HSPG2, LDLR, LRP1, LRP10, NT5E, TCN1",0.14290417549384535
Reactome,Upregulated in R,REACTOME_REGULATION_OF_RUNX2_EXPRESSION_AND_ACTIVITY,4,40,200,0.02645601282297864,"PSMB4, PSMC4, PSMD4, SKP2",0.14290417549384535
Reactome,Downregulated in R,REACTOME_VISUAL_PHOTOTRANSDUCTION,4,40,200,0.02645601282297864,"HSPG2, LDLR, LRP1, LRP10",0.14290417549384535
Reactome,Upregulated in R,REACTOME_REGULATION_OF_HSF1_MEDIATED_HEAT_SHOCK_RESPONSE,4,40,200,0.02645601282297864,"NUP107, NUP210, RPA1, RPA3",0.14290417549384535
Reactome,Upregulated in R,REACTOME_FORMATION_OF_INCISION_COMPLEX_IN_GG_NER,3,23,200,0.026683352270635022,"PARP2, RPA1, RPA3",0.14290417549384535
Reactome,Upregulated in R,REACTOME_SIGNALING_BY_TGFBR3,3,23,200,0.026683352270635022,"HELLS, NCSTN, PSENEN",0.14290417549384535
Reactome,Downregulated in R,REACTOME_SYNDECAN_INTERACTIONS,3,23,200,0.026683352270635022,"ITGA6, ITGB3, TGFB1",0.14290417549384535
Reactome,Downregulated in R,REACTOME_SIGNALING_BY_GPCR,11,199,200,0.026901390186496957,"ADCY9, ADRB2, ARHGEF17, F2RL1, LPAR6, OBSCN, PDE4A, PDE4D, PLEKHG2, PTHLH, SHC1",0.1430125375355684
Reactome,Upregulated in R,REACTOME_PKR_MEDIATED_SIGNALING,4,41,200,0.02868136063397891,"CDK1, FANCA, FANCB, ILF2",0.15136221706837047
Reactome,Upregulated in R,REACTOME_GENE_SILENCING_BY_RNA,3,24,200,0.02986957027574723,"NUP107, NUP210, TDRKH",0.15649057470554528
Reactome,Downregulated in R,REACTOME_SENSORY_PERCEPTION,6,83,200,0.030837709744884548,"HSPG2, LDLR, LRP1, LRP10, MSN, SPTBN1",0.16040046147878798
Reactome,Downregulated in R,REACTOME_METABOLISM_OF_CARBOHYDRATES,9,155,200,0.0330363759869525,"ALDOB, CHST3, EXT1, GLYCTK, HSPG2, LYVE1, NDST1, PFKFB3, UST",0.1706092845611904
Reactome,Upregulated in R,REACTOME_CELLULAR_RESPONSES_TO_STIMULI,19,425,200,0.034017505982965116,"ATF6, BRCA1, CCNA2, CCNE1, CCNE2, CDK2, CREB3L4, DNAJA1, EIF2AK1, EZH2, HDGF, NUP107, NUP210, PSMB4, PSMC4, PSMD4, RPA1, RPA3, SKP2",0.17443019025307643
Reactome,Downregulated in R,REACTOME_ONCOGENIC_MAPK_SIGNALING,4,44,200,0.0360083814411075,"DUSP6, DUSP7, ITGB3, SPRED1",0.1833384491684558
Reactome,Upregulated in R,REACTOME_TRANSPORT_OF_MATURE_TRANSCRIPT_TO_CYTOPLASM,3,26,200,0.036815154440282626,"NUP107, NUP210, SLBP",0.18613536126100938
Reactome,Downregulated in R,REACTOME_DISEASES_OF_GLYCOSYLATION,6,88,200,0.03944701741921843,"ADAMTS10, CHST3, EXT1, HSPG2, NOTCH3, NOTCH4",0.19805689995899256
Reactome,Downregulated in R,REACTOME_DISEASES_ASSOCIATED_WITH_GLYCOSAMINOGLYCAN_METABOLISM,3,27,200,0.04057116378884686,"CHST3, EXT1, HSPG2",0.20091062615983754
Reactome,Upregulated in R,REACTOME_COMPLEX_I_BIOGENESIS,3,27,200,0.04057116378884686,"ACAD9, NDUFAB1, NDUFS2",0.20091062615983754
Reactome,Upregulated in R,REACTOME_MITF_M_DEPENDENT_GENE_EXPRESSION,4,46,200,0.04144009476735394,"ACTL6A, CDK2, PLK1, USF1",0.20325934201418228
Reactome,Downregulated in R,REACTOME_SIGNALING_BY_INTERLEUKINS,12,240,200,0.04167218966899331,"CNN2, DUSP6, DUSP7, FOXO1, IL1RL1, IRAK3, IRS2, LIF, MSN, SHC1, TGFB1, TNFRSF1A",0.20325934201418228
Reactome,Downregulated in R,REACTOME_CLATHRIN_MEDIATED_ENDOCYTOSIS,5,67,200,0.04188885471661571,"ADRB2, HIP1, LDLR, SGIP1, SNX18",0.20325934201418228
Reactome,Upregulated in R,REACTOME_CELLULAR_SENESCENCE,5,68,200,0.04420756959871838,"CCNA2, CCNE1, CCNE2, CDK2, EZH2",0.2130804854658226
Reactome,Upregulated in R,REACTOME_CROSS_PRESENTATION_OF_SOLUBLE_EXOGENOUS_ANTIGENS_ENDOSOMES,3,28,200,0.0445130999075152,"PSMB4, PSMC4, PSMD4",0.2131322598220761
Reactome,Upregulated in R,REACTOME_TRANSCRIPTIONAL_REGULATION_BY_RUNX2,5,69,200,0.04660193109106992,"CDK1, PSMB4, PSMC4, PSMD4, SKP2",0.22021696848917355
Reactome,Downregulated in R,REACTOME_TRANSCRIPTIONAL_REGULATION_BY_RUNX2,5,69,200,0.04660193109106992,"GLI3, MAF, MMP13, WWTR1, YAP1",0.22021696848917355
Reactome,Upregulated in R,REACTOME_UCH_PROTEINASES,4,48,200,0.047310869729276187,"ACTL6A, PSMB4, PSMC4, PSMD4",0.22080217086102394
Reactome,Downregulated in R,REACTOME_CELL_SURFACE_INTERACTIONS_AT_THE_VASCULAR_WALL,6,92,200,0.04733656498403694,"ITGA6, ITGB3, SHC1, TGFB1, THBD, TNFRSF10B",0.22080217086102394
Reactome,Downregulated in R,REACTOME_HEPARAN_SULFATE_HEPARIN_HS_GAG_METABOLISM,3,29,200,0.04863836268306167,"EXT1, HSPG2, NDST1",0.2225666849357822
Reactome,Upregulated in R,REACTOME_TP53_REGULATES_TRANSCRIPTION_OF_DNA_REPAIR_GENES,3,29,200,0.04863836268306167,"BRCA1, FANCD2, FANCI",0.2225666849357822
Reactome,Downregulated in R,REACTOME_SIGNALING_BY_NOTCH3,3,29,200,0.04863836268306167,"JAG1, JAG2, NOTCH3",0.2225666849357822
Reactome,Upregulated in R,REACTOME_HOST_INTERACTIONS_OF_HIV_FACTORS,5,70,200,0.04907215927480229,"NUP107, NUP210, PSMB4, PSMC4, PSMD4",0.22313944123070475
Reactome,Upregulated in R,REACTOME_CELLULAR_RESPONSE_TO_HEAT_STRESS,4,49,200,0.050410570647807025,"NUP107, NUP210, RPA1, RPA3",0.227792766114778
Reactome,Upregulated in R,REACTOME_CILIUM_ASSEMBLY,6,94,200,0.051623135213849654,"CDK1, CENPJ, CEP152, NEK2, PLK1, PLK4",0.23182314757523786
Reactome,Downregulated in R,REACTOME_CHONDROITIN_SULFATE_DERMATAN_SULFATE_METABOLISM,3,30,200,0.05294403915900129,"CHST3, HSPG2, UST",0.23628728587628353
Reactome,Upregulated in R,REACTOME_MAPK6_MAPK4_SIGNALING,4,50,200,0.053619362464728614,"CDK1, PSMB4, PSMC4, PSMD4",0.23783312307974716
Reactome,Upregulated in R,REACTOME_KEAP1_NFE2L2_PATHWAY,5,72,200,0.05424077020428273,"BRCA1, PSMB4, PSMC4, PSMD4, SKP2",0.2385956650292719
Reactome,Downregulated in R,REACTOME_RHO_GTPASE_CYCLE,13,278,200,0.05445129284900396,"ARHGAP26, ARHGAP6, ARHGEF17, CPNE8, DLC1, DNMBP, DOCK6, JAG1, NHS, NISCH, OBSCN, PLEKHG2, SPTBN1",0.2385956650292719
Reactome,Downregulated in R,REACTOME_CARDIAC_CONDUCTION,4,51,200,0.056936743651318705,"CES1, HIPK2, KCND3, WWTR1",0.24798352807170737
Reactome,Upregulated in R,REACTOME_DEGRADATION_OF_AXIN,3,31,200,0.05742693191897855,"PSMB4, PSMC4, PSMD4",0.2486207890863562
Reactome,Upregulated in R,REACTOME_RHOB_GTPASE_CYCLE,4,52,200,0.06036208765342461,"CIT, DIAPH3, ECT2, RACGAP1",0.2564939005386012
Reactome,Upregulated in R,REACTOME_DECTIN_1_MEDIATED_NONCANONICAL_NF_KB_SIGNALING,3,32,200,0.06208358588417042,"PSMB4, PSMC4, PSMD4",0.2564939005386012
Reactome,Upregulated in R,REACTOME_DEGRADATION_OF_DVL,3,32,200,0.06208358588417042,"PSMB4, PSMC4, PSMD4",0.2564939005386012
Reactome,Upregulated in R,REACTOME_SCF_BETA_TRCP_MEDIATED_DEGRADATION_OF_EMI1,3,32,200,0.06208358588417042,"PSMB4, PSMC4, PSMD4",0.2564939005386012
Reactome,Upregulated in R,REACTOME_DEGRADATION_OF_GLI1_BY_THE_PROTEASOME,3,32,200,0.06208358588417042,"PSMB4, PSMC4, PSMD4",0.2564939005386012
Reactome,Upregulated in R,REACTOME_TRNA_PROCESSING,3,32,200,0.06208358588417042,"CSTF2, NUP107, NUP210",0.2564939005386012
Reactome,Upregulated in R,REACTOME_SOMITOGENESIS,3,32,200,0.06208358588417042,"PSMB4, PSMC4, PSMD4",0.2564939005386012
Reactome,Upregulated in R,REACTOME_METABOLISM_OF_POLYAMINES,3,32,200,0.06208358588417042,"PSMB4, PSMC4, PSMD4",0.2564939005386012
Reactome,Upregulated in R,REACTOME_NOTCH2_ACTIVATION_AND_TRANSMISSION_OF_SIGNAL_TO_THE_NUCLEUS,2,15,200,0.06677581230096769,"NCSTN, PSENEN",0.26435058323018734
Reactome,Upregulated in R,REACTOME_INTERACTIONS_OF_VPR_WITH_HOST_CELLULAR_PROTEINS,2,15,200,0.06677581230096769,"NUP107, NUP210",0.26435058323018734
Reactome,Upregulated in R,REACTOME_VIRAL_MESSENGER_RNA_SYNTHESIS,2,15,200,0.06677581230096769,"NUP107, NUP210",0.26435058323018734
Reactome,Upregulated in R,REACTOME_REGULATION_OF_MITF_M_DEPENDENT_GENES_INVOLVED_IN_CELL_CYCLE_AND_PROLIFERATION,2,15,200,0.06677581230096769,"CDK2, PLK1",0.26435058323018734
Reactome,Upregulated in R,REACTOME_DNA_DAMAGE_RECOGNITION_IN_GG_NER,2,15,200,0.06677581230096769,"ACTL6A, PARP2",0.26435058323018734
Reactome,Downregulated in R,REACTOME_NOTCH2_ACTIVATION_AND_TRANSMISSION_OF_SIGNAL_TO_THE_NUCLEUS,2,15,200,0.06677581230096769,"JAG1, JAG2",0.26435058323018734
Reactome,Upregulated in R,REACTOME_SIGNALING_BY_ERBB4,3,33,200,0.06691031359768226,"NCSTN, PSENEN, STMN1",0.26435058323018734
Reactome,Upregulated in R,REACTOME_AUF1_HNRNP_D0_BINDS_AND_DESTABILIZES_MRNA,3,33,200,0.06691031359768226,"PSMB4, PSMC4, PSMD4",0.26435058323018734
Reactome,Upregulated in R,REACTOME_RHOC_GTPASE_CYCLE,4,55,200,0.07127785174465685,"CIT, DIAPH3, RACGAP1, TMPO",0.27652142225878046
Reactome,Upregulated in R,REACTOME_ISG15_ANTIVIRAL_MECHANISM,3,34,200,0.07190321906590695,"KPNA2, NUP107, NUP210",0.27652142225878046
Reactome,Upregulated in R,REACTOME_NEGATIVE_REGULATION_OF_NOTCH4_SIGNALING,3,34,200,0.07190321906590695,"PSMB4, PSMC4, PSMD4",0.27652142225878046
Reactome,Upregulated in R,REACTOME_RHOD_GTPASE_CYCLE,3,34,200,0.07190321906590695,"DIAPH3, RACGAP1, TMPO",0.27652142225878046
Reactome,Upregulated in R,REACTOME_HCMV_EARLY_EVENTS,3,34,200,0.07190321906590695,"EZH2, NUP107, NUP210",0.27652142225878046
Reactome,Downregulated in R,REACTOME_SIGNALING_BY_HIPPO,2,16,200,0.07492039978924747,"WWTR1, YAP1",0.27778178998782527
Reactome,Downregulated in R,REACTOME_CROSSLINKING_OF_COLLAGEN_FIBRILS,2,16,200,0.07492039978924747,"COL4A6, LOXL1",0.27778178998782527
Reactome,Downregulated in R,REACTOME_DOWNREGULATION_OF_SMAD2_3_SMAD4_TRANSCRIPTIONAL_ACTIVITY,2,16,200,0.07492039978924747,"SKI, WWTR1",0.27778178998782527
Reactome,Upregulated in R,REACTOME_NOTCH3_ACTIVATION_AND_TRANSMISSION_OF_SIGNAL_TO_THE_NUCLEUS,2,16,200,0.07492039978924747,"NCSTN, PSENEN",0.27778178998782527
Reactome,Upregulated in R,REACTOME_INTERACTIONS_OF_REV_WITH_HOST_CELLULAR_PROTEINS,2,16,200,0.07492039978924747,"NUP107, NUP210",0.27778178998782527
Reactome,Upregulated in R,REACTOME_TRANSCRIPTIONAL_REGULATION_BY_SMALL_RNAS,2,16,200,0.07492039978924747,"NUP107, NUP210",0.27778178998782527
Reactome,Downregulated in R,REACTOME_RNA_POLYMERASE_III_TRANSCRIPTION,2,16,200,0.07492039978924747,"NFIA, NFIX",0.27778178998782527
Reactome,Downregulated in R,REACTOME_CDC42_GTPASE_CYCLE,6,104,200,0.07652706193940755,"ARHGAP26, CPNE8, DLC1, DNMBP, DOCK6, PLEKHG2",0.2813792586964619
Reactome,Downregulated in R,REACTOME_SIGNALING_BY_INSULIN_RECEPTOR,3,35,200,0.07705822022392733,"GRB10, IRS2, SHC1",0.2813792586964619
Reactome,Upregulated in R,REACTOME_REGULATION_OF_RUNX3_EXPRESSION_AND_ACTIVITY,3,35,200,0.07705822022392733,"PSMB4, PSMC4, PSMD4",0.2813792586964619
Reactome,Downregulated in R,REACTOME_RAC1_GTPASE_CYCLE,7,130,200,0.0780861181387373,"ARHGAP26, DLC1, DOCK6, JAG1, NHS, NISCH, PLEKHG2",0.2836998161522968
Reactome,Downregulated in R,REACTOME_TOLL_LIKE_RECEPTOR_TLR1_TLR2_CASCADE,4,57,200,0.07907814732987704,"DUSP6, DUSP7, IRAK3, TLR2",0.2858675025975055
Reactome,Upregulated in R,REACTOME_DEFECTIVE_CFTR_CAUSES_CYSTIC_FIBROSIS,3,36,200,0.08237107008925736,"PSMB4, PSMC4, PSMD4",0.2925755280984514
Reactome,Upregulated in R,REACTOME_STABILIZATION_OF_P53,3,36,200,0.08237107008925736,"PSMB4, PSMC4, PSMD4",0.2925755280984514
Reactome,Downregulated in R,REACTOME_FOXO_MEDIATED_TRANSCRIPTION,3,36,200,0.08237107008925736,"ABCA6, FOXO1, GADD45A",0.2925755280984514
Reactome,Downregulated in R,REACTOME_ECM_PROTEOGLYCANS,4,58,200,0.0831316894180012,"COL4A6, HSPG2, ITGB3, TGFB1",0.2925755280984514
Reactome,Upregulated in R,REACTOME_SUMOYLATION_OF_UBIQUITINYLATION_PROTEINS,2,17,200,0.08336176872514658,"NUP107, NUP210",0.2925755280984514
Reactome,Downregulated in R,REACTOME_EGR2_AND_SOX10_MEDIATED_INITIATION_OF_SCHWANN_CELL_MYELINATION,2,17,200,0.08336176872514658,"WWTR1, YAP1",0.2925755280984514
Reactome,Upregulated in R,REACTOME_MITF_M_REGULATED_MELANOCYTE_DEVELOPMENT,4,59,200,0.08728569588978476,"ACTL6A, CDK2, PLK1, USF1",0.3038584848286611
Reactome,Upregulated in R,REACTOME_HEDGEHOG_LIGAND_BIOGENESIS,3,37,200,0.08783737666554658,"PSMB4, PSMC4, PSMD4",0.3038584848286611
Reactome,Downregulated in R,REACTOME_NRAGE_SIGNALS_DEATH_THROUGH_JNK,3,37,200,0.08783737666554658,"ARHGEF17, OBSCN, PLEKHG2",0.3038584848286611
Reactome,Upregulated in R,REACTOME_HIV_INFECTION,6,109,200,0.09114448842256326,"FEN1, NUP107, NUP210, PSMB4, PSMC4, PSMD4",0.3082005790164785
Reactome,Downregulated in R,REACTOME_GPER1_SIGNALING,2,18,200,0.092076521531894,"ADCY9, SHC1",0.3082005790164785
Reactome,Downregulated in R,REACTOME_NOTCH_HLH_TRANSCRIPTION_PATHWAY,2,18,200,0.092076521531894,"NOTCH3, NOTCH4",0.3082005790164785
Reactome,Downregulated in R,REACTOME_ACTIVATION_OF_MATRIX_METALLOPROTEINASES,2,18,200,0.092076521531894,"MMP10, MMP13",0.3082005790164785
Reactome,Downregulated in R,REACTOME_ACTIVATED_NOTCH1_TRANSMITS_SIGNAL_TO_THE_NUCLEUS,2,18,200,0.092076521531894,"JAG1, JAG2",0.3082005790164785
Reactome,Upregulated in R,REACTOME_CHEMOKINE_RECEPTORS_BIND_CHEMOKINES,2,18,200,0.092076521531894,"CXCL10, CXCL9",0.3082005790164785
Reactome,Upregulated in R,REACTOME_ACTIVATED_NOTCH1_TRANSMITS_SIGNAL_TO_THE_NUCLEUS,2,18,200,0.092076521531894,"NCSTN, PSENEN",0.3082005790164785
Reactome,Upregulated in R,REACTOME_REGULATION_OF_PTEN_STABILITY_AND_ACTIVITY,3,38,200,0.09345262165529832,"PSMB4, PSMC4, PSMD4",0.309936905765049
Reactome,Upregulated in R,REACTOME_ASYMMETRIC_LOCALIZATION_OF_PCP_PROTEINS,3,38,200,0.09345262165529832,"PSMB4, PSMC4, PSMD4",0.309936905765049
Reactome,Downregulated in R,REACTOME_DRUG_ADME,4,61,200,0.09588917975106198,"CES1, GGT5, SLC22A3, UGT1A10",0.31512671345462645
Reactome,Downregulated in R,REACTOME_RAC3_GTPASE_CYCLE,4,61,200,0.09588917975106198,"ARHGAP26, ARHGAP6, JAG1, NHS",0.31512671345462645
Reactome,Upregulated in R,REACTOME_FORMATION_OF_PARAXIAL_MESODERM,3,39,200,0.09921217803818207,"PSMB4, PSMC4, PSMD4",0.32182208862479983
Reactome,Upregulated in R,REACTOME_REGULATION_OF_MITF_M_DEPENDENT_GENES_INVOLVED_IN_PIGMENTATION,2,19,200,0.1010423431781875,"ACTL6A, USF1",0.32182208862479983
Reactome,Upregulated in R,REACTOME_SUMOYLATION_OF_RNA_BINDING_PROTEINS,2,19,200,0.1010423431781875,"NUP107, NUP210",0.32182208862479983
Reactome,Downregulated in R,REACTOME_DOWNREGULATION_OF_TGF_BETA_RECEPTOR_SIGNALING,2,19,200,0.1010423431781875,"TGFB1, TGFBR2",0.32182208862479983
Reactome,Downregulated in R,REACTOME_SIGNALING_BY_NOTCH2,2,19,200,0.1010423431781875,"JAG1, JAG2",0.32182208862479983
Reactome,Downregulated in R,REACTOME_PARACETAMOL_ADME,2,19,200,0.1010423431781875,"GGT5, UGT1A10",0.32182208862479983
Reactome,Upregulated in R,REACTOME_SIGNALING_BY_NOTCH2,2,19,200,0.1010423431781875,"NCSTN, PSENEN",0.32182208862479983
Reactome,Downregulated in R,REACTOME_DEATH_RECEPTOR_SIGNALING,5,87,200,0.10258388144262184,"ARHGEF17, OBSCN, PLEKHG2, TNFRSF10B, TNFRSF1A",0.32529888720620875
Reactome,Upregulated in R,REACTOME_HCMV_LATE_EVENTS,2,20,200,0.11023795893597672,"NUP107, NUP210",0.3480438616188261
Reactome,Upregulated in R,REACTOME_DISORDERS_OF_TRANSMEMBRANE_TRANSPORTERS,5,90,200,0.11419953576861097,"NUP107, NUP210, PSMB4, PSMC4, PSMD4",0.355990779429663
Reactome,Downregulated in R,REACTOME_SIGNALING_BY_NTRKS,4,65,200,0.11423217265239534,"DUSP6, DUSP7, IRS2, SHC1",0.355990779429663
Reactome,Downregulated in R,REACTOME_TRANSCRIPTIONAL_REGULATION_BY_RUNX3,4,65,200,0.11423217265239534,"JAG1, TGFB1, WWTR1, YAP1",0.355990779429663
Reactome,Upregulated in R,REACTOME_RUNX1_REGULATES_TRANSCRIPTION_OF_GENES_INVOLVED_IN_DIFFERENTIATION_OF_HSCS,3,42,200,0.11730915381188378,"PSMB4, PSMC4, PSMD4",0.35938355172030495
Reactome,Downregulated in R,REACTOME_OPIOID_SIGNALLING,3,42,200,0.11730915381188378,"ADCY9, PDE4A, PDE4D",0.35938355172030495
Reactome,Upregulated in R,REACTOME_REGULATION_OF_RAS_BY_GAPS,3,42,200,0.11730915381188378,"PSMB4, PSMC4, PSMD4",0.35938355172030495
Reactome,Downregulated in R,REACTOME_DISEASES_ASSOCIATED_WITH_O_GLYCOSYLATION_OF_PROTEINS,3,42,200,0.11730915381188378,"ADAMTS10, NOTCH3, NOTCH4",0.35938355172030495
Reactome,Upregulated in R,REACTOME_RESPIRATORY_ELECTRON_TRANSPORT,4,66,200,0.11904421601745618,"ACAD9, NDUFAB1, NDUFS2, SDHC",0.3619328732564584
Reactome,Upregulated in R,REACTOME_HSF1_ACTIVATION,2,21,200,0.11964309364909205,"RPA1, RPA3",0.3619328732564584
Reactome,Downregulated in R,REACTOME_SIGNALING_BY_ERYTHROPOIETIN,2,21,200,0.11964309364909205,"IRS2, SHC1",0.3619328732564584
Reactome,Upregulated in R,REACTOME_HCMV_INFECTION,3,43,200,0.12359806729321328,"EZH2, NUP107, NUP210",0.3657582313094357
Reactome,Upregulated in R,REACTOME_REGULATION_OF_MRNA_STABILITY_BY_PROTEINS_THAT_BIND_AU_RICH_ELEMENTS,3,43,200,0.12359806729321328,"PSMB4, PSMC4, PSMD4",0.3657582313094357
Reactome,Downregulated in R,REACTOME_G_ALPHA_12_13_SIGNALLING_EVENTS,3,43,200,0.12359806729321328,"ARHGEF17, OBSCN, PLEKHG2",0.3657582313094357
Reactome,Upregulated in R,REACTOME_CELLULAR_RESPONSE_TO_HYPOXIA,3,43,200,0.12359806729321328,"PSMB4, PSMC4, PSMD4",0.3657582313094357
Reactome,Upregulated in R,REACTOME_TNFR2_NON_CANONICAL_NF_KB_PATHWAY,3,43,200,0.12359806729321328,"PSMB4, PSMC4, PSMD4",0.3657582313094357
Reactome,Downregulated in R,REACTOME_GPCR_LIGAND_BINDING,4,67,200,0.12394296911592219,"ADRB2, F2RL1, LPAR6, PTHLH",0.3657582313094357
Reactome,Downregulated in R,REACTOME_MUSCLE_CONTRACTION,5,93,200,0.1264174974356115,"CES1, GUCY1A2, HIPK2, KCND3, WWTR1",0.370791216943208
Reactome,Upregulated in R,REACTOME_ORGANELLE_BIOGENESIS_AND_MAINTENANCE,6,120,200,0.1281933370076455,"CDK1, CENPJ, CEP152, NEK2, PLK1, PLK4",0.370791216943208
Reactome,Downregulated in R,REACTOME_CELLULAR_SENESCENCE,4,68,200,0.12892643158574751,"ETS2, HMGA2, IGFBP7, MAP3K5",0.370791216943208
Reactome,Downregulated in R,REACTOME_INTEGRIN_CELL_SURFACE_INTERACTIONS,4,68,200,0.12892643158574751,"COL4A6, HSPG2, ITGA6, ITGB3",0.370791216943208
Reactome,Downregulated in R,REACTOME_MATERNAL_TO_ZYGOTIC_TRANSITION_MZT,2,22,200,0.12923843246153308,"YAP1, ZFP36L2",0.370791216943208
Reactome,Downregulated in R,REACTOME_SENSORY_PROCESSING_OF_SOUND_BY_OUTER_HAIR_CELLS_OF_THE_COCHLEA,2,22,200,0.12923843246153308,"MSN, SPTBN1",0.370791216943208
Reactome,Upregulated in R,REACTOME_SNRNP_ASSEMBLY,2,22,200,0.12923843246153308,"NUP107, NUP210",0.370791216943208
Reactome,Upregulated in R,REACTOME_FCERI_MEDIATED_NF_KB_ACTIVATION,3,44,200,0.13000706869702602,"PSMB4, PSMC4, PSMD4",0.3711600451916665
Reactome,Downregulated in R,REACTOME_DISEASES_OF_METABOLISM,7,148,200,0.13039370882252183,"ADAMTS10, ALDOB, CHST3, EXT1, HSPG2, NOTCH3, NOTCH4",0.3711600451916665
Reactome,Upregulated in R,REACTOME_ABC_TRANSPORTER_DISORDERS,3,45,200,0.13653119083305248,"PSMB4, PSMC4, PSMD4",0.38563004393259936
Reactome,Upregulated in R,REACTOME_ASSOCIATION_OF_TRIC_CCT_WITH_TARGET_PROTEINS_DURING_BIOSYNTHESIS,2,23,200,0.1390055829559043,"CCNE1, CCNE2",0.38563004393259936
Reactome,Downregulated in R,REACTOME_SIGNALING_BY_TYPE_1_INSULIN_LIKE_GROWTH_FACTOR_1_RECEPTOR_IGF1R,2,23,200,0.1390055829559043,"IRS2, SHC1",0.38563004393259936
Reactome,Upregulated in R,REACTOME_RNA_POLYMERASE_II_TRANSCRIPTION_TERMINATION,2,23,200,0.1390055829559043,"CSTF2, SLBP",0.38563004393259936
Reactome,Downregulated in R,REACTOME_GENE_AND_PROTEIN_EXPRESSION_BY_JAK_STAT_SIGNALING_AFTER_INTERLEUKIN_12_STIMULATION,2,23,200,0.1390055829559043,"CNN2, MSN",0.38563004393259936
Reactome,Downregulated in R,REACTOME_SIGNALING_BY_TGFBR3,2,23,200,0.1390055829559043,"TGFB1, TGFBR2",0.38563004393259936
Reactome,Downregulated in R,REACTOME_DEGRADATION_OF_THE_EXTRACELLULAR_MATRIX,5,96,200,0.13921084573500475,"COL4A6, HSPG2, MMP10, MMP13, NID1",0.38563004393259936
Reactome,Downregulated in R,REACTOME_INTEGRATION_OF_ENERGY_METABOLISM,3,46,200,0.143165453349264,"ADCY9, RAPGEF3, RAPGEF4",0.39356890787649385
Reactome,Downregulated in R,REACTOME_PHASE_II_CONJUGATION_OF_COMPOUNDS,3,46,200,0.143165453349264,"GGT5, TPST1, UGT1A10",0.39356890787649385
Reactome,Upregulated in R,REACTOME_INTERFERON_SIGNALING,7,152,200,0.143950363220712,"CDK1, FANCA, FANCB, ILF2, KPNA2, NUP107, NUP210",0.3942276992749045
Reactome,Downregulated in R,REACTOME_NEGATIVE_REGULATION_OF_MAPK_PATHWAY,2,24,200,0.14892703865410037,"DUSP6, DUSP7",0.4017695856228155
Reactome,Downregulated in R,REACTOME_NUCLEAR_EVENTS_KINASE_AND_TRANSCRIPTION_FACTOR_ACTIVATION,2,24,200,0.14892703865410037,"DUSP6, DUSP7",0.4017695856228155
Reactome,Downregulated in R,REACTOME_SIGNALING_BY_FGFR1,2,24,200,0.14892703865410037,"SHC1, SPRED1",0.4017695856228155
Reactome,Downregulated in R,REACTOME_KIDNEY_DEVELOPMENT,2,24,200,0.14892703865410037,"FOXC2, JAG1",0.4017695856228155
Reactome,Downregulated in R,REACTOME_CLASS_A_1_RHODOPSIN_LIKE_RECEPTORS,3,47,200,0.14990487300520625,"ADRB2, F2RL1, LPAR6",0.4029041754006101
Reactome,Upregulated in R,REACTOME_PTEN_REGULATION,4,73,200,0.155041206724758,"EZH2, PSMB4, PSMC4, PSMD4",0.40912005104932847
Reactome,Upregulated in R,REACTOME_DOWNSTREAM_SIGNALING_EVENTS_OF_B_CELL_RECEPTOR_BCR,3,48,200,0.15674447322360166,"PSMB4, PSMC4, PSMD4",0.40912005104932847
Reactome,Upregulated in R,REACTOME_HEDGEHOG_ON_STATE,3,48,200,0.15674447322360166,"PSMB4, PSMC4, PSMD4",0.40912005104932847
Reactome,Downregulated in R,REACTOME_CARGO_RECOGNITION_FOR_CLATHRIN_MEDIATED_ENDOCYTOSIS,3,48,200,0.15674447322360166,"ADRB2, LDLR, SGIP1",0.40912005104932847
Reactome,Downregulated in R,REACTOME_PI3K_AKT_SIGNALING_IN_CANCER,3,48,200,0.15674447322360166,"FOXO1, IRS2, KIT",0.40912005104932847
Reactome,Upregulated in R,REACTOME_DEGRADATION_OF_BETA_CATENIN_BY_THE_DESTRUCTION_COMPLEX,3,48,200,0.15674447322360166,"PSMB4, PSMC4, PSMD4",0.40912005104932847
Reactome,Downregulated in R,REACTOME_CELL_DEATH_SIGNALLING_VIA_NRAGE_NRIF_AND_NADE,3,48,200,0.15674447322360166,"ARHGEF17, OBSCN, PLEKHG2",0.40912005104932847
Reactome,Upregulated in R,REACTOME_CELL_DEATH_SIGNALLING_VIA_NRAGE_NRIF_AND_NADE,3,48,200,0.15674447322360166,"ECT2, NCSTN, PSENEN",0.40912005104932847
Reactome,Downregulated in R,REACTOME_CELL_CELL_COMMUNICATION,4,74,200,0.1604884831315531,"ITGA6, LIMS1, PLEC, SPTBN1",0.4172704069404603
Reactome,Downregulated in R,REACTOME_HEMOSTASIS,13,335,200,0.16102136035461748,"DOCK6, EHD2, GUCY1A2, ITGA6, ITGB3, KIF13B, PRKG1, RAPGEF3, RAPGEF4, SHC1, TGFB1, THBD, TNFRSF10B",0.4172704069404603
Reactome,Downregulated in R,REACTOME_TP53_REGULATES_METABOLIC_GENES,3,49,200,0.16367929295680567,"DDIT4, SESN1, SESN3",0.4211392484262295
Reactome,Downregulated in R,REACTOME_COLLAGEN_DEGRADATION,3,49,200,0.16367929295680567,"COL4A6, MMP10, MMP13",0.4211392484262295
Reactome,Downregulated in R,REACTOME_INTERLEUKIN_10_SIGNALING,2,26,200,0.16916705961671044,"LIF, TNFRSF1A",0.4321829826956949
Reactome,Downregulated in R,REACTOME_INTERLEUKIN_12_SIGNALING,2,26,200,0.16916705961671044,"CNN2, MSN",0.4321829826956949
Reactome,Upregulated in R,REACTOME_SIGNALING_BY_NOTCH,5,103,200,0.17112841638844645,"NCSTN, PSENEN, PSMB4, PSMC4, PSMD4",0.4356543839748126
Reactome,Downregulated in R,REACTOME_COMPLEMENT_CASCADE,2,27,200,0.17945473128293948,"CD59, CFH",0.448947303520987
Reactome,Downregulated in R,REACTOME_SENSORY_PROCESSING_OF_SOUND,2,27,200,0.17945473128293948,"MSN, SPTBN1",0.448947303520987
Reactome,Downregulated in R,REACTOME_DIFFERENTIATION_OF_KERATINOCYTES_IN_INTERFOLLICULAR_EPIDERMIS_IN_MAMMALIAN_SKIN,2,27,200,0.17945473128293948,"ITGA6, YAP1",0.448947303520987
Reactome,Downregulated in R,REACTOME_PRE_NOTCH_EXPRESSION_AND_PROCESSING,2,27,200,0.17945473128293948,"NOTCH3, NOTCH4",0.448947303520987
Reactome,Upregulated in R,REACTOME_HATS_ACETYLATE_HISTONES,2,27,200,0.17945473128293948,"ACTL6A, VPS72",0.448947303520987
Reactome,Downregulated in R,REACTOME_RHOB_GTPASE_CYCLE,3,52,200,0.18500585997080965,"ARHGAP26, ARHGEF17, DLC1",0.4590613237976557
Reactome,Upregulated in R,REACTOME_PCP_CE_PATHWAY,3,52,200,0.18500585997080965,"PSMB4, PSMC4, PSMD4",0.4590613237976557
Reactome,Upregulated in R,REACTOME_MEMBRANE_TRAFFICKING,11,283,200,0.18540236037194394,"COPA, KIF11, KIF15, KIF18A, KIF22, KIF23, KIF2C, KIF4A, KIFC1, RAB5A, RACGAP1",0.4590613237976557
Reactome,Upregulated in R,REACTOME_SUMOYLATION_OF_CHROMATIN_ORGANIZATION_PROTEINS,2,28,200,0.18983485677335676,"NUP107, NUP210",0.46212323719574727
Reactome,Upregulated in R,REACTOME_RHOF_GTPASE_CYCLE,2,28,200,0.18983485677335676,"DIAPH3, TMPO",0.46212323719574727
Reactome,Upregulated in R,REACTOME_PROTEIN_UBIQUITINATION,2,28,200,0.18983485677335676,"PCNA, UBE2T",0.46212323719574727
Reactome,Upregulated in R,REACTOME_SENESCENCE_ASSOCIATED_SECRETORY_PHENOTYPE_SASP,2,28,200,0.18983485677335676,"CCNA2, CDK2",0.46212323719574727
Reactome,Downregulated in R,REACTOME_TRANSCRIPTIONAL_ACTIVITY_OF_SMAD2_SMAD3_SMAD4_HETEROTRIMER,2,28,200,0.18983485677335676,"SKI, WWTR1",0.46212323719574727
Reactome,Upregulated in R,REACTOME_ANTIGEN_PROCESSING_UBIQUITINATION_PROTEASOME_DEGRADATION,5,107,200,0.19053841745159736,"CCNF, PSMB4, PSMC4, PSMD4, SKP2",0.46227944905202983
Reactome,Downregulated in R,REACTOME_SIGNALING_BY_ALK_IN_CANCER,3,53,200,0.1922725327220536,"HIP1, MSN, SHC1",0.4633768038601492
Reactome,Upregulated in R,REACTOME_SARS_COV_2_ACTIVATES_MODULATES_INNATE_AND_ADAPTIVE_IMMUNE_RESPONSES,3,53,200,0.1922725327220536,"KPNA2, NUP107, NUP210",0.4633768038601492
Reactome,Downregulated in R,REACTOME_RHOA_GTPASE_CYCLE,5,108,200,0.19551081825446479,"ARHGAP26, ARHGAP6, ARHGEF17, DLC1, OBSCN",0.46806066754297365
Reactome,Upregulated in R,REACTOME_RHOA_GTPASE_CYCLE,5,108,200,0.19551081825446479,"CIT, DIAPH3, ECT2, RACGAP1, TMPO",0.46806066754297365
Reactome,Downregulated in R,REACTOME_EPHB_MEDIATED_FORWARD_SIGNALING,2,29,200,0.2002938563356009,"EFNB1, EPHB6",0.47479494469062117
Reactome,Upregulated in R,REACTOME_SIGNALING_BY_NOTCH3,2,29,200,0.2002938563356009,"NCSTN, PSENEN",0.47479494469062117
Reactome,Upregulated in R,REACTOME_AMYLOID_FIBER_FORMATION,2,29,200,0.2002938563356009,"NCSTN, PSENEN",0.47479494469062117
Reactome,Downregulated in R,REACTOME_CELL_JUNCTION_ORGANIZATION,3,55,200,0.20701390401192812,"ITGA6, LIMS1, PLEC",0.48752785863395454
Reactome,Downregulated in R,REACTOME_RHOC_GTPASE_CYCLE,3,55,200,0.20701390401192812,"ARHGAP26, ARHGEF17, DLC1",0.48752785863395454
Reactome,Downregulated in R,REACTOME_INTERLEUKIN_12_FAMILY_SIGNALING,2,30,200,0.21081884327678643,"CNN2, MSN",0.4948767002893396
Reactome,Upregulated in R,REACTOME_CHROMATIN_MODIFYING_ENZYMES,4,83,200,0.21236762449123311,"ACTL6A, EZH2, SUDS3, VPS72",0.49689900487754546
Reactome,Upregulated in R,REACTOME_ADAPTIVE_IMMUNE_SYSTEM,13,355,200,0.21421823201020193,"CCNF, KIF11, KIF15, KIF18A, KIF22, KIF23, KIF2C, KIF4A, PSMB4, PSMC4, PSMD4, RACGAP1, SKP2",0.49701437432330975
Reactome,Upregulated in R,REACTOME_UNFOLDED_PROTEIN_RESPONSE_UPR,3,56,200,0.21447923207312952,"ATF6, CREB3L4, HDGF",0.49701437432330975
Reactome,Upregulated in R,REACTOME_CLEC7A_DECTIN_1_SIGNALING,3,56,200,0.21447923207312952,"PSMB4, PSMC4, PSMD4",0.49701437432330975
Reactome,Downregulated in R,REACTOME_SIGNALING_BY_RECEPTOR_TYROSINE_KINASES,11,293,200,0.2157569908799541,"COL27A1, DUSP6, DUSP7, GRB10, IRS2, ITGB3, KIT, MST1R, SHC1, SPRED1, YAP1",0.49837796934890355
Reactome,Downregulated in R,REACTOME_PLATELET_HOMEOSTASIS,2,31,200,0.22139759578422155,"GUCY1A2, PRKG1",0.5031570376992474
Reactome,Downregulated in R,REACTOME_INTERLEUKIN_17_SIGNALING,2,31,200,0.22139759578422155,"DUSP6, DUSP7",0.5031570376992474
Reactome,Downregulated in R,REACTOME_SIGNALING_BY_SCF_KIT,2,31,200,0.22139759578422155,"GRB10, KIT",0.5031570376992474
Reactome,Downregulated in R,REACTOME_REGULATION_OF_INSULIN_SECRETION,2,31,200,0.22139759578422155,"RAPGEF3, RAPGEF4",0.5031570376992474
Reactome,Upregulated in R,REACTOME_RAC2_GTPASE_CYCLE,3,57,200,0.2220015145588657,"DIAPH3, RACGAP1, TMPO",0.5031570376992474
Reactome,Downregulated in R,REACTOME_NEGATIVE_REGULATION_OF_THE_PI3K_AKT_NETWORK,3,57,200,0.2220015145588657,"IL1RL1, IRS2, KIT",0.5031570376992474
Reactome,Downregulated in R,REACTOME_SIGNALING_BY_HEDGEHOG,4,85,200,0.22449121338861996,"ADCY9, DYNC2H1, EVC, GLI3",0.5072098352499133
Reactome,Upregulated in R,REACTOME_SIGNALING_BY_NOTCH1_PEST_DOMAIN_MUTANTS_IN_CANCER,2,32,200,0.2320185297775583,"NCSTN, PSENEN",0.5209608603390516
Reactome,Downregulated in R,REACTOME_SIGNALING_BY_NOTCH1_PEST_DOMAIN_MUTANTS_IN_CANCER,2,32,200,0.2320185297775583,"JAG1, JAG2",0.5209608603390516
Reactome,Upregulated in R,REACTOME_DEATH_RECEPTOR_SIGNALING,4,87,200,0.23679046848032104,"ECT2, NCSTN, PSENEN, USP21",0.5276764102512436
Reactome,Downregulated in R,REACTOME_P75_NTR_RECEPTOR_MEDIATED_SIGNALLING,3,59,200,0.23719893960118144,"ARHGEF17, OBSCN, PLEKHG2",0.5276764102512436
Reactome,Upregulated in R,REACTOME_P75_NTR_RECEPTOR_MEDIATED_SIGNALLING,3,59,200,0.23719893960118144,"ECT2, NCSTN, PSENEN",0.5276764102512436
Reactome,Downregulated in R,REACTOME_SIGNALING_BY_ERBB4,2,33,200,0.24267067275690507,"SHC1, YAP1",0.5381929337522772
Reactome,Upregulated in R,REACTOME_NUCLEAR_EVENTS_MEDIATED_BY_NFE2L2,3,60,200,0.2448652676338697,"PSMB4, PSMC4, PSMD4",0.5413993532088311
Reactome,Upregulated in R,REACTOME_EPIGENETIC_REGULATION_OF_GENE_EXPRESSION,4,89,200,0.24924676199643886,"ACTL6A, CBX3, EZH2, SUDS3",0.5419155346653983
Reactome,Downregulated in R,REACTOME_TOLL_LIKE_RECEPTOR_CASCADES,4,89,200,0.24924676199643886,"DUSP6, DUSP7, IRAK3, TLR2",0.5419155346653983
Reactome,Upregulated in R,REACTOME_RAC3_GTPASE_CYCLE,3,61,200,0.2525709273519458,"DIAPH3, RACGAP1, TMPO",0.5419155346653983
Reactome,Upregulated in R,REACTOME_ABC_FAMILY_PROTEINS_MEDIATED_TRANSPORT,3,61,200,0.2525709273519458,"PSMB4, PSMC4, PSMD4",0.5419155346653983
Reactome,Upregulated in R,REACTOME_EPH_EPHRIN_MEDIATED_REPULSION_OF_CELLS,2,34,200,0.25334363861259285,"NCSTN, PSENEN",0.5419155346653983
Reactome,Downregulated in R,REACTOME_EPH_EPHRIN_MEDIATED_REPULSION_OF_CELLS,2,34,200,0.25334363861259285,"EFNB1, EPHB6",0.5419155346653983
Reactome,Downregulated in R,REACTOME_RAB_GEFS_EXCHANGE_GTP_FOR_GDP_ON_RABS,2,34,200,0.25334363861259285,"RIN2, RIN3",0.5419155346653983
Reactome,Downregulated in R,REACTOME_IRE1ALPHA_ACTIVATES_CHAPERONES,2,34,200,0.25334363861259285,"EXTL3, SHC1",0.5419155346653983
Reactome,Downregulated in R,REACTOME_RHOD_GTPASE_CYCLE,2,34,200,0.25334363861259285,"ARHGAP26, CPNE8",0.5419155346653983
Reactome,Downregulated in R,REACTOME_TP53_REGULATES_TRANSCRIPTION_OF_CELL_CYCLE_GENES,2,34,200,0.25334363861259285,"GADD45A, PLK3",0.5419155346653983
Reactome,Downregulated in R,REACTOME_TRANSCRIPTIONAL_REGULATION_OF_WHITE_ADIPOCYTE_DIFFERENTIATION,2,34,200,0.25334363861259285,"CHD9, TGFB1",0.5419155346653983
Reactome,Upregulated in R,REACTOME_HIV_LIFE_CYCLE,3,62,200,0.26031171216632526,"FEN1, NUP107, NUP210",0.5551514369841746
Reactome,Downregulated in R,REACTOME_CYTOKINE_SIGNALING_IN_IMMUNE_SYSTEM,14,403,200,0.26106706580168654,"CNN2, DUSP6, DUSP7, FOXO1, GRB10, IFNGR1, IL1RL1, IRAK3, IRS2, LIF, MSN, SHC1, TGFB1, TNFRSF1A",0.5551514369841746
Reactome,Downregulated in R,REACTOME_BACTERIAL_INFECTION_PATHWAYS,2,35,200,0.26402760336342057,"ANTXR2, TLR2",0.5581636176367049
Reactome,Downregulated in R,REACTOME_COLLAGEN_CHAIN_TRIMERIZATION,2,35,200,0.26402760336342057,"COL27A1, COL4A6",0.5581636176367049
Reactome,Upregulated in R,REACTOME_SIGNALING_BY_TGFB_FAMILY_MEMBERS,4,92,200,0.2681853937907723,"HELLS, MTMR4, NCSTN, PSENEN",0.5653004073199077
Reactome,Upregulated in R,REACTOME_TRANSCRIPTIONAL_REGULATION_BY_RUNX1,4,93,200,0.2745569846381952,"ACTL6A, PSMB4, PSMC4, PSMD4",0.5698939187614794
Reactome,Downregulated in R,REACTOME_RHOJ_GTPASE_CYCLE,2,36,200,0.27471328179131255,"ARHGAP26, CPNE8",0.5698939187614794
Reactome,Downregulated in R,REACTOME_SIGNALING_BY_FGFR,2,36,200,0.27471328179131255,"SHC1, SPRED1",0.5698939187614794
Reactome,Upregulated in R,REACTOME_RHOJ_GTPASE_CYCLE,2,36,200,0.27471328179131255,"DIAPH3, TMPO",0.5698939187614794
Reactome,Upregulated in R,REACTOME_CELLULAR_RESPONSE_TO_CHEMICAL_STRESS,5,123,200,0.2747271376850053,"BRCA1, PSMB4, PSMC4, PSMD4, SKP2",0.5698939187614794
Reactome,Upregulated in R,REACTOME_INTERLEUKIN_1_SIGNALING,3,64,200,0.27588225666185034,"PSMB4, PSMC4, PSMD4",0.5698939187614794
Reactome,Upregulated in R,REACTOME_GASTRULATION,3,64,200,0.27588225666185034,"PSMB4, PSMC4, PSMD4",0.5698939187614794
Reactome,Downregulated in R,REACTOME_TRANSCRIPTIONAL_REGULATION_BY_TP53,7,185,200,0.2771453358346204,"DDIT4, GADD45A, HIPK2, PLK3, SESN1, SESN3, TNFRSF10B",0.5704139373399557
Reactome,Downregulated in R,REACTOME_VESICLE_MEDIATED_TRANSPORT,11,312,200,0.27850085737345004,"ADRB2, CD59, HIP1, KIF13B, LDLR, LRP1, RIN2, RIN3, SGIP1, SNX18, SPTBN1",0.5704139373399557
Reactome,Upregulated in R,REACTOME_VESICLE_MEDIATED_TRANSPORT,11,312,200,0.27850085737345004,"COPA, KIF11, KIF15, KIF18A, KIF22, KIF23, KIF2C, KIF4A, KIFC1, RAB5A, RACGAP1",0.5704139373399557
Reactome,Upregulated in R,REACTOME_TRANSCRIPTIONAL_REGULATION_BY_RUNX3,3,65,200,0.28370403492037244,"PSMB4, PSMC4, PSMD4",0.5794294272526251
Reactome,Upregulated in R,REACTOME_SIGNALING_BY_PTK6,2,37,200,0.2853919049413564,"CCNE1, CDK2",0.579602099080339
Reactome,Downregulated in R,REACTOME_ANTI_INFLAMMATORY_RESPONSE_FAVOURING_LEISHMANIA_PARASITE_INFECTION,2,37,200,0.2853919049413564,"ADCY9, GGT5",0.579602099080339
Reactome,Downregulated in R,REACTOME_MEMBRANE_TRAFFICKING,10,283,200,0.289429374452345,"ADRB2, CD59, HIP1, KIF13B, LDLR, RIN2, RIN3, SGIP1, SNX18, SPTBN1",0.5861552877564298
Reactome,Downregulated in R,REACTOME_HEDGEHOG_OFF_STATE,3,66,200,0.2915449786776542,"ADCY9, DYNC2H1, GLI3",0.5871504723786741
Reactome,Upregulated in R,REACTOME_HEDGEHOG_OFF_STATE,3,66,200,0.2915449786776542,"PSMB4, PSMC4, PSMD4",0.5871504723786741
Reactome,Upregulated in R,REACTOME_PEPTIDE_LIGAND_BINDING_RECEPTORS,2,38,200,0.2960551984572486,"CXCL10, CXCL9",0.5945775235683076
Reactome,Downregulated in R,REACTOME_NERVOUS_SYSTEM_DEVELOPMENT,12,350,200,0.29795539601506793,"EFNB1, EPHB6, GRB10, IRS2, ITGB3, MSN, PDLIM7, SHC1, SLIT3, SPTBN1, WWTR1, YAP1",0.5967361532379338
Reactome,Downregulated in R,REACTOME_SIGNALING_BY_RHO_GTPASES_MIRO_GTPASES_AND_RHOBTB3,13,385,200,0.30587009310443847,"ARHGAP26, ARHGAP6, ARHGEF17, CPNE8, DLC1, DNMBP, DOCK6, JAG1, NHS, NISCH, OBSCN, PLEKHG2, SPTBN1",0.6053290801827419
Reactome,Downregulated in R,REACTOME_CONSTITUTIVE_SIGNALING_BY_ABERRANT_PI3K_IN_CANCER,2,39,200,0.30669536172314427,"IRS2, KIT",0.6053290801827419
Reactome,Downregulated in R,REACTOME_RSV_HOST_INTERACTIONS,2,39,200,0.30669536172314427,"HSPG2, TLR2",0.6053290801827419
Reactome,Downregulated in R,REACTOME_BIOLOGICAL_OXIDATIONS,4,98,200,0.3067557977992102,"CES1, GGT5, TPST1, UGT1A10",0.6053290801827419
Reactome,Upregulated in R,REACTOME_APOPTOSIS,4,98,200,0.3067557977992102,"HMGB2, PSMB4, PSMC4, PSMD4",0.6053290801827419
Reactome,Downregulated in R,REACTOME_METABOLISM_OF_WATER_SOLUBLE_VITAMINS_AND_COFACTORS,3,68,200,0.3072693947815578,"ALDH1L1, NT5E, TCN1",0.6053290801827419
Reactome,Upregulated in R,REACTOME_RAC1_GTPASE_CYCLE,5,130,200,0.3138199814177614,"CIT, DIAPH3, ECT2, RACGAP1, TMPO",0.6165539308832649
Reactome,Downregulated in R,REACTOME_INTERLEUKIN_4_AND_INTERLEUKIN_13_SIGNALING,3,70,200,0.32302649700025227,"FOXO1, LIF, TGFB1",0.6329218355858601
Reactome,Upregulated in R,REACTOME_GLUCOSE_METABOLISM,2,41,200,0.327877344016478,"NUP107, NUP210",0.6372454831288
Reactome,Downregulated in R,REACTOME_GLUCOSE_METABOLISM,2,41,200,0.327877344016478,"ALDOB, PFKFB3",0.6372454831288
Reactome,Downregulated in R,REACTOME_PLASMA_LIPOPROTEIN_ASSEMBLY_REMODELING_AND_CLEARANCE,2,41,200,0.327877344016478,"LCAT, LDLR",0.6372454831288
Reactome,Upregulated in R,REACTOME_ANTIGEN_PROCESSING_CROSS_PRESENTATION,3,71,200,0.3309086496670866,"PSMB4, PSMC4, PSMD4",0.6396977371906514
Reactome,Downregulated in R,REACTOME_L1CAM_INTERACTIONS,3,71,200,0.3309086496670866,"ITGB3, MSN, SPTBN1",0.6396977371906514
Reactome,Upregulated in R,REACTOME_SIGNALING_BY_NOTCH1,2,42,200,0.3384057535267078,"NCSTN, PSENEN",0.6440865740769758
Reactome,Downregulated in R,REACTOME_SIGNALING_BY_NOTCH1,2,42,200,0.3384057535267078,"JAG1, JAG2",0.6440865740769758
Reactome,Upregulated in R,REACTOME_PI_METABOLISM,2,42,200,0.3384057535267078,"MTMR4, RAB5A",0.6440865740769758
Reactome,Upregulated in R,REACTOME_ESTROGEN_DEPENDENT_GENE_EXPRESSION,2,42,200,0.3384057535267078,"KPNA2, USF1",0.6440865740769758
Reactome,Upregulated in R,REACTOME_TCR_SIGNALING,3,72,200,0.3387887753873136,"PSMB4, PSMC4, PSMD4",0.6440865740769758
Reactome,Downregulated in R,REACTOME_SIGNALING_BY_NOTCH,4,103,200,0.33932810348862363,"JAG1, JAG2, NOTCH3, NOTCH4",0.6440865740769758
Reactome,Upregulated in R,REACTOME_CDC42_GTPASE_CYCLE,4,104,200,0.34586497712525893,"DIAPH3, ECT2, RACGAP1, TMPO",0.6440865740769758
Reactome,Upregulated in R,REACTOME_SIGNALING_BY_THE_B_CELL_RECEPTOR_BCR,3,73,200,0.3466636711871369,"PSMB4, PSMC4, PSMD4",0.6440865740769758
Reactome,Downregulated in R,REACTOME_RAB_REGULATION_OF_TRAFFICKING,2,43,200,0.34888417724541504,"RIN2, RIN3",0.6440865740769758
Reactome,Downregulated in R,REACTOME_COPI_MEDIATED_ANTEROGRADE_TRANSPORT,2,43,200,0.34888417724541504,"CD59, SPTBN1",0.6440865740769758
Reactome,Upregulated in R,REACTOME_AEROBIC_RESPIRATION_AND_RESPIRATORY_ELECTRON_TRANSPORT,4,105,200,0.3524047871057296,"ACAD9, NDUFAB1, NDUFS2, SDHC",0.6440865740769758
Reactome,Downregulated in R,REACTOME_SIGNALING_BY_NTRK2_TRKB,1,15,200,0.3527777086230739,SHC1,0.6440865740769758
Reactome,Downregulated in R,REACTOME_ADORA2B_MEDIATED_ANTI_INFLAMMATORY_CYTOKINES_PRODUCTION,1,15,200,0.3527777086230739,ADCY9,0.6440865740769758
Reactome,Downregulated in R,REACTOME_CELL_EXTRACELLULAR_MATRIX_INTERACTIONS,1,15,200,0.3527777086230739,LIMS1,0.6440865740769758
Reactome,Downregulated in R,REACTOME_CLASS_B_2_SECRETIN_FAMILY_RECEPTORS,1,15,200,0.3527777086230739,PTHLH,0.6440865740769758
Reactome,Upregulated in R,REACTOME_INFECTION_WITH_MYCOBACTERIUM_TUBERCULOSIS,1,15,200,0.3527777086230739,RAB5A,0.6440865740769758
Reactome,Downregulated in R,REACTOME_INFECTION_WITH_MYCOBACTERIUM_TUBERCULOSIS,1,15,200,0.3527777086230739,TLR2,0.6440865740769758
Reactome,Upregulated in R,REACTOME_INTERCONVERSION_OF_NUCLEOTIDE_DI_AND_TRIPHOSPHATES,1,15,200,0.3527777086230739,TYMS,0.6440865740769758
Reactome,Upregulated in R,REACTOME_SYNTHESIS_OF_ACTIVE_UBIQUITIN_ROLES_OF_E1_AND_E2_ENZYMES,1,15,200,0.3527777086230739,UBE2T,0.6440865740769758
Reactome,Downregulated in R,REACTOME_GABA_RECEPTOR_ACTIVATION,1,15,200,0.3527777086230739,ADCY9,0.6440865740769758
Reactome,Downregulated in R,REACTOME_GLUCONEOGENESIS,1,15,200,0.3527777086230739,ALDOB,0.6440865740769758
Reactome,Downregulated in R,REACTOME_NICOTINATE_METABOLISM,1,15,200,0.3527777086230739,NT5E,0.6440865740769758
Reactome,Upregulated in R,REACTOME_BETA_CATENIN_INDEPENDENT_WNT_SIGNALING,3,74,200,0.3545302284289227,"PSMB4, PSMC4, PSMD4",0.6456558064335292
Reactome,Upregulated in R,REACTOME_PROTEIN_FOLDING,2,44,200,0.35930689670010013,"CCNE1, CCNE2",0.6485210441581155
Reactome,Upregulated in R,REACTOME_HEMOSTASIS,11,335,200,0.3607474889922171,"CDK2, KIF11, KIF15, KIF18A, KIF22, KIF23, KIF2C, KIF4A, KIFC1, RAB5A, RACGAP1",0.6485210441581155
Reactome,Upregulated in R,REACTOME_SLC_TRANSPORTER_DISORDERS,2,45,200,0.3696685574381022,"NUP107, NUP210",0.6485210441581155
Reactome,Upregulated in R,REACTOME_RUNX1_INTERACTS_WITH_CO_FACTORS_WHOSE_PRECISE_EFFECT_ON_RUNX1_TARGETS_IS_NOT_KNOWN,1,16,200,0.3713015292119956,ACTL6A,0.6485210441581155
Reactome,Downregulated in R,REACTOME_SIGNALING_BY_WNT_IN_CANCER,1,16,200,0.3713015292119956,PORCN,0.6485210441581155
Reactome,Upregulated in R,REACTOME_RESPIRATORY_SYNCYTIAL_VIRUS_RSV_ATTACHMENT_AND_ENTRY,1,16,200,0.3713015292119956,RAB5A,0.6485210441581155
Reactome,Downregulated in R,REACTOME_RUNX1_INTERACTS_WITH_CO_FACTORS_WHOSE_PRECISE_EFFECT_ON_RUNX1_TARGETS_IS_NOT_KNOWN,1,16,200,0.3713015292119956,HIPK2,0.6485210441581155
Reactome,Downregulated in R,REACTOME_DNA_DAMAGE_TELOMERE_STRESS_INDUCED_SENESCENCE,1,16,200,0.3713015292119956,HMGA2,0.6485210441581155
Reactome,Upregulated in R,REACTOME_HDACS_DEACETYLATE_HISTONES,1,16,200,0.3713015292119956,SUDS3,0.6485210441581155
Reactome,Downregulated in R,REACTOME_SHC1_EVENTS_IN_ERBB2_SIGNALING,1,16,200,0.3713015292119956,SHC1,0.6485210441581155
Reactome,Downregulated in R,REACTOME_INTERLEUKIN_RECEPTOR_SHC_SIGNALING,1,16,200,0.3713015292119956,SHC1,0.6485210441581155
Reactome,Upregulated in R,REACTOME_PKMTS_METHYLATE_HISTONE_LYSINES,1,16,200,0.3713015292119956,EZH2,0.6485210441581155
Reactome,Downregulated in R,REACTOME_RESPIRATORY_SYNCYTIAL_VIRUS_RSV_ATTACHMENT_AND_ENTRY,1,16,200,0.3713015292119956,HSPG2,0.6485210441581155
Reactome,Upregulated in R,REACTOME_RNA_POLYMERASE_I_PROMOTER_ESCAPE,1,16,200,0.3713015292119956,CBX3,0.6485210441581155
Reactome,Upregulated in R,REACTOME_INTERLEUKIN_1_FAMILY_SIGNALING,3,77,200,0.3780501916731551,"PSMB4, PSMC4, PSMD4",0.6485210441581155
Reactome,Upregulated in R,REACTOME_C_TYPE_LECTIN_RECEPTORS_CLRS,3,77,200,0.3780501916731551,"PSMB4, PSMC4, PSMD4",0.6485210441581155
Reactome,Upregulated in R,REACTOME_TCF_DEPENDENT_SIGNALING_IN_RESPONSE_TO_WNT,3,77,200,0.3780501916731551,"PSMB4, PSMC4, PSMD4",0.6485210441581155
Reactome,Upregulated in R,REACTOME_ESR_MEDIATED_SIGNALING,3,77,200,0.3780501916731551,"KPNA2, UHMK1, USF1",0.6485210441581155
Reactome,Downregulated in R,REACTOME_ADIPOGENESIS,2,46,200,0.37996415307850395,"CHD9, TGFB1",0.6485210441581155
Reactome,Upregulated in R,REACTOME_PHASE_II_CONJUGATION_OF_COMPOUNDS,2,46,200,0.37996415307850395,"GGCT, PODXL2",0.6485210441581155
Reactome,Upregulated in R,REACTOME_FC_EPSILON_RECEPTOR_FCERI_SIGNALING,3,78,200,0.3858541841722097,"PSMB4, PSMC4, PSMD4",0.6485210441581155
Reactome,Downregulated in R,REACTOME_SIGNALING_BY_FGFR4,1,17,200,0.3892977642424234,SHC1,0.6485210441581155
Reactome,Downregulated in R,REACTOME_SIGNALING_BY_BMP,1,17,200,0.3892977642424234,SKI,0.6485210441581155
Reactome,Upregulated in R,REACTOME_RMTS_METHYLATE_HISTONE_ARGININES,1,17,200,0.3892977642424234,ACTL6A,0.6485210441581155
Reactome,Downregulated in R,REACTOME_SIGNALING_BY_EGFR_IN_CANCER,1,17,200,0.3892977642424234,SHC1,0.6485210441581155
Reactome,Downregulated in R,REACTOME_PLASMA_LIPOPROTEIN_REMODELING,1,17,200,0.3892977642424234,LCAT,0.6485210441581155
Reactome,Downregulated in R,REACTOME_SIGNALLING_TO_ERKS,1,17,200,0.3892977642424234,SHC1,0.6485210441581155
Reactome,Upregulated in R,REACTOME_PERK_REGULATES_GENE_EXPRESSION,1,17,200,0.3892977642424234,ATF6,0.6485210441581155
Reactome,Downregulated in R,REACTOME_SIGNALING_BY_ERBB2_IN_CANCER,1,17,200,0.3892977642424234,SHC1,0.6485210441581155
Reactome,Downregulated in R,REACTOME_FLT3_SIGNALING_IN_DISEASE,1,17,200,0.3892977642424234,SPTBN1,0.6485210441581155
Reactome,Downregulated in R,REACTOME_FORMATION_OF_FIBRIN_CLOT_CLOTTING_CASCADE,1,17,200,0.3892977642424234,THBD,0.6485210441581155
Reactome,Downregulated in R,REACTOME_PURINERGIC_SIGNALING_IN_LEISHMANIASIS_INFECTION,1,17,200,0.3892977642424234,NT5E,0.6485210441581155
Reactome,Downregulated in R,REACTOME_SIGNALING_BY_KIT_IN_DISEASE,1,17,200,0.3892977642424234,KIT,0.6485210441581155
Reactome,Downregulated in R,REACTOME_TNFR1_INDUCED_NF_KAPPA_B_SIGNALING_PATHWAY,1,17,200,0.3892977642424234,TNFRSF1A,0.6485210441581155
Reactome,Downregulated in R,REACTOME_VASOPRESSIN_REGULATES_RENAL_WATER_HOMEOSTASIS_VIA_AQUAPORINS,1,17,200,0.3892977642424234,ADCY9,0.6485210441581155
Reactome,Upregulated in R,REACTOME_TNFR1_INDUCED_NF_KAPPA_B_SIGNALING_PATHWAY,1,17,200,0.3892977642424234,USP21,0.6485210441581155
Reactome,Downregulated in R,REACTOME_HS_GAG_DEGRADATION,1,17,200,0.3892977642424234,HSPG2,0.6485210441581155
Reactome,Upregulated in R,REACTOME_CLASS_A_1_RHODOPSIN_LIKE_RECEPTORS,2,47,200,0.39018900997065037,"CXCL10, CXCL9",0.6485210441581155
Reactome,Downregulated in R,REACTOME_UCH_PROTEINASES,2,48,200,0.4003387724379133,"TGFB1, TGFBR2",0.6491174695142377
Reactome,Downregulated in R,REACTOME_HEDGEHOG_ON_STATE,2,48,200,0.4003387724379133,"EVC, GLI3",0.6491174695142377
Reactome,Upregulated in R,REACTOME_METABOLISM_OF_RNA,9,279,200,0.40271842045921663,"CSTF2, FAM50A, GPATCH1, NUP107, NUP210, PSMB4, PSMC4, PSMD4, SLBP",0.6491174695142377
Reactome,Upregulated in R,REACTOME_PROGRAMMED_CELL_DEATH,4,113,200,0.4046111376536292,"HMGB2, PSMB4, PSMC4, PSMD4",0.6491174695142377
Reactome,Downregulated in R,REACTOME_POTASSIUM_CHANNELS,1,18,200,0.4067813667548076,KCND3,0.6491174695142377
Reactome,Downregulated in R,REACTOME_RIPK1_MEDIATED_REGULATED_NECROSIS,1,18,200,0.4067813667548076,TNFRSF10B,0.6491174695142377
Reactome,Downregulated in R,REACTOME_G_ALPHA_Z_SIGNALLING_EVENTS,1,18,200,0.4067813667548076,ADCY9,0.6491174695142377
Reactome,Downregulated in R,REACTOME_BASIGIN_INTERACTIONS,1,18,200,0.4067813667548076,ITGA6,0.6491174695142377
Reactome,Downregulated in R,REACTOME_NUCLEAR_SIGNALING_BY_ERBB4,1,18,200,0.4067813667548076,YAP1,0.6491174695142377
Reactome,Downregulated in R,REACTOME_ANTIMICROBIAL_PEPTIDES,1,18,200,0.4067813667548076,TLR2,0.6491174695142377
Reactome,Upregulated in R,REACTOME_REGULATION_OF_ENDOGENOUS_RETROELEMENTS_BY_PIWI_INTERACTING_RNAS_PIRNAS,1,18,200,0.4067813667548076,ACTL6A,0.6491174695142377
Reactome,Downregulated in R,REACTOME_ATTENUATION_PHASE,1,18,200,0.4067813667548076,COL4A6,0.6491174695142377
Reactome,Upregulated in R,REACTOME_MITOCHONDRIAL_FATTY_ACID_BETA_OXIDATION,1,18,200,0.4067813667548076,NDUFAB1,0.6491174695142377
Reactome,Downregulated in R,REACTOME_IRS_MEDIATED_SIGNALLING,1,18,200,0.4067813667548076,IRS2,0.6491174695142377
Reactome,Upregulated in R,REACTOME_NUCLEAR_EVENTS_STIMULATED_BY_ALK_SIGNALING_IN_CANCER,1,18,200,0.4067813667548076,FOXM1,0.6491174695142377
Reactome,Downregulated in R,REACTOME_INTERACTION_BETWEEN_L1_AND_ANKYRINS,1,18,200,0.4067813667548076,SPTBN1,0.6491174695142377
Reactome,Downregulated in R,REACTOME_AQUAPORIN_MEDIATED_TRANSPORT,1,18,200,0.4067813667548076,ADCY9,0.6491174695142377
Reactome,Upregulated in R,REACTOME_RHOG_GTPASE_CYCLE,2,49,200,0.41040938858604603,"DIAPH3, TMPO",0.6491174695142377
Reactome,Downregulated in R,REACTOME_REGULATION_OF_TP53_ACTIVITY_THROUGH_PHOSPHORYLATION,2,49,200,0.41040938858604603,"HIPK2, PLK3",0.6491174695142377
Reactome,Downregulated in R,REACTOME_PLATELET_ACTIVATION_SIGNALING_AND_AGGREGATION,5,148,200,0.41641452262669393,"ITGB3, RAPGEF3, RAPGEF4, SHC1, TGFB1",0.6491174695142377
Reactome,Downregulated in R,REACTOME_FACTORS_INVOLVED_IN_MEGAKARYOCYTE_DEVELOPMENT_AND_PLATELET_PRODUCTION,3,82,200,0.4168202930914015,"DOCK6, EHD2, KIF13B",0.6491174695142377
Reactome,Downregulated in R,REACTOME_TOLL_LIKE_RECEPTOR_9_TLR9_CASCADE,2,50,200,0.42039709665616815,"DUSP6, DUSP7",0.6491174695142377
Reactome,Downregulated in R,REACTOME_COLLAGEN_BIOSYNTHESIS_AND_MODIFYING_ENZYMES,2,50,200,0.42039709665616815,"COL27A1, COL4A6",0.6491174695142377
Reactome,Downregulated in R,REACTOME_MAPK6_MAPK4_SIGNALING,2,50,200,0.42039709665616815,"FOXO1, MMP10",0.6491174695142377
Reactome,Downregulated in R,REACTOME_TP53_REGULATES_TRANSCRIPTION_OF_CELL_DEATH_GENES,1,19,200,0.4237668680646199,TNFRSF10B,0.6491174695142377
Reactome,Downregulated in R,REACTOME_SIGNALING_BY_FGFR3,1,19,200,0.4237668680646199,SHC1,0.6491174695142377
Reactome,Upregulated in R,REACTOME_GLUTATHIONE_CONJUGATION,1,19,200,0.4237668680646199,GGCT,0.6491174695142377
Reactome,Upregulated in R,REACTOME_METABOLISM_OF_PORPHYRINS,1,19,200,0.4237668680646199,PPOX,0.6491174695142377
Reactome,Downregulated in R,REACTOME_GLUTATHIONE_CONJUGATION,1,19,200,0.4237668680646199,GGT5,0.6491174695142377
Reactome,Downregulated in R,REACTOME_CA_DEPENDENT_EVENTS,1,19,200,0.4237668680646199,ADCY9,0.6491174695142377
Reactome,Downregulated in R,REACTOME_SIGNALING_BY_CSF3_G_CSF,1,19,200,0.4237668680646199,SHC1,0.6491174695142377
Reactome,Upregulated in R,REACTOME_CA_DEPENDENT_EVENTS,1,19,200,0.4237668680646199,KPNA2,0.6491174695142377
Reactome,Downregulated in R,REACTOME_NUCLEOTIDE_CATABOLISM,1,19,200,0.4237668680646199,NT5E,0.6491174695142377
Reactome,Downregulated in R,REACTOME_TRANSCRIPTIONAL_AND_POST_TRANSLATIONAL_REGULATION_OF_MITF_M_EXPRESSION_AND_ACTIVITY,1,19,200,0.4237668680646199,KIT,0.6491174695142377
Reactome,Downregulated in R,REACTOME_SYNTHESIS_OF_PA,1,19,200,0.4237668680646199,PLA2R1,0.6491174695142377
Reactome,Upregulated in R,REACTOME_DOWNREGULATION_OF_TGF_BETA_RECEPTOR_SIGNALING,1,19,200,0.4237668680646199,MTMR4,0.6491174695142377
Reactome,Upregulated in R,REACTOME_E3_UBIQUITIN_LIGASES_UBIQUITINATE_TARGET_PROTEINS,1,19,200,0.4237668680646199,PCNA,0.6491174695142377
Reactome,Downregulated in R,REACTOME_SIGNALING_BY_NOTCH4,2,51,200,0.4302984119030998,"JAG1, NOTCH4",0.6563176199569932
Reactome,Downregulated in R,REACTOME_RESPIRATORY_SYNCYTIAL_VIRUS_INFECTION_PATHWAY,2,51,200,0.4302984119030998,"HSPG2, TLR2",0.6563176199569932
Reactome,Downregulated in R,REACTOME_LEISHMANIA_INFECTION,3,84,200,0.43211989696080044,"ADCY9, GGT5, NT5E",0.6563176199569932
Reactome,Upregulated in R,REACTOME_SIGNALING_BY_HEDGEHOG,3,85,200,0.4397160683110024,"PSMB4, PSMC4, PSMD4",0.6563176199569932
Reactome,Downregulated in R,REACTOME_ONCOGENE_INDUCED_SENESCENCE,1,20,200,0.44026838959770637,ETS2,0.6563176199569932
Reactome,Downregulated in R,REACTOME_TRANSCRIPTIONAL_REGULATION_BY_THE_AP_2_TFAP2_FAMILY_OF_TRANSCRIPTION_FACTORS,1,20,200,0.44026838959770637,KIT,0.6563176199569932
Reactome,Upregulated in R,REACTOME_TRANSCRIPTIONAL_REGULATION_BY_THE_AP_2_TFAP2_FAMILY_OF_TRANSCRIPTION_FACTORS,1,20,200,0.44026838959770637,MYBL2,0.6563176199569932
Reactome,Downregulated in R,REACTOME_ASPIRIN_ADME,1,20,200,0.44026838959770637,CES1,0.6563176199569932
Reactome,Downregulated in R,REACTOME_DISEASES_OF_IMMUNE_SYSTEM,1,20,200,0.44026838959770637,TLR2,0.6563176199569932
Reactome,Downregulated in R,REACTOME_NEUREXINS_AND_NEUROLIGINS,1,20,200,0.44026838959770637,PDLIM5,0.6563176199569932
Reactome,Upregulated in R,REACTOME_NEUREXINS_AND_NEUROLIGINS,1,20,200,0.44026838959770637,EPB41,0.6563176199569932
Reactome,Upregulated in R,REACTOME_OVARIAN_TUMOR_DOMAIN_PROTEASES,1,20,200,0.44026838959770637,CDK1,0.6563176199569932
Reactome,Downregulated in R,REACTOME_O_GLYCOSYLATION_OF_TSR_DOMAIN_CONTAINING_PROTEINS,1,20,200,0.44026838959770637,ADAMTS10,0.6563176199569932
Reactome,Downregulated in R,REACTOME_G_ALPHA_I_SIGNALLING_EVENTS,3,86,200,0.44727375569505695,"ADCY9, PDE4A, PDE4D",0.6584923156241199
Reactome,Upregulated in R,REACTOME_G_ALPHA_I_SIGNALLING_EVENTS,3,86,200,0.44727375569505695,"CXCL10, CXCL9, KPNA2",0.6584923156241199
Reactome,Downregulated in R,REACTOME_MYD88_INDEPENDENT_TLR4_CASCADE,2,53,200,0.4498292348140517,"DUSP6, DUSP7",0.6584923156241199
Reactome,Upregulated in R,REACTOME_MRNA_SPLICING,2,53,200,0.4498292348140517,"FAM50A, GPATCH1",0.6584923156241199
Reactome,Upregulated in R,REACTOME_CLASS_I_MHC_MEDIATED_ANTIGEN_PROCESSING_PRESENTATION,5,155,200,0.45596525561237305,"CCNF, PSMB4, PSMC4, PSMD4, SKP2",0.6584923156241199
Reactome,Downregulated in R,REACTOME_FCERI_MEDIATED_CA_2_MOBILIZATION,1,21,200,0.45629965439513703,SHC1,0.6584923156241199
Reactome,Downregulated in R,REACTOME_FCERI_MEDIATED_MAPK_ACTIVATION,1,21,200,0.45629965439513703,SHC1,0.6584923156241199
Reactome,Downregulated in R,REACTOME_SMAD2_SMAD3_SMAD4_HETEROTRIMER_REGULATES_TRANSCRIPTION,1,21,200,0.45629965439513703,WWTR1,0.6584923156241199
Reactome,Downregulated in R,REACTOME_RHOV_GTPASE_CYCLE,1,21,200,0.45629965439513703,SPTBN1,0.6584923156241199
Reactome,Downregulated in R,REACTOME_SIGNALING_BY_CSF1_M_CSF_IN_MYELOID_CELLS,1,21,200,0.45629965439513703,SHC1,0.6584923156241199
Reactome,Downregulated in R,REACTOME_NUCLEAR_RECEPTOR_TRANSCRIPTION_PATHWAY,1,21,200,0.45629965439513703,NR2F1,0.6584923156241199
Reactome,Downregulated in R,REACTOME_DAP12_SIGNALING,1,21,200,0.45629965439513703,SHC1,0.6584923156241199
Reactome,Downregulated in R,REACTOME_EARLY_SARS_COV_2_INFECTION_EVENTS,1,21,200,0.45629965439513703,HSPG2,0.6584923156241199
Reactome,Upregulated in R,REACTOME_TRANSCRIPTIONAL_REGULATION_OF_GRANULOPOIESIS,1,21,200,0.45629965439513703,CDK2,0.6584923156241199
Reactome,Downregulated in R,REACTOME_SUMOYLATION_OF_TRANSCRIPTION_COFACTORS,1,21,200,0.45629965439513703,HIPK2,0.6584923156241199
Reactome,Downregulated in R,REACTOME_HSF1_ACTIVATION,1,21,200,0.45629965439513703,COL4A6,0.6584923156241199
Reactome,Upregulated in R,REACTOME_NEGATIVE_EPIGENETIC_REGULATION_OF_RRNA_EXPRESSION,1,22,200,0.4718739982967371,SUDS3,0.6755740609278038
Reactome,Downregulated in R,REACTOME_NETRIN_1_SIGNALING,1,22,200,0.4718739982967371,SLIT3,0.6755740609278038
Reactome,Downregulated in R,REACTOME_TRANSCRIPTIONAL_ACTIVATION_OF_MITOCHONDRIAL_BIOGENESIS,1,22,200,0.4718739982967371,CHD9,0.6755740609278038
Reactome,Downregulated in R,REACTOME_HSF1_DEPENDENT_TRANSACTIVATION,1,22,200,0.4718739982967371,COL4A6,0.6755740609278038
Reactome,Upregulated in R,REACTOME_INTRACELLULAR_SIGNALING_BY_SECOND_MESSENGERS,5,159,200,0.4782494452467419,"EZH2, KPNA2, PSMB4, PSMC4, PSMD4",0.678130527796865
Reactome,Downregulated in R,REACTOME_INTRACELLULAR_SIGNALING_BY_SECOND_MESSENGERS,5,159,200,0.4782494452467419,"ADCY9, FOXO1, IL1RL1, IRS2, KIT",0.678130527796865
Reactome,Downregulated in R,REACTOME_UNFOLDED_PROTEIN_RESPONSE_UPR,2,56,200,0.47840497161055234,"EXTL3, SHC1",0.678130527796865
Reactome,Downregulated in R,REACTOME_PLASMA_LIPOPROTEIN_CLEARANCE,1,23,200,0.48700438081222935,LDLR,0.678130527796865
Reactome,Downregulated in R,REACTOME_SIGNALING_BY_ALK,1,23,200,0.48700438081222935,SHC1,0.678130527796865
Reactome,Upregulated in R,REACTOME_SARS_COV_1_ACTIVATES_MODULATES_INNATE_IMMUNE_RESPONSES,1,23,200,0.48700438081222935,KPNA2,0.678130527796865
Reactome,Downregulated in R,REACTOME_DAG_AND_IP3_SIGNALING,1,23,200,0.48700438081222935,ADCY9,0.678130527796865
Reactome,Downregulated in R,REACTOME_RHOU_GTPASE_CYCLE,1,23,200,0.48700438081222935,SPTBN1,0.678130527796865
Reactome,Upregulated in R,REACTOME_DAG_AND_IP3_SIGNALING,1,23,200,0.48700438081222935,KPNA2,0.678130527796865
Reactome,Downregulated in R,REACTOME_GAMMA_CARBOXYLATION_HYPUSINYLATION_HYDROXYLATION_AND_ARYLSULFATASE_ACTIVATION,1,23,200,0.48700438081222935,TPST1,0.678130527796865
Reactome,Downregulated in R,REACTOME_AMINO_ACIDS_REGULATE_MTORC1,1,23,200,0.48700438081222935,SESN1,0.678130527796865
Reactome,Downregulated in R,REACTOME_DISEASES_OF_CARBOHYDRATE_METABOLISM,1,23,200,0.48700438081222935,ALDOB,0.678130527796865
Reactome,Downregulated in R,REACTOME_TRANSPORT_OF_VITAMINS_NUCLEOSIDES_AND_RELATED_MOLECULES,1,23,200,0.48700438081222935,SLCO3A1,0.678130527796865
Reactome,Downregulated in R,REACTOME_SIGNALING_BY_MET,2,57,200,0.4877287336851588,"COL27A1, SHC1",0.678130527796865
Reactome,Downregulated in R,REACTOME_RAC2_GTPASE_CYCLE,2,57,200,0.4877287336851588,"ARHGAP26, NHS",0.678130527796865
Reactome,Downregulated in R,REACTOME_MAP2K_AND_MAPK_ACTIVATION,1,24,200,0.50170339568867,ITGB3,0.6922357921429549
Reactome,Downregulated in R,REACTOME_DAP12_INTERACTIONS,1,24,200,0.50170339568867,SHC1,0.6922357921429549
Reactome,Downregulated in R,REACTOME_CARGO_TRAFFICKING_TO_THE_PERICILIARY_MEMBRANE,1,24,200,0.50170339568867,PKD1,0.6922357921429549
Reactome,Downregulated in R,REACTOME_INTERLEUKIN_2_FAMILY_SIGNALING,1,24,200,0.50170339568867,SHC1,0.6922357921429549
Reactome,Upregulated in R,REACTOME_EPH_EPHRIN_SIGNALING,2,59,200,0.5060624843435498,"NCSTN, PSENEN",0.6955953919779212
Reactome,Downregulated in R,REACTOME_EPH_EPHRIN_SIGNALING,2,59,200,0.5060624843435498,"EFNB1, EPHB6",0.6955953919779212
Reactome,Downregulated in R,REACTOME_G_ALPHA_Q_SIGNALLING_EVENTS,2,60,200,0.5150692849197455,"F2RL1, LPAR6",0.6959998363713299
Reactome,Downregulated in R,REACTOME_ER_TO_GOLGI_ANTEROGRADE_TRANSPORT,2,60,200,0.5150692849197455,"CD59, SPTBN1",0.6959998363713299
Reactome,Downregulated in R,REACTOME_TRANSCRIPTIONAL_REGULATION_BY_MECP2,1,25,200,0.515983281182618,HIPK2,0.6959998363713299
Reactome,Upregulated in R,REACTOME_ACTIVATION_OF_ANTERIOR_HOX_GENES_IN_HINDBRAIN_DEVELOPMENT_DURING_EARLY_EMBRYOGENESIS,1,25,200,0.515983281182618,EZH2,0.6959998363713299
Reactome,Upregulated in R,REACTOME_RAB_GERANYLGERANYLATION,1,25,200,0.515983281182618,RAB5A,0.6959998363713299
Reactome,Downregulated in R,REACTOME_COPII_MEDIATED_VESICLE_TRANSPORT,1,25,200,0.515983281182618,CD59,0.6959998363713299
Reactome,Downregulated in R,REACTOME_RAB_GERANYLGERANYLATION,1,25,200,0.515983281182618,RAB34,0.6959998363713299
Reactome,Upregulated in R,REACTOME_POSITIVE_EPIGENETIC_REGULATION_OF_RRNA_EXPRESSION,1,25,200,0.515983281182618,CBX3,0.6959998363713299
Reactome,Downregulated in R,REACTOME_FCGR3A_MEDIATED_IL10_SYNTHESIS,1,25,200,0.515983281182618,ADCY9,0.6959998363713299
Reactome,Downregulated in R,REACTOME_FLT3_SIGNALING,1,25,200,0.515983281182618,GRB10,0.6959998363713299
Reactome,Downregulated in R,REACTOME_ABC_FAMILY_PROTEINS_MEDIATED_TRANSPORT,2,61,200,0.5239675343288236,"ABCA6, ABCA9",0.7054534959399245
Reactome,Downregulated in R,REACTOME_RND2_GTPASE_CYCLE,1,26,200,0.5298559300452548,NISCH,0.7068004380492974
Reactome,Downregulated in R,REACTOME_MITOCHONDRIAL_BIOGENESIS,1,26,200,0.5298559300452548,CHD9,0.7068004380492974
Reactome,Upregulated in R,REACTOME_INTERLEUKIN_10_SIGNALING,1,26,200,0.5298559300452548,CXCL10,0.7068004380492974
Reactome,Upregulated in R,REACTOME_RND2_GTPASE_CYCLE,1,26,200,0.5298559300452548,KIF14,0.7068004380492974
Reactome,Downregulated in R,REACTOME_INTRAFLAGELLAR_TRANSPORT,1,26,200,0.5298559300452548,DYNC2H1,0.7068004380492974
Reactome,Downregulated in R,REACTOME_GLYCEROPHOSPHOLIPID_BIOSYNTHESIS,2,63,200,0.5414338506347692,"GPCPD1, PLA2R1",0.7142357929857239
Reactome,Downregulated in R,REACTOME_SIGNALING_BY_FGFR2,1,27,200,0.5433328992284207,SHC1,0.7142357929857239
Reactome,Downregulated in R,REACTOME_CA2_PATHWAY,1,27,200,0.5433328992284207,PRKG1,0.7142357929857239
Reactome,Downregulated in R,REACTOME_SIGNALING_BY_MODERATE_KINASE_ACTIVITY_BRAF_MUTANTS,1,27,200,0.5433328992284207,ITGB3,0.7142357929857239
Reactome,Downregulated in R,REACTOME_HEME_SIGNALING,1,27,200,0.5433328992284207,CHD9,0.7142357929857239
Reactome,Downregulated in R,REACTOME_RECYCLING_PATHWAY_OF_L1,1,27,200,0.5433328992284207,MSN,0.7142357929857239
Reactome,Upregulated in R,REACTOME_RNA_POLYMERASE_I_TRANSCRIPTION,1,27,200,0.5433328992284207,CBX3,0.7142357929857239
Reactome,Upregulated in R,REACTOME_RECYCLING_PATHWAY_OF_L1,1,27,200,0.5433328992284207,KIF4A,0.7142357929857239
Reactome,Downregulated in R,REACTOME_GASTRULATION,2,64,200,0.5500000310855084,"FOXC2, YAP1",0.7209598175051781
Reactome,Upregulated in R,REACTOME_SARS_COV_2_HOST_INTERACTIONS,3,101,200,0.5548859592646568,"KPNA2, NUP107, NUP210",0.7209598175051781
Reactome,Downregulated in R,REACTOME_SENESCENCE_ASSOCIATED_SECRETORY_PHENOTYPE_SASP,1,28,200,0.5564254193193491,IGFBP7,0.7209598175051781
Reactome,Downregulated in R,REACTOME_MEIOSIS,1,28,200,0.5564254193193491,SYNE1,0.7209598175051781
Reactome,Upregulated in R,REACTOME_HSP90_CHAPERONE_CYCLE_FOR_STEROID_HORMONE_RECEPTORS_SHR_IN_THE_PRESENCE_OF_LIGAND,1,28,200,0.5564254193193491,DNAJA1,0.7209598175051781
Reactome,Downregulated in R,REACTOME_MET_ACTIVATES_PTK2_SIGNALING,1,28,200,0.5564254193193491,COL27A1,0.7209598175051781
Reactome,Downregulated in R,REACTOME_RND3_GTPASE_CYCLE,1,28,200,0.5564254193193491,NISCH,0.7209598175051781
Reactome,Downregulated in R,REACTOME_APOPTOTIC_CLEAVAGE_OF_CELLULAR_PROTEINS,1,28,200,0.5564254193193491,PLEC,0.7209598175051781
Reactome,Upregulated in R,REACTOME_INFLUENZA_INFECTION,3,102,200,0.5616159557028243,"KPNA2, NUP107, NUP210",0.7263834275011484
Reactome,Downregulated in R,REACTOME_APOPTOTIC_EXECUTION_PHASE,1,29,200,0.5691444037116258,PLEC,0.7283033697053194
Reactome,Upregulated in R,REACTOME_G_PROTEIN_MEDIATED_EVENTS,1,29,200,0.5691444037116258,KPNA2,0.7283033697053194
Reactome,Downregulated in R,REACTOME_GLYCOSPHINGOLIPID_METABOLISM,1,29,200,0.5691444037116258,A4GALT,0.7283033697053194
Reactome,Downregulated in R,REACTOME_AMYLOID_FIBER_FORMATION,1,29,200,0.5691444037116258,HSPG2,0.7283033697053194
Reactome,Upregulated in R,REACTOME_APOPTOTIC_EXECUTION_PHASE,1,29,200,0.5691444037116258,HMGB2,0.7283033697053194
Reactome,Downregulated in R,REACTOME_G_PROTEIN_MEDIATED_EVENTS,1,29,200,0.5691444037116258,ADCY9,0.7283033697053194
Reactome,Upregulated in R,REACTOME_GPCR_LIGAND_BINDING,2,67,200,0.5750222659966583,"CXCL10, CXCL9",0.7345249086847773
Reactome,Downregulated in R,REACTOME_SMOOTH_MUSCLE_CONTRACTION,1,30,200,0.581500457519723,GUCY1A2,0.7362956756335547
Reactome,Downregulated in R,REACTOME_ACTIVATION_OF_GENE_EXPRESSION_BY_SREBF_SREBP,1,30,200,0.581500457519723,CHD9,0.7362956756335547
Reactome,Upregulated in R,REACTOME_RND1_GTPASE_CYCLE,1,30,200,0.581500457519723,KIF14,0.7362956756335547
Reactome,Downregulated in R,REACTOME_TNF_SIGNALING,1,30,200,0.581500457519723,TNFRSF1A,0.7362956756335547
Reactome,Upregulated in R,REACTOME_TNF_SIGNALING,1,30,200,0.581500457519723,USP21,0.7362956756335547
Reactome,Downregulated in R,REACTOME_PROTEIN_PROTEIN_INTERACTIONS_AT_SYNAPSES,1,31,200,0.5935038862442402,PDLIM5,0.7449710238794891
Reactome,Upregulated in R,REACTOME_PROTEIN_PROTEIN_INTERACTIONS_AT_SYNAPSES,1,31,200,0.5935038862442402,EPB41,0.7449710238794891
Reactome,Upregulated in R,REACTOME_SYNTHESIS_OF_PIPS_AT_THE_PLASMA_MEMBRANE,1,31,200,0.5935038862442402,RAB5A,0.7449710238794891
Reactome,Downregulated in R,REACTOME_SIGNALING_BY_ERBB2,1,31,200,0.5935038862442402,SHC1,0.7449710238794891
Reactome,Downregulated in R,REACTOME_INTERLEUKIN_3_INTERLEUKIN_5_AND_GM_CSF_SIGNALING,1,31,200,0.5935038862442402,SHC1,0.7449710238794891
Reactome,Downregulated in R,REACTOME_REGULATION_OF_INSULIN_LIKE_GROWTH_FACTOR_IGF_TRANSPORT_AND_UPTAKE_BY_INSULIN_LIKE_GROWTH_FACTOR_BINDING_PROTEINS_IGFBPS,2,70,200,0.5990212668950161,"IGFBP4, IGFBP7",0.7505933725564933
Reactome,Downregulated in R,REACTOME_TRANSPORT_OF_SMALL_MOLECULES,10,365,200,0.6008733884865247,"ABCA6, ABCA9, ADCY9, ANKH, LCAT, LDLR, LRRC8A, SLC20A2, SLC22A3, SLCO3A1",0.7516115222763968
Reactome,Downregulated in R,REACTOME_BINDING_AND_UPTAKE_OF_LIGANDS_BY_SCAVENGER_RECEPTORS,1,32,200,0.6051647041947782,LRP1,0.7517767717058842
Reactome,Downregulated in R,REACTOME_REGULATED_NECROSIS,1,32,200,0.6051647041947782,TNFRSF10B,0.7517767717058842
Reactome,Downregulated in R,REACTOME_PEPTIDE_HORMONE_METABOLISM,1,32,200,0.6051647041947782,CES1,0.7517767717058842
Reactome,Upregulated in R,REACTOME_POST_TRANSLATIONAL_MODIFICATION_SYNTHESIS_OF_GPI_ANCHORED_PROTEINS,1,32,200,0.6051647041947782,PIGM,0.7517767717058842
Reactome,Upregulated in R,REACTOME_CYTOKINE_SIGNALING_IN_IMMUNE_SYSTEM,11,403,200,0.6068456216900338,"CDK1, CXCL10, FANCA, FANCB, ILF2, KPNA2, NUP107, NUP210, PSMB4, PSMC4, PSMD4",0.7525718430221173
Reactome,Upregulated in R,REACTOME_REGULATION_OF_PTEN_GENE_TRANSCRIPTION,1,33,200,0.6164926426772119,EZH2,0.7632263367390826
Reactome,Downregulated in R,REACTOME_DEUBIQUITINATION,3,112,200,0.6254349163776787,"ADRB2, TGFB1, TGFBR2",0.7677363034521398
Reactome,Downregulated in R,REACTOME_NEGATIVE_REGULATION_OF_NOTCH4_SIGNALING,1,34,200,0.6274971579518979,NOTCH4,0.7677363034521398
Reactome,Upregulated in R,REACTOME_RAB_GEFS_EXCHANGE_GTP_FOR_GDP_ON_RABS,1,34,200,0.6274971579518979,RAB5A,0.7677363034521398
Reactome,Downregulated in R,REACTOME_MET_PROMOTES_CELL_MOTILITY,1,34,200,0.6274971579518979,COL27A1,0.7677363034521398
Reactome,Upregulated in R,REACTOME_IRE1ALPHA_ACTIVATES_CHAPERONES,1,34,200,0.6274971579518979,HDGF,0.7677363034521398
Reactome,Upregulated in R,REACTOME_REGULATION_OF_EXPRESSION_OF_SLITS_AND_ROBOS,3,113,200,0.6314573830701533,"PSMB4, PSMC4, PSMD4",0.7677363034521398
Reactome,Downregulated in R,REACTOME_SLC_MEDIATED_TRANSMEMBRANE_TRANSPORT,3,114,200,0.6374130647104971,"SLC20A2, SLC22A3, SLCO3A1",0.7677363034521398
Reactome,Upregulated in R,REACTOME_BACTERIAL_INFECTION_PATHWAYS,1,35,200,0.6381874389692062,RAB5A,0.7677363034521398
Reactome,Upregulated in R,REACTOME_RHOQ_GTPASE_CYCLE,1,35,200,0.6381874389692062,DIAPH3,0.7677363034521398
Reactome,Upregulated in R,REACTOME_OXIDATIVE_STRESS_INDUCED_SENESCENCE,1,35,200,0.6381874389692062,EZH2,0.7677363034521398
Reactome,Downregulated in R,REACTOME_KINESINS,1,35,200,0.6381874389692062,KIF13B,0.7677363034521398
Reactome,Upregulated in R,REACTOME_TGF_BETA_RECEPTOR_SIGNALING_ACTIVATES_SMADS,1,35,200,0.6381874389692062,MTMR4,0.7677363034521398
Reactome,Downregulated in R,REACTOME_ARACHIDONIC_ACID_METABOLISM,1,35,200,0.6381874389692062,GGT5,0.7677363034521398
Reactome,Downregulated in R,REACTOME_SIGNALING_BY_EGFR,1,35,200,0.6381874389692062,SHC1,0.7677363034521398
Reactome,Downregulated in R,REACTOME_CYTOPROTECTION_BY_HMOX1,1,35,200,0.6381874389692062,CHD9,0.7677363034521398
Reactome,Downregulated in R,REACTOME_OXIDATIVE_STRESS_INDUCED_SENESCENCE,1,35,200,0.6381874389692062,MAP3K5,0.7677363034521398
Reactome,Downregulated in R,REACTOME_REGULATION_OF_RUNX3_EXPRESSION_AND_ACTIVITY,1,35,200,0.6381874389692062,TGFB1,0.7677363034521398
Reactome,Downregulated in R,REACTOME_TRANSPORT_OF_BILE_SALTS_AND_ORGANIC_ACIDS_METAL_IONS_AND_AMINE_COMPOUNDS,1,36,200,0.6485724148885741,SLC22A3,0.775447006887726
Reactome,Upregulated in R,REACTOME_ACTIVATION_OF_NMDA_RECEPTORS_AND_POSTSYNAPTIC_EVENTS,1,36,200,0.6485724148885741,KPNA2,0.775447006887726
Reactome,Downregulated in R,REACTOME_REGULATION_OF_CHOLESTEROL_BIOSYNTHESIS_BY_SREBP_SREBF,1,36,200,0.6485724148885741,CHD9,0.775447006887726
Reactome,Upregulated in R,REACTOME_SIGNALING_BY_WNT,3,116,200,0.6491232518747889,"PSMB4, PSMC4, PSMD4",0.775447006887726
Reactome,Downregulated in R,REACTOME_INTERLEUKIN_1_FAMILY_SIGNALING,2,77,200,0.6510322727259332,"IL1RL1, IRAK3",0.775447006887726
Reactome,Downregulated in R,REACTOME_REGULATION_OF_TP53_ACTIVITY,2,77,200,0.6510322727259332,"HIPK2, PLK3",0.775447006887726
Reactome,Upregulated in R,REACTOME_SIGNALING_BY_NUCLEAR_RECEPTORS,3,117,200,0.6548774460328053,"KPNA2, UHMK1, USF1",0.7768543739084488
Reactome,Downregulated in R,REACTOME_EXTRA_NUCLEAR_ESTROGEN_SIGNALING,1,37,200,0.658660762387108,SHC1,0.7768543739084488
Reactome,Downregulated in R,REACTOME_SIGNALING_BY_BRAF_AND_RAF1_FUSIONS,1,37,200,0.658660762387108,ITGB3,0.7768543739084488
Reactome,Upregulated in R,REACTOME_NRAGE_SIGNALS_DEATH_THROUGH_JNK,1,37,200,0.658660762387108,ECT2,0.7768543739084488
Reactome,Upregulated in R,REACTOME_EXTRA_NUCLEAR_ESTROGEN_SIGNALING,1,37,200,0.658660762387108,UHMK1,0.7768543739084488
Reactome,Downregulated in R,REACTOME_NCAM_SIGNALING_FOR_NEURITE_OUT_GROWTH,1,37,200,0.658660762387108,SPTBN1,0.7768543739084488
Reactome,Downregulated in R,REACTOME_PEPTIDE_LIGAND_BINDING_RECEPTORS,1,38,200,0.6684609127635905,F2RL1,0.7845734414416817
Reactome,Downregulated in R,REACTOME_REPRODUCTION,1,38,200,0.6684609127635905,SYNE1,0.7845734414416817
Reactome,Downregulated in R,REACTOME_CIRCADIAN_CLOCK,1,38,200,0.6684609127635905,CHD9,0.7845734414416817
Reactome,Downregulated in R,REACTOME_ORGANELLE_BIOGENESIS_AND_MAINTENANCE,3,120,200,0.6717353506760066,"CHD9, DYNC2H1, PKD1",0.7871388306948992
Reactome,Upregulated in R,REACTOME_DISEASES_OF_SIGNAL_TRANSDUCTION_BY_GROWTH_FACTOR_RECEPTORS_AND_SECOND_MESSENGERS,6,237,200,0.6763779673347301,"FOXM1, NCSTN, PSENEN, PSMB4, PSMC4, PSMD4",0.7908442352991982
Reactome,Downregulated in R,REACTOME_CELLULAR_RESPONSES_TO_STIMULI,11,425,200,0.6770851751731725,"CHD9, COL4A6, CSRP1, ETS2, EXTL3, GRB10, HMGA2, IGFBP7, MAP3K5, SESN1, SHC1",0.7908442352991982
Reactome,Downregulated in R,REACTOME_TRANSPORT_TO_THE_GOLGI_AND_SUBSEQUENT_MODIFICATION,2,81,200,0.6782794430141228,"CD59, SPTBN1",0.7909613504825981
Reactome,Upregulated in R,REACTOME_MAPK_FAMILY_SIGNALING_CASCADES,4,162,200,0.6854740998963993,"CDK1, PSMB4, PSMC4, PSMD4",0.7980640486716534
Reactome,Downregulated in R,REACTOME_REGULATION_OF_HSF1_MEDIATED_HEAT_SHOCK_RESPONSE,1,40,200,0.6872291616912878,COL4A6,0.7984171399030309
Reactome,Downregulated in R,REACTOME_NEURONAL_SYSTEM,3,123,200,0.6879860002207306,"ADCY9, KCND3, PDLIM5",0.7984171399030309
Reactome,Upregulated in R,REACTOME_REGULATION_OF_ENDOGENOUS_RETROELEMENTS,1,41,200,0.696212957133158,ACTL6A,0.8066698205244763
Reactome,Downregulated in R,REACTOME_REGULATION_OF_RAS_BY_GAPS,1,42,200,0.7049399620991692,SPRED1,0.8128733534253577
Reactome,Upregulated in R,REACTOME_OPIOID_SIGNALLING,1,42,200,0.7049399620991692,KPNA2,0.8128733534253577
Reactome,Downregulated in R,REACTOME_RUNX1_REGULATES_TRANSCRIPTION_OF_GENES_INVOLVED_IN_DIFFERENTIATION_OF_HSCS,1,42,200,0.7049399620991692,YAP1,0.8128733534253577
Reactome,Upregulated in R,REACTOME_G_ALPHA_12_13_SIGNALLING_EVENTS,1,43,200,0.7134174807861633,ECT2,0.8174339756076007
Reactome,Upregulated in R,REACTOME_COPI_MEDIATED_ANTEROGRADE_TRANSPORT,1,43,200,0.7134174807861633,COPA,0.8174339756076007
Reactome,Downregulated in R,REACTOME_TNFR2_NON_CANONICAL_NF_KB_PATHWAY,1,43,200,0.7134174807861633,TNFRSF1A,0.8174339756076007
Reactome,Upregulated in R,REACTOME_RAB_REGULATION_OF_TRAFFICKING,1,43,200,0.7134174807861633,RAB5A,0.8174339756076007
Reactome,Downregulated in R,REACTOME_RESPONSE_TO_ELEVATED_PLATELET_CYTOSOLIC_CA2,2,87,200,0.7158865023104963,"ITGB3, TGFB1",0.8189650967887482
Reactome,Downregulated in R,REACTOME_SLC_TRANSPORTER_DISORDERS,1,45,200,0.7296522482215964,SLC20A2,0.8333942740350935
Reactome,Upregulated in R,REACTOME_VIRAL_INFECTION_PATHWAYS,10,408,200,0.7371065602364248,"EZH2, FEN1, KPNA2, NUP107, NUP210, PSMB4, PSMC4, PSMD4, RAB5A, SUDS3",0.8405805095440618
Reactome,Downregulated in R,REACTOME_TRANSCRIPTIONAL_REGULATION_BY_RUNX1,2,93,200,0.7497511166470762,"HIPK2, YAP1",0.8536536335997419
Reactome,Downregulated in R,REACTOME_CILIUM_ASSEMBLY,2,94,200,0.7550471512949707,"DYNC2H1, PKD1",0.8583319031230563
Reactome,Downregulated in R,REACTOME_CELLULAR_RESPONSE_TO_HEAT_STRESS,1,49,200,0.7594270866746443,COL4A6,0.8619557043418647
Reactome,Upregulated in R,REACTOME_SIGNALING_BY_ROBO_RECEPTORS,3,141,200,0.7729908700606338,"PSMB4, PSMC4, PSMD4",0.8730938093035545
Reactome,Downregulated in R,REACTOME_IMMUNOREGULATORY_INTERACTIONS_BETWEEN_A_LYMPHOID_AND_A_NON_LYMPHOID_CELL,1,51,200,0.7730670191459701,MICA,0.8730938093035545
Reactome,Upregulated in R,REACTOME_RESPIRATORY_SYNCYTIAL_VIRUS_INFECTION_PATHWAY,1,51,200,0.7730670191459701,RAB5A,0.8730938093035545
Reactome,Upregulated in R,REACTOME_BIOLOGICAL_OXIDATIONS,2,98,200,0.7752783202944425,"GGCT, PODXL2",0.8730938093035545
Reactome,Downregulated in R,REACTOME_APOPTOSIS,2,98,200,0.7752783202944425,"PLEC, TNFRSF10B",0.8730938093035545
Reactome,Downregulated in R,REACTOME_TRANSPORT_OF_INORGANIC_CATIONS_ANIONS_AND_AMINO_ACIDS_OLIGOPEPTIDES,1,52,200,0.7795955859139226,SLC20A2,0.8755510465765393
Reactome,Downregulated in R,REACTOME_COPI_DEPENDENT_GOLGI_TO_ER_RETROGRADE_TRAFFIC,1,53,200,0.7859372465119973,KIF13B,0.8755510465765393
Reactome,Downregulated in R,REACTOME_SARS_COV_2_ACTIVATES_MODULATES_INNATE_AND_ADAPTIVE_IMMUNE_RESPONSES,1,53,200,0.7859372465119973,TLR2,0.8755510465765393
Reactome,Downregulated in R,REACTOME_PHASE_I_FUNCTIONALIZATION_OF_COMPOUNDS,1,53,200,0.7859372465119973,CES1,0.8755510465765393
Reactome,Upregulated in R,REACTOME_SIGNALING_BY_ALK_IN_CANCER,1,53,200,0.7859372465119973,FOXM1,0.8755510465765393
Reactome,Upregulated in R,REACTOME_METABOLISM_OF_NUCLEOTIDES,1,53,200,0.7859372465119973,TYMS,0.8755510465765393
Reactome,Downregulated in R,REACTOME_METABOLISM_OF_NUCLEOTIDES,1,53,200,0.7859372465119973,NT5E,0.8755510465765393
Reactome,Downregulated in R,REACTOME_SPHINGOLIPID_METABOLISM,1,54,200,0.792097325749062,A4GALT,0.8810559484870335
Reactome,Downregulated in R,REACTOME_REGULATION_OF_LIPID_METABOLISM_BY_PPARALPHA,1,56,200,0.8038932888582576,CHD9,0.8928031456905073
Reactome,Upregulated in R,REACTOME_PHOSPHOLIPID_METABOLISM,2,105,200,0.8071968654601478,"MTMR4, RAB5A",0.8937263916197349
Reactome,Downregulated in R,REACTOME_PHOSPHOLIPID_METABOLISM,2,105,200,0.8071968654601478,"GPCPD1, PLA2R1",0.8937263916197349
Reactome,Upregulated in R,REACTOME_RHO_GTPASE_CYCLE,6,278,200,0.8126590717258023,"CIT, DIAPH3, ECT2, KIF14, RACGAP1, TMPO",0.8983983315867815
Reactome,Downregulated in R,REACTOME_O_LINKED_GLYCOSYLATION,1,58,200,0.815023130426851,ADAMTS10,0.8996362187765089
Reactome,Downregulated in R,REACTOME_MITF_M_REGULATED_MELANOCYTE_DEVELOPMENT,1,59,200,0.8203500381179425,KIT,0.9013876558651557
Reactome,Upregulated in R,REACTOME_POTENTIAL_THERAPEUTICS_FOR_SARS,1,59,200,0.8203500381179425,SUDS3,0.9013876558651557
Reactome,Downregulated in R,REACTOME_POTENTIAL_THERAPEUTICS_FOR_SARS,1,59,200,0.8203500381179425,IFNGR1,0.9013876558651557
Reactome,Upregulated in R,REACTOME_ER_TO_GOLGI_ANTEROGRADE_TRANSPORT,1,60,200,0.8255242881721494,COPA,0.9050935325034503
Reactome,Upregulated in R,REACTOME_SIGNALING_BY_GPCR,4,199,200,0.8262264612064691,"CXCL10, CXCL9, ECT2, KPNA2",0.9050935325034503
Reactome,Upregulated in R,REACTOME_SIGNALING_BY_TGF_BETA_RECEPTOR_COMPLEX,1,61,200,0.8305502340695381,MTMR4,0.9084535843150924
Reactome,Downregulated in R,REACTOME_PROGRAMMED_CELL_DEATH,2,113,200,0.8387030724740284,"PLEC, TNFRSF10B",0.9159853797563785
Reactome,Downregulated in R,REACTOME_SIGNALING_BY_VEGF,1,63,200,0.8401740130876882,ITGB3,0.9162078604259406
Reactome,Upregulated in R,REACTOME_SARS_COV_2_INFECTION,3,161,200,0.8443073510015191,"KPNA2, NUP107, NUP210",0.9178213731039089
Reactome,Downregulated in R,REACTOME_INTERLEUKIN_1_SIGNALING,1,64,200,0.8447799493099453,IRAK3,0.9178213731039089
Reactome,Upregulated in R,REACTOME_SARS_COV_1_HOST_INTERACTIONS,1,65,200,0.849253794264263,KPNA2,0.9178213731039089
Reactome,Downregulated in R,REACTOME_NEUROTRANSMITTER_RECEPTORS_AND_POSTSYNAPTIC_SIGNAL_TRANSMISSION,1,65,200,0.849253794264263,ADCY9,0.9178213731039089
Reactome,Upregulated in R,REACTOME_NEUROTRANSMITTER_RECEPTORS_AND_POSTSYNAPTIC_SIGNAL_TRANSMISSION,1,65,200,0.849253794264263,KPNA2,0.9178213731039089
Reactome,Downregulated in R,REACTOME_SIGNALING_BY_WNT,2,116,200,0.8492703991791356,"PORCN, PRKG1",0.9178213731039089
Reactome,Downregulated in R,REACTOME_GOLGI_TO_ER_RETROGRADE_TRANSPORT,1,66,200,0.8535993176351404,KIF13B,0.9197500844265373
Reactome,Downregulated in R,REACTOME_INTERFERON_GAMMA_SIGNALING,1,66,200,0.8535993176351404,IFNGR1,0.9197500844265373
Reactome,Upregulated in R,REACTOME_CLATHRIN_MEDIATED_ENDOCYTOSIS,1,67,200,0.8578201820539051,RAB5A,0.9229226065847818
Reactome,Downregulated in R,REACTOME_CELLULAR_RESPONSE_TO_CHEMICAL_STRESS,2,123,200,0.8715286864542406,"CHD9, SESN1",0.9342600898560185
Reactome,Upregulated in R,REACTOME_NEURONAL_SYSTEM,2,123,200,0.8715286864542406,"EPB41, KPNA2",0.9342600898560185
Reactome,Downregulated in R,REACTOME_ANTIGEN_PROCESSING_CROSS_PRESENTATION,1,71,200,0.8735267230189052,TLR2,0.9342600898560185
Reactome,Upregulated in R,REACTOME_L1CAM_INTERACTIONS,1,71,200,0.8735267230189052,KIF4A,0.9342600898560185
Reactome,Downregulated in R,REACTOME_KEAP1_NFE2L2_PATHWAY,1,72,200,0.8771756923490004,SESN1,0.9367769949310595
Reactome,Downregulated in R,REACTOME_BETA_CATENIN_INDEPENDENT_WNT_SIGNALING,1,74,200,0.8841623212857712,PRKG1,0.9428456611941188
Reactome,Downregulated in R,REACTOME_METABOLISM_OF_STEROIDS,1,76,200,0.8907534032255859,CHD9,0.9484752732431497
Reactome,Downregulated in R,REACTOME_ESR_MEDIATED_SIGNALING,1,77,200,0.8939076286268972,SHC1,0.9494984957125787
Reactome,Upregulated in R,REACTOME_SARS_COV_INFECTIONS,4,227,200,0.8943409067500223,"KPNA2, NUP107, NUP210, SUDS3",0.9494984957125787
Reactome,Downregulated in R,REACTOME_UB_SPECIFIC_PROCESSING_PROTEASES,1,78,200,0.8969712258366316,ADRB2,0.9495024835723055
Reactome,Downregulated in R,REACTOME_FC_EPSILON_RECEPTOR_FCERI_SIGNALING,1,78,200,0.8969712258366316,SHC1,0.9495024835723055
Reactome,Upregulated in R,REACTOME_METABOLISM_OF_AMINO_ACIDS_AND_DERIVATIVES,3,183,200,0.8996224757212486,"PSMB4, PSMC4, PSMD4",0.9509167396878111
Reactome,Downregulated in R,REACTOME_NEUTROPHIL_DEGRANULATION,5,276,200,0.9014318148992384,"CD59, CD93, CNN2, TCN1, TLR2",0.9514382513462035
Reactome,Upregulated in R,REACTOME_TRANSPORT_TO_THE_GOLGI_AND_SUBSEQUENT_MODIFICATION,1,81,200,0.9056437942408911,COPA,0.954490471189744
Reactome,Downregulated in R,REACTOME_ASPARAGINE_N_LINKED_GLYCOSYLATION,2,140,200,0.9136127483938407,"CD59, SPTBN1",0.9614876522398061
Reactome,Upregulated in R,REACTOME_SIGNALING_BY_INTERLEUKINS,4,240,200,0.91713467132044,"CXCL10, PSMB4, PSMC4, PSMD4",0.9637912316347066
Reactome,Upregulated in R,REACTOME_TRANSMISSION_ACROSS_CHEMICAL_SYNAPSES,1,88,200,0.9231578275608767,KPNA2,0.9668352035090718
Reactome,Downregulated in R,REACTOME_TRANSMISSION_ACROSS_CHEMICAL_SYNAPSES,1,88,200,0.9231578275608767,ADCY9,0.9668352035090718
Reactome,Upregulated in R,REACTOME_SARS_COV_1_INFECTION,1,89,200,0.9253803054333025,KPNA2,0.9668352035090718
Reactome,Downregulated in R,REACTOME_NEDDYLATION,1,89,200,0.9253803054333025,CCDC8,0.9668352035090718
Reactome,Downregulated in R,REACTOME_DISORDERS_OF_TRANSMEMBRANE_TRANSPORTERS,1,90,200,0.9275388155451538,SLC20A2,0.9676920110232989
Reactome,Downregulated in R,REACTOME_INTRA_GOLGI_AND_RETROGRADE_GOLGI_TO_ER_TRAFFIC,1,91,200,0.9296351900411713,KIF13B,0.9684816172907303
Reactome,Downregulated in R,REACTOME_SUMOYLATION,1,92,200,0.9316712088478504,HIPK2,0.9692061640244544
Reactome,Downregulated in R,REACTOME_FATTY_ACID_METABOLISM,1,96,200,0.9392455798443041,GGT5,0.9696147028779947
Reactome,Upregulated in R,REACTOME_DEGRADATION_OF_THE_EXTRACELLULAR_MATRIX,1,96,200,0.9392455798443041,NCSTN,0.9696147028779947
Reactome,Upregulated in R,REACTOME_FATTY_ACID_METABOLISM,1,96,200,0.9392455798443041,NDUFAB1,0.9696147028779947
Reactome,Upregulated in R,REACTOME_METABOLISM_OF_CARBOHYDRATES,2,155,200,0.9396828839198851,"NUP107, NUP210",0.9696147028779947
Reactome,Downregulated in R,REACTOME_CLASS_I_MHC_MEDIATED_ANTIGEN_PROCESSING_PRESENTATION,2,155,200,0.9396828839198851,"RNF217, TLR2",0.9696147028779947
Reactome,Upregulated in R,REACTOME_NERVOUS_SYSTEM_DEVELOPMENT,6,350,200,0.9401105210476822,"KIF4A, NCSTN, PSENEN, PSMB4, PSMC4, PSMD4",0.9696147028779947
Reactome,Downregulated in R,REACTOME_ADAPTIVE_IMMUNE_SYSTEM,6,355,200,0.9450697591695699,"MICA, PRKG1, RAPGEF3, RAPGEF4, RNF217, TLR2",0.9719218595113124
Reactome,Downregulated in R,REACTOME_SARS_COV_2_HOST_INTERACTIONS,1,101,200,0.9475490481545397,TLR2,0.9719218595113124
Reactome,Downregulated in R,REACTOME_CELLULAR_RESPONSE_TO_STARVATION,1,101,200,0.9475490481545397,SESN1,0.9719218595113124
Reactome,Downregulated in R,REACTOME_SARS_COV_2_INFECTION,2,161,200,0.9478652987870374,"HSPG2, TLR2",0.9719218595113124
Reactome,Downregulated in R,REACTOME_INFLUENZA_INFECTION,1,102,200,0.9490689250553064,TGFB1,0.9719218595113124
Reactome,Downregulated in R,REACTOME_MITOTIC_G2_G2_M_PHASES,1,107,200,0.9560355136135508,PHLDA1,0.9762905033087531
Reactome,Downregulated in R,REACTOME_ANTIGEN_PROCESSING_UBIQUITINATION_PROTEASOME_DEGRADATION,1,107,200,0.9560355136135508,RNF217,0.9762905033087531
Reactome,Upregulated in R,REACTOME_NEUTROPHIL_DEGRANULATION,4,276,200,0.9591432275938424,"DSN1, GGH, ILF2, NCSTN",0.9780825861076842
Reactome,Downregulated in R,REACTOME_SARS_COV_INFECTIONS,3,227,200,0.9607346222017419,"HSPG2, IFNGR1, TLR2",0.9783255378195203
Reactome,Downregulated in R,REACTOME_SIGNALING_BY_NUCLEAR_RECEPTORS,1,117,200,0.9672509128386029,SHC1,0.9835758227599296
Reactome,Downregulated in R,REACTOME_METABOLISM_OF_LIPIDS,5,366,200,0.9818349253668249,"A4GALT, CHD9, GGT5, GPCPD1, PLA2R1",0.9962782120644887
Reactome,Upregulated in R,REACTOME_ASPARAGINE_N_LINKED_GLYCOSYLATION,1,140,200,0.9833924346669903,COPA,0.9962782120644887
Reactome,Downregulated in R,REACTOME_SIGNALING_BY_ROBO_RECEPTORS,1,141,200,0.9838764085948064,SLIT3,0.9962782120644887
Reactome,Downregulated in R,REACTOME_INTERFERON_SIGNALING,1,152,200,0.988357393069994,IFNGR1,0.9994159373281198
Reactome,Upregulated in R,REACTOME_SIGNALING_BY_RECEPTOR_TYROSINE_KINASES,3,293,200,0.9914288747899858,"NCSTN, PSENEN, STMN1",0.9996576829536619
Reactome,Downregulated in R,REACTOME_METABOLISM_OF_AMINO_ACIDS_AND_DERIVATIVES,1,183,200,0.9953625039506223,AMT,0.9996576829536619
Reactome,Downregulated in R,REACTOME_VIRAL_INFECTION_PATHWAYS,4,408,200,0.9977893171278968,"HSPG2, IFNGR1, TGFB1, TLR2",0.9996576829536619
Reactome,Upregulated in R,REACTOME_EXTRACELLULAR_MATRIX_ORGANIZATION,1,213,200,0.9981048104102151,NCSTN,0.9996576829536619
Reactome,Upregulated in R,REACTOME_TRANSPORT_OF_SMALL_MOLECULES,3,365,200,0.998545294123211,"PSMB4, PSMC4, PSMD4",0.9996576829536619
Reactome,Upregulated in R,REACTOME_METABOLISM_OF_LIPIDS,3,366,200,0.9985816506272587,"MTMR4, NDUFAB1, RAB5A",0.9996576829536619
Reactome,Downregulated in R,REACTOME_CELL_CYCLE,2,324,200,0.9992658267802083,"PHLDA1, SYNE1",0.9996576829536619
Reactome,Downregulated in R,REACTOME_CELL_CYCLE_MITOTIC,1,270,200,0.9996576829536619,PHLDA1,0.9996576829536619
GO_BP,Upregulated in R,GOBP_CHROMOSOME_ORGANIZATION,72,268,200,3.107718969040678e-53,"ACTL6A, BLM, BRIP1, BUB1, BUB1B, CCNE1, CCNE2, CDC6, CDCA8, CDK1, CDK2, CENPF, CENPI, CEP55, DNA2, ESCO2, ESPL1, EXO1, EZH2, FANCD2, FEN1, HJURP, HMGB2, HMGB3, INCENP, KIF11, KIF14, KIF15, KIF18A, KIF22, KIF23, KIF2C, KIF4A, KIFC1, KNSTRN, KNTC1, MCM2, MCM4, MCM6, MCM7, MYBL2, NCAPD2, NCAPG, NCAPH, NDC80, NEK2, NUF2, NUP107, NUSAP1, PCNA, PLK1, POLQ, PRC1, PSMC3IP, RACGAP1, RAD51, RAD54L, RFC2, RFC3, RFC4, RFC5, RPA1, RPA3, SPAG5, SPICE1, TOP2A, TOPBP1, TPX2, TTK, XRCC3, ZWILCH, ZWINT",1.0615967998242956e-49
GO_BP,Upregulated in R,GOBP_MITOTIC_CELL_CYCLE_PROCESS,79,385,200,3.972592181958526e-49,"ACTL6A, ATAD5, AURKA, BLM, BORA, BRCA1, BRCC3, BUB1, BUB1B, CCNA2, CCNB2, CCNE1, CCNE2, CCNF, CDC6, CDCA8, CDK1, CDK2, CENPF, CENPI, CENPJ, CEP55, CEP85, CIT, DBF4, DNA2, DONSON, DTL, ECT2, ENSA, ESPL1, EZH2, FANCD2, FOXM1, GTSE1, INCENP, KIF11, KIF14, KIF15, KIF18A, KIF22, KIF23, KIF2C, KIF4A, KIFC1, KNSTRN, KNTC1, MCM2, MCM4, MCM6, MELK, MKI67, MYBL2, NCAPD2, NCAPG, NCAPH, NDC80, NEK2, NUF2, NUSAP1, PCNA, PLK1, POLE, PRC1, RACGAP1, RAD51, SASS6, SKP2, SPAG5, SPICE1, STMN1, TICRR, TOPBP1, TPX2, TTK, VRK1, XRCC3, ZWILCH, ZWINT",6.785187446785163e-46
GO_BP,Upregulated in R,GOBP_CHROMOSOME_SEGREGATION,58,179,200,1.7182275489430374e-47,"ACTL6A, AURKA, BRCA1, BRIP1, BUB1, BUB1B, CCNB2, CCNE1, CCNE2, CDC6, CDCA8, CDK1, CENPF, CENPI, CENPJ, CEP55, CEP85, DIAPH3, DSN1, ECT2, ESCO2, ESPL1, FANCD2, HJURP, INCENP, KIF11, KIF14, KIF15, KIF18A, KIF22, KIF23, KIF2C, KIF4A, KIFC1, KNSTRN, KNTC1, MKI67, MYBL2, NCAPD2, NCAPG, NCAPH, NDC80, NEK2, NUF2, NUSAP1, PLK1, PRC1, PSMC3IP, RACGAP1, SASS6, SPAG5, SPICE1, TOP2A, TPX2, TTK, XRCC3, ZWILCH, ZWINT",1.9564884357298052e-44
GO_BP,Upregulated in R,GOBP_MITOTIC_CELL_CYCLE,81,449,200,6.343204825026365e-46,"ACTL6A, ATAD5, AURKA, BLM, BORA, BRCA1, BRCC3, BUB1, BUB1B, CCNA2, CCNB2, CCNE1, CCNE2, CCNF, CDC6, CDCA8, CDK1, CDK2, CENPF, CENPI, CENPJ, CEP55, CEP85, CIT, DBF4, DNA2, DONSON, DTL, E2F8, ECT2, ENSA, ESPL1, EZH2, FANCD2, FOXM1, GTSE1, INCENP, KIF11, KIF14, KIF15, KIF18A, KIF22, KIF23, KIF2C, KIF4A, KIFC1, KNSTRN, KNTC1, MCM2, MCM4, MCM6, MELK, MKI67, MYBL2, NCAPD2, NCAPG, NCAPH, NDC80, NEK2, NUF2, NUSAP1, PCNA, PLK1, POLE, PRC1, RACGAP1, RAD51, RPA3, SASS6, SKP2, SPAG5, SPICE1, STMN1, TICRR, TOPBP1, TPX2, TTK, VRK1, XRCC3, ZWILCH, ZWINT",5.417096920572515e-43
GO_BP,Upregulated in R,GOBP_NUCLEAR_CHROMOSOME_SEGREGATION,50,138,200,1.654767515561165e-43,"ACTL6A, AURKA, BRIP1, BUB1, BUB1B, CCNB2, CCNE1, CCNE2, CDC6, CDCA8, CDK1, CENPF, CENPI, CEP55, DSN1, ECT2, ESPL1, FANCD2, INCENP, KIF11, KIF14, KIF15, KIF18A, KIF22, KIF23, KIF2C, KIF4A, KIFC1, KNSTRN, KNTC1, MYBL2, NCAPD2, NCAPG, NCAPH, NDC80, NEK2, NUF2, NUSAP1, PLK1, PRC1, PSMC3IP, RACGAP1, SPAG5, SPICE1, TOP2A, TPX2, TTK, XRCC3, ZWILCH, ZWINT",1.1305371666313878e-40
GO_BP,Upregulated in R,GOBP_ORGANELLE_FISSION,54,216,200,2.165455830899693e-37,"AURKA, BORA, BRIP1, BUB1, BUB1B, CCNB2, CCNE1, CCNE2, CDCA8, CDK1, CENPF, CENPI, CEP55, CEP85, ESPL1, FANCA, FANCD2, INCENP, KIF11, KIF14, KIF15, KIF18A, KIF22, KIF23, KIF2C, KIF4A, KIFC1, KNSTRN, KNTC1, MKI67, MYBL2, NCAPD2, NCAPG, NCAPH, NDC80, NEK2, NUF2, NUSAP1, PLK1, PRC1, PSMC3IP, RACGAP1, RAD51, RAD54L, RMI1, SPAG5, SPICE1, TDRKH, TOP2A, TPX2, TTK, XRCC3, ZWILCH, ZWINT",1.232866186392225e-34
GO_BP,Upregulated in R,GOBP_REGULATION_OF_CELL_CYCLE_PROCESS,65,353,200,1.385476342374543e-36,"ACTL6A, ATAD5, AURKA, BLM, BORA, BRCA1, BRCC3, BRIP1, BUB1, BUB1B, CCNE1, CCNE2, CCNF, CDC6, CDCA8, CDK1, CDK2, CENPF, CENPJ, CEP85, CIT, DBF4, DNA2, DONSON, DTL, E2F8, ECT2, ESPL1, EZH2, FANCD2, FEN1, GTSE1, INCENP, KIF11, KIF14, KIF23, KIF2C, KNSTRN, KNTC1, METTL13, MKI67, NCAPD2, NCAPG, NCAPH, NDC80, NEK2, NUF2, NUSAP1, PLK1, PLK4, PRC1, RAB11FIP4, RACGAP1, RAD51, SASS6, SPAG5, SPICE1, TICRR, TIMELESS, TOPBP1, TPX2, TTK, XRCC3, ZWILCH, ZWINT",6.76112455078777e-34
GO_BP,Upregulated in R,GOBP_DNA_METABOLIC_PROCESS,68,404,200,8.370043832898763e-36,"ACTL6A, ATAD5, BLM, BRCA1, BRCC3, BRIP1, CCNA2, CCNE1, CCNE2, CDC6, CDK1, CDK2, CENPF, CHAF1A, CHAF1B, DBF4, DNA2, DONSON, DTL, E2F8, ESCO2, EXO1, FANCA, FANCB, FANCD2, FANCI, FEN1, FOXM1, HMGB2, HMGB3, KIF22, KPNA2, LIN9, MCM10, MCM2, MCM4, MCM6, MCM7, NEK2, PARP2, PARPBP, PCNA, PLK1, POLA2, POLE, POLQ, PRIM1, PRIM2, PSMC3IP, RAD51, RAD54L, RFC2, RFC3, RFC4, RFC5, RMI1, RNASEH2A, RPA1, RPA3, SKP2, TICRR, TIMELESS, TOP2A, TOPBP1, TYMS, UBE2T, VPS72, XRCC3",3.574008716647772e-33
GO_BP,Upregulated in R,GOBP_SISTER_CHROMATID_SEGREGATION,41,113,200,1.4148663093453116e-35,"ACTL6A, BUB1, BUB1B, CDC6, CDCA8, CDK1, CENPF, CENPI, CEP55, ESPL1, INCENP, KIF11, KIF14, KIF15, KIF18A, KIF22, KIF23, KIF2C, KIF4A, KIFC1, KNSTRN, KNTC1, MYBL2, NCAPD2, NCAPG, NCAPH, NDC80, NEK2, NUF2, NUSAP1, PLK1, PRC1, RACGAP1, SPAG5, SPICE1, TOP2A, TPX2, TTK, XRCC3, ZWILCH, ZWINT",5.370203680803983e-33
GO_BP,Upregulated in R,GOBP_REGULATION_OF_CELL_CYCLE,74,497,200,1.7191582196095603e-35,"ACTL6A, ATAD5, AURKA, BLM, BORA, BRCA1, BRCC3, BRIP1, BUB1, BUB1B, CCNA2, CCNB2, CCNE1, CCNE2, CCNF, CDC6, CDCA8, CDK1, CDK2, CENPF, CENPJ, CEP85, CIT, DBF4, DNA2, DONSON, DTL, E2F8, ECT2, ESPL1, EZH2, FANCD2, FEN1, FOXM1, GTSE1, INCENP, KIF11, KIF14, KIF23, KIF2C, KNSTRN, KNTC1, LIN9, METTL13, MKI67, NCAPD2, NCAPG, NCAPH, NDC80, NEK2, NUF2, NUSAP1, PLK1, PLK4, PRC1, PRR11, RAB11FIP4, RACGAP1, RAD51, RPA3, SASS6, SKP2, SPAG5, SPICE1, TICRR, TIMELESS, TOPBP1, TPX2, TTK, UHMK1, VPS72, XRCC3, ZWILCH, ZWINT",5.872644478186257e-33
GO_BP,Upregulated in R,GOBP_MITOTIC_SISTER_CHROMATID_SEGREGATION,38,96,200,1.1406381363242221e-34,"BUB1, BUB1B, CDCA8, CDK1, CENPF, CENPI, CEP55, ESPL1, INCENP, KIF11, KIF14, KIF15, KIF18A, KIF22, KIF23, KIF2C, KIF4A, KIFC1, KNSTRN, KNTC1, MYBL2, NCAPD2, NCAPG, NCAPH, NDC80, NEK2, NUF2, NUSAP1, PLK1, PRC1, RACGAP1, SPAG5, SPICE1, TPX2, TTK, XRCC3, ZWILCH, ZWINT",3.542199885166857e-32
GO_BP,Upregulated in R,GOBP_DNA_REPLICATION,43,151,200,3.282877106851378e-32,"ACTL6A, ATAD5, BLM, BRCA1, CCNA2, CCNE1, CCNE2, CDC6, CDK1, CDK2, CHAF1A, CHAF1B, DBF4, DNA2, DONSON, DTL, E2F8, ESCO2, EXO1, FEN1, MCM10, MCM2, MCM4, MCM6, MCM7, PCNA, POLA2, POLE, POLQ, PRIM1, PRIM2, RAD51, RFC2, RFC3, RFC4, RFC5, RMI1, RNASEH2A, RPA1, RPA3, TICRR, TIMELESS, TOPBP1",9.345256830836922e-30
GO_BP,Upregulated in R,GOBP_MITOTIC_NUCLEAR_DIVISION,42,143,200,4.5151235995101455e-32,"AURKA, BORA, BUB1, BUB1B, CDCA8, CDK1, CENPF, CENPI, CEP55, CEP85, ESPL1, INCENP, KIF11, KIF14, KIF15, KIF18A, KIF22, KIF23, KIF2C, KIF4A, KIFC1, KNSTRN, KNTC1, MKI67, MYBL2, NCAPD2, NCAPG, NCAPH, NDC80, NEK2, NUF2, NUSAP1, PLK1, PRC1, RACGAP1, SPAG5, SPICE1, TPX2, TTK, XRCC3, ZWILCH, ZWINT",1.1864355550712813e-29
GO_BP,Upregulated in R,GOBP_CELL_DIVISION,56,298,200,1.0465401944043373e-31,"AURKA, BLM, BORA, BRCC3, BRIP1, BUB1, BUB1B, CCNA2, CCNB2, CCNE1, CCNE2, CCNF, CDC6, CDCA8, CDK1, CDK2, CENPF, CENPJ, CEP55, CIT, DSN1, E2F8, ECT2, ENSA, EPB41, ESPL1, HELLS, INCENP, KIF11, KIF14, KIF23, KIF2C, KIF4A, KIFC1, KNSTRN, KNTC1, NCAPD2, NCAPG, NCAPH, NDC80, NEK2, NUF2, NUSAP1, PLK1, PRC1, RAB11FIP4, RACGAP1, SPAG5, SPICE1, STMN1, TIMELESS, TOP2A, TPX2, VRK1, ZWILCH, ZWINT",2.553558074346583e-29
GO_BP,Upregulated in R,GOBP_DNA_TEMPLATED_DNA_REPLICATION,33,88,200,3.3132110791479137e-29,"ATAD5, BLM, BRCA1, CCNE1, CCNE2, CDC6, CDK2, DBF4, DNA2, DONSON, E2F8, EXO1, FEN1, MCM10, MCM2, MCM4, MCM6, MCM7, PCNA, POLA2, POLE, POLQ, PRIM1, PRIM2, RAD51, RFC2, RFC3, RFC4, RFC5, RPA1, TICRR, TIMELESS, TOPBP1",7.545286030912849e-27
GO_BP,Upregulated in R,GOBP_DNA_REPAIR,48,242,200,3.8574997745383424e-28,"ACTL6A, BLM, BRCA1, BRCC3, BRIP1, CDK1, CDK2, CHAF1A, CHAF1B, DNA2, DTL, ESCO2, EXO1, FANCA, FANCB, FANCD2, FANCI, FEN1, FOXM1, HMGB2, KIF22, MCM2, MCM4, MCM6, MCM7, PARP2, PARPBP, PCNA, PLK1, POLE, POLQ, RAD51, RAD54L, RFC2, RFC3, RFC4, RFC5, RMI1, RNASEH2A, RPA1, RPA3, SKP2, TICRR, TIMELESS, TOPBP1, UBE2T, VPS72, XRCC3",8.235762018639361e-26
GO_BP,Upregulated in R,GOBP_CELL_CYCLE_PHASE_TRANSITION,49,270,200,7.18458300286754e-27,"ACTL6A, ATAD5, AURKA, BLM, BRCA1, BRCC3, BRIP1, BUB1, BUB1B, CCNA2, CCNB2, CCNE1, CCNE2, CCNF, CDC6, CDCA8, CDK1, CDK2, CENPF, CENPJ, DBF4, DNA2, DONSON, DTL, ENSA, ESPL1, EZH2, FANCD2, FOXM1, GTSE1, INCENP, KIF14, KNTC1, MELK, METTL13, NDC80, NUF2, PLK1, POLE, RAD51, SASS6, SKP2, TICRR, TIMELESS, TOPBP1, TTK, XRCC3, ZWILCH, ZWINT",1.443678561046795e-24
GO_BP,Upregulated in R,GOBP_DNA_DAMAGE_RESPONSE,55,367,200,6.72337449820455e-26,"ACTL6A, ATAD5, BLM, BRCA1, BRCC3, BRIP1, CBX3, CDK1, CDK2, CHAF1A, CHAF1B, DNA2, DONSON, DTL, ESCO2, EXO1, FANCA, FANCB, FANCD2, FANCI, FEN1, FOXM1, GTSE1, HMGB2, KIF22, MCM10, MCM2, MCM4, MCM6, MCM7, PARP2, PARPBP, PCNA, PLK1, POLE, POLQ, RAD51, RAD54L, RFC2, RFC3, RFC4, RFC5, RMI1, RNASEH2A, RPA1, RPA3, SKP2, TICRR, TIMELESS, TOP2A, TOPBP1, UBE2T, VPS72, VRK1, XRCC3",1.2759470714370412e-23
GO_BP,Upregulated in R,GOBP_MITOTIC_CELL_CYCLE_PHASE_TRANSITION,43,223,200,1.2219152621658425e-24,"ACTL6A, ATAD5, AURKA, BLM, BRCA1, BRCC3, BUB1, BUB1B, CCNA2, CCNB2, CCNE1, CCNE2, CCNF, CDC6, CDCA8, CDK1, CDK2, CENPF, CENPJ, DBF4, DONSON, DTL, ENSA, ESPL1, EZH2, FOXM1, GTSE1, INCENP, KIF14, KNTC1, MELK, NDC80, NUF2, PLK1, POLE, SASS6, SKP2, TICRR, TOPBP1, TTK, XRCC3, ZWILCH, ZWINT",2.196875018715009e-22
GO_BP,Upregulated in R,GOBP_METAPHASE_CHROMOSOME_ALIGNMENT,22,45,200,7.723251661925421e-23,"CDCA8, CDK1, CENPF, CEP55, DSN1, ECT2, INCENP, KIF14, KIF18A, KIF22, KIF2C, KIFC1, KNSTRN, KNTC1, NDC80, NEK2, NUF2, RACGAP1, SPAG5, SPICE1, ZWILCH, ZWINT",1.3191313838568618e-20
GO_BP,Upregulated in R,GOBP_NEGATIVE_REGULATION_OF_CELL_CYCLE_PROCESS,35,153,200,1.0713559563762995e-22,"BLM, BRCA1, BRCC3, BRIP1, BUB1, BUB1B, CCNF, CDC6, CDCA8, CDK1, CDK2, CENPF, DNA2, DONSON, DTL, E2F8, ESPL1, EZH2, FANCD2, GTSE1, INCENP, KNTC1, METTL13, NDC80, NEK2, NUF2, PLK1, RAD51, TICRR, TIMELESS, TOPBP1, TTK, XRCC3, ZWILCH, ZWINT",1.7427390223721137e-20
GO_BP,Upregulated in R,GOBP_REGULATION_OF_CELL_CYCLE_PHASE_TRANSITION,41,223,200,1.1786541016481902e-22,"ACTL6A, ATAD5, AURKA, BLM, BRCA1, BRCC3, BRIP1, BUB1, BUB1B, CCNE1, CCNE2, CDC6, CDCA8, CDK1, CDK2, CENPF, CENPJ, DBF4, DNA2, DONSON, DTL, ESPL1, EZH2, FANCD2, GTSE1, INCENP, KIF14, KNTC1, METTL13, NDC80, NUF2, PLK1, RAD51, SASS6, TICRR, TIMELESS, TOPBP1, TTK, XRCC3, ZWILCH, ZWINT",1.830128368741008e-20
GO_BP,Upregulated in R,GOBP_CELL_CYCLE_CHECKPOINT_SIGNALING,29,102,200,8.661207290929746e-22,"BLM, BRCA1, BRCC3, BRIP1, BUB1, BUB1B, CDC6, CDCA8, CDK1, CDK2, CENPF, DNA2, DONSON, DTL, FANCD2, GTSE1, INCENP, KNTC1, NDC80, NUF2, PLK1, RAD51, TICRR, TIMELESS, TOPBP1, TTK, XRCC3, ZWILCH, ZWINT",1.2863775698180877e-19
GO_BP,Upregulated in R,GOBP_CHROMOSOME_LOCALIZATION,22,50,200,1.4712264061767732e-21,"CDCA8, CDK1, CENPF, CEP55, DSN1, ECT2, INCENP, KIF14, KIF18A, KIF22, KIF2C, KIFC1, KNSTRN, KNTC1, NDC80, NEK2, NUF2, RACGAP1, SPAG5, SPICE1, ZWILCH, ZWINT",2.094045584791607e-19
GO_BP,Upregulated in R,GOBP_DNA_RECOMBINATION,31,124,200,2.119990831346691e-21,"ACTL6A, ATAD5, BLM, BRCA1, BRIP1, EXO1, FANCB, FANCD2, FEN1, HMGB2, HMGB3, KPNA2, MCM2, MCM4, MCM6, MCM7, PARPBP, PLK1, POLQ, PSMC3IP, RAD51, RAD54L, RMI1, RPA1, RPA3, SKP2, TIMELESS, TOP2A, TOPBP1, VPS72, XRCC3",2.896755471952118e-19
GO_BP,Upregulated in R,GOBP_MITOTIC_CELL_CYCLE_CHECKPOINT_SIGNALING,25,76,200,1.2150138313914381e-20,"BLM, BRCA1, BRCC3, BUB1, BUB1B, CDC6, CDCA8, CDK1, CDK2, CENPF, DONSON, DTL, FANCD2, GTSE1, INCENP, KNTC1, NDC80, NUF2, PLK1, TICRR, TOPBP1, TTK, XRCC3, ZWILCH, ZWINT",1.5963412492435204e-18
GO_BP,Upregulated in R,GOBP_DOUBLE_STRAND_BREAK_REPAIR,30,123,200,2.1513853540268955e-20,"ACTL6A, BLM, BRCA1, BRCC3, BRIP1, DNA2, ESCO2, FANCB, FANCD2, FEN1, FOXM1, HMGB2, MCM2, MCM4, MCM6, MCM7, PARP2, PARPBP, PLK1, POLQ, RAD51, RAD54L, RMI1, RPA1, RPA3, SKP2, TIMELESS, TOPBP1, VPS72, XRCC3",2.721900877539213e-18
GO_BP,Upregulated in R,GOBP_POSITIVE_REGULATION_OF_CELL_CYCLE_PROCESS,30,128,200,7.42858122930976e-20,"ATAD5, AURKA, BUB1, CCNE1, CCNE2, CDC6, CDCA8, CDK1, CENPJ, CIT, DBF4, DTL, E2F8, ECT2, ESPL1, EZH2, FEN1, INCENP, KIF14, KIF23, NCAPD2, NCAPG, NCAPH, NDC80, NUSAP1, PLK4, RACGAP1, SASS6, SPAG5, XRCC3",9.062869099757907e-18
GO_BP,Upregulated in R,GOBP_REGULATION_OF_MITOTIC_CELL_CYCLE,40,253,200,1.3585452831535152e-19,"ACTL6A, ATAD5, AURKA, BLM, BORA, BRCA1, BRCC3, BUB1, BUB1B, CCNE1, CCNE2, CDC6, CDCA8, CDK1, CDK2, CENPF, CENPJ, DONSON, DTL, ESPL1, EZH2, FANCD2, GTSE1, INCENP, KIF14, KNTC1, MKI67, NDC80, NEK2, NUF2, NUSAP1, PLK1, RPA3, SASS6, TICRR, TOPBP1, TTK, XRCC3, ZWILCH, ZWINT",1.6002726507766923e-17
GO_BP,Upregulated in R,GOBP_MEIOTIC_CELL_CYCLE,27,101,200,1.4639760332411451e-19,"AURKA, BRIP1, CCNB2, CCNE1, CCNE2, CDK2, ESPL1, EXO1, FANCA, FANCD2, INCENP, KIF18A, NCAPD2, NCAPH, NDC80, NEK2, NUF2, PLK1, PSMC3IP, RAD51, RAD54L, RMI1, RPA1, TDRKH, TOP2A, TTK, ZWINT",1.666980709850584e-17
GO_BP,Upregulated in R,GOBP_REGULATION_OF_MITOTIC_CELL_CYCLE_PHASE_TRANSITION,34,177,200,1.81765686342655e-19,"ACTL6A, ATAD5, AURKA, BLM, BRCA1, BRCC3, BUB1, BUB1B, CCNE1, CCNE2, CDC6, CDCA8, CDK1, CDK2, CENPF, CENPJ, DONSON, DTL, ESPL1, EZH2, GTSE1, INCENP, KIF14, KNTC1, NDC80, NUF2, PLK1, SASS6, TICRR, TOPBP1, TTK, XRCC3, ZWILCH, ZWINT",2.002940595311321e-17
GO_BP,Upregulated in R,GOBP_NEGATIVE_REGULATION_OF_CELL_CYCLE,35,192,200,3.0061659695589215e-19,"BLM, BRCA1, BRCC3, BRIP1, BUB1, BUB1B, CCNF, CDC6, CDCA8, CDK1, CDK2, CENPF, DNA2, DONSON, DTL, E2F8, ESPL1, EZH2, FANCD2, GTSE1, INCENP, KNTC1, METTL13, NDC80, NEK2, NUF2, PLK1, RAD51, TICRR, TIMELESS, TOPBP1, TTK, XRCC3, ZWILCH, ZWINT",3.209082172504149e-17
GO_BP,Upregulated in R,GOBP_SPINDLE_ORGANIZATION,26,97,200,6.719680514976162e-19,"AURKA, BORA, CCNB2, CDCA8, CENPJ, ESPL1, INCENP, KIF11, KIF15, KIF23, KIF4A, KIFC1, KNSTRN, MYBL2, NDC80, NEK2, NUF2, PLK1, PRC1, RACGAP1, SASS6, SPAG5, SPICE1, STMN1, TPX2, TTK",6.955887466411688e-17
GO_BP,Upregulated in R,GOBP_MICROTUBULE_CYTOSKELETON_ORGANIZATION_INVOLVED_IN_MITOSIS,25,90,200,1.2768255405521231e-18,"AURKA, BORA, CDCA8, CDK1, CENPJ, ESPL1, INCENP, KIF11, KIF15, KIF23, KIF4A, KIFC1, MYBL2, NDC80, NEK2, NUF2, NUSAP1, PLK1, PRC1, RACGAP1, SASS6, SPICE1, STMN1, TPX2, TTK",1.282834131331192e-16
GO_BP,Upregulated in R,GOBP_REGULATION_OF_DNA_METABOLIC_PROCESS,35,203,200,1.9682436655200543e-18,"ACTL6A, ATAD5, BLM, BRCA1, BRCC3, CCNA2, CDC6, CDK1, CDK2, DBF4, DNA2, E2F8, ESCO2, FANCB, FOXM1, KPNA2, MCM2, MCM4, MCM6, MCM7, NEK2, PARPBP, PCNA, PLK1, POLQ, PRIM2, RAD51, RFC2, RFC3, RFC4, RFC5, SKP2, TICRR, TIMELESS, VPS72",1.921005817547573e-16
GO_BP,Upregulated in R,GOBP_REGULATION_OF_DNA_REPLICATION,22,67,200,2.951206365162163e-18,"ACTL6A, ATAD5, BLM, CCNA2, CDC6, CDK1, CDK2, DBF4, DNA2, E2F8, ESCO2, MCM2, MCM4, MCM6, MCM7, PCNA, RFC2, RFC3, RFC4, RFC5, TICRR, TIMELESS",2.8003669287205413e-16
GO_BP,Upregulated in R,GOBP_REGULATION_OF_CHROMOSOME_SEGREGATION,22,68,200,4.2558315807473926e-18,"ACTL6A, BUB1, BUB1B, CDC6, CDCA8, CDK1, CENPF, ESPL1, INCENP, KIF2C, KNTC1, MKI67, NCAPD2, NCAPG, NCAPH, NDC80, NUF2, PLK1, TTK, XRCC3, ZWILCH, ZWINT",3.9291677513062415e-16
GO_BP,Upregulated in R,GOBP_NEGATIVE_REGULATION_OF_MITOTIC_CELL_CYCLE_PHASE_TRANSITION,25,97,200,9.374717270753539e-18,"BLM, BRCA1, BRCC3, BUB1, BUB1B, CDC6, CDCA8, CDK1, CDK2, CENPF, DONSON, DTL, EZH2, GTSE1, INCENP, KNTC1, NDC80, NUF2, PLK1, TICRR, TOPBP1, TTK, XRCC3, ZWILCH, ZWINT",8.427377420235286e-16
GO_BP,Upregulated in R,GOBP_MEIOTIC_CELL_CYCLE_PROCESS,23,80,200,1.414213428583197e-17,"AURKA, BRIP1, CCNB2, CCNE1, CCNE2, ESPL1, FANCA, FANCD2, INCENP, KIF18A, NCAPD2, NCAPH, NDC80, NUF2, PLK1, PSMC3IP, RAD51, RAD54L, RMI1, TDRKH, TOP2A, TTK, ZWINT",1.2387059159077437e-15
GO_BP,Upregulated in R,GOBP_POSITIVE_REGULATION_OF_CELL_CYCLE,30,156,200,2.9062190170239e-17,"ATAD5, AURKA, BUB1, CCNE1, CCNE2, CDC6, CDCA8, CDK1, CENPJ, CIT, DBF4, DTL, E2F8, ECT2, ESPL1, EZH2, FEN1, INCENP, KIF14, KIF23, NCAPD2, NCAPG, NCAPH, NDC80, NUSAP1, PLK4, RACGAP1, SASS6, SPAG5, XRCC3",2.48191104053841e-15
GO_BP,Upregulated in R,GOBP_MITOTIC_SPINDLE_ORGANIZATION,22,74,200,3.337194492047544e-17,"AURKA, BORA, CDCA8, CENPJ, INCENP, KIF11, KIF15, KIF23, KIF4A, KIFC1, MYBL2, NDC80, NEK2, NUF2, PLK1, PRC1, RACGAP1, SASS6, SPICE1, STMN1, TPX2, TTK",2.7804527767888805e-15
GO_BP,Upregulated in R,GOBP_RECOMBINATIONAL_REPAIR,22,75,200,4.606745564650257e-17,"ACTL6A, BLM, BRCA1, FANCB, FEN1, MCM2, MCM4, MCM6, MCM7, PARPBP, PLK1, POLQ, RAD51, RAD54L, RMI1, RPA1, RPA3, SKP2, TIMELESS, TOPBP1, VPS72, XRCC3",3.746819725915542e-15
GO_BP,Upregulated in R,GOBP_DNA_REPLICATION_INITIATION,14,23,200,9.951420202993826e-17,"CCNE1, CCNE2, CDC6, CDK2, MCM10, MCM2, MCM4, MCM6, MCM7, POLA2, PRIM1, PRIM2, TICRR, TOPBP1",7.905593351959746e-15
GO_BP,Upregulated in R,GOBP_SPINDLE_ASSEMBLY,20,61,200,1.1264195576398806e-16,"AURKA, CCNB2, CDCA8, CENPJ, INCENP, KIF11, KIF15, KIF23, KIF4A, KIFC1, MYBL2, NDC80, NEK2, PLK1, PRC1, RACGAP1, SASS6, SPAG5, SPICE1, TPX2",8.745111838404163e-15
GO_BP,Upregulated in R,GOBP_NEGATIVE_REGULATION_OF_MITOTIC_CELL_CYCLE,26,119,200,1.6696293643876055e-16,"BLM, BRCA1, BRCC3, BUB1, BUB1B, CDC6, CDCA8, CDK1, CDK2, CENPF, DONSON, DTL, EZH2, FANCD2, GTSE1, INCENP, KNTC1, NDC80, NUF2, PLK1, TICRR, TOPBP1, TTK, XRCC3, ZWILCH, ZWINT",1.2674342019440133e-14
GO_BP,Upregulated in R,GOBP_CELL_CYCLE_G2_M_PHASE_TRANSITION,22,81,200,2.8591738450954165e-16,"ATAD5, AURKA, BLM, BRCA1, BRCC3, CCNA2, CCNB2, CDC6, CDK1, CDK2, CENPF, DONSON, DTL, ENSA, FOXM1, KIF14, MELK, NDC80, PLK1, SKP2, TICRR, TOPBP1",2.123247359749118e-14
GO_BP,Upregulated in R,GOBP_MICROTUBULE_CYTOSKELETON_ORGANIZATION,39,298,200,3.5074210378059003e-16,"AURKA, BORA, BRCA1, CCNB2, CCNF, CDCA8, CDK1, CDK2, CENPJ, CEP152, CEP85, DIAPH3, ESPL1, INCENP, KIF11, KIF14, KIF15, KIF18A, KIF23, KIF2C, KIF4A, KIFC1, KNSTRN, MYBL2, NDC80, NEK2, NUF2, NUSAP1, PLK1, PLK4, PRC1, RACGAP1, SASS6, SPAG5, SPICE1, STMN1, TPX2, TTK, XRCC3",2.5492234606691395e-14
GO_BP,Upregulated in R,GOBP_REGULATION_OF_DNA_TEMPLATED_DNA_REPLICATION,15,30,200,4.3239359266688673e-16,"BLM, CDK2, DBF4, E2F8, MCM2, MCM4, MCM6, MCM7, PCNA, RFC2, RFC3, RFC4, RFC5, TICRR, TIMELESS",3.077201067812677e-14
GO_BP,Upregulated in R,GOBP_ATTACHMENT_OF_SPINDLE_MICROTUBULES_TO_KINETOCHORE,14,25,200,5.161694965024567e-16,"CDCA8, CDK1, DSN1, ECT2, INCENP, KIF2C, KNSTRN, KNTC1, NDC80, NEK2, NUF2, RACGAP1, SPAG5, ZWILCH",3.598438775617127e-14
GO_BP,Upregulated in R,GOBP_CHROMOSOME_SEPARATION,17,44,200,9.883561612018014e-16,"BUB1, BUB1B, CDCA8, CENPF, ESPL1, INCENP, KNTC1, NCAPD2, NCAPG, NCAPH, NDC80, NUF2, PLK1, TTK, XRCC3, ZWILCH, ZWINT",6.752449293330707e-14
GO_BP,Upregulated in R,GOBP_REGULATION_OF_CHROMOSOME_ORGANIZATION,24,108,200,1.7462213935036478e-15,"ACTL6A, BUB1, BUB1B, CDC6, CDCA8, CDK1, CDK2, CENPF, ESPL1, FEN1, INCENP, KNTC1, NCAPD2, NCAPG, NCAPH, NDC80, NEK2, NUF2, PLK1, TOP2A, TTK, XRCC3, ZWILCH, ZWINT",1.1696259372957766e-13
GO_BP,Upregulated in R,GOBP_REGULATION_OF_MITOTIC_NUCLEAR_DIVISION,19,63,200,3.952772214801119e-15,"AURKA, BORA, BUB1, BUB1B, CDCA8, CENPF, ESPL1, INCENP, KNTC1, MKI67, NDC80, NEK2, NUF2, NUSAP1, PLK1, TTK, XRCC3, ZWILCH, ZWINT",2.5966672857231965e-13
GO_BP,Upregulated in R,GOBP_REGULATION_OF_SISTER_CHROMATID_SEGREGATION,17,50,200,1.2198429275639136e-14,"ACTL6A, BUB1, BUB1B, CDC6, CDCA8, CDK1, CENPF, ESPL1, INCENP, KNTC1, NDC80, NUF2, PLK1, TTK, XRCC3, ZWILCH, ZWINT",7.862232906713828e-13
GO_BP,Upregulated in R,GOBP_REGULATION_OF_MITOTIC_SISTER_CHROMATID_SEGREGATION,14,30,200,1.4849489048197406e-14,"BUB1, BUB1B, CDCA8, CDK1, CENPF, INCENP, KNTC1, NDC80, NUF2, PLK1, TTK, XRCC3, ZWILCH, ZWINT",9.393676775674506e-13
GO_BP,Upregulated in R,GOBP_MICROTUBULE_BASED_PROCESS,42,389,200,2.2805821467885543e-14,"AURKA, BORA, BRCA1, CCNB2, CCNF, CDCA8, CDK1, CDK2, CENPJ, CEP152, CEP85, DIAPH3, DNAJA1, ESPL1, GTSE1, INCENP, KIF11, KIF14, KIF15, KIF18A, KIF22, KIF23, KIF2C, KIF4A, KIFC1, KNSTRN, MYBL2, NDC80, NEK2, NUF2, NUSAP1, PLK1, PLK4, PRC1, RACGAP1, SASS6, SPAG5, SPICE1, STMN1, TPX2, TTK, XRCC3",1.4164488388054003e-12
GO_BP,Upregulated in R,GOBP_MEIOTIC_CHROMOSOME_SEGREGATION,14,31,200,2.6405689653841036e-14,"AURKA, BRIP1, CCNB2, CCNE1, CCNE2, ESPL1, FANCD2, NCAPH, NDC80, NUF2, PLK1, PSMC3IP, TTK, ZWINT",1.610747068884303e-12
GO_BP,Upregulated in R,GOBP_MITOTIC_SISTER_CHROMATID_SEPARATION,14,33,200,7.753206054972111e-14,"BUB1, BUB1B, CDCA8, CENPF, ESPL1, INCENP, KNTC1, NDC80, NUF2, PLK1, TTK, XRCC3, ZWILCH, ZWINT",4.6464827866289e-12
GO_BP,Upregulated in R,GOBP_REGULATION_OF_NUCLEAR_DIVISION,19,73,200,7.991594547831119e-14,"AURKA, BORA, BUB1, BUB1B, CDCA8, CENPF, ESPL1, INCENP, KNTC1, MKI67, NDC80, NEK2, NUF2, NUSAP1, PLK1, TTK, XRCC3, ZWILCH, ZWINT",4.706773616446741e-12
GO_BP,Upregulated in R,GOBP_NEGATIVE_REGULATION_OF_CHROMOSOME_ORGANIZATION,15,41,200,1.3408731880009494e-13,"BUB1, BUB1B, CDCA8, CENPF, ESPL1, INCENP, KNTC1, NDC80, NUF2, PLK1, TOP2A, TTK, XRCC3, ZWILCH, ZWINT",7.763428491883464e-12
GO_BP,Upregulated in R,GOBP_NEGATIVE_REGULATION_OF_CHROMOSOME_SEGREGATION,13,28,200,1.4655682071679459e-13,"BUB1, BUB1B, CDCA8, CENPF, INCENP, KNTC1, NDC80, NUF2, PLK1, TTK, XRCC3, ZWILCH, ZWINT",8.343968326142838e-12
GO_BP,Upregulated in R,GOBP_DNA_CONFORMATION_CHANGE,16,50,200,2.2553970552072308e-13,"BLM, BRIP1, DNA2, HMGB2, HMGB3, MCM2, MCM4, MCM6, MCM7, POLQ, RAD51, RFC2, RFC3, RFC4, RFC5, TOP2A",1.2630223509160493e-11
GO_BP,Upregulated in R,GOBP_NON_MEMBRANE_BOUNDED_ORGANELLE_ASSEMBLY,28,190,200,4.215274237345633e-13,"AURKA, BRCA1, CCNB2, CDCA8, CDK2, CENPF, CENPJ, CEP152, CEP85, DIAPH3, INCENP, KIF11, KIF15, KIF23, KIF4A, KIFC1, KNTC1, MYBL2, NDC80, NEK2, PLK1, PLK4, PRC1, RACGAP1, SASS6, SPAG5, SPICE1, TPX2",2.3224801281891424e-11
GO_BP,Upregulated in R,GOBP_MEIOSIS_I_CELL_CYCLE_PROCESS,15,45,200,6.592237890111201e-13,"AURKA, BRIP1, CCNB2, CCNE1, CCNE2, ESPL1, FANCD2, NDC80, PLK1, PSMC3IP, RAD51, RAD54L, RMI1, TOP2A, ZWINT",3.574457878193629e-11
GO_BP,Upregulated in R,GOBP_POSITIVE_REGULATION_OF_DNA_METABOLIC_PROCESS,23,127,200,7.308601763090614e-13,"ACTL6A, ATAD5, BRCA1, BRCC3, CCNA2, CDK1, CDK2, DBF4, DNA2, E2F8, FANCB, FOXM1, NEK2, PCNA, PRIM2, RAD51, RFC2, RFC3, RFC4, RFC5, SKP2, TIMELESS, VPS72",3.900966191049615e-11
GO_BP,Upregulated in R,GOBP_REGULATION_OF_ATTACHMENT_OF_SPINDLE_MICROTUBULES_TO_KINETOCHORE,10,15,200,7.65957767816555e-13,"CDCA8, CDK1, ECT2, INCENP, KNSTRN, KNTC1, NEK2, RACGAP1, SPAG5, ZWILCH",4.0254026690174643e-11
GO_BP,Upregulated in R,GOBP_MITOTIC_SPINDLE_ASSEMBLY,14,38,200,8.073606066787657e-13,"CDCA8, INCENP, KIF11, KIF15, KIF23, KIF4A, KIFC1, MYBL2, NEK2, PLK1, PRC1, RACGAP1, SPICE1, TPX2",4.1787027763858536e-11
GO_BP,Upregulated in R,GOBP_CELL_CYCLE_DNA_REPLICATION,12,27,200,2.53117340378116e-12,"ATAD5, BLM, DBF4, DNA2, DONSON, E2F8, FEN1, MCM2, MCM4, MCM6, PCNA, RAD51",1.2905206488532005e-10
GO_BP,Upregulated in R,GOBP_DNA_INTEGRITY_CHECKPOINT_SIGNALING,17,71,200,7.573058084326262e-12,"BLM, BRCA1, BRCC3, BRIP1, CDC6, CDK1, CDK2, DNA2, DONSON, DTL, FANCD2, GTSE1, PLK1, RAD51, TICRR, TIMELESS, TOPBP1",3.8043480023615456e-10
GO_BP,Upregulated in R,GOBP_NEGATIVE_REGULATION_OF_NUCLEAR_DIVISION,13,37,200,1.1119248993862109e-11,"BUB1, BUB1B, CDCA8, CENPF, INCENP, KNTC1, NDC80, NUF2, PLK1, TTK, XRCC3, ZWILCH, ZWINT",5.504833994642458e-10
GO_BP,Upregulated in R,GOBP_CYTOKINESIS,18,85,200,1.672223814077079e-11,"AURKA, CDC6, CDCA8, CEP55, CIT, E2F8, ECT2, ESPL1, INCENP, KIF14, KIF23, KIF4A, NUSAP1, PLK1, PRC1, RAB11FIP4, RACGAP1, STMN1",8.160452212696146e-10
GO_BP,Upregulated in R,GOBP_MICROTUBULE_ORGANIZING_CENTER_ORGANIZATION,17,80,200,5.918494406853396e-11,"AURKA, BRCA1, CCNF, CDK1, CDK2, CENPJ, CEP152, CEP85, KIF11, KIF15, NDC80, NEK2, PLK1, PLK4, SASS6, SPICE1, XRCC3",2.8475460413818597e-09
GO_BP,Upregulated in R,GOBP_MITOTIC_METAPHASE_CHROMOSOME_ALIGNMENT,11,27,200,6.854341659210261e-11,"CDCA8, CDK1, CEP55, INCENP, KIF14, KIF18A, KIF22, KIF2C, KIFC1, NDC80, NUF2",3.2520043205364243e-09
GO_BP,Upregulated in R,GOBP_REGULATION_OF_CELL_CYCLE_G2_M_PHASE_TRANSITION,15,60,200,6.97177815387885e-11,"ATAD5, AURKA, BLM, BRCA1, BRCC3, CDC6, CDK1, CDK2, CENPF, DONSON, DTL, KIF14, PLK1, TICRR, TOPBP1",3.2624101607739933e-09
GO_BP,Upregulated in R,GOBP_REGULATION_OF_CYTOKINESIS,13,44,200,1.3587987659408115e-10,"AURKA, CDC6, CDCA8, CIT, E2F8, ECT2, INCENP, KIF14, KIF23, PLK1, PRC1, RAB11FIP4, RACGAP1",6.272508897910557e-09
GO_BP,Upregulated in R,GOBP_SEXUAL_REPRODUCTION,33,328,200,1.4212254202457497e-10,"AURKA, BRIP1, CCNB2, CCNE1, CCNE2, CDK1, CDK2, CREB3L4, DNAJA1, ESPL1, EXO1, FAM50A, FANCA, FANCD2, HMGB2, INCENP, KIF18A, NCAPD2, NCAPH, NDC80, NEK2, NUF2, PLK1, PSMC3IP, RACGAP1, RAD51, RAD54L, RMI1, RPA1, TDRKH, TOP2A, TTK, ZWINT",6.4732080474126415e-09
GO_BP,Upregulated in R,GOBP_MITOTIC_DNA_INTEGRITY_CHECKPOINT_SIGNALING,13,45,200,1.8633495790616176e-10,"BLM, BRCA1, BRCC3, CDC6, CDK1, CDK2, DONSON, DTL, FANCD2, GTSE1, PLK1, TICRR, TOPBP1",8.375266002729586e-09
GO_BP,Upregulated in R,GOBP_ESTABLISHMENT_OF_ORGANELLE_LOCALIZATION,25,196,200,2.1179920906207668e-10,"CDCA8, CDK1, CENPF, CEP55, DSN1, ECT2, ESPL1, INCENP, KIF14, KIF18A, KIF22, KIF2C, KIFC1, KNSTRN, KNTC1, NDC80, NEK2, NUF2, NUSAP1, PLK1, RACGAP1, SPAG5, SPICE1, ZWILCH, ZWINT",9.396183092935766e-09
GO_BP,Upregulated in R,GOBP_MITOTIC_G2_DNA_DAMAGE_CHECKPOINT_SIGNALING,9,19,200,7.624261823582887e-10,"BLM, BRCA1, BRCC3, CDK1, DONSON, DTL, PLK1, TICRR, TOPBP1",3.3390356909434795e-08
GO_BP,Upregulated in R,GOBP_TELOMERE_ORGANIZATION,15,73,200,1.3741687052775091e-09,"ACTL6A, BLM, CCNE1, CCNE2, CDK2, DNA2, EXO1, EZH2, FEN1, NEK2, PCNA, RAD51, RPA1, RPA3, XRCC3",5.941975059782241e-08
GO_BP,Upregulated in R,GOBP_PROTEIN_DNA_COMPLEX_ORGANIZATION,31,320,200,1.4203618390698997e-09,"ACTL6A, AURKA, BRCA1, BRCC3, BUB1, CBX3, CDK1, CDK2, CENPF, CENPI, CHAF1A, CHAF1B, EZH2, FAM50A, HDGF, HELLS, HJURP, HMGB2, KNTC1, LRIF1, MCM2, MKI67, PARP2, RAD51, RAD54L, RPA1, SUDS3, TOPBP1, USP21, VPS72, VRK1",6.064945052828472e-08
GO_BP,Upregulated in R,GOBP_MITOTIC_G2_M_TRANSITION_CHECKPOINT,10,27,200,1.5943254722300342e-09,"BLM, BRCA1, BRCC3, CDC6, CDK1, DONSON, DTL, PLK1, TICRR, TOPBP1",6.723723226096045e-08
GO_BP,Upregulated in R,GOBP_SIGNAL_TRANSDUCTION_IN_RESPONSE_TO_DNA_DAMAGE,16,90,200,3.595659764810203e-09,"ATAD5, BLM, BRCA1, BRCC3, BRIP1, CDK1, CDK2, DONSON, DTL, FANCD2, FOXM1, GTSE1, PLK1, RAD51, TICRR, TOPBP1",1.4978992386087384e-07
GO_BP,Upregulated in R,GOBP_TELOMERE_MAINTENANCE,14,69,200,5.916694383842913e-09,"ACTL6A, BLM, CCNE1, CCNE2, CDK2, DNA2, EXO1, FEN1, NEK2, PCNA, RAD51, RPA1, RPA3, XRCC3",2.4341902985683176e-07
GO_BP,Upregulated in R,GOBP_REGULATION_OF_DNA_RECOMBINATION,12,48,200,5.985713848938485e-09,"ACTL6A, ATAD5, BLM, FANCB, KPNA2, PARPBP, PLK1, POLQ, RAD51, SKP2, TIMELESS, VPS72",2.4341902985683176e-07
GO_BP,Upregulated in R,GOBP_HOMOLOGOUS_RECOMBINATION,9,24,200,9.530608477163564e-09,"BRCA1, BRIP1, FANCD2, PSMC3IP, RAD51, RAD54L, RMI1, TOP2A, TOPBP1",3.830183359763616e-07
GO_BP,Upregulated in R,GOBP_NEGATIVE_REGULATION_OF_CELL_CYCLE_G2_M_PHASE_TRANSITION,10,32,200,1.07609636747077e-08,"BLM, BRCA1, BRCC3, CDC6, CDK1, DONSON, DTL, PLK1, TICRR, TOPBP1",4.27435487358157e-07
GO_BP,Upregulated in R,GOBP_MITOTIC_CYTOKINESIS,12,51,200,1.2649942767752679e-08,"CDCA8, CEP55, CIT, ECT2, ESPL1, INCENP, KIF23, KIF4A, NUSAP1, PLK1, RACGAP1, STMN1",4.966920056855535e-07
GO_BP,Upregulated in R,GOBP_HOMOLOGOUS_CHROMOSOME_SEGREGATION,8,18,200,1.31826527657305e-08,"BRIP1, CCNE1, CCNE2, ESPL1, FANCD2, PLK1, PSMC3IP, ZWINT",5.05976874693656e-07
GO_BP,Upregulated in R,GOBP_BASE_EXCISION_REPAIR,8,18,200,1.31826527657305e-08,"DNA2, FEN1, PARP2, PCNA, POLE, POLQ, RPA1, RPA3",5.05976874693656e-07
GO_BP,Upregulated in R,GOBP_DNA_TEMPLATED_DNA_REPLICATION_MAINTENANCE_OF_FIDELITY,10,33,200,1.5059035670135543e-08,"BLM, BRCA1, DNA2, DONSON, EXO1, PCNA, POLE, POLQ, RAD51, TIMELESS",5.704612190240498e-07
GO_BP,Upregulated in R,GOBP_ORGANELLE_LOCALIZATION,25,240,200,1.5196712801870177e-08,"CDCA8, CDK1, CENPF, CEP55, DSN1, ECT2, ESPL1, INCENP, KIF14, KIF18A, KIF22, KIF2C, KIFC1, KNSTRN, KNTC1, NDC80, NEK2, NUF2, NUSAP1, PLK1, RACGAP1, SPAG5, SPICE1, ZWILCH, ZWINT",5.704612190240498e-07
GO_BP,Downregulated in R,GOBP_ENZYME_LINKED_RECEPTOR_PROTEIN_SIGNALING_PATHWAY,37,490,200,3.10109367060515e-08,"ACVR1, ADRB2, COL4A6, DDIT4, EFNB1, EPHB6, EXT1, FOXC2, FOXO1, GRB10, HIP1, HIPK2, IGFBP4, IRS2, ITGB3, KIT, LIF, LRP1, LRRC32, LTBP2, LTBP4, MST1R, NDST1, NFATC4, NFIA, PTPRE, PTPRG, SESN3, SHC1, SKI, SPRED1, SPTBN1, SULF2, TGFB1, TGFBR2, WWTR1, ZYX",1.1514495629116513e-06
GO_BP,Upregulated in R,GOBP_CYTOSKELETON_DEPENDENT_CYTOKINESIS,12,55,200,3.161919626163732e-08,"CDCA8, CEP55, CIT, ECT2, ESPL1, INCENP, KIF23, KIF4A, NUSAP1, PLK1, RACGAP1, STMN1",1.1614104777392804e-06
GO_BP,Upregulated in R,GOBP_CENTROSOME_DUPLICATION,11,45,200,3.3991956000355155e-08,"BRCA1, CCNF, CDK2, CENPJ, CEP152, CEP85, NDC80, PLK4, SASS6, SPICE1, XRCC3",1.2352821457150343e-06
GO_BP,Upregulated in R,GOBP_NEGATIVE_REGULATION_OF_ORGANELLE_ORGANIZATION,20,166,200,4.1105755201732916e-08,"BRCA1, BUB1, BUB1B, CCNF, CDCA8, CENPF, DIAPH3, ESPL1, INCENP, KNTC1, NDC80, NUF2, PLK1, STMN1, TOP2A, TPX2, TTK, XRCC3, ZWILCH, ZWINT",1.478076418622312e-06
GO_BP,Upregulated in R,GOBP_CHROMATIN_REMODELING,24,237,200,5.237955988383113e-08,"ACTL6A, AURKA, BRCA1, BRCC3, BUB1, CBX3, CDK1, CDK2, CENPI, CHAF1A, CHAF1B, EZH2, HDGF, HELLS, HJURP, HMGB2, LRIF1, MCM2, PARP2, RAD54L, SUDS3, USP21, VPS72, VRK1",1.8638393391996577e-06
GO_BP,Upregulated in R,GOBP_CHROMOSOME_ORGANIZATION_INVOLVED_IN_MEIOTIC_CELL_CYCLE,8,21,200,5.693438564568038e-08,"BRIP1, CCNE1, CCNE2, FANCD2, NCAPD2, NCAPH, PSMC3IP, RAD51",2.0050294986148882e-06
GO_BP,Upregulated in R,GOBP_REGULATION_OF_DOUBLE_STRAND_BREAK_REPAIR_VIA_HOMOLOGOUS_RECOMBINATION,9,29,200,6.447860607012355e-08,"ACTL6A, FANCB, PARPBP, PLK1, POLQ, RAD51, SKP2, TIMELESS, VPS72",2.247539983015735e-06
GO_BP,Upregulated in R,GOBP_PROTEIN_LOCALIZATION_TO_CHROMOSOME,11,48,200,7.019049052113468e-08,"BUB1B, CDK1, ESCO2, EZH2, KNTC1, PLK1, RPA1, TOPBP1, TTK, VRK1, ZWILCH",2.4219264204060208e-06
GO_BP,Upregulated in R,GOBP_POSITIVE_REGULATION_OF_CYTOKINESIS,8,22,200,8.729091676839672e-08,"CDC6, CDCA8, CIT, ECT2, INCENP, KIF14, KIF23, RACGAP1",2.9523343730776553e-06
GO_BP,Upregulated in R,GOBP_DNA_STRAND_ELONGATION,8,22,200,8.729091676839672e-08,"ACTL6A, DNA2, MCM4, MCM7, PCNA, POLE, RFC3, RFC4",2.9523343730776553e-06
GO_BP,Upregulated in R,GOBP_REGULATION_OF_CELL_DIVISION,14,89,200,1.7658637735878625e-07,"AURKA, BLM, CDC6, CDCA8, CIT, E2F8, ECT2, INCENP, KIF14, KIF23, PLK1, PRC1, RAB11FIP4, RACGAP1",5.9139124025256264e-06
GO_BP,Upregulated in R,GOBP_REGULATION_OF_DNA_REPAIR,13,77,200,2.0975389080170862e-07,"ACTL6A, BRCA1, BRCC3, FANCB, FOXM1, PARPBP, PCNA, PLK1, POLQ, RAD51, SKP2, TIMELESS, VPS72",6.9564979706663755e-06
GO_BP,Upregulated in R,GOBP_CHROMOSOME_CONDENSATION,7,17,200,2.129645357475493e-07,"CDK1, NCAPD2, NCAPG, NCAPH, NUSAP1, PLK1, TOP2A",6.995065904938735e-06
GO_BP,Downregulated in R,GOBP_ACTIN_FILAMENT_BASED_PROCESS,33,441,200,2.4178885908340134e-07,"ARHGAP26, ARHGAP6, ARHGEF17, CELSR1, CGNL1, CNN2, CSRP1, DLC1, EHD2, F2RL1, FRMD6, HIP1, ITGB3, KCND3, KIT, LRP1, NISCH, OBSCN, PDE4D, PDLIM5, PDLIM7, PLEC, PLEKHG2, PLEKHH2, PRKG1, RAPGEF3, SHC1, SHROOM4, SPTBN1, SSH1, SYNPO, TGFB1, ZYX",7.866197548846658e-06
GO_BP,Upregulated in R,GOBP_REGULATION_OF_MICROTUBULE_BASED_PROCESS,15,106,200,2.6694351589078667e-07,"AURKA, BORA, BRCA1, CCNF, CENPJ, DIAPH3, KIF18A, PLK1, PLK4, SASS6, SPAG5, SPICE1, STMN1, TPX2, XRCC3",8.602632549838936e-06
GO_BP,Upregulated in R,GOBP_POSITIVE_REGULATION_OF_CHROMOSOME_SEGREGATION,7,18,200,3.400984612814343e-07,"CDC6, CDCA8, CDK1, INCENP, NCAPD2, NCAPG, NCAPH",1.0857722838667097e-05
GO_BP,Upregulated in R,GOBP_CENTRIOLE_ASSEMBLY,8,26,200,3.864649993064591e-07,"BRCA1, CDK2, CENPJ, CEP152, CEP85, PLK4, SASS6, SPICE1",1.2223744792878373e-05
GO_BP,Upregulated in R,GOBP_DNA_BIOSYNTHETIC_PROCESS,14,95,200,4.066281631319923e-07,"CCNA2, CENPF, DTL, LIN9, NEK2, PCNA, POLE, POLQ, RFC2, RFC3, RFC4, RFC5, RPA1, TYMS",1.2743502800540235e-05
GO_BP,Upregulated in R,GOBP_REGULATION_OF_CELL_CYCLE_CHECKPOINT,8,27,200,5.358352949307807e-07,"BRCA1, BRCC3, CDCA8, INCENP, NDC80, RAD51, XRCC3, ZWINT",1.66401215225777e-05
GO_BP,Upregulated in R,GOBP_CELL_CYCLE_G1_S_PHASE_TRANSITION,16,130,200,7.435093255929097e-07,"ACTL6A, CCNA2, CCNE1, CCNE2, CDC6, CDK1, CDK2, CENPJ, DBF4, EZH2, GTSE1, KIF14, METTL13, POLE, SASS6, SKP2",2.2881332038066482e-05
GO_BP,Upregulated in R,GOBP_FEMALE_MEIOTIC_NUCLEAR_DIVISION,7,20,200,7.890563210474267e-07,"AURKA, CCNB2, NCAPH, NDC80, PLK1, TOP2A, TTK",2.4066217791946512e-05
GO_BP,Upregulated in R,GOBP_REGULATION_OF_CENTROSOME_CYCLE,8,29,200,9.862043742221149e-07,"AURKA, BRCA1, CCNF, CENPJ, PLK4, SASS6, SPICE1, XRCC3",2.9813045507457913e-05
GO_BP,Upregulated in R,GOBP_REGULATION_OF_DOUBLE_STRAND_BREAK_REPAIR,10,51,200,1.3270854472552703e-06,"ACTL6A, FANCB, FOXM1, PARPBP, PLK1, POLQ, RAD51, SKP2, TIMELESS, VPS72",3.976599901600003e-05
GO_BP,Downregulated in R,GOBP_NEPHRON_DEVELOPMENT,13,90,200,1.3531765087700778e-06,"EXT1, FOXC2, GLI3, ITGB3, JAG1, LIF, NID1, NOTCH3, PKD1, SULF2, TGFB1, WWTR1, YAP1",4.0195225686596395e-05
GO_BP,Upregulated in R,GOBP_POSITIVE_REGULATION_OF_DNA_REPLICATION,7,22,200,1.653436262338922e-06,"ATAD5, CDK1, CDK2, DBF4, DNA2, E2F8, PCNA",4.86908471737048e-05
GO_BP,Downregulated in R,GOBP_WNT_SIGNALING_PATHWAY,20,211,200,2.090606228936208e-06,"CELSR1, EXT1, FOXO1, GLI3, GRB10, IGFBP4, LRP1, MACF1, NFATC4, NID1, PKD1, PORCN, PRICKLE2, RBMS3, SKI, SULF2, TGFB1, TLR2, WWTR1, YAP1",6.10385545132144e-05
GO_BP,Upregulated in R,GOBP_ORGANELLE_ASSEMBLY,29,403,200,3.158933930479852e-06,"AURKA, BRCA1, CCNB2, CDCA8, CDK2, CENPF, CENPJ, CEP152, CEP85, DIAPH3, INCENP, KIF11, KIF15, KIF23, KIF4A, KIFC1, KNTC1, MYBL2, NDC80, NEK2, PLK1, PLK4, PRC1, RAB5A, RACGAP1, SASS6, SPAG5, SPICE1, TPX2",9.114936417919052e-05
GO_BP,Upregulated in R,GOBP_POSITIVE_REGULATION_OF_CHROMOSOME_SEPARATION,6,16,200,3.175285227553768e-06,"CDCA8, ESPL1, INCENP, NCAPD2, NCAPG, NCAPH",9.114936417919052e-05
GO_BP,Upregulated in R,GOBP_POSITIVE_REGULATION_OF_DNA_REPAIR,9,47,200,5.61572244294643e-06,"ACTL6A, BRCA1, BRCC3, FANCB, FOXM1, PCNA, SKP2, TIMELESS, VPS72",0.00015986089887587505
GO_BP,Upregulated in R,GOBP_POSITIVE_REGULATION_OF_CELL_CYCLE_PHASE_TRANSITION,10,60,200,6.258567792610938e-06,"ATAD5, CCNE1, CCNE2, CDC6, CDK1, CENPJ, DTL, ESPL1, EZH2, SASS6",0.0001766881618145369
GO_BP,Downregulated in R,GOBP_CONNECTIVE_TISSUE_DEVELOPMENT,16,153,200,6.558057814521283e-06,"COL27A1, EVC, EXT1, FOXC2, GLI3, HMGA2, ITGB3, KLF7, MAF, MMP13, NFIA, PKD1, PTHLH, SULF2, TGFB1, TGFBR2",0.00018362561880659595
GO_BP,Upregulated in R,GOBP_INTERSTRAND_CROSS_LINK_REPAIR,6,18,200,7.016595540349567e-06,"FANCA, FANCB, FANCD2, FANCI, RAD51, XRCC3",0.0001948674013482449
GO_BP,Upregulated in R,GOBP_POSITIVE_REGULATION_OF_CHROMOSOME_ORGANIZATION,9,49,200,8.057993752216344e-06,"ACTL6A, BUB1, CDK1, CDK2, FEN1, NCAPD2, NCAPG, NCAPH, NEK2",0.0002219847311094438
GO_BP,Downregulated in R,GOBP_VASCULATURE_DEVELOPMENT,29,423,200,8.2156574537245e-06,"ACVR1, COL27A1, DYNC2H1, FOXC2, FOXO1, GADD45A, GLI3, HIPK2, HMGA2, HSPG2, ITGB3, JAG1, KIT, LDLR, LIF, LOXL1, LRP1, NDST1, NFATC4, NOTCH3, NOTCH4, PKD1, RAPGEF3, RIN2, SHC1, SPRED1, TGFB1, TGFBR2, YAP1",0.00022451748689538315
GO_BP,Downregulated in R,GOBP_CARTILAGE_DEVELOPMENT,13,106,200,8.767177816627475e-06,"COL27A1, EVC, EXT1, GLI3, HMGA2, MAF, MMP13, NFIA, PKD1, PTHLH, SULF2, TGFB1, TGFBR2",0.00023768793191745598
GO_BP,Upregulated in R,GOBP_REGULATION_OF_CYCLIN_DEPENDENT_PROTEIN_KINASE_ACTIVITY,8,38,200,9.006986714641742e-06,"BLM, CCNA2, CCNB2, CCNE1, CCNE2, CCNF, CDC6, PLK1",0.00024226666627729285
GO_BP,Upregulated in R,GOBP_SISTER_CHROMATID_COHESION,7,28,200,9.921196919666893e-06,"BUB1, BUB1B, ESCO2, ESPL1, FEN1, KIF22, PLK1",0.00026477194279361023
GO_BP,Downregulated in R,GOBP_HEART_DEVELOPMENT,24,318,200,1.0944157262498153e-05,"ACVR1, DLC1, DUSP6, DYNC2H1, EXT1, FOXC2, GLI3, JAG1, NDST1, NFATC4, PDLIM5, PDLIM7, PKD1, PLEC, PRKG1, SHC1, SKI, SLIT3, SPRED1, SYNE1, TGFB1, TGFBR2, TNFRSF1A, YAP1",0.0002898080713852224
GO_BP,Downregulated in R,GOBP_NEGATIVE_REGULATION_OF_FAT_CELL_DIFFERENTIATION,7,29,200,1.2764149093217503e-05,"FOXO1, JAG1, TGFB1, TRIB2, WWTR1, YAP1, ZFP36L2",0.0003354025638648538
GO_BP,Downregulated in R,GOBP_CELL_SURFACE_RECEPTOR_PROTEIN_TYROSINE_KINASE_SIGNALING_PATHWAY,24,328,200,1.8403202854533586e-05,"ADRB2, COL4A6, DDIT4, EFNB1, EPHB6, EXT1, FOXC2, FOXO1, GRB10, HIP1, IGFBP4, IRS2, ITGB3, KIT, LRP1, MST1R, NDST1, NFATC4, PTPRE, PTPRG, SESN3, SHC1, SULF2, TGFB1",0.00047988809886325746
GO_BP,Upregulated in R,GOBP_MICROTUBULE_DEPOLYMERIZATION,6,21,200,1.9089463029004603e-05,"DIAPH3, KIF14, KIF18A, KIF2C, STMN1, TPX2",0.0004940121644475737
GO_BP,Upregulated in R,GOBP_REGULATION_OF_SPINDLE_ORGANIZATION,6,22,200,2.562797306650421e-05,"BORA, CENPJ, PLK1, SASS6, SPAG5, TPX2",0.0006582342556028449
GO_BP,Upregulated in R,GOBP_POSITIVE_REGULATION_OF_CELL_DIVISION,8,44,200,2.817468646617945e-05,"CDC6, CDCA8, CIT, ECT2, INCENP, KIF14, KIF23, RACGAP1",0.0007182442460333507
GO_BP,Upregulated in R,GOBP_PROTEIN_DNA_COMPLEX_ASSEMBLY,9,57,200,2.895427329668278e-05,"CENPF, CENPI, CHAF1A, CHAF1B, HJURP, HMGB2, KNTC1, MCM2, RAD51",0.0007326503524553213
GO_BP,Downregulated in R,GOBP_ADENYLATE_CYCLASE_ACTIVATING_G_PROTEIN_COUPLED_RECEPTOR_SIGNALING_PATHWAY,7,33,200,3.170512936486876e-05,"ADCY9, ADRB2, PDE4A, PDE4D, PTHLH, RAPGEF3, RAPGEF4",0.0007963582493411153
GO_BP,Downregulated in R,GOBP_REGULATION_OF_PHOSPHORYLATION,29,460,200,4.019200813711991e-05,"ACVR1, ADRB2, CNKSR3, CTDSP1, DUSP6, DUSP7, GADD45A, GRB10, HIPK2, HMGA2, IRAK3, IRS2, ITGA6, ITGB3, KIT, LDB2, LIF, MAP3K4, MAP3K5, MST1R, PDE4D, SLCO3A1, SPRED1, TGFB1, TGFBR2, TNFRSF10B, TNFRSF1A, TRIB2, WWTR1",0.0010021598525284789
GO_BP,Downregulated in R,GOBP_ORGAN_GROWTH,11,89,200,4.07172206207628e-05,"COL27A1, DUSP6, EVC, EXT1, FOXC2, MMP13, PDLIM5, PRKG1, SKI, TGFBR2, YAP1",0.0010078987365255486
GO_BP,Upregulated in R,GOBP_NEGATIVE_REGULATION_OF_DNA_RECOMBINATION,5,15,200,4.2978621138419244e-05,"BLM, FANCB, PARPBP, PLK1, POLQ",0.001056222804380145
GO_BP,Downregulated in R,GOBP_SMAD_PROTEIN_SIGNAL_TRANSDUCTION,8,48,200,5.438687242302166e-05,"ACVR1, HIPK2, LRP1, SKI, SPTBN1, TGFB1, TGFBR2, WWTR1",0.0013176280581350497
GO_BP,Downregulated in R,GOBP_GLOMERULUS_DEVELOPMENT,8,48,200,5.438687242302166e-05,"EXT1, FOXC2, ITGB3, JAG1, NID1, NOTCH3, SULF2, WWTR1",0.0013176280581350497
GO_BP,Downregulated in R,GOBP_BRANCHING_MORPHOGENESIS_OF_AN_EPITHELIAL_TUBE,11,92,200,5.561051516784771e-05,"ACVR1, CELSR1, EXT1, FOXC2, GLI3, NFATC4, NOTCH4, PKD1, TGFB1, TGFBR2, YAP1",0.0013377853507983647
GO_BP,Downregulated in R,GOBP_CHONDROCYTE_DIFFERENTIATION,9,62,200,5.770769299884611e-05,"COL27A1, EXT1, GLI3, HMGA2, MAF, PTHLH, SULF2, TGFB1, TGFBR2",0.0013785278271612469
GO_BP,Downregulated in R,GOBP_ENDOCYTOSIS,24,352,200,5.821057510342864e-05,"ADRB2, AP3M2, CD93, CNN2, EHD2, F2RL1, HIP1, HSPG2, ITGB3, LDLR, LRP1, LRP10, LYVE1, MST1R, PDLIM7, PLA2R1, RAB34, RIN2, RIN3, SGIP1, SNX18, SYNE1, TGFB1, TLR2",0.0013808841982868906
GO_BP,Upregulated in R,GOBP_POSITIVE_REGULATION_OF_DOUBLE_STRAND_BREAK_REPAIR_VIA_HOMOLOGOUS_RECOMBINATION,5,16,200,6.107104655244899e-05,"ACTL6A, FANCB, SKP2, TIMELESS, VPS72",0.001438749620849419
GO_BP,Downregulated in R,GOBP_CELLULAR_RESPONSE_TO_EXTERNAL_STIMULUS,8,49,200,6.342665362708122e-05,"CNN2, GADD45A, ITGB3, PIEZO2, PLEC, TGFB1, TNFRSF10B, TNFRSF1A",0.001484009923219928
GO_BP,Downregulated in R,GOBP_REGULATION_OF_ACTIN_FILAMENT_BASED_PROCESS,17,204,200,6.683635459917482e-05,"ARHGAP6, CELSR1, CGNL1, CNN2, DLC1, F2RL1, FRMD6, ITGB3, LRP1, PDE4D, PLEKHG2, PLEKHH2, RAPGEF3, SPTBN1, SSH1, SYNPO, TGFB1",0.0015531495735427291
GO_BP,Upregulated in R,GOBP_REGULATION_OF_TRANSFERASE_ACTIVITY,22,311,200,7.008574481015236e-05,"BLM, BORA, CCNA2, CCNB2, CCNE1, CCNE2, CCNF, CDC6, CEP85, DNAJA1, ECT2, EZH2, KIF14, NEK2, PCNA, PLK1, PRIM2, RFC2, RFC3, RFC4, RFC5, TPX2",0.001617654758591084
GO_BP,Upregulated in R,GOBP_POSITIVE_REGULATION_OF_DNA_RECOMBINATION,6,26,200,7.18750310380617e-05,"ACTL6A, ATAD5, FANCB, SKP2, TIMELESS, VPS72",0.0016478195035303273
GO_BP,Upregulated in R,GOBP_RESPONSE_TO_IONIZING_RADIATION,10,79,200,7.458691473805042e-05,"BLM, BRCA1, BRCC3, CXCL10, ECT2, FANCD2, RAD51, RAD54L, TICRR, TOPBP1",0.001698592671634535
GO_BP,Downregulated in R,GOBP_REGULATION_OF_WNT_SIGNALING_PATHWAY,14,148,200,7.721235704349552e-05,"FOXO1, GLI3, GRB10, IGFBP4, LRP1, MACF1, NFATC4, RBMS3, SKI, SULF2, TGFB1, TLR2, WWTR1, YAP1",0.0017467378255667596
GO_BP,Downregulated in R,GOBP_NEGATIVE_REGULATION_OF_PHOSPHORUS_METABOLIC_PROCESS,16,187,200,8.041182675462333e-05,"ALDOB, CNKSR3, CTDSP1, DDIT4, DUSP6, DUSP7, GADD45A, GRB10, IRAK3, IRS2, PDE4D, PRKG1, SPRED1, TGFB1, TRIB2, WWTR1",0.0018071500012749558
GO_BP,Downregulated in R,GOBP_SKELETAL_SYSTEM_DEVELOPMENT,19,249,200,8.24813508604505e-05,"ANKH, COL27A1, ETS2, EVC, EXT1, FOXC2, GLI3, HMGA2, JAG2, MAF, MMP13, NDST1, NFIA, PKD1, PTHLH, SKI, SULF2, TGFB1, TGFBR2",0.0018415444087535877
GO_BP,Downregulated in R,GOBP_ENDOTHELIUM_DEVELOPMENT,10,81,200,9.254026373601177e-05,"ACVR1, COL27A1, F2RL1, FOXC2, JAG1, MSN, NOTCH4, PDE4D, RAPGEF3, TNFRSF1A",0.0020527113046897153
GO_BP,Downregulated in R,GOBP_NEPHRON_EPITHELIUM_DEVELOPMENT,9,66,200,9.539738566260188e-05,"EXT1, FOXC2, GLI3, JAG1, LIF, PKD1, TGFB1, WWTR1, YAP1",0.002088958137329795
GO_BP,Upregulated in R,GOBP_POSITIVE_REGULATION_OF_MITOTIC_CELL_CYCLE,9,66,200,9.539738566260188e-05,"AURKA, CCNE1, CCNE2, CDC6, CDK1, CENPJ, DTL, ESPL1, SASS6",0.002088958137329795
GO_BP,Downregulated in R,GOBP_CELL_DIFFERENTIATION_INVOLVED_IN_KIDNEY_DEVELOPMENT,7,39,200,9.870598140763594e-05,"EXT1, FOXC2, GLI3, JAG1, LIF, WWTR1, YAP1",0.0021476409712642315
GO_BP,Upregulated in R,GOBP_MISMATCH_REPAIR,5,18,200,0.0001143304219639039,"EXO1, PCNA, RNASEH2A, RPA1, RPA3",0.0024718526672702257
GO_BP,Downregulated in R,GOBP_NEGATIVE_REGULATION_OF_DEVELOPMENTAL_PROCESS,26,415,200,0.0001161173546654609,"ADRB2, CTDSP1, EXTL3, FOXC2, FOXO1, GADD45A, GLI3, HSPG2, ITGB3, JAG1, KIT, KLF7, LDLR, NFATC4, NOTCH3, NOTCH4, PTHLH, RAPGEF3, SKI, SPRED1, TGFB1, TLR2, TRIB2, WWTR1, YAP1, ZFP36L2",0.0024946973807371976
GO_BP,Downregulated in R,GOBP_ARTERY_DEVELOPMENT,9,68,200,0.00012089966368841153,"FOXC2, GLI3, JAG1, LDLR, LOXL1, LRP1, NDST1, NOTCH3, TGFBR2",0.002581207819747586
GO_BP,Downregulated in R,GOBP_MUSCLE_STRUCTURE_DEVELOPMENT,22,324,200,0.00012828651201492487,"ACVR1, CSRP1, EHD2, EVC, FOXC2, GPCPD1, JAG1, KIT, LIF, LRRC8A, MAP3K5, NFATC4, NID1, NOTCH4, OBSCN, PDLIM5, PDLIM7, PLEC, PRKG1, SKI, SYNE1, TGFB1",0.00272190512449058
GO_BP,Downregulated in R,GOBP_LENS_DEVELOPMENT_IN_CAMERA_TYPE_EYE,7,41,200,0.00013746061369858867,"HIPK2, MAF, NHS, SKI, SPRED1, TGFB1, TGFBR2",0.002898552199965302
GO_BP,Downregulated in R,GOBP_ADENYLATE_CYCLASE_MODULATING_G_PROTEIN_COUPLED_RECEPTOR_SIGNALING_PATHWAY,8,55,200,0.0001478628388106811,"ADCY9, ADRB2, ITGB3, PDE4A, PDE4D, PTHLH, RAPGEF3, RAPGEF4",0.003098769677161268
GO_BP,Downregulated in R,GOBP_SMOOTHENED_SIGNALING_PATHWAY,9,70,200,0.00015187445409646158,"DYNC2H1, EVC, EXT1, GLI3, HIPK2, HSPG2, NDST1, RAB34, TGFBR2",0.003163433751179956
GO_BP,Downregulated in R,GOBP_IMPORT_INTO_CELL,27,447,200,0.0001567552377964833,"ADRB2, AP3M2, CD93, CNN2, EHD2, F2RL1, HIP1, HSPG2, IRS2, ITGB3, LDLR, LRP1, LRP10, LRRC8A, LYVE1, MST1R, PDLIM7, PLA2R1, RAB34, RIN2, RIN3, SGIP1, SLC22A3, SNX18, SYNE1, TGFB1, TLR2",0.0032453084382593153
GO_BP,Upregulated in R,GOBP_REGULATION_OF_CELL_CYCLE_G1_S_PHASE_TRANSITION,11,105,200,0.00018644592031946068,"ACTL6A, CCNE1, CCNE2, CDC6, CDK2, CENPJ, EZH2, GTSE1, KIF14, METTL13, SASS6",0.0038147782652147035
GO_BP,Upregulated in R,GOBP_POSITIVE_REGULATION_OF_DNA_BIOSYNTHETIC_PROCESS,7,43,200,0.00018772566047201288,"CCNA2, NEK2, PCNA, RFC2, RFC3, RFC4, RFC5",0.0038147782652147035
GO_BP,Upregulated in R,GOBP_NEGATIVE_REGULATION_OF_DNA_METABOLIC_PROCESS,7,43,200,0.00018772566047201288,"BLM, CDC6, FANCB, PARPBP, PLK1, POLQ, TIMELESS",0.0038147782652147035
GO_BP,Downregulated in R,GOBP_EPITHELIAL_CELL_DEVELOPMENT,12,123,200,0.0001887287841982684,"COL27A1, F2RL1, FOXC2, FRMD6, JAG1, MSN, PDE4D, PLEC, RAPGEF3, TGFB1, TNFRSF1A, YAP1",0.0038147782652147035
GO_BP,Upregulated in R,GOBP_NEGATIVE_REGULATION_OF_CELLULAR_COMPONENT_ORGANIZATION,22,333,200,0.00019062683525140239,"BRCA1, BUB1, BUB1B, CCNF, CDCA8, CENPF, CXCL10, DIAPH3, ESPL1, INCENP, KIF14, KNTC1, NDC80, NUF2, PLK1, STMN1, TOP2A, TPX2, TTK, XRCC3, ZWILCH, ZWINT",0.0038304780542281797
GO_BP,Downregulated in R,GOBP_EPITHELIAL_CELL_DIFFERENTIATION,23,361,200,0.0002314451988969817,"ACVR1, CES1, COL27A1, EXT1, EXTL3, F2RL1, FOXC2, FRMD6, JAG1, JAG2, KLF7, LIF, MAF, MSN, NOTCH4, PDE4D, PLEC, RAPGEF3, SPRED1, TGFB1, TNFRSF1A, WWTR1, YAP1",0.004623490055158418
GO_BP,Downregulated in R,GOBP_CELL_SURFACE_RECEPTOR_PROTEIN_SERINE_THREONINE_KINASE_SIGNALING_PATHWAY,15,185,200,0.0002449649142440819,"ACVR1, EXT1, HIPK2, LRP1, LRRC32, LTBP2, LTBP4, NFIA, SKI, SPRED1, SPTBN1, TGFB1, TGFBR2, WWTR1, ZYX",0.004841956570674618
GO_BP,Downregulated in R,GOBP_EPITHELIAL_CELL_DIFFERENTIATION_INVOLVED_IN_KIDNEY_DEVELOPMENT,6,32,200,0.0002452161846389663,"EXT1, FOXC2, JAG1, LIF, WWTR1, YAP1",0.004841956570674618
GO_BP,Downregulated in R,GOBP_CHONDROCYTE_DEVELOPMENT,5,21,200,0.0002532016531921963,"COL27A1, EXT1, PTHLH, SULF2, TGFBR2",0.004942496270311672
GO_BP,Downregulated in R,GOBP_BONE_GROWTH,5,21,200,0.0002532016531921963,"COL27A1, EVC, EXT1, MMP13, TGFBR2",0.004942496270311672
GO_BP,Upregulated in R,GOBP_REGULATION_OF_MICROTUBULE_CYTOSKELETON_ORGANIZATION,9,76,200,0.00028700856423927645,"BORA, CENPJ, DIAPH3, KIF18A, PLK1, SASS6, SPAG5, STMN1, TPX2",0.0055705753150077746
GO_BP,Upregulated in R,GOBP_POSITIVE_REGULATION_OF_DOUBLE_STRAND_BREAK_REPAIR,6,33,200,0.0002926630858109879,"ACTL6A, FANCB, FOXM1, SKP2, TIMELESS, VPS72",0.005648232209775902
GO_BP,Downregulated in R,GOBP_MESENCHYMAL_CELL_DIFFERENTIATION,13,149,200,0.00031333165977721493,"ACVR1, EFNB1, EXT1, FOXC2, HMGA2, JAG1, LIMS1, NOTCH4, PHLDB1, SPRED1, TGFB1, TGFBR2, WWTR1",0.006013151403364978
GO_BP,Downregulated in R,GOBP_BRANCHING_INVOLVED_IN_BLOOD_VESSEL_MORPHOGENESIS,5,22,200,0.0003201350885232824,"ACVR1, FOXC2, NFATC4, NOTCH4, TGFBR2",0.0061093936446677795
GO_BP,Downregulated in R,GOBP_MAPK_CASCADE,23,370,200,0.00033082261258221736,"ADRB2, CNKSR3, DUSP6, DUSP7, F2RL1, FOXO1, GADD45A, GRB10, HIPK2, IGFBP4, IRAK3, ITGB3, KIT, LIF, MAP3K4, MAP3K5, MST1R, NDST1, SH3RF2, SHC1, SPRED1, TGFB1, ZFP36L2",0.006278278025449191
GO_BP,Upregulated in R,GOBP_FEMALE_GAMETE_GENERATION,8,62,200,0.0003460804161345343,"AURKA, CCNB2, NCAPH, NDC80, PLK1, TDRKH, TOP2A, TTK",0.006477822525504146
GO_BP,Downregulated in R,GOBP_RENAL_SYSTEM_DEVELOPMENT,15,191,200,0.0003464955295617704,"DYNC2H1, EXT1, FOXC2, GLI3, ITGB3, JAG1, LIF, NFIA, NID1, NOTCH3, PKD1, SULF2, TGFB1, WWTR1, YAP1",0.006477822525504146
GO_BP,Downregulated in R,GOBP_LUNG_MORPHOGENESIS,6,34,200,0.00034702620672343634,"CELSR1, EXT1, HIPK2, LIF, TGFBR2, YAP1",0.006477822525504146
GO_BP,Upregulated in R,GOBP_REGULATION_OF_CELLULAR_RESPONSE_TO_STRESS,17,234,200,0.0003538568321383404,"ACTL6A, ATAD5, ATF6, BRCA1, BRCC3, DNAJA1, EIF2AK1, FANCB, FOXM1, PARPBP, PCNA, PLK1, POLQ, RAD51, SKP2, TIMELESS, VPS72",0.006569429014046581
GO_BP,Upregulated in R,GOBP_GAMETE_GENERATION,17,236,200,0.0003908664640189842,"AURKA, BRIP1, CCNB2, CREB3L4, DNAJA1, FAM50A, FANCA, FANCD2, HMGB2, KIF18A, NCAPH, NDC80, PLK1, RACGAP1, TDRKH, TOP2A, TTK",0.007217296438318108
GO_BP,Upregulated in R,GOBP_DNA_SYNTHESIS_INVOLVED_IN_DNA_REPAIR,5,23,200,0.0003996574940004383,"DTL, PCNA, POLE, POLQ, RFC3",0.007339946233900523
GO_BP,Downregulated in R,GOBP_SOMATIC_STEM_CELL_POPULATION_MAINTENANCE,6,35,200,0.0004089880223610752,"KIT, LDB2, LIF, SKI, YAP1, ZFP36L2",0.007471139488692155
GO_BP,Downregulated in R,GOBP_REGULATION_OF_EPITHELIAL_CELL_DIFFERENTIATION,9,81,200,0.00046475809473858987,"EXTL3, JAG1, KLF7, LIF, NOTCH4, SPRED1, TNFRSF1A, WWTR1, YAP1",0.008444753466101186
GO_BP,Upregulated in R,GOBP_POSITIVE_REGULATION_OF_ORGANELLE_ORGANIZATION,17,240,200,0.00047504615189059945,"ACTL6A, AURKA, BUB1, CDK1, CDK2, CENPJ, EIF2AK1, ESPL1, FEN1, NCAPD2, NCAPG, NCAPH, NEK2, NUSAP1, PLK4, SASS6, SPAG5",0.008571551939913755
GO_BP,Downregulated in R,GOBP_CELL_MORPHOGENESIS,27,479,200,0.0004786036796566628,"COL27A1, DLC1, DNMBP, EFNB1, EPHB6, EXT1, FRMD6, GLI3, KIF13B, KIT, KLF7, LIF, MACF1, MSN, NFATC4, NFIA, NOTCH3, PDLIM5, PLEC, PRKG1, SHROOM4, SLIT3, SSH1, SYNE1, TGFB1, UST, YAP1",0.008571551939913755
GO_BP,Downregulated in R,GOBP_REGULATION_OF_SMAD_PROTEIN_SIGNAL_TRANSDUCTION,6,36,200,0.00047926417462632525,"ACVR1, LRP1, SKI, SPTBN1, TGFB1, TGFBR2",0.008571551939913755
GO_BP,Downregulated in R,GOBP_CYCLIC_NUCLEOTIDE_METABOLIC_PROCESS,5,24,200,0.0004932321357342463,"ADCY9, GUCY1A2, PDE4A, PDE4D, PTHLH",0.008775421748271799
GO_BP,Downregulated in R,GOBP_MESENCHYME_DEVELOPMENT,14,177,200,0.0005080214612906749,"ACVR1, EFNB1, EXT1, FOXC2, HMGA2, JAG1, LIMS1, NOTCH4, PHLDB1, SPRED1, TGFB1, TGFBR2, WWTR1, YAP1",0.008991716641289874
GO_BP,Downregulated in R,GOBP_RECEPTOR_MEDIATED_ENDOCYTOSIS,12,137,200,0.0005142357120947972,"ADRB2, HIP1, HSPG2, ITGB3, LDLR, LRP1, LYVE1, PDLIM7, PLA2R1, RIN3, SGIP1, SYNE1",0.00905478965214344
GO_BP,Downregulated in R,GOBP_NEGATIVE_REGULATION_OF_PHOSPHORYLATION,13,158,200,0.000553356616294446,"CNKSR3, CTDSP1, DUSP6, DUSP7, GADD45A, GRB10, IRAK3, IRS2, PDE4D, SPRED1, TGFB1, TRIB2, WWTR1",0.00969367282698373
GO_BP,Upregulated in R,GOBP_POSITIVE_REGULATION_OF_CELL_CYCLE_G1_S_PHASE_TRANSITION,6,37,200,0.0005586026859239698,"CCNE1, CCNE2, CDC6, CENPJ, EZH2, SASS6",0.00973564681181776
GO_BP,Downregulated in R,GOBP_MORPHOGENESIS_OF_A_BRANCHING_STRUCTURE,11,120,200,0.0005981416040876962,"ACVR1, CELSR1, EXT1, FOXC2, GLI3, NFATC4, NOTCH4, PKD1, TGFB1, TGFBR2, YAP1",0.0103718361399166
GO_BP,Downregulated in R,GOBP_TUBE_MORPHOGENESIS,27,487,200,0.0006195934914025611,"ACVR1, CELSR1, COL27A1, DLC1, EXT1, FOXC2, GADD45A, GLI3, HIPK2, HMGA2, HSPG2, ITGB3, JAG1, LDLR, LRP1, NFATC4, NOTCH3, NOTCH4, PKD1, RAPGEF3, RIN2, SHC1, SKI, SPRED1, TGFB1, TGFBR2, YAP1",0.010689552356722974
GO_BP,Downregulated in R,GOBP_OSSIFICATION,16,224,200,0.0006366450439119006,"ACVR1, ADRB2, ANKH, EXT1, FOXC2, GLI3, JAG1, MMP13, PDLIM7, PTHLH, SKI, SLC20A2, TGFB1, WWTR1, YAP1, ZHX3",0.010928540050266595
GO_BP,Downregulated in R,GOBP_HEART_VALVE_DEVELOPMENT,6,38,200,0.0006477830564055185,"ACVR1, JAG1, SLIT3, TGFB1, TGFBR2, TNFRSF1A",0.011064134603406255
GO_BP,Downregulated in R,GOBP_CELL_MATRIX_ADHESION,13,161,200,0.0006619525132603595,"ARHGAP6, DLC1, ITGA6, ITGB3, JAG1, LIMS1, LYVE1, MACF1, NID1, PKD1, RIN2, SNED1, ZYX",0.011249899429340238
GO_BP,Downregulated in R,GOBP_SKELETAL_SYSTEM_MORPHOGENESIS,10,103,200,0.00067406879328534,"COL27A1, EXT1, FOXC2, GLI3, MMP13, NDST1, PKD1, SKI, TGFB1, TGFBR2",0.011399103949815451
GO_BP,Downregulated in R,GOBP_METANEPHRIC_EPITHELIUM_DEVELOPMENT,4,15,200,0.0006880289721243372,"LIF, PKD1, WWTR1, YAP1",0.011521112592042825
GO_BP,Upregulated in R,GOBP_REGULATION_OF_SPINDLE_ASSEMBLY,4,15,200,0.0006880289721243372,"CENPJ, PLK1, SASS6, SPAG5",0.011521112592042825
GO_BP,Downregulated in R,GOBP_EXTERNAL_ENCAPSULATING_STRUCTURE_ORGANIZATION,15,204,200,0.000696317470537067,"ADAMTS10, COL27A1, COL4A6, EXT1, FOXC2, ITGB3, LOXL1, LRP1, MMP10, MMP13, NID1, PHLDB1, SULF2, TGFB1, TNFRSF1A",0.011603026728559127
GO_BP,Downregulated in R,GOBP_KIDNEY_EPITHELIUM_DEVELOPMENT,9,86,200,0.0007245136568680819,"EXT1, FOXC2, GLI3, JAG1, LIF, PKD1, TGFB1, WWTR1, YAP1",0.011959923712233245
GO_BP,Upregulated in R,GOBP_MULTICELLULAR_ORGANISMAL_REPRODUCTIVE_PROCESS,19,295,200,0.0007247377659345087,"AURKA, BRIP1, CCNB2, CREB3L4, DNAJA1, FAM50A, FANCA, FANCD2, HMGB2, KIF18A, NCAPH, NDC80, PARP2, PCNA, PLK1, RACGAP1, TDRKH, TOP2A, TTK",0.011959923712233245
GO_BP,Downregulated in R,GOBP_EPITHELIAL_TO_MESENCHYMAL_TRANSITION,10,105,200,0.0007845347051242136,"ACVR1, HMGA2, JAG1, LIMS1, NOTCH4, PHLDB1, SPRED1, TGFB1, TGFBR2, WWTR1",0.012884473811078432
GO_BP,Downregulated in R,GOBP_BONE_MORPHOGENESIS,7,54,200,0.0007912570154694104,"COL27A1, EXT1, GLI3, MMP13, SKI, TGFB1, TGFBR2",0.012932698396380412
GO_BP,Downregulated in R,GOBP_CRANIAL_SKELETAL_SYSTEM_DEVELOPMENT,6,40,200,0.000858938589384436,"EXT1, FOXC2, GLI3, NDST1, TGFB1, TGFBR2",0.013972067720653491
GO_BP,Downregulated in R,GOBP_MORPHOGENESIS_OF_AN_EPITHELIUM,18,276,200,0.0008660937137832601,"ACVR1, CELSR1, DLC1, EXT1, FOXC2, GLI3, ITGB3, JAG1, JAG2, LIF, MSN, NFATC4, NOTCH4, PKD1, SKI, TGFB1, TGFBR2, YAP1",0.014021687802292022
GO_BP,Downregulated in R,GOBP_SEMI_LUNAR_VALVE_DEVELOPMENT,5,27,200,0.0008738012668090678,"JAG1, SLIT3, TGFB1, TGFBR2, TNFRSF1A",0.014079741167074413
GO_BP,Downregulated in R,GOBP_NEGATIVE_REGULATION_OF_TRANSPORT,14,187,200,0.0008784777087475047,"CNN2, F2RL1, FOXO1, GRB10, IRS2, ITGB3, KLF7, LIF, PLA2R1, PRKG1, RIN3, TGFB1, TLR2, TNFRSF1A",0.014088637807894254
GO_BP,Downregulated in R,GOBP_CAMP_METABOLIC_PROCESS,4,16,200,0.0008970149473149669,"ADCY9, PDE4A, PDE4D, PTHLH",0.014252107255943846
GO_BP,Upregulated in R,GOBP_POSTREPLICATION_REPAIR,4,16,200,0.0008970149473149669,"BRCA1, DTL, PCNA, POLQ",0.014252107255943846
GO_BP,Downregulated in R,GOBP_CENTRAL_NERVOUS_SYSTEM_DEVELOPMENT,25,448,200,0.0009087889470545129,"ATXN1, CELSR1, DDIT4, DLC1, DYNC2H1, EXT1, GLI3, HSPG2, IFNGR1, IRS2, LDLR, LIF, LRP1, NDST1, NOTCH3, PKD1, PRKG1, SHROOM4, SKI, SLIT3, SPTBN1, TGFB1, TGFBR2, TLR2, ZSWIM6",0.014372328903417667
GO_BP,Downregulated in R,GOBP_NOTCH_SIGNALING_PATHWAY,9,89,200,0.0009303514091342943,"FOXC2, JAG1, JAG2, KIT, NOTCH3, NOTCH4, TGFB1, TGFBR2, YAP1",0.014645531859920504
GO_BP,Downregulated in R,GOBP_ENDOTHELIAL_CELL_DEVELOPMENT,6,41,200,0.0009826205280734387,"COL27A1, F2RL1, MSN, PDE4D, RAPGEF3, TNFRSF1A",0.015327085497255099
GO_BP,Upregulated in R,GOBP_ANIMAL_ORGAN_REGENERATION,6,41,200,0.0009826205280734387,"AURKA, CCNA2, CDK1, EZH2, PCNA, TYMS",0.015327085497255099
GO_BP,Downregulated in R,GOBP_NEGATIVE_REGULATION_OF_MAPK_CASCADE,9,90,200,0.0010086711382146735,"CNKSR3, DUSP6, DUSP7, F2RL1, FOXO1, IRAK3, LIF, SH3RF2, SPRED1",0.0155910434757526
GO_BP,Downregulated in R,GOBP_MAINTENANCE_OF_CELL_NUMBER,9,90,200,0.0010086711382146735,"FOXO1, HMGA2, JAG1, KIT, LDB2, LIF, SKI, YAP1, ZFP36L2",0.0155910434757526
GO_BP,Upregulated in R,GOBP_POSITIVE_REGULATION_OF_G1_S_TRANSITION_OF_MITOTIC_CELL_CYCLE,5,28,200,0.0010393807627167644,"CCNE1, CCNE2, CDC6, CENPJ, SASS6",0.015921635360719583
GO_BP,Downregulated in R,GOBP_BLOOD_VESSEL_REMODELING,5,28,200,0.0010393807627167644,"EXT1, FOXC2, JAG1, LIF, TGFB1",0.015921635360719583
GO_BP,Downregulated in R,GOBP_CELL_SUBSTRATE_JUNCTION_ORGANIZATION,8,73,200,0.0010524626167260965,"ARHGAP6, DLC1, ITGA6, ITGB3, LIMS1, MACF1, PLEC, TNS1",0.016050054905072973
GO_BP,Downregulated in R,GOBP_RENAL_TUBULE_DEVELOPMENT,7,57,200,0.001098970412759618,"GLI3, JAG1, LIF, PKD1, TGFB1, WWTR1, YAP1",0.016684813022163802
GO_BP,Downregulated in R,GOBP_CELL_FATE_COMMITMENT,10,110,200,0.0011272434356416866,"ACVR1, ETS2, EXT1, FOXC2, GLI3, JAG1, JAG2, NFIA, NOTCH3, NOTCH4",0.017038334407752216
GO_BP,Downregulated in R,GOBP_STEM_CELL_DIFFERENTIATION,11,130,200,0.0011684314563079525,"ACVR1, EFNB1, EXT1, FOXC2, HMGA2, JAG1, KIT, LIF, TGFBR2, YAP1, ZFP36L2",0.01758309187113641
GO_BP,Downregulated in R,GOBP_BLOOD_VESSEL_MORPHOGENESIS,21,356,200,0.0011922035382852584,"ACVR1, COL27A1, FOXC2, GADD45A, HIPK2, HMGA2, HSPG2, ITGB3, JAG1, LDLR, LRP1, NFATC4, NOTCH3, NOTCH4, RAPGEF3, RIN2, SHC1, SPRED1, TGFB1, TGFBR2, YAP1",0.017862137222730008
GO_BP,Upregulated in R,GOBP_REGULATION_OF_DNA_BIOSYNTHETIC_PROCESS,7,58,200,0.0012201179282235457,"CCNA2, NEK2, PCNA, RFC2, RFC3, RFC4, RFC5",0.018147037431079413
GO_BP,Downregulated in R,GOBP_ESTABLISHMENT_OF_ENDOTHELIAL_BARRIER,5,29,200,0.0012271562197246324,"F2RL1, MSN, PDE4D, RAPGEF3, TNFRSF1A",0.018147037431079413
GO_BP,Upregulated in R,GOBP_SPINDLE_LOCALIZATION,5,29,200,0.0012271562197246324,"ESPL1, NDC80, NUSAP1, PLK1, SPAG5",0.018147037431079413
GO_BP,Downregulated in R,GOBP_NEGATIVE_REGULATION_OF_CELLULAR_COMPONENT_ORGANIZATION,20,333,200,0.0012559317538782127,"ARHGAP6, CGNL1, CNN2, DLC1, IRAK3, ITGB3, LDLR, LIF, NFATC4, NR2F1, PLEKHH2, PTPRG, RAPGEF3, RIN3, SPTBN1, SSH1, TGFB1, TLR2, TNFRSF1A, YAP1",0.018492512376068856
GO_BP,Downregulated in R,GOBP_NEGATIVE_REGULATION_OF_INTRACELLULAR_SIGNAL_TRANSDUCTION,18,286,200,0.0013035933323884991,"CGNL1, CNKSR3, DDIT4, DLC1, DUSP6, DUSP7, F2RL1, FOXO1, IRAK3, LIF, LRP1, PLK3, SESN1, SESN3, SH3RF2, SKI, SPRED1, TPT1",0.019111909113472585
GO_BP,Downregulated in R,GOBP_RESPONSE_TO_GROWTH_FACTOR,21,359,200,0.0013250416424943835,"ACVR1, DDIT4, DUSP6, EXT1, GRB10, HIPK2, ITGB3, LIMS1, LRRC32, LTBP2, LTBP4, NDST1, NFIA, SHC1, SKI, SPRED1, SULF2, TGFB1, TGFBR2, ZFP36L2, ZYX",0.01934334295196929
GO_BP,Downregulated in R,GOBP_NEGATIVE_REGULATION_OF_WNT_SIGNALING_PATHWAY,8,76,200,0.0013724950357777166,"FOXO1, GLI3, GRB10, IGFBP4, LRP1, NFATC4, RBMS3, WWTR1",0.01995082145624119
GO_BP,Upregulated in R,GOBP_RESPONSE_TO_RADIATION,14,196,200,0.0013861278871473864,"BLM, BRCA1, BRCC3, CXCL10, DTL, ECT2, FANCD2, FEN1, PCNA, RAD51, RAD54L, TICRR, TOPBP1, USF1",0.020063613824133356
GO_BP,Upregulated in R,GOBP_PROTEIN_LOCALIZATION_TO_CHROMATIN,4,18,200,0.0014420652641941034,"ESCO2, EZH2, PLK1, VRK1",0.020623648813513133
GO_BP,Downregulated in R,GOBP_CARTILAGE_DEVELOPMENT_INVOLVED_IN_ENDOCHONDRAL_BONE_MORPHOGENESIS,4,18,200,0.0014420652641941034,"COL27A1, EXT1, MMP13, TGFBR2",0.020623648813513133
GO_BP,Downregulated in R,GOBP_REGULATION_OF_KINASE_ACTIVITY,17,265,200,0.0014429309327955615,"ADRB2, DUSP7, GADD45A, HMGA2, IRAK3, IRS2, ITGB3, KIT, LDB2, MAP3K4, MAP3K5, MST1R, SPRED1, TGFBR2, TNFRSF10B, TRIB2, WWTR1",0.020623648813513133
GO_BP,Downregulated in R,GOBP_SUPRAMOLECULAR_FIBER_ORGANIZATION,24,438,200,0.0014843995388428835,"ARHGAP6, CGNL1, CNN2, COL27A1, CSRP1, DLC1, EXT1, F2RL1, FOXC2, HIP1, LDLR, LOXL1, LTBP2, OBSCN, PLEC, PLEKHG2, PLEKHH2, PLK3, RAPGEF3, SHROOM4, SPTBN1, SSH1, SYNPO, ZYX",0.02112795343619704
GO_BP,Upregulated in R,GOBP_HETEROCHROMATIN_FORMATION,6,45,200,0.0016191936197888876,"BRCA1, CBX3, CDK2, EZH2, HELLS, LRIF1",0.022669462359387525
GO_BP,Downregulated in R,GOBP_MUCOPOLYSACCHARIDE_METABOLIC_PROCESS,6,45,200,0.0016191936197888876,"CHST3, EXT1, LYVE1, NDST1, TGFB1, UST",0.022669462359387525
GO_BP,Downregulated in R,GOBP_HEART_GROWTH,6,45,200,0.0016191936197888876,"DUSP6, FOXC2, PDLIM5, PRKG1, SKI, YAP1",0.022669462359387525
GO_BP,Downregulated in R,GOBP_RESPONSE_TO_TRANSFORMING_GROWTH_FACTOR_BETA,12,156,200,0.0016192473113848232,"ACVR1, HIPK2, LIMS1, LRRC32, LTBP2, LTBP4, SKI, SPRED1, TGFB1, TGFBR2, ZFP36L2, ZYX",0.022669462359387525
GO_BP,Downregulated in R,GOBP_RESPONSE_TO_WOUNDING,19,318,200,0.0017651826291157308,"CD59, CNN2, CSRP1, EXT1, EXTL3, F2RL1, FOXC2, ITGB3, LYVE1, MACF1, NFIA, NOTCH4, PLEC, PRKG1, SULF2, TGFB1, THBD, YAP1, ZFP36L2",0.02461168922881362
GO_BP,Upregulated in R,GOBP_ESTABLISHMENT_OF_MITOTIC_SPINDLE_LOCALIZATION,4,19,200,0.0017861928459226013,"ESPL1, NDC80, NUSAP1, PLK1",0.024702974743609742
GO_BP,Upregulated in R,GOBP_LIVER_REGENERATION,4,19,200,0.0017861928459226013,"AURKA, EZH2, PCNA, TYMS",0.024702974743609742
GO_BP,Downregulated in R,GOBP_PROTEOGLYCAN_METABOLIC_PROCESS,6,46,200,0.0018185703291525635,"CHST3, EXT1, EXTL3, NDST1, SULF2, UST",0.025049339695101442
GO_BP,Downregulated in R,GOBP_EMBRYONIC_MORPHOGENESIS,18,295,200,0.001846154180517489,"ACVR1, CELSR1, DLC1, DYNC2H1, ETS2, EXT1, FOXC2, GLI3, HIPK2, HMGA2, ITGB3, JAG2, NDST1, PHLDB1, SKI, TGFB1, TGFBR2, YAP1",0.02522585072259097
GO_BP,Downregulated in R,GOBP_NEGATIVE_REGULATION_OF_CELL_DIFFERENTIATION,18,295,200,0.001846154180517489,"CTDSP1, EXTL3, FOXO1, GLI3, ITGB3, JAG1, LDLR, NFATC4, NOTCH3, NOTCH4, PTHLH, SKI, SPRED1, TGFB1, TRIB2, WWTR1, YAP1, ZFP36L2",0.02522585072259097
GO_BP,Downregulated in R,GOBP_POSITIVE_REGULATION_OF_MAPK_CASCADE,15,225,200,0.0018794643883537254,"ADRB2, F2RL1, GADD45A, HIPK2, IGFBP4, ITGB3, KIT, LIF, MAP3K4, MAP3K5, MST1R, NDST1, SH3RF2, SHC1, TGFB1",0.025578686655841936
GO_BP,Downregulated in R,GOBP_RESPIRATORY_SYSTEM_DEVELOPMENT,10,118,200,0.0019230176813250519,"CELSR1, EXT1, GLI3, HIPK2, LIF, PKD1, SKI, TGFB1, TGFBR2, YAP1",0.02606757301351737
GO_BP,Downregulated in R,GOBP_PROTEOGLYCAN_BIOSYNTHETIC_PROCESS,5,32,200,0.0019413820721782627,"CHST3, EXT1, EXTL3, NDST1, UST",0.02610929589984624
GO_BP,Downregulated in R,GOBP_NEGATIVE_REGULATION_OF_EPITHELIAL_CELL_DIFFERENTIATION,5,32,200,0.0019413820721782627,"EXTL3, JAG1, NOTCH4, SPRED1, YAP1",0.02610929589984624
GO_BP,Downregulated in R,GOBP_DEVELOPMENTAL_GROWTH,18,297,200,0.0019897040562151754,"ADRB2, COL27A1, DUSP6, EVC, EXT1, FOXC2, GLI3, MACF1, MMP13, PDLIM5, PLEC, PRKG1, SKI, SLIT3, TGFB1, TGFBR2, WWTR1, YAP1",0.0265688013369953
GO_BP,Upregulated in R,GOBP_MICROTUBULE_POLYMERIZATION_OR_DEPOLYMERIZATION,7,63,200,0.001991104549845081,"CENPJ, DIAPH3, KIF14, KIF18A, KIF2C, STMN1, TPX2",0.0265688013369953
GO_BP,Downregulated in R,GOBP_REGULATION_OF_ANATOMICAL_STRUCTURE_MORPHOGENESIS,23,422,200,0.0020011576639394697,"DLC1, DNMBP, FOXC2, GADD45A, HIPK2, HMGA2, HSPG2, ITGB3, JAG1, KIF13B, KIT, LIF, MACF1, MSN, NFATC4, PDLIM5, PHLDB1, RAPGEF3, SPRED1, SYNE1, TGFB1, TGFBR2, UST",0.026599045058432795
GO_BP,Downregulated in R,GOBP_POSITIVE_REGULATION_OF_OSTEOBLAST_DIFFERENTIATION,6,47,200,0.0020360235190599756,"ACVR1, GLI3, JAG1, WWTR1, YAP1, ZHX3",0.02691206615090537
GO_BP,Downregulated in R,GOBP_RESPONSE_TO_MECHANICAL_STIMULUS,10,119,200,0.0020483422714389333,"CNN2, GADD45A, ITGB3, KIT, PIEZO2, PKD1, PLEC, TGFB1, TNFRSF10B, TNFRSF1A",0.02691206615090537
GO_BP,Downregulated in R,GOBP_GLIAL_CELL_DIFFERENTIATION,10,119,200,0.0020483422714389333,"GLI3, IFNGR1, LDLR, LIF, LRP1, NFIA, PLEC, SKI, TGFB1, TLR2",0.02691206615090537
GO_BP,Downregulated in R,GOBP_MUSCLE_CELL_DIFFERENTIATION,14,205,200,0.002119339802914833,"ACVR1, CSRP1, EHD2, KIT, NFATC4, NID1, NOTCH4, OBSCN, PDLIM5, PLEC, PRKG1, SKI, SYNE1, TGFB1",0.02773817918297728
GO_BP,Downregulated in R,GOBP_VASODILATION,4,20,200,0.0021833758935196784,"ADRB2, EXT1, F2RL1, PRKG1",0.02835898118731263
GO_BP,Downregulated in R,GOBP_AORTIC_VALVE_MORPHOGENESIS,4,20,200,0.0021833758935196784,"JAG1, SLIT3, TGFB1, TGFBR2",0.02835898118731263
GO_BP,Downregulated in R,GOBP_NEGATIVE_REGULATION_OF_ENDOCYTOSIS,5,33,200,0.002235796176886708,"CNN2, ITGB3, RIN3, TGFB1, TLR2",0.02882067826507545
GO_BP,Downregulated in R,GOBP_HEART_VALVE_MORPHOGENESIS,5,33,200,0.002235796176886708,"ACVR1, JAG1, SLIT3, TGFB1, TGFBR2",0.02882067826507545
GO_BP,Downregulated in R,GOBP_REGULATION_OF_EXTRACELLULAR_MATRIX_ORGANIZATION,6,48,200,0.0022725773269997975,"ITGB3, LRP1, NID1, PHLDB1, TGFB1, TNFRSF1A",0.029184677251997398
GO_BP,Downregulated in R,GOBP_MESODERM_DEVELOPMENT,7,65,200,0.0023881059142118076,"ACVR1, ETS2, EXT1, FOXC2, HMGA2, ITGB3, YAP1",0.030439439563237067
GO_BP,Downregulated in R,GOBP_GLIAL_CELL_DEVELOPMENT,7,65,200,0.0023881059142118076,"IFNGR1, LDLR, LRP1, PLEC, SKI, TGFB1, TLR2",0.030439439563237067
GO_BP,Downregulated in R,GOBP_TRANSFORMING_GROWTH_FACTOR_BETA_RECEPTOR_SIGNALING_PATHWAY,10,122,200,0.002464364868936999,"ACVR1, HIPK2, LRRC32, LTBP2, LTBP4, SKI, SPRED1, TGFB1, TGFBR2, ZYX",0.03129468547319252
GO_BP,Downregulated in R,GOBP_TISSUE_MORPHOGENESIS,19,328,200,0.0025130457810779924,"ACVR1, CELSR1, DLC1, EXT1, FOXC2, GLI3, HMGA2, ITGB3, JAG1, JAG2, LIF, MSN, NFATC4, NOTCH4, PKD1, SKI, TGFB1, TGFBR2, YAP1",0.03176467826194944
GO_BP,Downregulated in R,GOBP_METANEPHROS_DEVELOPMENT,6,49,200,0.0025292718054011265,"FOXC2, GLI3, LIF, PKD1, WWTR1, YAP1",0.03176467826194944
GO_BP,Downregulated in R,GOBP_ARTERY_MORPHOGENESIS,6,49,200,0.0025292718054011265,"FOXC2, JAG1, LDLR, LRP1, NOTCH3, TGFBR2",0.03176467826194944
GO_BP,Downregulated in R,GOBP_REGULATION_OF_EPITHELIAL_TO_MESENCHYMAL_TRANSITION,7,66,200,0.002608172448721164,"ACVR1, JAG1, PHLDB1, SPRED1, TGFB1, TGFBR2, WWTR1",0.03251648571106385
GO_BP,Downregulated in R,GOBP_NEGATIVE_REGULATION_OF_SECRETION,7,66,200,0.002608172448721164,"F2RL1, FOXO1, KLF7, LIF, PLA2R1, PRKG1, TNFRSF1A",0.03251648571106385
GO_BP,Downregulated in R,GOBP_RESPONSE_TO_TUMOR_CELL,4,21,200,0.0026375345383026143,"MICA, RBMS3, TGFB1, TNFRSF10B",0.032644268053774385
GO_BP,Downregulated in R,GOBP_APOPTOTIC_PROCESS_INVOLVED_IN_DEVELOPMENT,4,21,200,0.0026375345383026143,"FOXC2, JAG2, SLIT3, TNFRSF1A",0.032644268053774385
GO_BP,Downregulated in R,GOBP_EPITHELIAL_TUBE_MORPHOGENESIS,13,189,200,0.0028519923645857967,"ACVR1, CELSR1, DLC1, EXT1, FOXC2, GLI3, NFATC4, NOTCH4, PKD1, SKI, TGFB1, TGFBR2, YAP1",0.03517114049611943
GO_BP,Downregulated in R,GOBP_AMINOGLYCAN_BIOSYNTHETIC_PROCESS,5,35,200,0.002920189196639336,"CHST3, EXT1, NDST1, TGFB1, UST",0.03588261257453228
GO_BP,Downregulated in R,GOBP_REGULATION_OF_CYTOSKELETON_ORGANIZATION,16,260,200,0.0030214693563182207,"ARHGAP6, CELSR1, CGNL1, DLC1, F2RL1, ITGB3, LRP1, PHLDB1, PKD1, PLEKHG2, PLEKHH2, RAPGEF3, SPTBN1, SSH1, SYNPO, TGFB1",0.03699404774617578
GO_BP,Downregulated in R,GOBP_REGULATION_OF_FAT_CELL_DIFFERENTIATION,7,68,200,0.0030948044181093285,"FOXO1, JAG1, TGFB1, TRIB2, WWTR1, YAP1, ZFP36L2",0.037622248726909134
GO_BP,Downregulated in R,GOBP_INSULIN_RECEPTOR_SIGNALING_PATHWAY,7,68,200,0.0030948044181093285,"FOXC2, FOXO1, GRB10, IRS2, PTPRE, SESN3, SHC1",0.037622248726909134
GO_BP,Downregulated in R,GOBP_EMBRYONIC_SKELETAL_SYSTEM_DEVELOPMENT,6,51,200,0.0031073120776137046,"EXT1, FOXC2, GLI3, NDST1, SULF2, TGFBR2",0.03764034772031353
GO_BP,Upregulated in R,GOBP_POSITIVE_REGULATION_OF_TRANSFERASE_ACTIVITY,13,191,200,0.003125254963815816,"BORA, ECT2, EZH2, KIF14, NEK2, PCNA, PLK1, PRIM2, RFC2, RFC3, RFC4, RFC5, TPX2",0.03772392564097112
GO_BP,Downregulated in R,GOBP_CARDIAC_EPITHELIAL_TO_MESENCHYMAL_TRANSITION,4,22,200,0.0031525121938091346,"ACVR1, JAG1, TGFB1, TGFBR2",0.03778590054053335
GO_BP,Downregulated in R,GOBP_POSITIVE_REGULATION_OF_SMOOTHENED_SIGNALING_PATHWAY,4,22,200,0.0031525121938091346,"DYNC2H1, EVC, NDST1, RAB34",0.03778590054053335
GO_BP,Upregulated in R,GOBP_NUCLEOTIDE_EXCISION_REPAIR,5,36,200,0.003313886780834984,"ACTL6A, BRIP1, POLE, RPA1, RPA3",0.039581249102560515
GO_BP,Downregulated in R,GOBP_AMEBOIDAL_TYPE_CELL_MIGRATION,16,264,200,0.0035144447485601408,"ACVR1, EFNB1, FOXC2, GADD45A, IRS2, ITGB3, KIT, MACF1, PLEC, PTPRG, RIN2, S100A2, SPRED1, TGFB1, TGFBR2, TNS1",0.04183046432432558
GO_BP,Downregulated in R,GOBP_EMBRYO_DEVELOPMENT_ENDING_IN_BIRTH_OR_EGG_HATCHING,18,314,200,0.003635718425651783,"ACVR1, ADCY9, CELSR1, DLC1, EXT1, FOXC2, GLI3, JAG2, LIF, LPAR6, NDST1, PKD1, SKI, SULF2, TGFB1, TGFBR2, TM4SF1, YAP1",0.04312366021536976
GO_BP,Downregulated in R,GOBP_POSITIVE_REGULATION_OF_NOTCH_SIGNALING_PATHWAY,4,23,200,0.003732060551663595,"JAG1, JAG2, KIT, YAP1",0.04396109946373394
GO_BP,Downregulated in R,GOBP_NEGATIVE_REGULATION_OF_HORMONE_SECRETION,4,23,200,0.003732060551663595,"F2RL1, FOXO1, KLF7, LIF",0.04396109946373394
GO_BP,Upregulated in R,GOBP_PROTEIN_DEPOLYMERIZATION,6,53,200,0.0037787162494528526,"DIAPH3, KIF14, KIF18A, KIF2C, STMN1, TPX2",0.044357713773645856
GO_BP,Downregulated in R,GOBP_GROWTH,22,418,200,0.0038408786734763895,"ADRB2, COL27A1, DUSP6, EVC, EXT1, EXTL3, FOXC2, GLI3, IGFBP4, IGFBP7, LTBP4, MACF1, MMP13, PDLIM5, PLEC, PRKG1, SKI, SLIT3, TGFB1, TGFBR2, WWTR1, YAP1",0.04493301900203886
GO_BP,Downregulated in R,GOBP_PHAGOCYTOSIS,10,130,200,0.003912466441942533,"CD93, CNN2, F2RL1, ITGB3, LDLR, LRP1, MST1R, RAB34, TGFB1, TLR2",0.045614284524490414
GO_BP,Downregulated in R,GOBP_REGULATION_OF_CARBOHYDRATE_METABOLIC_PROCESS,7,71,200,0.003951390992194929,"ALDOB, DDIT4, FOXO1, IGFBP4, IRS2, PRKG1, TGFB1",0.045911400099788696
GO_BP,Downregulated in R,GOBP_POSITIVE_REGULATION_OF_CATABOLIC_PROCESS,14,220,200,0.004040210278540484,"ADRB2, FOXO1, IRS2, LDLR, LRP1, MSN, PLK3, SAMD4A, SESN1, SESN3, SH3RF2, SNX18, TRIB2, ZFP36L2",0.04678426546269252
GO_BP,Downregulated in R,GOBP_ACTIN_FILAMENT_ORGANIZATION,15,244,200,0.004090578871062524,"ARHGAP6, CGNL1, CNN2, DLC1, F2RL1, HIP1, PLEC, PLEKHG2, PLEKHH2, RAPGEF3, SHROOM4, SPTBN1, SSH1, SYNPO, ZYX",0.04720749129577562
GO_BP,Downregulated in R,GOBP_AORTA_DEVELOPMENT,5,38,200,0.004213584294037455,"JAG1, LOXL1, LRP1, NDST1, TGFBR2",0.04846331295768332
GO_BP,Upregulated in R,GOBP_EPIGENETIC_REGULATION_OF_GENE_EXPRESSION,8,91,200,0.004300207987863452,"BRCA1, CBX3, CDK2, EZH2, HELLS, LRIF1, USP21, VPS72",0.04929365935081058
GO_BP,Downregulated in R,GOBP_NEGATIVE_REGULATION_OF_LIPID_LOCALIZATION,4,24,200,0.004379826234849466,"CES1, IRS2, ITGB3, PLA2R1",0.04987162139415259
GO_BP,Downregulated in R,GOBP_EMBRYONIC_CRANIAL_SKELETON_MORPHOGENESIS,4,24,200,0.004379826234849466,"FOXC2, GLI3, NDST1, TGFBR2",0.04987162139415259
GO_BP,Downregulated in R,GOBP_AMINOGLYCAN_METABOLIC_PROCESS,6,55,200,0.004552197223594907,"CHST3, EXT1, LYVE1, NDST1, TGFB1, UST",0.051662145235216624
GO_BP,Downregulated in R,GOBP_NEGATIVE_REGULATION_OF_TRANSCRIPTION_BY_RNA_POLYMERASE_II,21,398,200,0.004583206478286571,"ATXN1, ETS2, FOXC2, FOXO1, GADD45A, GLI3, HIPK2, HMGA2, KLF7, LDB2, MAF, NFATC4, NFIX, NOTCH3, NOTCH4, NR2F1, PLK3, SKI, TGFB1, WWTR1, YAP1",0.05184183221796996
GO_BP,Downregulated in R,GOBP_SMOOTH_MUSCLE_CELL_DIFFERENTIATION,5,39,200,0.004723285623769485,"ACVR1, KIT, NFATC4, NOTCH4, TGFB1",0.0532499791775464
GO_BP,Downregulated in R,GOBP_POSITIVE_REGULATION_OF_PROTEIN_LOCALIZATION,15,248,200,0.00475718164381716,"F2RL1, GLI3, IRS2, LRP1, LRRC8A, MSN, PLK3, RAPGEF3, RAPGEF4, SPTBN1, SSH1, TGFB1, TLR2, WWTR1, YAP1",0.05345569899762967
GO_BP,Downregulated in R,GOBP_MYELOID_LEUKOCYTE_ACTIVATION,9,113,200,0.0048578284881581795,"CD93, F2RL1, IFNGR1, IL1RL1, KIT, LDLR, TGFB1, TGFBR2, TLR2",0.05440767906737161
GO_BP,Downregulated in R,GOBP_ANIMAL_ORGAN_MORPHOGENESIS,24,480,200,0.0048984994021740984,"ACVR1, ANKH, CELSR1, COL27A1, DLC1, EXT1, FOXC2, GLI3, HIPK2, ITGA6, JAG1, JAG2, LIF, MMP13, MSN, NDST1, PKD1, SKI, SLIT3, SULF2, TGFB1, TGFBR2, WWTR1, YAP1",0.054683901822963135
GO_BP,Downregulated in R,GOBP_NEURON_FATE_COMMITMENT,4,25,200,0.005099338998290764,"GLI3, JAG2, NFIA, NOTCH3",0.0565563052537703
GO_BP,Upregulated in R,GOBP_DOUBLE_STRAND_BREAK_REPAIR_VIA_NONHOMOLOGOUS_END_JOINING,4,25,200,0.005099338998290764,"HMGB2, PLK1, POLQ, TOPBP1",0.0565563052537703
GO_BP,Upregulated in R,GOBP_NUCLEUS_ORGANIZATION,6,57,200,0.005436551043751557,"CDK1, CEP55, HMGB2, NUP107, PLK1, VRK1",0.05985938954619399
GO_BP,Downregulated in R,GOBP_BONE_DEVELOPMENT,9,115,200,0.0054497277953355775,"COL27A1, EVC, EXT1, GLI3, MMP13, SKI, SULF2, TGFB1, TGFBR2",0.05985938954619399
GO_BP,Downregulated in R,GOBP_FAT_CELL_DIFFERENTIATION,9,115,200,0.0054497277953355775,"ADRB2, FOXO1, HMGA2, JAG1, TGFB1, TRIB2, WWTR1, YAP1, ZFP36L2",0.05985938954619399
GO_BP,Upregulated in R,GOBP_REGULATION_OF_PROTEIN_SERINE_THREONINE_KINASE_ACTIVITY,10,137,200,0.005670554367058062,"BLM, CCNA2, CCNB2, CCNE1, CCNE2, CCNF, CDC6, DNAJA1, EZH2, PLK1",0.06188694478552824
GO_BP,Downregulated in R,GOBP_REGULATION_OF_PROTEIN_SERINE_THREONINE_KINASE_ACTIVITY,10,137,200,0.005670554367058062,"ADRB2, DUSP7, GADD45A, HMGA2, IRAK3, KIT, MAP3K4, MAP3K5, MST1R, TRIB2",0.06188694478552824
GO_BP,Downregulated in R,GOBP_REGULATION_OF_MAP_KINASE_ACTIVITY,7,76,200,0.005764325860024251,"DUSP7, IRAK3, KIT, MAP3K4, MAP3K5, MST1R, TRIB2",0.06270999088484981
GO_BP,Downregulated in R,GOBP_POSITIVE_REGULATION_OF_EPITHELIAL_TO_MESENCHYMAL_TRANSITION,5,41,200,0.005871545571226422,"ACVR1, JAG1, TGFB1, TGFBR2, WWTR1",0.06367364975018874
GO_BP,Downregulated in R,GOBP_NEGATIVE_REGULATION_OF_NEURON_DIFFERENTIATION,4,26,200,0.005894001372515429,"CTDSP1, GLI3, JAG1, NOTCH3",0.06371490091301489
GO_BP,Downregulated in R,GOBP_VASCULAR_PROCESS_IN_CIRCULATORY_SYSTEM,10,138,200,0.005965382490015125,"ADRB2, EXT1, F2RL1, FOXC2, LRP1, PLEC, PRKG1, SLC22A3, SLCO3A1, TGFB1",0.06428311225833333
GO_BP,Downregulated in R,GOBP_EPITHELIAL_CELL_APOPTOTIC_PROCESS,7,77,200,0.006191272428098118,"ITGB3, JAG2, MAP3K5, PLA2R1, TGFB1, TGFBR2, YAP1",0.06650750507667663
GO_BP,Downregulated in R,GOBP_CANONICAL_WNT_SIGNALING_PATHWAY,10,139,200,0.006272050879228909,"EXT1, FOXO1, GLI3, IGFBP4, NID1, RBMS3, SULF2, TGFB1, WWTR1, YAP1",0.06716403073180549
GO_BP,Upregulated in R,GOBP_NEGATIVE_REGULATION_OF_GENE_EXPRESSION_EPIGENETIC,6,59,200,0.00644059919980426,"BRCA1, CBX3, CDK2, EZH2, HELLS, LRIF1",0.06875339645791047
GO_BP,Downregulated in R,GOBP_REGULATION_OF_CELL_KILLING,5,42,200,0.006513706408959753,"CD59, CFH, F2RL1, MICA, TGFB1",0.06931719966668698
GO_BP,Downregulated in R,GOBP_CARDIOCYTE_DIFFERENTIATION,7,78,200,0.006641396284110728,"ACVR1, JAG1, PDLIM5, PLEC, PRKG1, SYNE1, TGFB1",0.07045655188360947
GO_BP,Downregulated in R,GOBP_ERK1_AND_ERK2_CASCADE,11,163,200,0.006805938690350109,"CNKSR3, DUSP6, DUSP7, F2RL1, GRB10, ITGB3, LIF, SHC1, SPRED1, TGFB1, ZFP36L2",0.07197859618029713
GO_BP,Upregulated in R,GOBP_MICROTUBULE_BASED_MOVEMENT,10,141,200,0.006922167449033675,"DNAJA1, KIF11, KIF14, KIF15, KIF18A, KIF22, KIF23, KIF2C, KIF4A, KIFC1",0.0727573046335355
GO_BP,Downregulated in R,GOBP_REGULATION_OF_ACTIN_FILAMENT_ORGANIZATION,10,141,200,0.006922167449033675,"ARHGAP6, CGNL1, DLC1, F2RL1, PLEKHG2, PLEKHH2, RAPGEF3, SPTBN1, SSH1, SYNPO",0.0727573046335355
GO_BP,Downregulated in R,GOBP_NEGATIVE_REGULATION_OF_SUPRAMOLECULAR_FIBER_ORGANIZATION,7,79,200,0.0071154400793309435,"ARHGAP6, CGNL1, DLC1, LDLR, PLEKHH2, SPTBN1, SSH1",0.0745593353097991
GO_BP,Downregulated in R,GOBP_REGULATION_OF_SMOOTHENED_SIGNALING_PATHWAY,5,43,200,0.0072035805558244535,"DYNC2H1, EVC, GLI3, NDST1, RAB34",0.07525208311527931
GO_BP,Upregulated in R,GOBP_PROTEASOME_MEDIATED_UBIQUITIN_DEPENDENT_PROTEIN_CATABOLIC_PROCESS,10,142,200,0.0072662508790187616,"AURKA, CCNF, CDK2, DTL, KIF14, PLK1, PSMB4, PSMC4, PSMD4, SKP2",0.07567534452051247
GO_BP,Downregulated in R,GOBP_POSITIVE_REGULATION_OF_PHOSPHORYLATION,16,285,200,0.0073124302047236165,"ACVR1, ADRB2, HIPK2, HMGA2, ITGA6, ITGB3, KIT, LIF, MAP3K4, MAP3K5, MST1R, SLCO3A1, TGFB1, TGFBR2, TNFRSF10B, TNFRSF1A",0.07592480723202394
GO_BP,Downregulated in R,GOBP_REGULATION_OF_TRANSFERASE_ACTIVITY,17,311,200,0.007464932686543703,"ADRB2, DUSP7, GADD45A, HMGA2, IRAK3, IRS2, ITGB3, KIT, LDB2, MAP3K4, MAP3K5, MST1R, SPRED1, TGFBR2, TNFRSF10B, TRIB2, WWTR1",0.07727336380979785
GO_BP,Downregulated in R,GOBP_ACTOMYOSIN_STRUCTURE_ORGANIZATION,9,121,200,0.007564750487193643,"ARHGAP6, CGNL1, CNN2, CSRP1, DLC1, OBSCN, PLEC, RAPGEF3, ZYX",0.07807005336632473
GO_BP,Downregulated in R,GOBP_GLIAL_CELL_ACTIVATION,4,28,200,0.007721696133277364,"IFNGR1, LDLR, LRP1, TLR2",0.07921115312695338
GO_BP,Upregulated in R,GOBP_NUCLEOSOME_ORGANIZATION,4,28,200,0.007721696133277364,"CHAF1A, CHAF1B, HMGB2, MCM2",0.07921115312695338
GO_BP,Downregulated in R,GOBP_RESPONSE_TO_NITROGEN_COMPOUND,24,499,200,0.007870763147295328,"ADRB2, CES1, EXT1, FOXC2, FOXO1, GRB10, IRAK3, IRS2, ITGB3, JAG1, LDLR, LRP1, MAP3K5, MMP13, NT5E, PTPRE, RAPGEF3, SESN1, SESN3, SHC1, SSH1, TGFB1, THBD, TLR2",0.08049858356634983
GO_BP,Downregulated in R,GOBP_REGULATION_OF_STEROID_METABOLIC_PROCESS,5,44,200,0.007942900257976709,"CES1, IGFBP7, KIT, LDLR, PRKG1",0.08099387248133862
GO_BP,Downregulated in R,GOBP_NEGATIVE_REGULATION_OF_PEPTIDE_SECRETION,3,15,200,0.008101196457566566,"F2RL1, FOXO1, KLF7",0.08187481390250707
GO_BP,Downregulated in R,GOBP_ATRIOVENTRICULAR_VALVE_DEVELOPMENT,3,15,200,0.008101196457566566,"ACVR1, SLIT3, TGFBR2",0.08187481390250707
GO_BP,Upregulated in R,GOBP_REGULATION_OF_DNA_DAMAGE_CHECKPOINT,3,15,200,0.008101196457566566,"BRCA1, BRCC3, RAD51",0.08187481390250707
GO_BP,Downregulated in R,GOBP_REGULATION_OF_OSTEOBLAST_DIFFERENTIATION,7,81,200,0.00813825896070851,"ACVR1, GLI3, JAG1, SKI, WWTR1, YAP1, ZHX3",0.08200676286070877
GO_BP,Downregulated in R,GOBP_CARDIAC_MUSCLE_CELL_DIFFERENTIATION,6,62,200,0.00819030412216952,"ACVR1, PDLIM5, PLEC, PRKG1, SYNE1, TGFB1",0.08228846729803259
GO_BP,Downregulated in R,GOBP_GASTRULATION,8,102,200,0.008508612423640845,"ACVR1, ETS2, EXT1, FOXC2, HMGA2, ITGB3, PHLDB1, TGFBR2",0.08523583589195638
GO_BP,Upregulated in R,GOBP_REGULATION_OF_KINASE_ACTIVITY,15,265,200,0.008646161652013524,"BLM, BORA, CCNA2, CCNB2, CCNE1, CCNE2, CCNF, CDC6, CEP85, DNAJA1, ECT2, EZH2, KIF14, PLK1, TPX2",0.08636049182245087
GO_BP,Downregulated in R,GOBP_REGULATION_OF_PHOSPHOLIPASE_ACTIVITY,4,29,200,0.008760822519445809,"ARHGAP6, KIT, LRP1, PLA2R1",0.08715688926268189
GO_BP,Downregulated in R,GOBP_REGULATION_OF_EPITHELIAL_CELL_MIGRATION,10,146,200,0.008776923274696303,"FOXC2, GADD45A, IRS2, ITGB3, MACF1, PTPRG, RIN2, SPRED1, TGFB1, TGFBR2",0.08715688926268189
GO_BP,Downregulated in R,GOBP_NEGATIVE_REGULATION_OF_LOCOMOTION,11,169,200,0.00884693331319761,"CNN2, DLC1, GADD45A, JAG1, LRP1, NISCH, PRKG1, PTPRG, RIN3, SPRED1, TGFB1",0.08759746144313924
GO_BP,Downregulated in R,GOBP_PROTEIN_DEPHOSPHORYLATION,8,103,200,0.009005592446603143,"CTDSP1, DLC1, DUSP6, DUSP7, PTPRE, PTPRG, SSH1, TGFB1",0.08891070461733046
GO_BP,Downregulated in R,GOBP_PROTEIN_LOCALIZATION_TO_EXTRACELLULAR_REGION,11,170,200,0.009228885587561289,"F2RL1, FOXO1, IRS2, KLF7, LRRC32, LRRC8A, LTBP2, PORCN, RAPGEF4, TGFB1, TLR2",0.09063980625759714
GO_BP,Downregulated in R,GOBP_POSITIVE_REGULATION_OF_PHOSPHORUS_METABOLIC_PROCESS,17,318,200,0.009233797592987062,"ACVR1, ADRB2, DLC1, HIPK2, HMGA2, ITGA6, ITGB3, KIT, LIF, MAP3K4, MAP3K5, MST1R, SLCO3A1, TGFB1, TGFBR2, TNFRSF10B, TNFRSF1A",0.09063980625759714
GO_BP,Downregulated in R,GOBP_NEGATIVE_REGULATION_OF_NERVOUS_SYSTEM_DEVELOPMENT,6,64,200,0.009531839091779598,"CTDSP1, LDLR, NFATC4, SKI, TGFB1, TLR2",0.09329731328802036
GO_BP,Downregulated in R,GOBP_TOLERANCE_INDUCTION,3,16,200,0.009763699883009246,"IRAK3, TGFB1, TGFBR2",0.09502221880444325
GO_BP,Downregulated in R,GOBP_HEPARAN_SULFATE_PROTEOGLYCAN_BIOSYNTHETIC_PROCESS,3,16,200,0.009763699883009246,"EXT1, EXTL3, NDST1",0.09502221880444325
GO_BP,Downregulated in R,GOBP_REGULATION_OF_CELL_MATRIX_ADHESION,7,84,200,0.00987042733350222,"ARHGAP6, DLC1, ITGB3, JAG1, LIMS1, MACF1, RIN2",0.09567968654122304
GO_BP,Downregulated in R,GOBP_POLYSACCHARIDE_BIOSYNTHETIC_PROCESS,4,30,200,0.009887274399605309,"EXT1, IRS2, NDST1, TGFB1",0.09567968654122304
GO_BP,Upregulated in R,GOBP_CELLULAR_RESPONSE_TO_IONIZING_RADIATION,5,47,200,0.01047432243203122,"BLM, BRCA1, BRCC3, ECT2, RAD51",0.10092728045630678
GO_BP,Downregulated in R,GOBP_REGULATION_OF_ENDOCYTOSIS,10,150,200,0.010518182623666631,"CNN2, F2RL1, HIP1, ITGB3, LRP1, RIN3, SGIP1, SYNE1, TGFB1, TLR2",0.10092728045630678
GO_BP,Downregulated in R,GOBP_STRIATED_MUSCLE_CELL_DIFFERENTIATION,10,150,200,0.010518182623666631,"ACVR1, CSRP1, EHD2, OBSCN, PDLIM5, PLEC, PRKG1, SKI, SYNE1, TGFB1",0.10092728045630678
GO_BP,Downregulated in R,GOBP_REGULATION_OF_CELL_ADHESION,22,457,200,0.010722732921739715,"ARHGAP6, DLC1, EFNB1, FOXC2, GLI3, HSPG2, ITGA6, ITGB3, JAG1, JAG2, LIF, LIMS1, LRRC32, MACF1, NID1, NOTCH4, PKD1, PRKG1, PTPRG, RIN2, TGFB1, TGFBR2",0.1024613826876886
GO_BP,Downregulated in R,GOBP_REGULATION_OF_SMALL_MOLECULE_METABOLIC_PROCESS,9,128,200,0.010768043438196782,"ALDOB, CES1, DDIT4, FOXO1, IGFBP4, IRS2, KIT, LDLR, PRKG1",0.1024613826876886
GO_BP,Downregulated in R,GOBP_POSITIVE_REGULATION_OF_PROTEIN_KINASE_ACTIVITY,9,128,200,0.010768043438196782,"ADRB2, HMGA2, ITGB3, KIT, MAP3K4, MAP3K5, MST1R, TGFBR2, TNFRSF10B",0.1024613826876886
GO_BP,Upregulated in R,GOBP_CELLULAR_COMPONENT_DISASSEMBLY,13,222,200,0.010837005442644385,"AURKA, CDK1, DIAPH3, EIF2AK1, KIF14, KIF18A, KIF2C, PLK1, STMN1, TOP2A, TPX2, UFC1, VRK1",0.10283114053353672
GO_BP,Downregulated in R,GOBP_POSITIVE_REGULATION_OF_PROTEIN_SERINE_THREONINE_KINASE_ACTIVITY,6,66,200,0.011023335230186239,"ADRB2, HMGA2, KIT, MAP3K4, MAP3K5, MST1R",0.10420401702851602
GO_BP,Upregulated in R,GOBP_SOMATIC_DIVERSIFICATION_OF_IMMUNE_RECEPTORS,4,31,200,0.011103706732546788,"ATAD5, EXO1, HMGB2, POLQ",0.10420401702851602
GO_BP,Downregulated in R,GOBP_ENDOCHONDRAL_BONE_MORPHOGENESIS,4,31,200,0.011103706732546788,"COL27A1, EXT1, MMP13, TGFBR2",0.10420401702851602
GO_BP,Downregulated in R,GOBP_ENDOCARDIAL_CUSHION_DEVELOPMENT,4,31,200,0.011103706732546788,"ACVR1, JAG1, TGFB1, TGFBR2",0.10420401702851602
GO_BP,Downregulated in R,GOBP_GLOMERULAR_EPITHELIUM_DEVELOPMENT,3,17,200,0.011610132770004408,"EXT1, FOXC2, JAG1",0.10690084512758775
GO_BP,Downregulated in R,GOBP_NEGATIVE_REGULATION_OF_BLOOD_VESSEL_ENDOTHELIAL_CELL_MIGRATION,3,17,200,0.011610132770004408,"GADD45A, SPRED1, TGFB1",0.10690084512758775
GO_BP,Downregulated in R,GOBP_NEGATIVE_REGULATION_OF_ACTIN_FILAMENT_BUNDLE_ASSEMBLY,3,17,200,0.011610132770004408,"ARHGAP6, CGNL1, DLC1",0.10690084512758775
GO_BP,Downregulated in R,GOBP_NEGATIVE_REGULATION_OF_STEM_CELL_DIFFERENTIATION,3,17,200,0.011610132770004408,"JAG1, YAP1, ZFP36L2",0.10690084512758775
GO_BP,Downregulated in R,GOBP_ACTIVIN_RECEPTOR_SIGNALING_PATHWAY,3,17,200,0.011610132770004408,"ACVR1, SKI, TGFBR2",0.10690084512758775
GO_BP,Downregulated in R,GOBP_POSITIVE_REGULATION_OF_CELL_ADHESION_MEDIATED_BY_INTEGRIN,3,17,200,0.011610132770004408,"FOXC2, ITGB3, LIF",0.10690084512758775
GO_BP,Downregulated in R,GOBP_APOPTOTIC_PROCESS_INVOLVED_IN_MORPHOGENESIS,3,17,200,0.011610132770004408,"FOXC2, JAG2, TNFRSF1A",0.10690084512758775
GO_BP,Downregulated in R,GOBP_REGULATION_OF_CELLULAR_COMPONENT_BIOGENESIS,22,463,200,0.012362515899800822,"ARHGAP6, CGNL1, DLC1, EFNB1, F2RL1, KIT, LCAT, LDB2, LIMS1, MACF1, MSN, PDLIM5, PHLDB1, PLEKHG2, RAPGEF3, SNX18, SPTBN1, SSH1, SYNPO, TGFB1, TLR2, YAP1",0.11311910152098863
GO_BP,Downregulated in R,GOBP_REGULATION_OF_RECEPTOR_INTERNALIZATION,4,32,200,0.012412610255456577,"HIP1, ITGB3, RIN3, SYNE1",0.11311910152098863
GO_BP,Downregulated in R,GOBP_SMOOTH_MUSCLE_CELL_MIGRATION,5,49,200,0.012439234395804044,"GRB10, ITGB3, LRP1, PRKG1, SSH1",0.11311910152098863
GO_BP,Downregulated in R,GOBP_REGULATION_OF_STEM_CELL_PROLIFERATION,5,49,200,0.012439234395804044,"GLI3, HMGA2, TGFB1, TGFBR2, YAP1",0.11311910152098863
GO_BP,Downregulated in R,GOBP_WOUND_HEALING,14,251,200,0.012451048645167367,"CD59, CNN2, CSRP1, EXT1, F2RL1, FOXC2, ITGB3, MACF1, NOTCH4, PLEC, PRKG1, TGFB1, THBD, YAP1",0.11311910152098863
GO_BP,Downregulated in R,GOBP_SMALL_GTPASE_MEDIATED_SIGNAL_TRANSDUCTION,15,277,200,0.012673053763964803,"ARHGAP26, ARHGAP6, ARHGEF17, CELSR1, CGNL1, DLC1, DNMBP, DOCK6, F2RL1, LPAR6, NISCH, OBSCN, RAPGEF3, RAPGEF4, RIN2",0.11483064100186675
GO_BP,Downregulated in R,GOBP_TISSUE_MIGRATION,12,202,200,0.012715544066414598,"FOXC2, GADD45A, IRS2, ITGB3, KIT, MACF1, PTPRG, RIN2, S100A2, SPRED1, TGFB1, TGFBR2",0.11491084267426525
GO_BP,Downregulated in R,GOBP_POSITIVE_REGULATION_OF_PROTEIN_TRANSPORT,9,132,200,0.01300574228231014,"F2RL1, GLI3, IRS2, LRRC8A, PLK3, RAPGEF3, RAPGEF4, TGFB1, TLR2",0.1172232602542782
GO_BP,Downregulated in R,GOBP_POSITIVE_REGULATION_OF_PROTEIN_CATABOLIC_PROCESS,7,89,200,0.013334012197680623,"FOXO1, LDLR, LRP1, MSN, PLK3, SH3RF2, TRIB2",0.11978809818975408
GO_BP,Downregulated in R,GOBP_VASCULOGENESIS,5,50,200,0.013509464753208784,"RIN2, SPRED1, TGFB1, TGFBR2, YAP1",0.11978809818975408
GO_BP,Downregulated in R,GOBP_ROOF_OF_MOUTH_DEVELOPMENT,5,50,200,0.013509464753208784,"GLI3, JAG2, LRRC32, SKI, TGFBR2",0.11978809818975408
GO_BP,Downregulated in R,GOBP_CARDIAC_CHAMBER_MORPHOGENESIS,6,69,200,0.01355974249661914,"ACVR1, FOXC2, JAG1, SLIT3, TGFB1, TGFBR2",0.11978809818975408
GO_BP,Downregulated in R,GOBP_LENS_FIBER_CELL_DIFFERENTIATION,3,18,200,0.013643746271166459,"MAF, SPRED1, TGFB1",0.11978809818975408
GO_BP,Downregulated in R,GOBP_VASCULAR_ASSOCIATED_SMOOTH_MUSCLE_CELL_MIGRATION,3,18,200,0.013643746271166459,"GRB10, PRKG1, SSH1",0.11978809818975408
GO_BP,Downregulated in R,GOBP_POSITIVE_REGULATION_OF_P38MAPK_CASCADE,3,18,200,0.013643746271166459,"GADD45A, MAP3K4, MAP3K5",0.11978809818975408
GO_BP,Upregulated in R,GOBP_POSITIVE_REGULATION_OF_MITOTIC_NUCLEAR_DIVISION,3,18,200,0.013643746271166459,"AURKA, ESPL1, NUSAP1",0.11978809818975408
GO_BP,Downregulated in R,GOBP_POSITIVE_REGULATION_OF_MESENCHYMAL_CELL_PROLIFERATION,3,18,200,0.013643746271166459,"IRS2, SYNE1, TGFBR2",0.11978809818975408
GO_BP,Downregulated in R,GOBP_SENSORY_ORGAN_DEVELOPMENT,14,254,200,0.013707191687831433,"FOXC2, GLI3, HIPK2, JAG1, JAG2, KIT, LRP10, MAF, NFIA, NHS, SKI, SPRED1, TGFB1, TGFBR2",0.11978809818975408
GO_BP,Downregulated in R,GOBP_REGULATION_OF_NEUROGENESIS,11,180,200,0.01378847229421333,"CTDSP1, GLI3, KIT, LDLR, LIF, MACF1, NFATC4, SKI, TGFB1, TLR2, YAP1",0.11978809818975408
GO_BP,Upregulated in R,GOBP_RHYTHMIC_PROCESS,8,111,200,0.013797083054914689,"CBX3, CDK1, DTL, EZH2, PCNA, TIMELESS, TOP2A, TYMS",0.11978809818975408
GO_BP,Upregulated in R,GOBP_REGULATION_OF_ORGANELLE_ASSEMBLY,8,111,200,0.013797083054914689,"BRCA1, CENPJ, PLK1, PLK4, RAB5A, SASS6, SPAG5, SPICE1",0.11978809818975408
GO_BP,Downregulated in R,GOBP_REGULATION_OF_LIPASE_ACTIVITY,4,33,200,0.013816308749052432,"ARHGAP6, KIT, LRP1, PLA2R1",0.11978809818975408
GO_BP,Downregulated in R,GOBP_REGULATION_OF_CARTILAGE_DEVELOPMENT,4,33,200,0.013816308749052432,"GLI3, MAF, PTHLH, TGFB1",0.11978809818975408
GO_BP,Downregulated in R,GOBP_POSITIVE_REGULATION_OF_INTRACELLULAR_TRANSPORT,6,70,200,0.014488964702549028,"EHD2, GLI3, MSN, PLK3, RAPGEF3, TGFB1",0.12435754629122482
GO_BP,Downregulated in R,GOBP_POSITIVE_REGULATION_OF_AUTOPHAGY,6,70,200,0.014488964702549028,"ADRB2, FOXO1, PLK3, SESN1, SESN3, SNX18",0.12435754629122482
GO_BP,Downregulated in R,GOBP_POSITIVE_REGULATION_OF_WNT_SIGNALING_PATHWAY,6,70,200,0.014488964702549028,"MACF1, SKI, SULF2, TGFB1, TLR2, YAP1",0.12435754629122482
GO_BP,Downregulated in R,GOBP_CARDIAC_VENTRICLE_DEVELOPMENT,6,70,200,0.014488964702549028,"ACVR1, FOXC2, JAG1, SLIT3, TGFB1, TGFBR2",0.12435754629122482
GO_BP,Downregulated in R,GOBP_POSITIVE_REGULATION_OF_JNK_CASCADE,5,51,200,0.014640133522295198,"F2RL1, GADD45A, HIPK2, MAP3K5, SH3RF2",0.12529897890423988
GO_BP,Downregulated in R,GOBP_EMBRYONIC_ORGAN_DEVELOPMENT,12,206,200,0.014672011581292726,"ACVR1, COL27A1, FOXC2, GLI3, HIPK2, KIT, LIF, NDST1, PKD1, TGFB1, TGFBR2, YAP1",0.12529897890423988
GO_BP,Downregulated in R,GOBP_STRIATED_MUSCLE_TISSUE_DEVELOPMENT,9,135,200,0.01489865110823122,"ACVR1, FOXC2, PDLIM5, PLEC, PRKG1, SKI, SYNE1, TGFB1, YAP1",0.12691718749555572
GO_BP,Downregulated in R,GOBP_CELL_JUNCTION_ORGANIZATION,18,362,200,0.015050040299573776,"ARHGAP6, DLC1, EXT1, F2RL1, ITGA6, ITGB3, LIMS1, MACF1, NFATC4, NFIA, PCDHGC3, PDLIM5, PLEC, SSH1, SYNPO, TGFB1, TLR2, TNS1",0.12788790463518412
GO_BP,Downregulated in R,GOBP_EMBRYO_IMPLANTATION,4,34,200,0.015316957092693761,"HSPG2, IGFBP7, ITGB3, LIF",0.12983306557975655
GO_BP,Downregulated in R,GOBP_SENSORY_SYSTEM_DEVELOPMENT,11,183,200,0.015443386509264448,"FOXC2, GLI3, HIPK2, JAG1, MAF, NFIA, NHS, SKI, SPRED1, TGFB1, TGFBR2",0.13041245330755566
GO_BP,Downregulated in R,GOBP_REGULATION_OF_INSULIN_SECRETION,6,71,200,0.015461663814274017,"F2RL1, FOXO1, IRS2, KLF7, LRRC8A, RAPGEF4",0.13041245330755566
GO_BP,Downregulated in R,GOBP_REGULATION_OF_VESICLE_MEDIATED_TRANSPORT,13,233,200,0.01573772404609226,"CNN2, EHD2, F2RL1, HIP1, ITGB3, LRP1, MSN, RAPGEF4, RIN3, SGIP1, SYNE1, TGFB1, TLR2",0.13155776755139148
GO_BP,Downregulated in R,GOBP_REGULATION_OF_ANATOMICAL_STRUCTURE_SIZE,13,233,200,0.01573772404609226,"ADRB2, EXT1, F2RL1, FOXC2, LRRC8A, MACF1, MSN, PLEKHG2, PLEKHH2, PRKG1, RIN3, SPTBN1, SSH1",0.13155776755139148
GO_BP,Downregulated in R,GOBP_CARBOHYDRATE_BIOSYNTHETIC_PROCESS,7,92,200,0.015789563368299557,"ALDOB, EXT1, FOXO1, IRS2, NDST1, PRKG1, TGFB1",0.13155776755139148
GO_BP,Upregulated in R,GOBP_NEGATIVE_REGULATION_OF_MICROTUBULE_POLYMERIZATION_OR_DEPOLYMERIZATION,3,19,200,0.015867037538399676,"DIAPH3, STMN1, TPX2",0.13155776755139148
GO_BP,Downregulated in R,GOBP_RESPONSE_TO_STEROL,3,19,200,0.015867037538399676,"CES1, TGFB1, TGFBR2",0.13155776755139148
GO_BP,Downregulated in R,GOBP_ENDOCARDIAL_CUSHION_FORMATION,3,19,200,0.015867037538399676,"ACVR1, TGFB1, TGFBR2",0.13155776755139148
GO_BP,Downregulated in R,GOBP_NEGATIVE_REGULATION_OF_CARBOHYDRATE_METABOLIC_PROCESS,3,19,200,0.015867037538399676,"DDIT4, PRKG1, TGFB1",0.13155776755139148
GO_BP,Downregulated in R,GOBP_MUSCLE_CELL_PROLIFERATION,8,115,200,0.01679191365423293,"FOXC2, ITGB3, MAP3K5, NOTCH3, PRKG1, SKI, TGFB1, YAP1",0.13855356773637606
GO_BP,Downregulated in R,GOBP_REGULATION_OF_CANONICAL_WNT_SIGNALING_PATHWAY,8,115,200,0.01679191365423293,"FOXO1, GLI3, IGFBP4, RBMS3, SULF2, TGFB1, WWTR1, YAP1",0.13855356773637606
GO_BP,Downregulated in R,GOBP_REGULATION_OF_ORGANIC_ACID_TRANSPORT,4,35,200,0.01691654004702337,"CES1, IRS2, PLA2R1, PRKG1",0.13924554409790801
GO_BP,Downregulated in R,GOBP_KIDNEY_MORPHOGENESIS,5,53,200,0.017088230144443186,"GLI3, LIF, PKD1, TGFB1, WWTR1",0.13964926835745914
GO_BP,Downregulated in R,GOBP_REGULATION_OF_GLIOGENESIS,5,53,200,0.017088230144443186,"LDLR, LIF, SKI, TGFB1, TLR2",0.13964926835745914
GO_BP,Downregulated in R,GOBP_MYOBLAST_DIFFERENTIATION,5,53,200,0.017088230144443186,"JAG1, LRRC8A, MAP3K5, PLEC, TGFB1",0.13964926835745914
GO_BP,Downregulated in R,GOBP_GLIOGENESIS,10,162,200,0.01733648272039178,"GLI3, IFNGR1, LDLR, LIF, LRP1, NFIA, PLEC, SKI, TGFB1, TLR2",0.14100339279251983
GO_BP,Downregulated in R,GOBP_PHOSPHATIDYLINOSITOL_3_KINASE_PROTEIN_KINASE_B_SIGNAL_TRANSDUCTION,10,162,200,0.01733648272039178,"EXTL3, F2RL1, HIP1, IRS2, KIT, MST1R, PLK3, RAPGEF3, SESN3, TGFB1",0.14100339279251983
GO_BP,Downregulated in R,GOBP_NEGATIVE_REGULATION_OF_PROTEIN_MODIFICATION_PROCESS,12,211,200,0.017430895471453243,"CNKSR3, CTDSP1, DUSP6, DUSP7, GADD45A, IRAK3, PDE4D, SH3RF2, SPRED1, TGFB1, TRIB2, WWTR1",0.14143453427668476
GO_BP,Downregulated in R,GOBP_NEGATIVE_REGULATION_OF_KINASE_ACTIVITY,7,94,200,0.017595320383249197,"DUSP7, GADD45A, IRAK3, IRS2, SPRED1, TRIB2, WWTR1",0.1420936511328115
GO_BP,Downregulated in R,GOBP_CARDIAC_CHAMBER_DEVELOPMENT,7,94,200,0.017595320383249197,"ACVR1, FOXC2, JAG1, NDST1, SLIT3, TGFB1, TGFBR2",0.1420936511328115
GO_BP,Downregulated in R,GOBP_HEART_MORPHOGENESIS,9,139,200,0.017729641347057394,"ACVR1, DLC1, EXT1, FOXC2, JAG1, SLIT3, TGFB1, TGFBR2, YAP1",0.14284069538100957
GO_BP,Upregulated in R,GOBP_POSITIVE_REGULATION_OF_CELL_CYCLE_G2_M_PHASE_TRANSITION,3,20,200,0.018281801358084392,"ATAD5, CDK1, DTL",0.14545129843810198
GO_BP,Downregulated in R,GOBP_REGULATION_OF_SMOOTH_MUSCLE_CELL_DIFFERENTIATION,3,20,200,0.018281801358084392,"KIT, NOTCH4, TGFB1",0.14545129843810198
GO_BP,Downregulated in R,GOBP_AORTA_MORPHOGENESIS,3,20,200,0.018281801358084392,"JAG1, LRP1, TGFBR2",0.14545129843810198
GO_BP,Upregulated in R,GOBP_NUCLEAR_MEMBRANE_ORGANIZATION,3,20,200,0.018281801358084392,"CDK1, PLK1, VRK1",0.14545129843810198
GO_BP,Downregulated in R,GOBP_REGULATION_OF_PROTEIN_CONTAINING_COMPLEX_DISASSEMBLY,5,54,200,0.018408238459825085,"ADRB2, F2RL1, IRAK3, PLEKHH2, SPTBN1",0.14545129843810198
GO_BP,Downregulated in R,GOBP_CELL_SUBSTRATE_ADHESION,13,238,200,0.018458531473424158,"ARHGAP6, DLC1, ITGA6, ITGB3, JAG1, LIMS1, LYVE1, MACF1, NID1, PKD1, RIN2, SNED1, ZYX",0.14545129843810198
GO_BP,Downregulated in R,GOBP_POSITIVE_REGULATION_OF_MUSCLE_CELL_DIFFERENTIATION,4,36,200,0.018616871705296915,"KIT, NID1, NOTCH4, TGFB1",0.14545129843810198
GO_BP,Downregulated in R,GOBP_MESENCHYME_MORPHOGENESIS,4,36,200,0.018616871705296915,"ACVR1, FOXC2, TGFB1, TGFBR2",0.14545129843810198
GO_BP,Downregulated in R,GOBP_FIBROBLAST_MIGRATION,4,36,200,0.018616871705296915,"ITGB3, PLEC, TGFB1, TNS1",0.14545129843810198
GO_BP,Downregulated in R,GOBP_CARDIAC_VENTRICLE_MORPHOGENESIS,4,36,200,0.018616871705296915,"FOXC2, JAG1, TGFB1, TGFBR2",0.14545129843810198
GO_BP,Downregulated in R,GOBP_BONE_MINERALIZATION,6,74,200,0.018649785923854998,"ACVR1, ADRB2, ANKH, MMP13, PTHLH, SLC20A2",0.14545129843810198
GO_BP,Downregulated in R,GOBP_POSITIVE_REGULATION_OF_PROTEIN_SECRETION,6,74,200,0.018649785923854998,"F2RL1, IRS2, LRRC8A, RAPGEF4, TGFB1, TLR2",0.14545129843810198
GO_BP,Downregulated in R,GOBP_DIGESTIVE_SYSTEM_DEVELOPMENT,6,74,200,0.018649785923854998,"EXT1, GLI3, KIT, PKD1, TGFB1, YAP1",0.14545129843810198
GO_BP,Downregulated in R,GOBP_CELL_SURFACE_RECEPTOR_SIGNALING_PATHWAY_VIA_STAT,6,74,200,0.018649785923854998,"GADD45A, KIT, LIF, PKD1, TGFB1, TNFRSF1A",0.14545129843810198
GO_BP,Downregulated in R,GOBP_RESPONSE_TO_VIRUS,11,189,200,0.01919693104408799,"DDIT4, EXT1, F2RL1, HMGA2, IFNGR1, IRAK3, MICA, MST1R, TGFB1, TLR2, TPT1",0.14937748621094435
GO_BP,Downregulated in R,GOBP_HEAD_DEVELOPMENT,17,345,200,0.01941434292855229,"ATXN1, DDIT4, DLC1, DYNC2H1, EXT1, GLI3, HSPG2, IRS2, NDST1, NOTCH3, PRKG1, SHROOM4, SKI, SLIT3, TGFB1, TGFBR2, ZSWIM6",0.15072589873621506
GO_BP,Downregulated in R,GOBP_MUSCLE_CELL_DEVELOPMENT,7,96,200,0.019542195826360822,"CSRP1, NFATC4, OBSCN, PDLIM5, PLEC, PRKG1, SKI",0.15137446925816
GO_BP,Downregulated in R,GOBP_CELLULAR_COMPONENT_ASSEMBLY_INVOLVED_IN_MORPHOGENESIS,5,55,200,0.01979384258344809,"CSRP1, OBSCN, PHLDB1, PLEC, TLR2",0.15263152655769452
GO_BP,Downregulated in R,GOBP_REGULATION_OF_G_PROTEIN_COUPLED_RECEPTOR_SIGNALING_PATHWAY,5,55,200,0.01979384258344809,"ADRB2, ITGB3, PDE4A, PDE4D, SLIT3",0.15263152655769452
GO_BP,Downregulated in R,GOBP_POSITIVE_REGULATION_OF_TRANSPORT,19,401,200,0.02008793383649364,"ADRB2, CES1, CNKSR3, EHD2, F2RL1, GLI3, HIP1, IRS2, LRP1, LRRC8A, MSN, PLA2R1, PLK3, RAPGEF3, RAPGEF4, SGIP1, SYNE1, TGFB1, TLR2",0.15455040987716728
GO_BP,Downregulated in R,GOBP_REGULATION_OF_VASCULATURE_DEVELOPMENT,10,166,200,0.02021076082326196,"FOXC2, GADD45A, HIPK2, HMGA2, HSPG2, ITGB3, RAPGEF3, SPRED1, TGFB1, TGFBR2",0.1550074187245739
GO_BP,Upregulated in R,GOBP_ACTIVATION_OF_PROTEIN_KINASE_ACTIVITY,4,37,200,0.020419595557979585,"BORA, ECT2, KIF14, TPX2",0.1550074187245739
GO_BP,Downregulated in R,GOBP_ACTIVATION_OF_PROTEIN_KINASE_ACTIVITY,4,37,200,0.020419595557979585,"ADRB2, ITGB3, TGFBR2, TNFRSF10B",0.1550074187245739
GO_BP,Downregulated in R,GOBP_REGULATION_OF_GLIAL_CELL_DIFFERENTIATION,4,37,200,0.020419595557979585,"LDLR, LIF, TGFB1, TLR2",0.1550074187245739
GO_BP,Downregulated in R,GOBP_POSITIVE_REGULATION_OF_CHEMOKINE_PRODUCTION,4,37,200,0.020419595557979585,"F2RL1, IL1RL1, TGFB1, TLR2",0.1550074187245739
GO_BP,Downregulated in R,GOBP_EXTRACELLULAR_MATRIX_DISASSEMBLY,4,37,200,0.020419595557979585,"LRP1, MMP10, MMP13, TGFB1",0.1550074187245739
GO_BP,Downregulated in R,GOBP_DETECTION_OF_MECHANICAL_STIMULUS,3,21,200,0.02088917916138134,"KIT, PIEZO2, PKD1",0.157174969196649
GO_BP,Downregulated in R,GOBP_OLFACTORY_LOBE_DEVELOPMENT,3,21,200,0.02088917916138134,"EXT1, SKI, SLIT3",0.157174969196649
GO_BP,Downregulated in R,GOBP_MODULATION_OF_EXCITATORY_POSTSYNAPTIC_POTENTIAL,3,21,200,0.02088917916138134,"ADRB2, SSH1, SYNE1",0.157174969196649
GO_BP,Upregulated in R,GOBP_ESTABLISHMENT_OF_SPINDLE_ORIENTATION,3,21,200,0.02088917916138134,"NDC80, PLK1, SPAG5",0.157174969196649
GO_BP,Downregulated in R,GOBP_REACTIVE_OXYGEN_SPECIES_METABOLIC_PROCESS,8,120,200,0.0211627052230571,"DDIT4, F2RL1, FOXO1, GADD45A, PLA2R1, SESN1, TGFB1, TGFBR2",0.1588117360622602
GO_BP,Downregulated in R,GOBP_INTRINSIC_APOPTOTIC_SIGNALING_PATHWAY_IN_RESPONSE_TO_DNA_DAMAGE,5,56,200,0.021246183659383175,"DDIT4, HIPK2, NFATC4, TNFRSF1A, TPT1",0.1588117360622602
GO_BP,Downregulated in R,GOBP_REGULATION_OF_BIOMINERAL_TISSUE_DEVELOPMENT,5,56,200,0.021246183659383175,"ACVR1, ADRB2, ANKH, SLC20A2, TGFB1",0.1588117360622602
GO_BP,Downregulated in R,GOBP_BIOMINERAL_TISSUE_DEVELOPMENT,7,98,200,0.021635233908245954,"ACVR1, ADRB2, ANKH, MMP13, PTHLH, SLC20A2, TGFB1",0.16136672277416633
GO_BP,Downregulated in R,GOBP_POSITIVE_REGULATION_OF_PEPTIDYL_TYROSINE_PHOSPHORYLATION,6,77,200,0.02226115813296085,"ACVR1, ITGB3, KIT, LIF, TGFB1, TNFRSF1A",0.1650784596636419
GO_BP,Downregulated in R,GOBP_NEGATIVE_REGULATION_OF_ERK1_AND_ERK2_CASCADE,4,38,200,0.022326185118443375,"CNKSR3, DUSP6, LIF, SPRED1",0.1650784596636419
GO_BP,Downregulated in R,GOBP_EMBRYONIC_SKELETAL_SYSTEM_MORPHOGENESIS,4,38,200,0.022326185118443375,"FOXC2, GLI3, NDST1, TGFBR2",0.1650784596636419
GO_BP,Downregulated in R,GOBP_MESODERM_MORPHOGENESIS,4,38,200,0.022326185118443375,"ACVR1, FOXC2, HMGA2, ITGB3",0.1650784596636419
GO_BP,Downregulated in R,GOBP_REGULATION_OF_CELL_SUBSTRATE_ADHESION,9,145,200,0.02268572996400751,"ARHGAP6, DLC1, ITGA6, ITGB3, JAG1, LIMS1, MACF1, NID1, RIN2",0.166888024961148
GO_BP,Downregulated in R,GOBP_MULTI_MULTICELLULAR_ORGANISM_PROCESS,7,99,200,0.022738081293135575,"HSPG2, IGFBP7, ITGB3, LIF, PTHLH, TGFB1, THBD",0.166888024961148
GO_BP,Downregulated in R,GOBP_MUSCLE_CELL_MIGRATION,5,57,200,0.022766340641655437,"GRB10, ITGB3, LRP1, PRKG1, SSH1",0.166888024961148
GO_BP,Downregulated in R,GOBP_NEURAL_CREST_CELL_DIFFERENTIATION,5,57,200,0.022766340641655437,"ACVR1, EFNB1, EXT1, FOXC2, JAG1",0.166888024961148
GO_BP,Downregulated in R,GOBP_REGULATION_OF_SUPRAMOLECULAR_FIBER_ORGANIZATION,11,195,200,0.0235899329393391,"ARHGAP6, CGNL1, DLC1, F2RL1, LDLR, PLEKHG2, PLEKHH2, RAPGEF3, SPTBN1, SSH1, SYNPO",0.1698643641874735
GO_BP,Downregulated in R,GOBP_GLYCOPROTEIN_METABOLIC_PROCESS,11,195,200,0.0235899329393391,"A4GALT, CHST3, EOGT, EXT1, EXTL3, GANC, NDST1, PHLDA1, PORCN, SULF2, UST",0.1698643641874735
GO_BP,Upregulated in R,GOBP_CELLULAR_RESPONSE_TO_ALKALOID,3,22,200,0.023689705524682216,"BLM, CCNA2, RAD51",0.1698643641874735
GO_BP,Downregulated in R,GOBP_SARCOMERE_ORGANIZATION,3,22,200,0.023689705524682216,"CSRP1, OBSCN, PLEC",0.1698643641874735
GO_BP,Downregulated in R,GOBP_EPITHELIAL_TUBE_BRANCHING_INVOLVED_IN_LUNG_MORPHOGENESIS,3,22,200,0.023689705524682216,"CELSR1, EXT1, YAP1",0.1698643641874735
GO_BP,Downregulated in R,GOBP_MESODERMAL_CELL_DIFFERENTIATION,3,22,200,0.023689705524682216,"FOXC2, HMGA2, ITGB3",0.1698643641874735
GO_BP,Downregulated in R,GOBP_REGULATION_OF_ENDOTHELIAL_CELL_DIFFERENTIATION,3,22,200,0.023689705524682216,"JAG1, NOTCH4, TNFRSF1A",0.1698643641874735
GO_BP,Downregulated in R,GOBP_VENTRICULAR_SEPTUM_MORPHOGENESIS,3,22,200,0.023689705524682216,"ACVR1, SLIT3, TGFBR2",0.1698643641874735
GO_BP,Downregulated in R,GOBP_ASTROCYTE_DEVELOPMENT,3,22,200,0.023689705524682216,"IFNGR1, LDLR, LRP1",0.1698643641874735
GO_BP,Downregulated in R,GOBP_PROTEIN_KINASE_A_SIGNALING,3,22,200,0.023689705524682216,"ADRB2, PDE4A, PRKG1",0.1698643641874735
GO_BP,Downregulated in R,GOBP_CELLULAR_RESPONSE_TO_NITROGEN_COMPOUND,15,299,200,0.02371935061985505,"ADRB2, FOXC2, FOXO1, GRB10, IRS2, ITGB3, LRP1, MAP3K5, PTPRE, RAPGEF3, SESN1, SESN3, SHC1, SSH1, TGFB1",0.1698643641874735
GO_BP,Downregulated in R,GOBP_POSITIVE_REGULATION_OF_VASCULATURE_DEVELOPMENT,7,100,200,0.023879261209405783,"FOXC2, HIPK2, HMGA2, ITGB3, RAPGEF3, TGFB1, TGFBR2",0.1706517914044564
GO_BP,Downregulated in R,GOBP_CELL_GROWTH,12,221,200,0.02410033021158075,"EXT1, EXTL3, IGFBP4, IGFBP7, LTBP4, MACF1, PDLIM5, PRKG1, SLIT3, TGFB1, TGFBR2, YAP1",0.17141999643461994
GO_BP,Downregulated in R,GOBP_NEGATIVE_REGULATION_OF_EPITHELIAL_CELL_MIGRATION,4,39,200,0.02433794506069181,"GADD45A, PTPRG, SPRED1, TGFB1",0.17141999643461994
GO_BP,Downregulated in R,GOBP_MACROPHAGE_DIFFERENTIATION,4,39,200,0.02433794506069181,"IL1RL1, LIF, TGFB1, TLR2",0.17141999643461994
GO_BP,Downregulated in R,GOBP_POSITIVE_REGULATION_OF_MACROAUTOPHAGY,4,39,200,0.02433794506069181,"ADRB2, SESN1, SESN3, SNX18",0.17141999643461994
GO_BP,Downregulated in R,GOBP_ASTROCYTE_DIFFERENTIATION,4,39,200,0.02433794506069181,"IFNGR1, LDLR, LIF, LRP1",0.17141999643461994
GO_BP,Downregulated in R,GOBP_REGULATION_OF_CARBOHYDRATE_BIOSYNTHETIC_PROCESS,4,39,200,0.02433794506069181,"FOXO1, IRS2, PRKG1, TGFB1",0.17141999643461994
GO_BP,Downregulated in R,GOBP_MACROPHAGE_ACTIVATION,5,58,200,0.024355329140200128,"CD93, IFNGR1, IL1RL1, LDLR, TLR2",0.17141999643461994
GO_BP,Upregulated in R,GOBP_PROTEASOMAL_PROTEIN_CATABOLIC_PROCESS,11,196,200,0.0243882079236608,"ATF6, AURKA, CCNF, CDK2, DTL, KIF14, PLK1, PSMB4, PSMC4, PSMD4, SKP2",0.17141999643461994
GO_BP,Downregulated in R,GOBP_CELLULAR_COMPONENT_DISASSEMBLY,12,222,200,0.024858234484091427,"ADRB2, ARHGAP26, DDIT4, F2RL1, IRAK3, LRP1, MMP10, MMP13, PLEKHH2, PLK3, SPTBN1, TGFB1",0.17436494660709717
GO_BP,Downregulated in R,GOBP_NEGATIVE_REGULATION_OF_CYTOSKELETON_ORGANIZATION,6,79,200,0.024914643162550473,"ARHGAP6, CGNL1, DLC1, PLEKHH2, SPTBN1, SSH1",0.17440250213785333
GO_BP,Downregulated in R,GOBP_REGULATION_OF_HORMONE_SECRETION,7,101,200,0.025059339750368965,"F2RL1, FOXO1, IRS2, KLF7, LIF, LRRC8A, RAPGEF4",0.17469939711685795
GO_BP,Downregulated in R,GOBP_NEGATIVE_REGULATION_OF_CELL_ACTIVATION,7,101,200,0.025059339750368965,"GLI3, LDLR, LRRC32, MICA, PRKG1, TGFB1, THBD",0.17469939711685795
GO_BP,Downregulated in R,GOBP_REGULATION_OF_PROTEIN_SECRETION,8,124,200,0.02519888905032555,"F2RL1, FOXO1, IRS2, KLF7, LRRC8A, RAPGEF4, TGFB1, TLR2",0.1753144704601061
GO_BP,Downregulated in R,GOBP_REGULATION_OF_SECRETION,13,249,200,0.025682693856061495,"CES1, F2RL1, FOXO1, IRS2, KLF7, LIF, LRRC8A, PLA2R1, PRKG1, RAPGEF4, TGFB1, TLR2, TNFRSF1A",0.1783172402689148
GO_BP,Downregulated in R,GOBP_CELLULAR_RESPONSE_TO_ABIOTIC_STIMULUS,10,173,200,0.02605833236175793,"CNN2, GADD45A, ITGB3, NFATC4, PIEZO2, PLEC, TGFB1, TNFRSF10B, TNFRSF1A, YAP1",0.1801389947756704
GO_BP,Downregulated in R,GOBP_POSITIVE_REGULATION_OF_CELLULAR_CATABOLIC_PROCESS,7,102,200,0.026278867027075253,"ADRB2, FOXO1, IRS2, PLK3, SESN1, SESN3, SNX18",0.1801389947756704
GO_BP,Downregulated in R,GOBP_LIPID_HOMEOSTASIS,6,80,200,0.026317386110113215,"CES1, IRS2, LCAT, LDLR, MALL, TGFB1",0.1801389947756704
GO_BP,Downregulated in R,GOBP_DNA_DAMAGE_RESPONSE_SIGNAL_TRANSDUCTION_BY_P53_CLASS_MEDIATOR,4,40,200,0.02645601282297864,"HIPK2, PLA2R1, PLK3, SPRED1",0.1801389947756704
GO_BP,Upregulated in R,GOBP_POSITIVE_REGULATION_OF_ORGANELLE_ASSEMBLY,4,40,200,0.02645601282297864,"CENPJ, PLK4, SASS6, SPAG5",0.1801389947756704
GO_BP,Downregulated in R,GOBP_REGULATION_OF_MESENCHYMAL_CELL_PROLIFERATION,3,23,200,0.026683352270635022,"IRS2, SYNE1, TGFBR2",0.1801389947756704
GO_BP,Downregulated in R,GOBP_REGULATION_OF_SMOOTH_MUSCLE_CONTRACTION,3,23,200,0.026683352270635022,"ADRB2, KIT, PRKG1",0.1801389947756704
GO_BP,Upregulated in R,GOBP_PROTON_MOTIVE_FORCE_DRIVEN_ATP_SYNTHESIS,3,23,200,0.026683352270635022,"NDUFAB1, NDUFS2, SDHC",0.1801389947756704
GO_BP,Downregulated in R,GOBP_RESPONSE_TO_PROGESTERONE,3,23,200,0.026683352270635022,"TGFB1, TLR2, YAP1",0.1801389947756704
GO_BP,Downregulated in R,GOBP_RESPONSE_TO_AMINO_ACID_STARVATION,3,23,200,0.026683352270635022,"MAP3K5, SESN1, SESN3",0.1801389947756704
GO_BP,Downregulated in R,GOBP_POSITIVE_REGULATION_OF_SMAD_PROTEIN_SIGNAL_TRANSDUCTION,3,23,200,0.026683352270635022,"ACVR1, TGFB1, TGFBR2",0.1801389947756704
GO_BP,Upregulated in R,GOBP_NADH_DEHYDROGENASE_COMPLEX_ASSEMBLY,3,23,200,0.026683352270635022,"ACAD9, NDUFAB1, NDUFS2",0.1801389947756704
GO_BP,Upregulated in R,GOBP_POSITIVE_REGULATION_OF_NUCLEAR_DIVISION,3,23,200,0.026683352270635022,"AURKA, ESPL1, NUSAP1",0.1801389947756704
GO_BP,Downregulated in R,GOBP_NEGATIVE_REGULATION_OF_CELL_JUNCTION_ASSEMBLY,3,23,200,0.026683352270635022,"ARHGAP6, DLC1, TLR2",0.1801389947756704
GO_BP,Downregulated in R,GOBP_OSTEOBLAST_DIFFERENTIATION,8,126,200,0.027406834163356156,"ACVR1, GLI3, JAG1, PTHLH, SKI, WWTR1, YAP1, ZHX3",0.18465827515192235
GO_BP,Downregulated in R,GOBP_SULFUR_COMPOUND_BIOSYNTHETIC_PROCESS,6,81,200,0.02777171628206561,"CHST3, EXT1, EXTL3, GGT5, NDST1, UST",0.1867483913770396
GO_BP,Downregulated in R,GOBP_REGULATION_OF_POSTSYNAPTIC_MEMBRANE_NEUROTRANSMITTER_RECEPTOR_LEVELS,4,41,200,0.02868136063397891,"HIP1, ITGB3, PORCN, SYNE1",0.19173293136139327
GO_BP,Downregulated in R,GOBP_NEUROINFLAMMATORY_RESPONSE,4,41,200,0.02868136063397891,"IFNGR1, LDLR, LRP1, TLR2",0.19173293136139327
GO_BP,Downregulated in R,GOBP_POSITIVE_REGULATION_OF_REACTIVE_OXYGEN_SPECIES_METABOLIC_PROCESS,4,41,200,0.02868136063397891,"F2RL1, GADD45A, TGFB1, TGFBR2",0.19173293136139327
GO_BP,Downregulated in R,GOBP_CELL_MORPHOGENESIS_INVOLVED_IN_NEURON_DIFFERENTIATION,14,280,200,0.029108456355876104,"EFNB1, EPHB6, EXT1, GLI3, KIF13B, KLF7, MACF1, NFATC4, NOTCH3, PDLIM5, PRKG1, SLIT3, SYNE1, UST",0.1942079822493609
GO_BP,Downregulated in R,GOBP_REGULATION_OF_ACTIN_FILAMENT_BUNDLE_ASSEMBLY,5,61,200,0.029544469993883635,"ARHGAP6, CGNL1, DLC1, RAPGEF3, SYNPO",0.19584347804597416
GO_BP,Downregulated in R,GOBP_STEM_CELL_PROLIFERATION,5,61,200,0.029544469993883635,"GLI3, HMGA2, TGFB1, TGFBR2, YAP1",0.19584347804597416
GO_BP,Downregulated in R,GOBP_REGULATION_OF_RECEPTOR_MEDIATED_ENDOCYTOSIS,5,61,200,0.029544469993883635,"HIP1, ITGB3, RIN3, SGIP1, SYNE1",0.19584347804597416
GO_BP,Downregulated in R,GOBP_RESPONSE_TO_FLUID_SHEAR_STRESS,3,24,200,0.02986957027574723,"PKD1, PLEC, TGFB1",0.19584347804597416
GO_BP,Downregulated in R,GOBP_POSITIVE_REGULATION_OF_TYROSINE_PHOSPHORYLATION_OF_STAT_PROTEIN,3,24,200,0.02986957027574723,"KIT, LIF, TNFRSF1A",0.19584347804597416
GO_BP,Downregulated in R,GOBP_ENDOCARDIAL_CUSHION_MORPHOGENESIS,3,24,200,0.02986957027574723,"ACVR1, TGFB1, TGFBR2",0.19584347804597416
GO_BP,Downregulated in R,GOBP_INSULIN_LIKE_GROWTH_FACTOR_RECEPTOR_SIGNALING_PATHWAY,3,24,200,0.02986957027574723,"GRB10, IGFBP4, SHC1",0.19584347804597416
GO_BP,Downregulated in R,GOBP_REGULATION_OF_CHONDROCYTE_DIFFERENTIATION,3,24,200,0.02986957027574723,"GLI3, MAF, PTHLH",0.19584347804597416
GO_BP,Downregulated in R,GOBP_AMYLOID_BETA_CLEARANCE,3,24,200,0.02986957027574723,"IFNGR1, LDLR, LRP1",0.19584347804597416
GO_BP,Upregulated in R,GOBP_PROTEIN_LOCALIZATION_TO_ORGANELLE,19,419,200,0.030003389299652444,"AURKA, BUB1B, CDK1, DNAJA1, ECT2, ESCO2, EZH2, HDGF, KNTC1, KPNA2, NUP107, PLK1, POLA2, RPA1, SPAG5, TOPBP1, TTK, VRK1, ZWILCH",0.1963440188651585
GO_BP,Downregulated in R,GOBP_NEGATIVE_REGULATION_OF_TRANSFERASE_ACTIVITY,7,105,200,0.030179391546922958,"DUSP7, GADD45A, IRAK3, IRS2, SPRED1, TRIB2, WWTR1",0.19711816735045665
GO_BP,Downregulated in R,GOBP_LEUKOCYTE_MIGRATION,11,203,200,0.03053751391150156,"CNN2, EXT1, F2RL1, ITGA6, ITGB3, KIT, LYVE1, MSN, PLEC, RIN3, TGFB1",0.19907661740780405
GO_BP,Downregulated in R,GOBP_INSULIN_SECRETION,6,83,200,0.030837709744884548,"F2RL1, FOXO1, IRS2, KLF7, LRRC8A, RAPGEF4",0.19952269246239449
GO_BP,Downregulated in R,GOBP_FOREBRAIN_DEVELOPMENT,10,178,200,0.03092006114521989,"DLC1, DYNC2H1, EXT1, GLI3, NDST1, NOTCH3, PRKG1, SKI, SLIT3, ZSWIM6",0.19952269246239449
GO_BP,Downregulated in R,GOBP_EMBRYONIC_HEART_TUBE_DEVELOPMENT,4,42,200,0.031014797920823033,"ACVR1, FOXC2, TGFBR2, YAP1",0.19952269246239449
GO_BP,Downregulated in R,GOBP_CARDIAC_SEPTUM_MORPHOGENESIS,4,42,200,0.031014797920823033,"ACVR1, JAG1, SLIT3, TGFBR2",0.19952269246239449
GO_BP,Downregulated in R,GOBP_REGULATION_OF_NOTCH_SIGNALING_PATHWAY,4,42,200,0.031014797920823033,"JAG1, JAG2, KIT, YAP1",0.19952269246239449
GO_BP,Upregulated in R,GOBP_REGULATION_OF_CIRCADIAN_RHYTHM,4,42,200,0.031014797920823033,"CDK1, EZH2, TIMELESS, TOP2A",0.19952269246239449
GO_BP,Downregulated in R,GOBP_NEPHRON_MORPHOGENESIS,4,42,200,0.031014797920823033,"GLI3, LIF, PKD1, TGFB1",0.19952269246239449
GO_BP,Downregulated in R,GOBP_TISSUE_REMODELING,7,106,200,0.03156187694877401,"ADRB2, EXT1, FOXC2, ITGB3, JAG1, LIF, TGFB1",0.20230320246419126
GO_BP,Downregulated in R,GOBP_G_PROTEIN_COUPLED_RECEPTOR_SIGNALING_PATHWAY,12,230,200,0.03156545869830619,"ADCY9, ADRB2, CELSR1, F2RL1, ITGB3, LPAR6, PDE4A, PDE4D, PTHLH, RAPGEF3, RAPGEF4, SLIT3",0.20230320246419126
GO_BP,Downregulated in R,GOBP_POSITIVE_REGULATION_OF_PROTEIN_MODIFICATION_PROCESS,16,338,200,0.0318760705478313,"ACVR1, ADRB2, DLC1, HIPK2, HMGA2, ITGB3, KIT, LIF, MAP3K4, MAP3K5, MST1R, SLCO3A1, TGFB1, TGFBR2, TNFRSF10B, TNFRSF1A",0.20391134268050884
GO_BP,Downregulated in R,GOBP_HORMONE_TRANSPORT,8,130,200,0.032219224592056804,"F2RL1, FOXO1, IRS2, KLF7, LIF, LRRC8A, LTBP4, RAPGEF4",0.2057212545915253
GO_BP,Downregulated in R,GOBP_REGULATION_OF_PEPTIDE_TRANSPORT,6,84,200,0.03245057762268319,"F2RL1, FOXO1, IRS2, KLF7, LRRC8A, RAPGEF4",0.20681189022217494
GO_BP,Downregulated in R,GOBP_POSITIVE_REGULATION_OF_PHOSPHATIDYLINOSITOL_3_KINASE_PROTEIN_KINASE_B_SIGNAL_TRANSDUCTION,7,107,200,0.03298630395501591,"EXTL3, F2RL1, HIP1, IRS2, KIT, MST1R, TGFB1",0.2074210950848837
GO_BP,Downregulated in R,GOBP_POSITIVE_REGULATION_OF_KINASE_ACTIVITY,9,155,200,0.0330363759869525,"ADRB2, HMGA2, ITGB3, KIT, MAP3K4, MAP3K5, MST1R, TGFBR2, TNFRSF10B",0.2074210950848837
GO_BP,Downregulated in R,GOBP_RENAL_SYSTEM_VASCULATURE_DEVELOPMENT,3,25,200,0.033247329086309466,"FOXC2, ITGB3, NOTCH3",0.2074210950848837
GO_BP,Downregulated in R,GOBP_POSITIVE_REGULATION_OF_BONE_MINERALIZATION,3,25,200,0.033247329086309466,"ACVR1, ADRB2, SLC20A2",0.2074210950848837
GO_BP,Downregulated in R,GOBP_CARDIAC_MUSCLE_CELL_PROLIFERATION,3,25,200,0.033247329086309466,"FOXC2, SKI, YAP1",0.2074210950848837
GO_BP,Downregulated in R,GOBP_CELLULAR_RESPONSE_TO_LIPOPROTEIN_PARTICLE_STIMULUS,3,25,200,0.033247329086309466,"CES1, LDLR, TGFB1",0.2074210950848837
GO_BP,Downregulated in R,GOBP_GOLGI_TO_PLASMA_MEMBRANE_PROTEIN_TRANSPORT,3,25,200,0.033247329086309466,"MACF1, RAB34, SPTBN1",0.2074210950848837
GO_BP,Upregulated in R,GOBP_SOMATIC_DIVERSIFICATION_OF_IMMUNOGLOBULINS,3,25,200,0.033247329086309466,"ATAD5, EXO1, POLQ",0.2074210950848837
GO_BP,Downregulated in R,GOBP_CARDIAC_SEPTUM_DEVELOPMENT,5,63,200,0.0333637451105983,"ACVR1, JAG1, NDST1, SLIT3, TGFBR2",0.2074210950848837
GO_BP,Downregulated in R,GOBP_REGULATION_OF_LIPID_TRANSPORT,5,63,200,0.0333637451105983,"CES1, IRS2, ITGB3, LRP1, PLA2R1",0.2074210950848837
GO_BP,Downregulated in R,GOBP_RECEPTOR_INTERNALIZATION,5,63,200,0.0333637451105983,"HIP1, ITGB3, LRP1, RIN3, SYNE1",0.2074210950848837
GO_BP,Upregulated in R,GOBP_ORGANELLE_DISASSEMBLY,5,63,200,0.0333637451105983,"AURKA, CDK1, EIF2AK1, UFC1, VRK1",0.2074210950848837
GO_BP,Downregulated in R,GOBP_SMOOTH_MUSCLE_CONTRACTION,4,43,200,0.033456974060822875,"ADRB2, KIT, PRKG1, SULF2",0.2074210950848837
GO_BP,Downregulated in R,GOBP_REGULATION_OF_STEM_CELL_DIFFERENTIATION,4,43,200,0.033456974060822875,"JAG1, TGFBR2, YAP1, ZFP36L2",0.2074210950848837
GO_BP,Downregulated in R,GOBP_STEROL_HOMEOSTASIS,4,43,200,0.033456974060822875,"CES1, LCAT, LDLR, MALL",0.2074210950848837
GO_BP,Downregulated in R,GOBP_CARBOHYDRATE_METABOLIC_PROCESS,13,259,200,0.03389792288035415,"ALDOB, CHST3, DDIT4, EXT1, FOXO1, GANC, GLYCTK, IGFBP4, IRS2, NDST1, PFKFB3, PRKG1, TGFB1",0.20977410246248146
GO_BP,Upregulated in R,GOBP_REGULATION_OF_CYTOSKELETON_ORGANIZATION,13,260,200,0.03481294373102291,"BORA, BRCA1, CCNF, CENPJ, DIAPH3, ECT2, KIF18A, PLK1, PLK4, SASS6, SPAG5, STMN1, TPX2",0.21504704481948325
GO_BP,Downregulated in R,GOBP_REGULATION_OF_OSSIFICATION,5,64,200,0.03538339816304052,"ACVR1, ADRB2, ANKH, SLC20A2, TGFB1",0.21778322184675028
GO_BP,Downregulated in R,GOBP_REGULATION_OF_TUBE_SIZE,5,64,200,0.03538339816304052,"ADRB2, EXT1, F2RL1, FOXC2, PRKG1",0.21778322184675028
GO_BP,Downregulated in R,GOBP_MUSCLE_TISSUE_DEVELOPMENT,11,208,200,0.03556194498176097,"ACVR1, CSRP1, FOXC2, GPCPD1, PDLIM5, PLEC, PRKG1, SKI, SYNE1, TGFB1, YAP1",0.21848849650664656
GO_BP,Downregulated in R,GOBP_REGULATION_OF_RECEPTOR_SIGNALING_PATHWAY_VIA_STAT,4,44,200,0.0360083814411075,"GADD45A, KIT, LIF, TGFB1",0.2208341669709573
GO_BP,Downregulated in R,GOBP_EXPORT_FROM_CELL,17,372,200,0.03664741172841921,"F2RL1, FOXO1, IRS2, KCND3, KIT, KLF7, LIF, LRRC8A, LTBP2, LTBP4, PKD1, PORCN, PRKG1, RAPGEF4, TGFB1, TLR2, TNFRSF1A",0.22435046319763446
GO_BP,Downregulated in R,GOBP_NEGATIVE_REGULATION_OF_TOR_SIGNALING,3,26,200,0.036815154440282626,"DDIT4, SESN1, SESN3",0.22497418169589528
GO_BP,Downregulated in R,GOBP_POSITIVE_REGULATION_OF_CELL_POPULATION_PROLIFERATION,20,458,200,0.03714492100981167,"EFNB1, EXTL3, GLI3, HIPK2, HMGA2, HSPG2, IRS2, ITGB3, KIT, LIF, MAP3K5, MST1R, NOTCH3, PTHLH, SHC1, SYNE1, TGFB1, TGFBR2, WWTR1, YAP1",0.2265840181598512
GO_BP,Downregulated in R,GOBP_STRESS_FIBER_ASSEMBLY,5,65,200,0.03747715464063799,"ARHGAP6, CGNL1, DLC1, RAPGEF3, ZYX",0.2282031377048474
GO_BP,Downregulated in R,GOBP_DEPHOSPHORYLATION,8,134,200,0.037580689046966806,"CTDSP1, DLC1, DUSP6, DUSP7, PTPRE, PTPRG, SSH1, TGFB1",0.22842639463423242
GO_BP,Downregulated in R,GOBP_REGULATION_OF_PROTEIN_TRANSPORT,11,210,200,0.037726469748928945,"F2RL1, FOXO1, GLI3, IRS2, KLF7, LRRC8A, PLK3, RAPGEF3, RAPGEF4, TGFB1, TLR2",0.22890518767733797
GO_BP,Upregulated in R,GOBP_CELLULAR_RESPONSE_TO_HYDROGEN_PEROXIDE,4,45,200,0.03866935879265455,"CDK1, ECT2, EZH2, PCNA",0.23379562767381937
GO_BP,Upregulated in R,GOBP_NEGATIVE_REGULATION_OF_CELL_CYCLE_G1_S_PHASE_TRANSITION,4,45,200,0.03866935879265455,"CDK2, EZH2, GTSE1, METTL13",0.23379562767381937
GO_BP,Downregulated in R,GOBP_PATTERN_SPECIFICATION_PROCESS,10,185,200,0.0387585843270201,"ACVR1, DYNC2H1, EFNB1, ETS2, EXT1, FOXC2, GLI3, HIPK2, SKI, TGFBR2",0.2339210672457609
GO_BP,Downregulated in R,GOBP_REGULATION_OF_TRANSMEMBRANE_RECEPTOR_PROTEIN_SERINE_THREONINE_KINASE_SIGNALING_PATHWAY,8,135,200,0.03900947883838321,"ACVR1, HIPK2, LRP1, LTBP4, SKI, SPRED1, TGFB1, TGFBR2",0.2350200700386544
GO_BP,Downregulated in R,GOBP_REGULATION_OF_RESPONSE_TO_CYTOKINE_STIMULUS,6,88,200,0.03944701741921843,"EXT1, F2RL1, IRAK3, SLIT3, TLR2, TNFRSF1A",0.23682075835509697
GO_BP,Upregulated in R,GOBP_CELLULAR_RESPONSE_TO_RADIATION,6,88,200,0.03944701741921843,"BLM, BRCA1, BRCC3, ECT2, PCNA, RAD51",0.23682075835509697
GO_BP,Downregulated in R,GOBP_NEGATIVE_REGULATION_OF_CANONICAL_WNT_SIGNALING_PATHWAY,5,66,200,0.039645500493953746,"FOXO1, GLI3, IGFBP4, RBMS3, WWTR1",0.23759478892516842
GO_BP,Downregulated in R,GOBP_REGULATION_OF_CATABOLIC_PROCESS,19,433,200,0.039976226105419226,"ADRB2, ALDOB, DDIT4, FOXO1, HIPK2, IRAK3, IRS2, LDLR, LRP1, MSN, PKD1, PLK3, SAMD4A, SESN1, SESN3, SH3RF2, SNX18, TRIB2, ZFP36L2",0.23877308963687924
GO_BP,Downregulated in R,GOBP_REGULATION_OF_NERVOUS_SYSTEM_DEVELOPMENT,11,212,200,0.03998191079399734,"CTDSP1, GLI3, KIT, LDLR, LIF, MACF1, NFATC4, SKI, TGFB1, TLR2, YAP1",0.23877308963687924
GO_BP,Downregulated in R,GOBP_CORONARY_VASCULATURE_DEVELOPMENT,3,27,200,0.04057116378884686,"DYNC2H1, NDST1, SPRED1",0.23895016465982913
GO_BP,Downregulated in R,GOBP_DENDRITIC_CELL_DIFFERENTIATION,3,27,200,0.04057116378884686,"F2RL1, TGFB1, TGFBR2",0.23895016465982913
GO_BP,Upregulated in R,GOBP_NUCLEAR_ENVELOPE_ORGANIZATION,3,27,200,0.04057116378884686,"CDK1, PLK1, VRK1",0.23895016465982913
GO_BP,Downregulated in R,GOBP_NEGATIVE_REGULATION_OF_CELL_MATRIX_ADHESION,3,27,200,0.04057116378884686,"ARHGAP6, DLC1, JAG1",0.23895016465982913
GO_BP,Downregulated in R,GOBP_LEUKOCYTE_ACTIVATION_INVOLVED_IN_INFLAMMATORY_RESPONSE,3,27,200,0.04057116378884686,"IFNGR1, LDLR, TLR2",0.23895016465982913
GO_BP,Downregulated in R,GOBP_CELLULAR_RESPONSE_TO_GLUCOCORTICOID_STIMULUS,3,27,200,0.04057116378884686,"DDIT4, TGFB1, ZFP36L2",0.23895016465982913
GO_BP,Downregulated in R,GOBP_POSITIVE_REGULATION_OF_GLIAL_CELL_DIFFERENTIATION,3,27,200,0.04057116378884686,"LIF, TGFB1, TLR2",0.23895016465982913
GO_BP,Downregulated in R,GOBP_RESPONSE_TO_AMYLOID_BETA,3,27,200,0.04057116378884686,"ADRB2, LRP1, MMP13",0.23895016465982913
GO_BP,Downregulated in R,GOBP_CELLULAR_RESPONSE_TO_INSULIN_STIMULUS,7,112,200,0.04075241441437886,"FOXC2, FOXO1, GRB10, IRS2, PTPRE, SESN3, SHC1",0.23960455703875763
GO_BP,Downregulated in R,GOBP_POSITIVE_REGULATION_OF_MAP_KINASE_ACTIVITY,4,46,200,0.04144009476735394,"KIT, MAP3K4, MAP3K5, MST1R",0.2419818183338138
GO_BP,Downregulated in R,GOBP_REGULATION_OF_PEPTIDYL_SERINE_PHOSPHORYLATION,4,46,200,0.04144009476735394,"CNKSR3, GADD45A, LIF, PDE4D",0.2419818183338138
GO_BP,Downregulated in R,GOBP_REGULATION_OF_BONE_MINERALIZATION,4,46,200,0.04144009476735394,"ACVR1, ADRB2, ANKH, SLC20A2",0.2419818183338138
GO_BP,Downregulated in R,GOBP_CARDIAC_CELL_DEVELOPMENT,4,46,200,0.04144009476735394,"JAG1, PDLIM5, PLEC, PRKG1",0.2419818183338138
GO_BP,Downregulated in R,GOBP_CELLULAR_RESPONSE_TO_PEPTIDE_HORMONE_STIMULUS,9,162,200,0.041988110448385144,"FOXC2, FOXO1, GRB10, IRS2, ITGB3, PTPRE, SESN3, SHC1, TGFB1",0.24476345612915298
GO_BP,Upregulated in R,GOBP_CELLULAR_RESPONSE_TO_INORGANIC_SUBSTANCE,7,113,200,0.04243712470176778,"BLM, CCNA2, CDK2, ECT2, NCSTN, RAD51, TIMELESS",0.24653948636265094
GO_BP,Downregulated in R,GOBP_RESPONSE_TO_KETONE,7,113,200,0.04243712470176778,"DDIT4, IGFBP7, MSN, SLIT3, TGFB1, TLR2, YAP1",0.24653948636265094
GO_BP,Downregulated in R,GOBP_CIRCULATORY_SYSTEM_PROCESS,14,296,200,0.0434306610619209,"ADRB2, EXT1, F2RL1, FOXC2, KCND3, LRP1, PDE4D, PLEC, PRKG1, SLC22A3, SLCO3A1, TGFB1, WWTR1, YAP1",0.2518830869058095
GO_BP,Upregulated in R,GOBP_MICROTUBULE_POLYMERIZATION,4,47,200,0.044320631728779335,"CENPJ, DIAPH3, STMN1, TPX2",0.25598779340752853
GO_BP,Upregulated in R,GOBP_NUCLEOSIDE_TRIPHOSPHATE_BIOSYNTHETIC_PROCESS,4,47,200,0.044320631728779335,"NDUFAB1, NDUFS2, SDHC, TYMS",0.25598779340752853
GO_BP,Downregulated in R,GOBP_NEGATIVE_REGULATION_OF_PROTEIN_SECRETION,3,28,200,0.0445130999075152,"F2RL1, FOXO1, KLF7",0.25598779340752853
GO_BP,Downregulated in R,GOBP_BASEMENT_MEMBRANE_ORGANIZATION,3,28,200,0.0445130999075152,"EXT1, NID1, PHLDB1",0.25598779340752853
GO_BP,Upregulated in R,GOBP_CYTOKINETIC_PROCESS,3,28,200,0.0445130999075152,"CEP55, ECT2, RACGAP1",0.25598779340752853
GO_BP,Downregulated in R,GOBP_REGULATION_OF_PROTEIN_CATABOLIC_PROCESS,9,164,200,0.04482017919903392,"FOXO1, IRAK3, LDLR, LRP1, MSN, PKD1, PLK3, SH3RF2, TRIB2",0.2573205582250418
GO_BP,Downregulated in R,GOBP_PEPTIDYL_TYROSINE_MODIFICATION,8,139,200,0.04508764511321418,"ACVR1, CLK4, ITGB3, KIT, LIF, TGFB1, TNFRSF1A, TPST1",0.2579889375322272
GO_BP,Downregulated in R,GOBP_TISSUE_HOMEOSTASIS,8,139,200,0.04508764511321418,"ADRB2, ANKH, EXT1, ITGB3, LDB2, NT5E, WWTR1, YAP1",0.2579889375322272
GO_BP,Downregulated in R,GOBP_NEURAL_TUBE_DEVELOPMENT,6,91,200,0.045279151835184495,"CELSR1, DLC1, GLI3, PKD1, SKI, TGFB1",0.25865147603510075
GO_BP,Upregulated in R,GOBP_MALE_GAMETE_GENERATION,9,165,200,0.046283175534746236,"BRIP1, CREB3L4, DNAJA1, FAM50A, FANCA, HMGB2, KIF18A, RACGAP1, TDRKH",0.26353390471553173
GO_BP,Downregulated in R,GOBP_POSITIVE_REGULATION_OF_CYTOKINE_PRODUCTION,12,244,200,0.04628815656595991,"F2RL1, IFNGR1, IL1RL1, IRAK3, KIT, NFATC4, PDE4D, PLA2R1, SPTBN1, SULF2, TGFB1, TLR2",0.26353390471553173
GO_BP,Upregulated in R,GOBP_ATP_SYNTHESIS_COUPLED_ELECTRON_TRANSPORT,4,48,200,0.047310869729276187,"CDK1, NDUFAB1, NDUFS2, SDHC",0.2684616793940323
GO_BP,Downregulated in R,GOBP_COLLAGEN_FIBRIL_ORGANIZATION,4,48,200,0.047310869729276187,"COL27A1, EXT1, FOXC2, LOXL1",0.2684616793940323
GO_BP,Downregulated in R,GOBP_DEVELOPMENTAL_GROWTH_INVOLVED_IN_MORPHOGENESIS,7,116,200,0.04776023547283558,"EXT1, MACF1, PRKG1, SLIT3, TGFB1, TGFBR2, YAP1",0.2705621299754666
GO_BP,Downregulated in R,GOBP_RESPONSE_TO_INSULIN,8,141,200,0.04834837182469095,"FOXC2, FOXO1, GRB10, IRS2, PTPRE, SESN3, SHC1, TLR2",0.2732708008640438
GO_BP,Downregulated in R,GOBP_PROTEIN_EXPORT_FROM_NUCLEUS,3,29,200,0.04863836268306167,"PKD1, RAPGEF3, TGFB1",0.2732708008640438
GO_BP,Downregulated in R,GOBP_POSITIVE_REGULATION_OF_OSSIFICATION,3,29,200,0.04863836268306167,"ACVR1, ADRB2, SLC20A2",0.2732708008640438
GO_BP,Downregulated in R,GOBP_ACTIN_FILAMENT_DEPOLYMERIZATION,3,29,200,0.04863836268306167,"F2RL1, PLEKHH2, SPTBN1",0.2732708008640438
GO_BP,Downregulated in R,GOBP_POSITIVE_REGULATION_OF_PROTEASOMAL_UBIQUITIN_DEPENDENT_PROTEIN_CATABOLIC_PROCESS,3,29,200,0.04863836268306167,"PLK3, SH3RF2, TRIB2",0.2732708008640438
GO_BP,Downregulated in R,GOBP_POSITIVE_REGULATION_OF_INFLAMMATORY_RESPONSE,5,70,200,0.04907215927480229,"IL1RL1, LDLR, TGFB1, TLR2, TNFRSF1A",0.2752553301850979
GO_BP,Downregulated in R,GOBP_CELL_CELL_SIGNALING,20,473,200,0.0492259772789755,"ADRB2, EFNB1, EXT1, F2RL1, FOXO1, HIP1, HMGA2, IRS2, KIT, KLF7, LIF, LRRC8A, LTBP4, NFATC4, PORCN, PTHLH, RAPGEF4, SSH1, SYNE1, ZYX",0.2756654727622628
GO_BP,Downregulated in R,GOBP_REGULATION_OF_CELL_SUBSTRATE_JUNCTION_ORGANIZATION,4,49,200,0.050410570647807025,"ARHGAP6, DLC1, LIMS1, MACF1",0.2809176334957729
GO_BP,Downregulated in R,GOBP_OUTFLOW_TRACT_MORPHOGENESIS,4,49,200,0.050410570647807025,"ACVR1, FOXC2, JAG1, TGFBR2",0.2809176334957729
GO_BP,Downregulated in R,GOBP_POLYSACCHARIDE_METABOLIC_PROCESS,4,49,200,0.050410570647807025,"EXT1, IRS2, NDST1, TGFB1",0.2809176334957729
GO_BP,Downregulated in R,GOBP_POSITIVE_REGULATION_OF_ESTABLISHMENT_OF_PROTEIN_LOCALIZATION,9,168,200,0.050862589390596576,"F2RL1, GLI3, IRS2, LRRC8A, PLK3, RAPGEF3, RAPGEF4, TGFB1, TLR2",0.28297492729361223
GO_BP,Downregulated in R,GOBP_POSITIVE_REGULATION_OF_CATALYTIC_ACTIVITY,18,417,200,0.051276511754115205,"ADRB2, ARHGAP6, DLC1, DOCK6, F2RL1, HIP1, HMGA2, ITGA6, ITGB3, KIT, LIMS1, MAP3K4, MAP3K5, MST1R, RAPGEF3, SNX18, TGFBR2, TNFRSF10B",0.28481392545050005
GO_BP,Downregulated in R,GOBP_CELL_ADHESION_MEDIATED_BY_INTEGRIN,5,71,200,0.05161840893090291,"EXT1, FOXC2, ITGA6, ITGB3, LIF",0.2857836060096667
GO_BP,Downregulated in R,GOBP_INTRACELLULAR_GLUCOSE_HOMEOSTASIS,5,71,200,0.05161840893090291,"FOXO1, IRS2, KLF7, LRRC8A, TGFB1",0.2857836060096667
GO_BP,Downregulated in R,GOBP_POSITIVE_REGULATION_OF_PROGRAMMED_CELL_DEATH,13,276,200,0.05196009723444603,"DLC1, DUSP6, F2RL1, FOXO1, GADD45A, ITGA6, MAP3K5, NFATC4, PHLDA1, PLA2R1, TGFB1, TNFRSF10B, TNFRSF1A",0.2872098578525366
GO_BP,Downregulated in R,GOBP_IN_UTERO_EMBRYONIC_DEVELOPMENT,10,195,200,0.0521933860617703,"ACVR1, ADCY9, GLI3, JAG2, LIF, LPAR6, PKD1, TGFBR2, TM4SF1, YAP1",0.2880332904475078
GO_BP,Downregulated in R,GOBP_POSITIVE_REGULATION_OF_BIOMINERAL_TISSUE_DEVELOPMENT,3,30,200,0.05294403915900129,"ACVR1, ADRB2, SLC20A2",0.28983467590889167
GO_BP,Downregulated in R,GOBP_REGULATION_OF_P38MAPK_CASCADE,3,30,200,0.05294403915900129,"GADD45A, MAP3K4, MAP3K5",0.28983467590889167
GO_BP,Downregulated in R,GOBP_INTERLEUKIN_10_PRODUCTION,3,30,200,0.05294403915900129,"F2RL1, TLR2, TRIB2",0.28983467590889167
GO_BP,Downregulated in R,GOBP_HIPPO_SIGNALING,3,30,200,0.05294403915900129,"FRMD6, WWTR1, YAP1",0.28983467590889167
GO_BP,Downregulated in R,GOBP_MESENCHYMAL_CELL_PROLIFERATION,3,30,200,0.05294403915900129,"IRS2, SYNE1, TGFBR2",0.28983467590889167
GO_BP,Downregulated in R,GOBP_NEURON_PROJECTION_GUIDANCE,7,119,200,0.05349248845170934,"EFNB1, EPHB6, EXT1, GLI3, KLF7, NOTCH3, SLIT3",0.29203693024091887
GO_BP,Downregulated in R,GOBP_POSITIVE_REGULATION_OF_INTRACELLULAR_PROTEIN_TRANSPORT,4,50,200,0.053619362464728614,"GLI3, PLK3, RAPGEF3, TGFB1",0.29203693024091887
GO_BP,Downregulated in R,GOBP_CHEMOKINE_PRODUCTION,4,50,200,0.053619362464728614,"F2RL1, IL1RL1, TGFB1, TLR2",0.29203693024091887
GO_BP,Downregulated in R,GOBP_RESPONSE_TO_RADIATION,10,196,200,0.0536882881122064,"EXT1, GADD45A, KIT, MAP3K4, NFATC4, PLK3, SYNE1, TGFB1, THBD, YAP1",0.29203693024091887
GO_BP,Downregulated in R,GOBP_LIPID_LOCALIZATION,11,223,200,0.05407806191933543,"ABCA6, ABCA9, CES1, IRS2, ITGB3, LCAT, LDLR, LRP1, LRP10, PLA2R1, SLCO3A1",0.2936894427924481
GO_BP,Downregulated in R,GOBP_RESPONSE_TO_ORGANIC_CYCLIC_COMPOUND,18,421,200,0.05530019891073658,"CES1, DDIT4, DUSP6, IGFBP4, IGFBP7, IRAK3, ITGA6, MSN, NT5E, RAPGEF3, SLIT3, SSH1, TGFB1, TGFBR2, THBD, TLR2, YAP1, ZFP36L2",0.29984996742710496
GO_BP,Downregulated in R,GOBP_ORGANOPHOSPHATE_CATABOLIC_PROCESS,7,120,200,0.0554952183862276,"ALDOB, DDIT4, GPCPD1, LDLR, NT5E, PDE4A, PDE4D",0.30043053249976776
GO_BP,Downregulated in R,GOBP_NEGATIVE_REGULATION_OF_CELL_ADHESION,9,171,200,0.05573169167290718,"ARHGAP6, DLC1, GLI3, HSPG2, JAG1, LRRC32, NOTCH4, PRKG1, TGFB1",0.3012333208143211
GO_BP,Downregulated in R,GOBP_MUSCLE_HYPERTROPHY,4,51,200,0.056936743651318705,"FOXO1, PDLIM5, PRKG1, TNFRSF1A",0.30630636869878863
GO_BP,Downregulated in R,GOBP_RHO_PROTEIN_SIGNAL_TRANSDUCTION,5,73,200,0.056939269357064046,"ARHGAP6, CELSR1, DLC1, F2RL1, LPAR6",0.30630636869878863
GO_BP,Downregulated in R,GOBP_PLASMA_MEMBRANE_ORGANIZATION,5,73,200,0.056939269357064046,"A4GALT, EHD2, PLEC, SNX18, SPTBN1",0.30630636869878863
GO_BP,Downregulated in R,GOBP_MAMMARY_GLAND_MORPHOGENESIS,3,31,200,0.05742693191897855,"GLI3, TGFB1, TGFBR2",0.306516249117548
GO_BP,Upregulated in R,GOBP_MITOCHONDRIAL_RESPIRATORY_CHAIN_COMPLEX_ASSEMBLY,3,31,200,0.05742693191897855,"ACAD9, NDUFAB1, NDUFS2",0.306516249117548
GO_BP,Downregulated in R,GOBP_NEGATIVE_REGULATION_OF_G_PROTEIN_COUPLED_RECEPTOR_SIGNALING_PATHWAY,3,31,200,0.05742693191897855,"ADRB2, PDE4D, SLIT3",0.306516249117548
GO_BP,Downregulated in R,GOBP_TYROSINE_PHOSPHORYLATION_OF_STAT_PROTEIN,3,31,200,0.05742693191897855,"KIT, LIF, TNFRSF1A",0.306516249117548
GO_BP,Downregulated in R,GOBP_DORSAL_VENTRAL_PATTERN_FORMATION,3,31,200,0.05742693191897855,"ACVR1, DYNC2H1, GLI3",0.306516249117548
GO_BP,Downregulated in R,GOBP_NEGATIVE_REGULATION_OF_RESPONSE_TO_EXTERNAL_STIMULUS,10,199,200,0.05834284961334979,"EXTL3, IRAK3, LDLR, MICA, NT5E, PRKG1, RIN3, TGFB1, THBD, TNFRSF1A",0.3105169073915561
GO_BP,Downregulated in R,GOBP_CYTOKINE_MEDIATED_SIGNALING_PATHWAY,11,226,200,0.0584374062233511,"EXT1, F2RL1, IFNGR1, IL1RL1, IRAK3, KIT, LIMS1, MST1R, SLIT3, TNFRSF1A, YAP1",0.3105169073915561
GO_BP,Upregulated in R,GOBP_REGENERATION,6,97,200,0.0584853722274642,"AURKA, CCNA2, CDK1, EZH2, PCNA, TYMS",0.3105169073915561
GO_BP,Downregulated in R,GOBP_INFLAMMATORY_RESPONSE,17,395,200,0.05854007270496549,"ACVR1, EXT1, EXTL3, F2RL1, GGT5, HSPG2, IFNGR1, IL1RL1, KIT, LDLR, LRP1, NDST1, NFATC4, NT5E, TGFB1, TLR2, TNFRSF1A",0.3105169073915561
GO_BP,Downregulated in R,GOBP_DETECTION_OF_STIMULUS,5,74,200,0.05971386960584733,"EXTL3, KIT, PIEZO2, PKD1, TLR2",0.3157625055318491
GO_BP,Downregulated in R,GOBP_FORMATION_OF_PRIMARY_GERM_LAYER,5,74,200,0.05971386960584733,"ACVR1, ETS2, FOXC2, HMGA2, ITGB3",0.3157625055318491
GO_BP,Downregulated in R,GOBP_POSITIVE_REGULATION_OF_LIPID_METABOLIC_PROCESS,4,52,200,0.06036208765342461,"CES1, IRS2, LDLR, TNFRSF1A",0.31820507935817666
GO_BP,Downregulated in R,GOBP_STEM_CELL_DEVELOPMENT,4,52,200,0.06036208765342461,"ACVR1, EFNB1, FOXC2, JAG1",0.31820507935817666
GO_BP,Upregulated in R,GOBP_PROTEIN_CONTAINING_COMPLEX_DISASSEMBLY,6,98,200,0.06088864211784805,"DIAPH3, KIF14, KIF18A, KIF2C, STMN1, TPX2",0.3185231263010244
GO_BP,Downregulated in R,GOBP_REGULATION_OF_CELL_JUNCTION_ASSEMBLY,6,98,200,0.06088864211784805,"ARHGAP6, DLC1, LIMS1, MACF1, PDLIM5, TLR2",0.3185231263010244
GO_BP,Downregulated in R,GOBP_POSITIVE_REGULATION_OF_EPITHELIAL_CELL_MIGRATION,6,98,200,0.06088864211784805,"FOXC2, IRS2, ITGB3, RIN2, TGFB1, TGFBR2",0.3185231263010244
GO_BP,Downregulated in R,GOBP_PROTEIN_CONTAINING_COMPLEX_DISASSEMBLY,6,98,200,0.06088864211784805,"ADRB2, DDIT4, F2RL1, IRAK3, PLEKHH2, SPTBN1",0.3185231263010244
GO_BP,Downregulated in R,GOBP_APPENDAGE_DEVELOPMENT,6,98,200,0.06088864211784805,"DYNC2H1, EXT1, GLI3, ITGA6, NFIA, SKI",0.3185231263010244
GO_BP,Downregulated in R,GOBP_CELL_CELL_ADHESION_VIA_PLASMA_MEMBRANE_ADHESION_MOLECULES,7,123,200,0.06178175234753178,"ACVR1, CELSR1, PCDHB12, PCDHGC3, PKD1, PTPRG, TGFBR2",0.3218171917759122
GO_BP,Downregulated in R,GOBP_RESPIRATORY_GASEOUS_EXCHANGE_BY_RESPIRATORY_SYSTEM,3,32,200,0.06208358588417042,"HIPK2, JAG2, NDST1",0.3218171917759122
GO_BP,Downregulated in R,GOBP_SPINAL_CORD_DEVELOPMENT,3,32,200,0.06208358588417042,"DYNC2H1, GLI3, PKD1",0.3218171917759122
GO_BP,Downregulated in R,GOBP_FIBROBLAST_GROWTH_FACTOR_RECEPTOR_SIGNALING_PATHWAY,3,32,200,0.06208358588417042,"EXT1, NDST1, SULF2",0.3218171917759122
GO_BP,Downregulated in R,GOBP_NEGATIVE_REGULATION_OF_PROTEIN_CONTAINING_COMPLEX_DISASSEMBLY,3,32,200,0.06208358588417042,"IRAK3, PLEKHH2, SPTBN1",0.3218171917759122
GO_BP,Upregulated in R,GOBP_PROTEIN_LOCALIZATION_TO_CYTOSKELETON,3,32,200,0.06208358588417042,"AURKA, SPAG5, TTK",0.3218171917759122
GO_BP,Downregulated in R,GOBP_REGULATION_OF_CELLULAR_LOCALIZATION,19,457,200,0.06241616776778929,"EHD2, F2RL1, FOXO1, GLI3, IRS2, ITGB3, KLF7, LRP1, LRRC8A, MSN, PLK3, RAPGEF3, RAPGEF4, SPTBN1, SSH1, TGFB1, TLR2, WWTR1, YAP1",0.3218678260258191
GO_BP,Downregulated in R,GOBP_REGULATION_OF_JNK_CASCADE,5,75,200,0.06256447203780559,"F2RL1, GADD45A, HIPK2, MAP3K5, SH3RF2",0.3218678260258191
GO_BP,Upregulated in R,GOBP_CIRCADIAN_RHYTHM,5,75,200,0.06256447203780559,"CDK1, EZH2, TIMELESS, TOP2A, TYMS",0.3218678260258191
GO_BP,Downregulated in R,GOBP_PURINE_CONTAINING_COMPOUND_CATABOLIC_PROCESS,5,75,200,0.06256447203780559,"ALDOB, DDIT4, NT5E, PDE4A, PDE4D",0.3218678260258191
GO_BP,Downregulated in R,GOBP_NEGATIVE_REGULATION_OF_TRANSMEMBRANE_RECEPTOR_PROTEIN_SERINE_THREONINE_KINASE_SIGNALING_PATHWAY,5,75,200,0.06256447203780559,"ACVR1, HIPK2, LRP1, SKI, SPRED1",0.3218678260258191
GO_BP,Downregulated in R,GOBP_REGULATION_OF_CELLULAR_COMPONENT_SIZE,9,175,200,0.06268216891706782,"F2RL1, LRRC8A, MACF1, MSN, PLEKHG2, PLEKHH2, RIN3, SPTBN1, SSH1",0.32198840454241157
GO_BP,Upregulated in R,GOBP_DEVELOPMENTAL_PROCESS_INVOLVED_IN_REPRODUCTION,15,341,200,0.06282335124918248,"AURKA, BRIP1, CENPI, CREB3L4, DNAJA1, E2F8, FAM50A, FANCA, HMGB2, KIF18A, NUP107, PARP2, PLK4, RACGAP1, TDRKH",0.3222290808816927
GO_BP,Downregulated in R,GOBP_POSITIVE_REGULATION_OF_SMOOTH_MUSCLE_CELL_PROLIFERATION,4,53,200,0.06389464745007616,"ITGB3, MAP3K5, NOTCH3, TGFB1",0.32374735304487623
GO_BP,Downregulated in R,GOBP_NEGATIVE_REGULATION_OF_CELL_DEVELOPMENT,7,124,200,0.06397047066445868,"CTDSP1, GLI3, LDLR, NFATC4, PTHLH, SKI, TGFB1",0.32374735304487623
GO_BP,Downregulated in R,GOBP_MAMMARY_GLAND_DEVELOPMENT,5,76,200,0.06549091660054762,"GLI3, IRS2, NOTCH4, TGFB1, TGFBR2",0.32374735304487623
GO_BP,Downregulated in R,GOBP_ACTIN_FILAMENT_BUNDLE_ORGANIZATION,6,100,200,0.06586937547883387,"ARHGAP6, CGNL1, DLC1, RAPGEF3, SYNPO, ZYX",0.32374735304487623
GO_BP,Downregulated in R,GOBP_REGULATION_OF_LEUKOCYTE_MIGRATION,7,125,200,0.06620594976038643,"CNN2, F2RL1, ITGB3, LYVE1, MSN, RIN3, TGFB1",0.32374735304487623
GO_BP,Upregulated in R,GOBP_PEPTIDYL_SERINE_MODIFICATION,7,125,200,0.06620594976038643,"AURKA, CDK1, CDK2, PLK1, TTK, UHMK1, VRK1",0.32374735304487623
GO_BP,Downregulated in R,GOBP_CELLULAR_RESPONSE_TO_HORMONE_STIMULUS,13,287,200,0.06667109497139519,"DDIT4, FOXC2, FOXO1, GRB10, IGFBP7, IRS2, ITGB3, PTPRE, SESN3, SHC1, SLIT3, TGFB1, ZFP36L2",0.32374735304487623
GO_BP,Downregulated in R,GOBP_POSITIVE_REGULATION_OF_CELL_DIFFERENTIATION,17,402,200,0.06670948568272213,"ACVR1, GLI3, JAG1, KIT, LIF, LRRC8A, MACF1, MAP3K5, NID1, NOTCH4, RIN2, TGFB1, TGFBR2, TLR2, WWTR1, YAP1, ZHX3",0.32374735304487623
GO_BP,Upregulated in R,GOBP_CELLULAR_RESPONSE_TO_ESTRADIOL_STIMULUS,2,15,200,0.06677581230096769,"CCNA2, KIF18A",0.32374735304487623
GO_BP,Downregulated in R,GOBP_AMINOGLYCAN_CATABOLIC_PROCESS,2,15,200,0.06677581230096769,"LYVE1, TGFB1",0.32374735304487623
GO_BP,Downregulated in R,GOBP_SYNAPSE_MATURATION,2,15,200,0.06677581230096769,"NFATC4, NFIA",0.32374735304487623
GO_BP,Downregulated in R,GOBP_GASTRULATION_WITH_MOUTH_FORMING_SECOND,2,15,200,0.06677581230096769,"ACVR1, ETS2",0.32374735304487623
GO_BP,Downregulated in R,GOBP_REPLACEMENT_OSSIFICATION,2,15,200,0.06677581230096769,"EXT1, MMP13",0.32374735304487623
GO_BP,Downregulated in R,GOBP_NEURONAL_STEM_CELL_POPULATION_MAINTENANCE,2,15,200,0.06677581230096769,"FOXO1, JAG1",0.32374735304487623
GO_BP,Downregulated in R,GOBP_PROTEIN_CATABOLIC_PROCESS_IN_THE_VACUOLE,2,15,200,0.06677581230096769,"LDLR, LRP1",0.32374735304487623
GO_BP,Downregulated in R,GOBP_LYMPH_VESSEL_MORPHOGENESIS,2,15,200,0.06677581230096769,"FOXC2, PKD1",0.32374735304487623
GO_BP,Downregulated in R,GOBP_NEGATIVE_REGULATION_OF_LIPID_STORAGE,2,15,200,0.06677581230096769,"CES1, ITGB3",0.32374735304487623
GO_BP,Downregulated in R,GOBP_PHYSIOLOGICAL_CARDIAC_MUSCLE_HYPERTROPHY,2,15,200,0.06677581230096769,"PDLIM5, PRKG1",0.32374735304487623
GO_BP,Downregulated in R,GOBP_PHOSPHATE_ION_TRANSPORT,2,15,200,0.06677581230096769,"ANKH, SLC20A2",0.32374735304487623
GO_BP,Downregulated in R,GOBP_NEGATIVE_REGULATION_OF_CYTOKINE_PRODUCTION_INVOLVED_IN_IMMUNE_RESPONSE,2,15,200,0.06677581230096769,"IRAK3, TGFB1",0.32374735304487623
GO_BP,Downregulated in R,GOBP_NEGATIVE_REGULATION_OF_MUSCLE_CONTRACTION,2,15,200,0.06677581230096769,"ADRB2, PRKG1",0.32374735304487623
GO_BP,Downregulated in R,GOBP_REGULATION_OF_POLYSACCHARIDE_BIOSYNTHETIC_PROCESS,2,15,200,0.06677581230096769,"IRS2, TGFB1",0.32374735304487623
GO_BP,Downregulated in R,GOBP_POSITIVE_REGULATION_OF_PROTEIN_CONTAINING_COMPLEX_DISASSEMBLY,2,15,200,0.06677581230096769,"ADRB2, F2RL1",0.32374735304487623
GO_BP,Downregulated in R,GOBP_NEGATIVE_REGULATION_OF_RECEPTOR_MEDIATED_ENDOCYTOSIS,2,15,200,0.06677581230096769,"ITGB3, RIN3",0.32374735304487623
GO_BP,Downregulated in R,GOBP_REGULATION_OF_MACROPHAGE_DIFFERENTIATION,2,15,200,0.06677581230096769,"LIF, TGFB1",0.32374735304487623
GO_BP,Downregulated in R,GOBP_REGULATION_OF_INTEGRIN_MEDIATED_SIGNALING_PATHWAY,2,15,200,0.06677581230096769,"LIMS1, NID1",0.32374735304487623
GO_BP,Downregulated in R,GOBP_LEUKOTRIENE_METABOLIC_PROCESS,2,15,200,0.06677581230096769,"GGT5, TLR2",0.32374735304487623
GO_BP,Downregulated in R,GOBP_MYELOID_LEUKOCYTE_CYTOKINE_PRODUCTION,3,33,200,0.06691031359768226,"IRAK3, KIT, TGFB1",0.32374735304487623
GO_BP,Upregulated in R,GOBP_ATP_BIOSYNTHETIC_PROCESS,3,33,200,0.06691031359768226,"NDUFAB1, NDUFS2, SDHC",0.32374735304487623
GO_BP,Upregulated in R,GOBP_REGULATION_OF_MYOBLAST_DIFFERENTIATION,3,33,200,0.06691031359768226,"ACTL6A, CXCL10, CXCL9",0.32374735304487623
GO_BP,Upregulated in R,GOBP_RNA_3_END_PROCESSING,3,33,200,0.06691031359768226,"CSTF2, ERI2, SLBP",0.32374735304487623
GO_BP,Downregulated in R,GOBP_BODY_MORPHOGENESIS,3,33,200,0.06691031359768226,"PHLDB1, SKI, TGFB1",0.32374735304487623
GO_BP,Downregulated in R,GOBP_CHEMICAL_SYNAPTIC_TRANSMISSION_POSTSYNAPTIC,3,33,200,0.06691031359768226,"ADRB2, SSH1, SYNE1",0.32374735304487623
GO_BP,Downregulated in R,GOBP_POSITIVE_REGULATION_OF_RECEPTOR_MEDIATED_ENDOCYTOSIS,3,33,200,0.06691031359768226,"HIP1, SGIP1, SYNE1",0.32374735304487623
GO_BP,Downregulated in R,GOBP_GOLGI_TO_PLASMA_MEMBRANE_TRANSPORT,3,33,200,0.06691031359768226,"MACF1, RAB34, SPTBN1",0.32374735304487623
GO_BP,Downregulated in R,GOBP_REGULATION_OF_MYOBLAST_DIFFERENTIATION,3,33,200,0.06691031359768226,"LRRC8A, MAP3K5, TGFB1",0.32374735304487623
GO_BP,Downregulated in R,GOBP_ANIMAL_ORGAN_FORMATION,3,33,200,0.06691031359768226,"EXT1, GLI3, TGFBR2",0.32374735304487623
GO_BP,Upregulated in R,GOBP_CORTICAL_ACTIN_CYTOSKELETON_ORGANIZATION,3,33,200,0.06691031359768226,"ECT2, EPB41, RACGAP1",0.32374735304487623
GO_BP,Downregulated in R,GOBP_P38MAPK_CASCADE,3,33,200,0.06691031359768226,"GADD45A, MAP3K4, MAP3K5",0.32374735304487623
GO_BP,Downregulated in R,GOBP_REGULATION_OF_TUMOR_NECROSIS_FACTOR_MEDIATED_SIGNALING_PATHWAY,3,33,200,0.06691031359768226,"EXT1, F2RL1, TNFRSF1A",0.32374735304487623
GO_BP,Downregulated in R,GOBP_POSITIVE_REGULATION_OF_TRANSMEMBRANE_RECEPTOR_PROTEIN_SERINE_THREONINE_KINASE_SIGNALING_PATHWAY,4,54,200,0.06753356016929617,"ACVR1, HIPK2, TGFB1, TGFBR2",0.3249220303356559
GO_BP,Downregulated in R,GOBP_RESPONSE_TO_FIBROBLAST_GROWTH_FACTOR,4,54,200,0.06753356016929617,"EXT1, NDST1, SULF2, ZFP36L2",0.3249220303356559
GO_BP,Downregulated in R,GOBP_POSITIVE_REGULATION_OF_LEUKOCYTE_MEDIATED_IMMUNITY,4,54,200,0.06753356016929617,"F2RL1, KIT, MICA, TGFB1",0.3249220303356559
GO_BP,Downregulated in R,GOBP_REGULATION_OF_PHAGOCYTOSIS,4,54,200,0.06753356016929617,"CNN2, F2RL1, TGFB1, TLR2",0.3249220303356559
GO_BP,Downregulated in R,GOBP_EPITHELIAL_CELL_PROLIFERATION,11,232,200,0.06784210643122295,"EXTL3, HSPG2, IGFBP4, IRS2, ITGB3, JAG1, KIT, LIMS1, SULF2, TGFB1, YAP1",0.3259474480577462
GO_BP,Downregulated in R,GOBP_EMBRYONIC_ORGAN_MORPHOGENESIS,7,126,200,0.06848825067785883,"ACVR1, FOXC2, GLI3, HIPK2, NDST1, TGFBR2, YAP1",0.3285896970724238
GO_BP,Downregulated in R,GOBP_CELL_PROJECTION_MORPHOGENESIS,14,317,200,0.06898325692053993,"EFNB1, EPHB6, EXT1, GLI3, KIF13B, KLF7, MACF1, NFATC4, NOTCH3, PDLIM5, PRKG1, SLIT3, SYNE1, UST",0.33050042866839324
GO_BP,Downregulated in R,GOBP_POSITIVE_REGULATION_OF_HYDROLASE_ACTIVITY,11,233,200,0.0694996838975393,"ARHGAP6, DLC1, DOCK6, F2RL1, HIP1, ITGA6, KIT, LIMS1, MAP3K5, RAPGEF3, SNX18",0.3325082915882272
GO_BP,Downregulated in R,GOBP_NEGATIVE_REGULATION_OF_PROTEIN_METABOLIC_PROCESS,17,405,200,0.07043812318005088,"CNKSR3, CTDSP1, DUSP6, DUSP7, GADD45A, HIPK2, IRAK3, ITGB3, LDLR, LRP1, PDE4D, SAMD4A, SH3RF2, SPRED1, TGFB1, TRIB2, WWTR1",0.3365267535427326
GO_BP,Downregulated in R,GOBP_MYELOID_LEUKOCYTE_DIFFERENTIATION,7,127,200,0.07081741227434055,"F2RL1, IL1RL1, KIT, LIF, TGFB1, TGFBR2, TLR2",0.33786631330886496
GO_BP,Downregulated in R,GOBP_CELLULAR_RESPONSE_TO_ACID_CHEMICAL,4,55,200,0.07127785174465685,"COL4A6, PLEC, SESN1, SESN3",0.3386441468146701
GO_BP,Downregulated in R,GOBP_FOCAL_ADHESION_ASSEMBLY,4,55,200,0.07127785174465685,"ARHGAP6, DLC1, LIMS1, MACF1",0.3386441468146701
GO_BP,Downregulated in R,GOBP_REGULATION_OF_FIBROBLAST_PROLIFERATION,4,55,200,0.07127785174465685,"ITGB3, LIF, SKI, TGFB1",0.3386441468146701
GO_BP,Downregulated in R,GOBP_POSITIVE_REGULATION_OF_NUCLEOCYTOPLASMIC_TRANSPORT,3,34,200,0.07190321906590695,"GLI3, RAPGEF3, TGFB1",0.34019583979105006
GO_BP,Downregulated in R,GOBP_EMBRYONIC_HEART_TUBE_MORPHOGENESIS,3,34,200,0.07190321906590695,"ACVR1, TGFBR2, YAP1",0.34019583979105006
GO_BP,Downregulated in R,GOBP_CELLULAR_RESPONSE_TO_CORTICOSTEROID_STIMULUS,3,34,200,0.07190321906590695,"DDIT4, TGFB1, ZFP36L2",0.34019583979105006
GO_BP,Downregulated in R,GOBP_RESPONSE_TO_OXYGEN_LEVELS,9,180,200,0.07211826161046597,"DDIT4, FOXO1, GUCY1A2, HIPK2, HSPG2, LIF, PLK3, TGFB1, TLR2",0.34074133009868846
GO_BP,Downregulated in R,GOBP_NEGATIVE_REGULATION_OF_CELL_CELL_ADHESION,6,103,200,0.07377579212321624,"GLI3, JAG1, LRRC32, NOTCH4, PRKG1, TGFB1",0.34584876443252616
GO_BP,Downregulated in R,GOBP_RESPONSE_TO_BMP,5,79,200,0.07472280813139356,"ACVR1, EXT1, HIPK2, NFIA, SKI",0.34584876443252616
GO_BP,Upregulated in R,GOBP_NEGATIVE_REGULATION_OF_CYTOSKELETON_ORGANIZATION,5,79,200,0.07472280813139356,"BRCA1, CCNF, DIAPH3, STMN1, TPX2",0.34584876443252616
GO_BP,Downregulated in R,GOBP_INTEGRIN_MEDIATED_SIGNALING_PATHWAY,5,79,200,0.07472280813139356,"ITGA6, ITGB3, LIMS1, NID1, ZYX",0.34584876443252616
GO_BP,Downregulated in R,GOBP_PERIPHERAL_NERVOUS_SYSTEM_AXON_ENSHEATHMENT,2,16,200,0.07492039978924747,"PLEC, SKI",0.34584876443252616
GO_BP,Downregulated in R,GOBP_POSITIVE_REGULATION_OF_RHO_PROTEIN_SIGNAL_TRANSDUCTION,2,16,200,0.07492039978924747,"F2RL1, LPAR6",0.34584876443252616
GO_BP,Downregulated in R,GOBP_REGULATION_OF_FATTY_ACID_TRANSPORT,2,16,200,0.07492039978924747,"IRS2, PLA2R1",0.34584876443252616
GO_BP,Downregulated in R,GOBP_CHONDROCYTE_PROLIFERATION,2,16,200,0.07492039978924747,"EXT1, HMGA2",0.34584876443252616
GO_BP,Downregulated in R,GOBP_THYMIC_T_CELL_SELECTION,2,16,200,0.07492039978924747,"GLI3, JAG2",0.34584876443252616
GO_BP,Downregulated in R,GOBP_VENTRAL_SPINAL_CORD_DEVELOPMENT,2,16,200,0.07492039978924747,"DYNC2H1, GLI3",0.34584876443252616
GO_BP,Downregulated in R,GOBP_RESPIRATORY_SYSTEM_PROCESS,2,16,200,0.07492039978924747,"HIPK2, JAG2",0.34584876443252616
GO_BP,Downregulated in R,GOBP_CHONDROITIN_SULFATE_METABOLIC_PROCESS,2,16,200,0.07492039978924747,"CHST3, EXT1",0.34584876443252616
GO_BP,Downregulated in R,GOBP_EXIT_FROM_MITOSIS,2,16,200,0.07492039978924747,"NFIA, TGFB1",0.34584876443252616
GO_BP,Upregulated in R,GOBP_CELL_DIFFERENTIATION_INVOLVED_IN_EMBRYONIC_PLACENTA_DEVELOPMENT,2,16,200,0.07492039978924747,"E2F8, PLK4",0.34584876443252616
GO_BP,Downregulated in R,GOBP_MYOTUBE_CELL_DEVELOPMENT,2,16,200,0.07492039978924747,"PLEC, SKI",0.34584876443252616
GO_BP,Downregulated in R,GOBP_REGULATION_OF_POLYSACCHARIDE_METABOLIC_PROCESS,2,16,200,0.07492039978924747,"IRS2, TGFB1",0.34584876443252616
GO_BP,Downregulated in R,GOBP_POSITIVE_REGULATION_OF_CHOLESTEROL_EFFLUX,2,16,200,0.07492039978924747,"CES1, LRP1",0.34584876443252616
GO_BP,Downregulated in R,GOBP_REGULATION_OF_SIGNAL_TRANSDUCTION_BY_P53_CLASS_MEDIATOR,4,56,200,0.0751264415973702,"HIPK2, PLA2R1, PLK3, SPRED1",0.3458651273539307
GO_BP,Downregulated in R,GOBP_REGULATION_OF_EPITHELIAL_CELL_APOPTOTIC_PROCESS,4,56,200,0.0751264415973702,"ITGB3, PLA2R1, TGFB1, YAP1",0.3458651273539307
GO_BP,Downregulated in R,GOBP_CELL_JUNCTION_ASSEMBLY,10,209,200,0.07573514635884922,"ARHGAP6, DLC1, ITGA6, ITGB3, LIMS1, MACF1, PDLIM5, PLEC, TLR2, TNS1",0.3481981964492987
GO_BP,Downregulated in R,GOBP_ACTIN_POLYMERIZATION_OR_DEPOLYMERIZATION,6,104,200,0.07652706193940755,"ARHGAP6, F2RL1, PLEKHG2, PLEKHH2, SPTBN1, SSH1",0.3513661876142691
GO_BP,Downregulated in R,GOBP_SECRETION,17,410,200,0.07696155803321902,"CES1, F2RL1, FOXO1, IRS2, KIT, KLF7, LIF, LRRC8A, LTBP2, LTBP4, PLA2R1, PORCN, PRKG1, RAPGEF4, TGFB1, TLR2, TNFRSF1A",0.351443097843706
GO_BP,Downregulated in R,GOBP_REGULATION_OF_STEROID_BIOSYNTHETIC_PROCESS,3,35,200,0.07705822022392733,"CES1, IGFBP7, PRKG1",0.351443097843706
GO_BP,Downregulated in R,GOBP_ESTABLISHMENT_OF_PROTEIN_LOCALIZATION_TO_PLASMA_MEMBRANE,3,35,200,0.07705822022392733,"MACF1, RAB34, SPTBN1",0.351443097843706
GO_BP,Downregulated in R,GOBP_REGULATION_OF_POSTSYNAPTIC_MEMBRANE_POTENTIAL,3,35,200,0.07705822022392733,"ADRB2, SSH1, SYNE1",0.351443097843706
GO_BP,Downregulated in R,GOBP_ENDOTHELIAL_CELL_APOPTOTIC_PROCESS,3,35,200,0.07705822022392733,"ITGB3, MAP3K5, TGFB1",0.351443097843706
GO_BP,Downregulated in R,GOBP_REGULATION_OF_REACTIVE_OXYGEN_SPECIES_METABOLIC_PROCESS,5,80,200,0.07794983626614557,"F2RL1, FOXO1, GADD45A, TGFB1, TGFBR2",0.35409127750685276
GO_BP,Downregulated in R,GOBP_RESPONSE_TO_CORTICOSTEROID,5,80,200,0.07794983626614557,"DDIT4, IGFBP7, SLIT3, TGFB1, ZFP36L2",0.35409127750685276
GO_BP,Downregulated in R,GOBP_MONOCARBOXYLIC_ACID_TRANSPORT,5,80,200,0.07794983626614557,"CES1, IRS2, PLA2R1, SLC22A3, SLCO3A1",0.35409127750685276
GO_BP,Downregulated in R,GOBP_POSITIVE_REGULATION_OF_SECRETION,7,130,200,0.0780861181387373,"F2RL1, IRS2, LRRC8A, PLA2R1, RAPGEF4, TGFB1, TLR2",0.35420837691851825
GO_BP,Downregulated in R,GOBP_EPIDERMIS_DEVELOPMENT,9,183,200,0.07818299654466122,"EXT1, EXTL3, JAG1, JAG2, KLF7, LDB2, PLEC, PTHLH, YAP1",0.35420837691851825
GO_BP,Downregulated in R,GOBP_MESONEPHROS_DEVELOPMENT,4,57,200,0.07907814732987704,"FOXC2, GLI3, PKD1, TGFB1",0.35637328664757256
GO_BP,Downregulated in R,GOBP_POSITIVE_REGULATION_OF_PROTEIN_LOCALIZATION_TO_NUCLEUS,4,57,200,0.07907814732987704,"GLI3, TGFB1, WWTR1, YAP1",0.35637328664757256
GO_BP,Downregulated in R,GOBP_REGULATION_OF_ACTOMYOSIN_STRUCTURE_ORGANIZATION,4,57,200,0.07907814732987704,"ARHGAP6, CGNL1, DLC1, RAPGEF3",0.35637328664757256
GO_BP,Downregulated in R,GOBP_COLUMNAR_CUBOIDAL_EPITHELIAL_CELL_DIFFERENTIATION,4,57,200,0.07907814732987704,"EXT1, JAG1, TGFB1, YAP1",0.35637328664757256
GO_BP,Downregulated in R,GOBP_DEVELOPMENTAL_CELL_GROWTH,6,105,200,0.07933601166016417,"EXT1, MACF1, PDLIM5, PRKG1, SLIT3, TGFBR2",0.35659449451463265
GO_BP,Downregulated in R,GOBP_REGULATION_OF_ENDOTHELIAL_CELL_MIGRATION,6,105,200,0.07933601166016417,"FOXC2, GADD45A, ITGB3, RIN2, SPRED1, TGFB1",0.35659449451463265
GO_BP,Downregulated in R,GOBP_GLAND_DEVELOPMENT,11,239,200,0.07999305388391882,"EXT1, GLI3, HIPK2, IRS2, MSN, NOTCH4, PKD1, SULF2, TGFB1, TGFBR2, UGT1A10",0.3586445868578095
GO_BP,Downregulated in R,GOBP_REGULATION_OF_CELL_DEVELOPMENT,16,383,200,0.08038064189512452,"CTDSP1, GLI3, JAG1, KIT, LDLR, LIF, MACF1, NFATC4, PTHLH, SKI, TGFB1, TGFBR2, TLR2, TNFRSF1A, YAP1, ZFP36L2",0.3586445868578095
GO_BP,Downregulated in R,GOBP_VESICLE_MEDIATED_TRANSPORT_IN_SYNAPSE,5,81,200,0.08125102837036133,"AP3M2, HIP1, ITGB3, RAPGEF4, SYNE1",0.3586445868578095
GO_BP,Downregulated in R,GOBP_ANTERIOR_POSTERIOR_PATTERN_SPECIFICATION,5,81,200,0.08125102837036133,"ETS2, FOXC2, GLI3, HIPK2, SKI",0.3586445868578095
GO_BP,Upregulated in R,GOBP_IMPORT_INTO_NUCLEUS,5,81,200,0.08125102837036133,"CDK1, ECT2, KPNA2, NUP107, POLA2",0.3586445868578095
GO_BP,Downregulated in R,GOBP_PEPTIDYL_AMINO_ACID_MODIFICATION,16,384,200,0.08182521125148838,"ACVR1, CLK4, CNKSR3, EOGT, GADD45A, HIPK2, ITGB3, KIT, LIF, LOXL1, PDE4D, PKD1, SPRED1, TGFB1, TNFRSF1A, TPST1",0.3586445868578095
GO_BP,Downregulated in R,GOBP_AXON_DEVELOPMENT,11,240,200,0.08183379408638244,"EFNB1, EPHB6, EXT1, GLI3, KIF13B, KLF7, MACF1, NOTCH3, PRKG1, SLIT3, UST",0.3586445868578095
GO_BP,Downregulated in R,GOBP_POSITIVE_REGULATION_OF_EPITHELIAL_CELL_PROLIFERATION,6,106,200,0.08220245974284766,"EXTL3, HSPG2, IRS2, ITGB3, TGFB1, YAP1",0.3586445868578095
GO_BP,Downregulated in R,GOBP_POSITIVE_REGULATION_OF_GTPASE_ACTIVITY,6,106,200,0.08220245974284766,"DOCK6, F2RL1, ITGA6, LIMS1, RAPGEF3, SNX18",0.3586445868578095
GO_BP,Downregulated in R,GOBP_POSITIVE_REGULATION_OF_INSULIN_SECRETION,3,36,200,0.08237107008925736,"IRS2, LRRC8A, RAPGEF4",0.3586445868578095
GO_BP,Downregulated in R,GOBP_RESPONSE_TO_FATTY_ACID,3,36,200,0.08237107008925736,"FOXO1, LDLR, TLR2",0.3586445868578095
GO_BP,Downregulated in R,GOBP_DETECTION_OF_ABIOTIC_STIMULUS,3,36,200,0.08237107008925736,"KIT, PIEZO2, PKD1",0.3586445868578095
GO_BP,Upregulated in R,GOBP_CORTICAL_CYTOSKELETON_ORGANIZATION,3,36,200,0.08237107008925736,"ECT2, EPB41, RACGAP1",0.3586445868578095
GO_BP,Downregulated in R,GOBP_CELLULAR_RESPONSE_TO_VIRUS,3,36,200,0.08237107008925736,"EXT1, IFNGR1, TGFB1",0.3586445868578095
GO_BP,Downregulated in R,GOBP_STRIATED_MUSCLE_CELL_DEVELOPMENT,3,36,200,0.08237107008925736,"CSRP1, OBSCN, PLEC",0.3586445868578095
GO_BP,Upregulated in R,GOBP_RESPONSE_TO_ESTRADIOL,4,58,200,0.0831316894180012,"CCNA2, EZH2, KIF18A, PCNA",0.3586445868578095
GO_BP,Upregulated in R,GOBP_OXIDATIVE_PHOSPHORYLATION,4,58,200,0.0831316894180012,"CDK1, NDUFAB1, NDUFS2, SDHC",0.3586445868578095
GO_BP,Downregulated in R,GOBP_TUMOR_NECROSIS_FACTOR_MEDIATED_SIGNALING_PATHWAY,4,58,200,0.0831316894180012,"EXT1, F2RL1, LIMS1, TNFRSF1A",0.3586445868578095
GO_BP,Downregulated in R,GOBP_LYMPHOCYTE_MIGRATION,4,58,200,0.0831316894180012,"EXT1, ITGB3, MSN, PLEC",0.3586445868578095
GO_BP,Downregulated in R,GOBP_METANEPHROS_MORPHOGENESIS,2,17,200,0.08336176872514658,"LIF, PKD1",0.3586445868578095
GO_BP,Downregulated in R,GOBP_NEGATIVE_REGULATION_OF_MUSCLE_HYPERTROPHY,2,17,200,0.08336176872514658,"FOXO1, TNFRSF1A",0.3586445868578095
GO_BP,Downregulated in R,GOBP_PIGMENT_CELL_DIFFERENTIATION,2,17,200,0.08336176872514658,"GLI3, KIT",0.3586445868578095
GO_BP,Downregulated in R,GOBP_CHONDROITIN_SULFATE_PROTEOGLYCAN_METABOLIC_PROCESS,2,17,200,0.08336176872514658,"CHST3, EXT1",0.3586445868578095
GO_BP,Downregulated in R,GOBP_OLIGODENDROCYTE_DEVELOPMENT,2,17,200,0.08336176872514658,"TGFB1, TLR2",0.3586445868578095
GO_BP,Downregulated in R,GOBP_RESPONSE_TO_DIETARY_EXCESS,2,17,200,0.08336176872514658,"ADRB2, SGIP1",0.3586445868578095
GO_BP,Downregulated in R,GOBP_MUSCLE_CELL_CELLULAR_HOMEOSTASIS,2,17,200,0.08336176872514658,"ANKH, TGFB1",0.3586445868578095
GO_BP,Downregulated in R,GOBP_NEGATIVE_REGULATION_OF_MIRNA_METABOLIC_PROCESS,2,17,200,0.08336176872514658,"NFATC4, TGFB1",0.3586445868578095
GO_BP,Upregulated in R,GOBP_RESPONSE_TO_X_RAY,2,17,200,0.08336176872514658,"BLM, BRCC3",0.3586445868578095
GO_BP,Downregulated in R,GOBP_LONG_TERM_MEMORY,2,17,200,0.08336176872514658,"LDLR, NFATC4",0.3586445868578095
GO_BP,Upregulated in R,GOBP_REGULATION_OF_INTRACELLULAR_ESTROGEN_RECEPTOR_SIGNALING_PATHWAY,2,17,200,0.08336176872514658,"BRCA1, SKP2",0.3586445868578095
GO_BP,Downregulated in R,GOBP_CELLULAR_RESPONSE_TO_DEXAMETHASONE_STIMULUS,2,17,200,0.08336176872514658,"DDIT4, TGFB1",0.3586445868578095
GO_BP,Downregulated in R,GOBP_PURINE_CONTAINING_COMPOUND_TRANSMEMBRANE_TRANSPORT,2,17,200,0.08336176872514658,"LRRC8A, SLC22A3",0.3586445868578095
GO_BP,Downregulated in R,GOBP_PURINE_NUCLEOTIDE_TRANSPORT,2,17,200,0.08336176872514658,"ANKH, LRRC8A",0.3586445868578095
GO_BP,Upregulated in R,GOBP_PTERIDINE_CONTAINING_COMPOUND_METABOLIC_PROCESS,2,17,200,0.08336176872514658,"GGH, TYMS",0.3586445868578095
GO_BP,Downregulated in R,GOBP_LEUKOCYTE_PROLIFERATION,9,186,200,0.08455154868853806,"CNN2, EFNB1, F2RL1, IRS2, KIT, LRRC32, MSN, TGFB1, TGFBR2",0.3622581609544667
GO_BP,Downregulated in R,GOBP_SIGNAL_RELEASE,9,186,200,0.08455154868853806,"F2RL1, FOXO1, IRS2, KLF7, LIF, LRRC8A, LTBP4, PORCN, RAPGEF4",0.3622581609544667
GO_BP,Downregulated in R,GOBP_REGULATION_OF_LIPID_LOCALIZATION,5,82,200,0.08462588186231396,"CES1, IRS2, ITGB3, LRP1, PLA2R1",0.3622581609544667
GO_BP,Downregulated in R,GOBP_ENSHEATHMENT_OF_NEURONS,5,82,200,0.08462588186231396,"MALL, PLEC, SKI, TGFB1, TLR2",0.3622581609544667
GO_BP,Downregulated in R,GOBP_EAR_DEVELOPMENT,6,107,200,0.08512619176984752,"GLI3, JAG1, JAG2, LRP10, MAF, TGFB1",0.36394376856795885
GO_BP,Downregulated in R,GOBP_COGNITION,7,133,200,0.08577585372136931,"ATXN1, KIT, LDLR, NFATC4, RAPGEF3, SHROOM4, TLR2",0.3662628953902469
GO_BP,Downregulated in R,GOBP_STEROL_TRANSPORT,4,59,200,0.08728569588978476,"CES1, LCAT, LDLR, LRP1",0.3722446156797812
GO_BP,Downregulated in R,GOBP_PLATELET_DERIVED_GROWTH_FACTOR_RECEPTOR_SIGNALING_PATHWAY,3,37,200,0.08783737666554658,"HIP1, ITGB3, LRP1",0.3722735467611751
GO_BP,Upregulated in R,GOBP_RNA_TEMPLATED_DNA_BIOSYNTHETIC_PROCESS,3,37,200,0.08783737666554658,"NEK2, POLQ, RPA1",0.3722735467611751
GO_BP,Downregulated in R,GOBP_POSITIVE_REGULATION_OF_FIBROBLAST_PROLIFERATION,3,37,200,0.08783737666554658,"ITGB3, LIF, TGFB1",0.3722735467611751
GO_BP,Upregulated in R,GOBP_TELOMERE_MAINTENANCE_VIA_TELOMERE_LENGTHENING,3,37,200,0.08783737666554658,"NEK2, RAD51, RPA1",0.3722735467611751
GO_BP,Downregulated in R,GOBP_REGULATION_OF_INSULIN_RECEPTOR_SIGNALING_PATHWAY,3,37,200,0.08783737666554658,"GRB10, PTPRE, SESN3",0.3722735467611751
GO_BP,Downregulated in R,GOBP_SMOOTH_MUSCLE_CELL_PROLIFERATION,5,83,200,0.08807384161343122,"ITGB3, MAP3K5, NOTCH3, PRKG1, TGFB1",0.3723517858310409
GO_BP,Downregulated in R,GOBP_GLAND_MORPHOGENESIS,5,83,200,0.08807384161343122,"GLI3, MSN, SULF2, TGFB1, TGFBR2",0.3723517858310409
GO_BP,Downregulated in R,GOBP_NEGATIVE_REGULATION_OF_CYTOKINE_PRODUCTION,7,134,200,0.08843228012074568,"EXTL3, F2RL1, IL1RL1, IRAK3, LRRC32, TGFB1, TRIB2",0.3729440356697126
GO_BP,Downregulated in R,GOBP_NEGATIVE_REGULATION_OF_DEFENSE_RESPONSE,7,134,200,0.08843228012074568,"EXTL3, IRAK3, LDLR, MICA, NT5E, TGFB1, TNFRSF1A",0.3729440356697126
GO_BP,Downregulated in R,GOBP_REGULATION_OF_PEPTIDYL_TYROSINE_PHOSPHORYLATION,6,109,200,0.09114448842256326,"ACVR1, ITGB3, KIT, LIF, TGFB1, TNFRSF1A",0.37804494898191093
GO_BP,Upregulated in R,GOBP_CELL_MATURATION,5,84,200,0.09159430135968115,"AURKA, DIAPH3, KIF14, TDRKH, TYMS",0.37804494898191093
GO_BP,Downregulated in R,GOBP_REGULATION_OF_ACTIN_FILAMENT_LENGTH,5,84,200,0.09159430135968115,"F2RL1, PLEKHG2, PLEKHH2, SPTBN1, SSH1",0.37804494898191093
GO_BP,Upregulated in R,GOBP_HEPATICOBILIARY_SYSTEM_DEVELOPMENT,5,84,200,0.09159430135968115,"AURKA, E2F8, EZH2, PCNA, TYMS",0.37804494898191093
GO_BP,Downregulated in R,GOBP_GLYCOPROTEIN_BIOSYNTHETIC_PROCESS,8,162,200,0.09188664668757633,"A4GALT, CHST3, EOGT, EXT1, EXTL3, NDST1, PHLDA1, UST",0.37804494898191093
GO_BP,Downregulated in R,GOBP_RELAXATION_OF_MUSCLE,2,18,200,0.092076521531894,"PDE4D, PRKG1",0.37804494898191093
GO_BP,Downregulated in R,GOBP_REGULATION_OF_NATURAL_KILLER_CELL_MEDIATED_IMMUNITY,2,18,200,0.092076521531894,"MICA, TGFB1",0.37804494898191093
GO_BP,Downregulated in R,GOBP_POSITIVE_REGULATION_OF_JUN_KINASE_ACTIVITY,2,18,200,0.092076521531894,"MAP3K4, MAP3K5",0.37804494898191093
GO_BP,Downregulated in R,GOBP_NEGATIVE_REGULATION_OF_CELL_KILLING,2,18,200,0.092076521531894,"MICA, TGFB1",0.37804494898191093
GO_BP,Upregulated in R,GOBP_FACULTATIVE_HETEROCHROMATIN_FORMATION,2,18,200,0.092076521531894,"EZH2, HELLS",0.37804494898191093
GO_BP,Upregulated in R,GOBP_NEGATIVE_REGULATION_OF_EXTRINSIC_APOPTOTIC_SIGNALING_PATHWAY_VIA_DEATH_DOMAIN_RECEPTORS,2,18,200,0.092076521531894,"BRCA1, HMGB2",0.37804494898191093
GO_BP,Downregulated in R,GOBP_NEGATIVE_REGULATION_OF_JNK_CASCADE,2,18,200,0.092076521531894,"F2RL1, SH3RF2",0.37804494898191093
GO_BP,Downregulated in R,GOBP_NEGATIVE_REGULATION_OF_SMOOTH_MUSCLE_CELL_MIGRATION,2,18,200,0.092076521531894,"LRP1, PRKG1",0.37804494898191093
GO_BP,Downregulated in R,GOBP_POLARIZED_EPITHELIAL_CELL_DIFFERENTIATION,2,18,200,0.092076521531894,"MSN, YAP1",0.37804494898191093
GO_BP,Downregulated in R,GOBP_SPECIFICATION_OF_ANIMAL_ORGAN_IDENTITY,2,18,200,0.092076521531894,"EXT1, GLI3",0.37804494898191093
GO_BP,Downregulated in R,GOBP_CELL_FATE_COMMITMENT_INVOLVED_IN_FORMATION_OF_PRIMARY_GERM_LAYER,2,18,200,0.092076521531894,"ETS2, FOXC2",0.37804494898191093
GO_BP,Downregulated in R,GOBP_POSITIVE_REGULATION_OF_MYOBLAST_DIFFERENTIATION,2,18,200,0.092076521531894,"LRRC8A, MAP3K5",0.37804494898191093
GO_BP,Upregulated in R,GOBP_CELLULAR_RESPONSE_TO_ANGIOTENSIN,2,18,200,0.092076521531894,"BRIP1, CDC6",0.37804494898191093
GO_BP,Upregulated in R,GOBP_MITOTIC_CYTOKINETIC_PROCESS,2,18,200,0.092076521531894,"CEP55, ECT2",0.37804494898191093
GO_BP,Downregulated in R,GOBP_BLASTOCYST_FORMATION,2,18,200,0.092076521531894,"TM4SF1, YAP1",0.37804494898191093
GO_BP,Downregulated in R,GOBP_NEGATIVE_REGULATION_OF_TORC1_SIGNALING,2,18,200,0.092076521531894,"SESN1, SESN3",0.37804494898191093
GO_BP,Upregulated in R,GOBP_POSITIVE_REGULATION_OF_MYOBLAST_DIFFERENTIATION,2,18,200,0.092076521531894,"ACTL6A, CXCL9",0.37804494898191093
GO_BP,Upregulated in R,GOBP_REGULATION_OF_EMBRYONIC_DEVELOPMENT,3,38,200,0.09345262165529832,"ACTL6A, CDK1, RACGAP1",0.3798452652496257
GO_BP,Downregulated in R,GOBP_VASCULAR_ENDOTHELIAL_GROWTH_FACTOR_RECEPTOR_SIGNALING_PATHWAY,3,38,200,0.09345262165529832,"FOXC2, GRB10, ITGB3",0.3798452652496257
GO_BP,Downregulated in R,GOBP_MORPHOGENESIS_OF_A_POLARIZED_EPITHELIUM,3,38,200,0.09345262165529832,"CELSR1, MSN, YAP1",0.3798452652496257
GO_BP,Downregulated in R,GOBP_MUSCLE_ORGAN_MORPHOGENESIS,3,38,200,0.09345262165529832,"FOXC2, LIF, TGFB1",0.3798452652496257
GO_BP,Upregulated in R,GOBP_STRIATED_MUSCLE_CELL_PROLIFERATION,3,38,200,0.09345262165529832,"CDK1, DSN1, NDC80",0.3798452652496257
GO_BP,Downregulated in R,GOBP_REGULATION_OF_CELL_ADHESION_MEDIATED_BY_INTEGRIN,3,38,200,0.09345262165529832,"FOXC2, ITGB3, LIF",0.3798452652496257
GO_BP,Downregulated in R,GOBP_STRIATED_MUSCLE_CELL_PROLIFERATION,3,38,200,0.09345262165529832,"FOXC2, SKI, YAP1",0.3798452652496257
GO_BP,Downregulated in R,GOBP_REGULATION_OF_AMIDE_METABOLIC_PROCESS,3,38,200,0.09345262165529832,"ALDOB, IFNGR1, TNFRSF1A",0.3798452652496257
GO_BP,Downregulated in R,GOBP_REGULATION_OF_SMALL_GTPASE_MEDIATED_SIGNAL_TRANSDUCTION,9,190,200,0.09351576934277962,"ARHGAP26, ARHGAP6, ARHGEF17, CGNL1, DLC1, DNMBP, F2RL1, LPAR6, OBSCN",0.3798452652496257
GO_BP,Downregulated in R,GOBP_PEPTIDE_TRANSPORT,6,110,200,0.09423846414919446,"F2RL1, FOXO1, IRS2, KLF7, LRRC8A, RAPGEF4",0.3823261205862806
GO_BP,Downregulated in R,GOBP_SKIN_DEVELOPMENT,8,163,200,0.09438977341365859,"EXT1, EXTL3, ITGA6, JAG1, LDB2, PKD1, PLEC, YAP1",0.38248572476993803
GO_BP,Downregulated in R,GOBP_POSITIVE_REGULATION_OF_CELL_SUBSTRATE_ADHESION,5,85,200,0.09518660514642399,"ITGA6, ITGB3, LIMS1, NID1, RIN2",0.38434685955104536
GO_BP,Downregulated in R,GOBP_CELL_KILLING,5,85,200,0.09518660514642399,"CD59, CFH, F2RL1, MICA, TGFB1",0.38434685955104536
GO_BP,Downregulated in R,GOBP_HOMOPHILIC_CELL_ADHESION_VIA_PLASMA_MEMBRANE_ADHESION_MOLECULES,5,85,200,0.09518660514642399,"CELSR1, PCDHB12, PCDHGC3, PKD1, PTPRG",0.38434685955104536
GO_BP,Downregulated in R,GOBP_POSITIVE_REGULATION_OF_TRANSFERASE_ACTIVITY,9,191,200,0.09584108550597793,"ADRB2, HMGA2, ITGB3, KIT, MAP3K4, MAP3K5, MST1R, TGFBR2, TNFRSF10B",0.38536169179956203
GO_BP,Downregulated in R,GOBP_LEARNING,4,61,200,0.09588917975106198,"ATXN1, KIT, RAPGEF3, TLR2",0.38536169179956203
GO_BP,Downregulated in R,GOBP_LIPOPROTEIN_METABOLIC_PROCESS,4,61,200,0.09588917975106198,"ITGB3, LCAT, LDLR, PORCN",0.38536169179956203
GO_BP,Downregulated in R,GOBP_POSITIVE_REGULATION_OF_TUMOR_NECROSIS_FACTOR_SUPERFAMILY_CYTOKINE_PRODUCTION,4,61,200,0.09588917975106198,"IFNGR1, NFATC4, TGFB1, TLR2",0.38536169179956203
GO_BP,Downregulated in R,GOBP_CARBOHYDRATE_DERIVATIVE_CATABOLIC_PROCESS,7,137,200,0.09667921187167346,"ALDOB, DDIT4, LYVE1, NT5E, PDE4A, PDE4D, TGFB1",0.38808012662001945
GO_BP,Downregulated in R,GOBP_NEGATIVE_REGULATION_OF_IMMUNE_SYSTEM_PROCESS,11,248,200,0.09750996004061838,"CD59, CNN2, F2RL1, GLI3, IL1RL1, IRAK3, LDLR, LRRC32, MICA, RIN3, TGFB1",0.390895406904517
GO_BP,Downregulated in R,GOBP_APPENDAGE_MORPHOGENESIS,5,86,200,0.09885004880289555,"DYNC2H1, EXT1, GLI3, NFIA, SKI",0.390895406904517
GO_BP,Downregulated in R,GOBP_MORPHOGENESIS_OF_EMBRYONIC_EPITHELIUM,5,86,200,0.09885004880289555,"CELSR1, DLC1, JAG2, SKI, TGFB1",0.390895406904517
GO_BP,Downregulated in R,GOBP_JNK_CASCADE,5,86,200,0.09885004880289555,"F2RL1, GADD45A, HIPK2, MAP3K5, SH3RF2",0.390895406904517
GO_BP,Downregulated in R,GOBP_NEGATIVE_REGULATION_OF_CELL_SUBSTRATE_ADHESION,3,39,200,0.09921217803818207,"ARHGAP6, DLC1, JAG1",0.390895406904517
GO_BP,Downregulated in R,GOBP_BONE_RESORPTION,3,39,200,0.09921217803818207,"ADRB2, EXT1, ITGB3",0.390895406904517
GO_BP,Upregulated in R,GOBP_ELECTRON_TRANSPORT_CHAIN,4,62,200,0.10033549266915094,"CDK1, NDUFAB1, NDUFS2, SDHC",0.390895406904517
GO_BP,Downregulated in R,GOBP_NUCLEAR_EXPORT,4,62,200,0.10033549266915094,"ATXN1, PKD1, RAPGEF3, TGFB1",0.390895406904517
GO_BP,Downregulated in R,GOBP_NEGATIVE_REGULATION_OF_IMMUNE_EFFECTOR_PROCESS,4,62,200,0.10033549266915094,"CD59, IRAK3, MICA, TGFB1",0.390895406904517
GO_BP,Downregulated in R,GOBP_REGULATION_OF_EPITHELIAL_CELL_PROLIFERATION,9,193,200,0.10059246049017725,"EXTL3, HSPG2, IRS2, ITGB3, JAG1, LIMS1, SULF2, TGFB1, YAP1",0.390895406904517
GO_BP,Downregulated in R,GOBP_REGULATION_OF_MUSCLE_SYSTEM_PROCESS,6,112,200,0.10059436591127224,"ADRB2, FOXO1, KIT, PDE4D, PRKG1, TNFRSF1A",0.390895406904517
GO_BP,Downregulated in R,GOBP_ORGANIC_HYDROXY_COMPOUND_TRANSPORT,6,112,200,0.10059436591127224,"CES1, ITGB3, LCAT, LDLR, LRP1, SLC22A3",0.390895406904517
GO_BP,Downregulated in R,GOBP_POSITIVE_REGULATION_OF_SIGNAL_TRANSDUCTION_BY_P53_CLASS_MEDIATOR,2,19,200,0.1010423431781875,"PLA2R1, SPRED1",0.390895406904517
GO_BP,Downregulated in R,GOBP_NEGATIVE_REGULATION_OF_ACTIN_FILAMENT_DEPOLYMERIZATION,2,19,200,0.1010423431781875,"PLEKHH2, SPTBN1",0.390895406904517
GO_BP,Downregulated in R,GOBP_POSITIVE_REGULATION_OF_INTERLEUKIN_10_PRODUCTION,2,19,200,0.1010423431781875,"F2RL1, TLR2",0.390895406904517
GO_BP,Downregulated in R,GOBP_RENAL_FILTRATION,2,19,200,0.1010423431781875,"F2RL1, SULF2",0.390895406904517
GO_BP,Downregulated in R,GOBP_LIVER_REGENERATION,2,19,200,0.1010423431781875,"SULF2, TGFB1",0.390895406904517
GO_BP,Downregulated in R,GOBP_REGULATION_OF_SUPEROXIDE_METABOLIC_PROCESS,2,19,200,0.1010423431781875,"F2RL1, TGFB1",0.390895406904517
GO_BP,Downregulated in R,GOBP_FOAM_CELL_DIFFERENTIATION,2,19,200,0.1010423431781875,"ITGB3, TGFB1",0.390895406904517
GO_BP,Downregulated in R,GOBP_MONOAMINE_TRANSPORT,2,19,200,0.1010423431781875,"ITGB3, SLC22A3",0.390895406904517
GO_BP,Upregulated in R,GOBP_CEREBELLAR_CORTEX_DEVELOPMENT,2,19,200,0.1010423431781875,"EZH2, KIF14",0.390895406904517
GO_BP,Upregulated in R,GOBP_PROTEIN_LOCALIZATION_TO_MICROTUBULE_ORGANIZING_CENTER,2,19,200,0.1010423431781875,"AURKA, SPAG5",0.390895406904517
GO_BP,Downregulated in R,GOBP_REGULATION_OF_PHOSPHOLIPASE_C_ACTIVITY,2,19,200,0.1010423431781875,"ARHGAP6, KIT",0.390895406904517
GO_BP,Downregulated in R,GOBP_REGULATION_OF_SYSTEMIC_ARTERIAL_BLOOD_PRESSURE_MEDIATED_BY_A_CHEMICAL_SIGNAL,2,19,200,0.1010423431781875,"ADRB2, F2RL1",0.390895406904517
GO_BP,Upregulated in R,GOBP_POSITIVE_REGULATION_OF_HEART_GROWTH,2,19,200,0.1010423431781875,"CDK1, PARP2",0.390895406904517
GO_BP,Downregulated in R,GOBP_AXIS_ELONGATION,2,19,200,0.1010423431781875,"TGFB1, YAP1",0.390895406904517
GO_BP,Downregulated in R,GOBP_POSITIVE_REGULATION_OF_ERBB_SIGNALING_PATHWAY,2,19,200,0.1010423431781875,"HIP1, TGFB1",0.390895406904517
GO_BP,Downregulated in R,GOBP_GLYCEROPHOSPHOLIPID_CATABOLIC_PROCESS,2,19,200,0.1010423431781875,"GPCPD1, LDLR",0.390895406904517
GO_BP,Downregulated in R,GOBP_CELL_FATE_DETERMINATION,2,19,200,0.1010423431781875,"JAG1, NOTCH4",0.390895406904517
GO_BP,Downregulated in R,GOBP_REGULATION_OF_RESPONSE_TO_OXIDATIVE_STRESS,2,19,200,0.1010423431781875,"SESN1, SESN3",0.390895406904517
GO_BP,Upregulated in R,GOBP_REGULATORY_T_CELL_DIFFERENTIATION,2,19,200,0.1010423431781875,"FANCA, FANCD2",0.390895406904517
GO_BP,Downregulated in R,GOBP_VASCULAR_ASSOCIATED_SMOOTH_MUSCLE_CELL_DIFFERENTIATION,2,19,200,0.1010423431781875,"KIT, NFATC4",0.390895406904517
GO_BP,Downregulated in R,GOBP_NEGATIVE_REGULATION_OF_ORGANELLE_ORGANIZATION,8,166,200,0.10213211194880696,"ARHGAP6, CGNL1, DLC1, LIF, PLEKHH2, SPTBN1, SSH1, YAP1",0.394387106190152
GO_BP,Downregulated in R,GOBP_REGULATION_OF_LIPID_METABOLIC_PROCESS,7,139,200,0.10240672224551077,"CES1, IGFBP7, IRS2, KIT, LDLR, PRKG1, TNFRSF1A",0.394387106190152
GO_BP,Downregulated in R,GOBP_REGULATION_OF_LEUKOCYTE_PROLIFERATION,7,139,200,0.10240672224551077,"CNN2, EFNB1, IRS2, KIT, LRRC32, TGFB1, TGFBR2",0.394387106190152
GO_BP,Upregulated in R,GOBP_NUCLEAR_TRANSPORT,7,139,200,0.10240672224551077,"CDK1, ECT2, KPNA2, NUP107, NUP210, POLA2, UHMK1",0.394387106190152
GO_BP,Downregulated in R,GOBP_SIGNAL_TRANSDUCTION_BY_P53_CLASS_MEDIATOR,5,87,200,0.10258388144262184,"DDIT4, HIPK2, PLA2R1, PLK3, SPRED1",0.39462448086486057
GO_BP,Upregulated in R,GOBP_POST_TRANSLATIONAL_PROTEIN_MODIFICATION,14,338,200,0.10299856776311221,"BRCA1, BRCC3, CCNA2, CCNF, CDK2, DNAJA1, DTL, ESCO2, FANCI, PARP2, PLK1, SKP2, UBE2T, UFC1",0.3957740241606202
GO_BP,Downregulated in R,GOBP_CARBOHYDRATE_HOMEOSTASIS,6,113,200,0.10385551962395466,"FOXO1, IRS2, KLF7, LRRC8A, SESN3, TGFB1",0.39817110553920215
GO_BP,Upregulated in R,GOBP_PROTEIN_AUTOPHOSPHORYLATION,6,113,200,0.10385551962395466,"AURKA, EIF2AK1, MELK, NEK2, UHMK1, VRK1",0.39817110553920215
GO_BP,Downregulated in R,GOBP_NEURAL_TUBE_FORMATION,4,63,200,0.10487595013074776,"CELSR1, DLC1, SKI, TGFB1",0.3993996569078956
GO_BP,Downregulated in R,GOBP_MULTICELLULAR_ORGANISM_GROWTH,4,63,200,0.10487595013074776,"ADRB2, EXT1, PLEC, WWTR1",0.3993996569078956
GO_BP,Downregulated in R,GOBP_RIBOSE_PHOSPHATE_METABOLIC_PROCESS,10,223,200,0.10503571230890468,"ADCY9, ALDOB, DDIT4, GUCY1A2, NT5E, PDE4A, PDE4D, PTHLH, TGFB1, TPST1",0.3993996569078956
GO_BP,Downregulated in R,GOBP_RESPONSE_TO_PEPTIDE_HORMONE,10,223,200,0.10503571230890468,"FOXC2, FOXO1, GRB10, IRS2, ITGB3, PTPRE, SESN3, SHC1, TGFB1, TLR2",0.3993996569078956
GO_BP,Downregulated in R,GOBP_NEGATIVE_REGULATION_OF_SMALL_MOLECULE_METABOLIC_PROCESS,3,40,200,0.10511132656914465,"ALDOB, DDIT4, PRKG1",0.3993996569078956
GO_BP,Downregulated in R,GOBP_ENERGY_HOMEOSTASIS,3,40,200,0.10511132656914465,"ADRB2, FOXO1, SGIP1",0.3993996569078956
GO_BP,Downregulated in R,GOBP_POSITIVE_REGULATION_OF_GLIOGENESIS,3,40,200,0.10511132656914465,"LIF, TGFB1, TLR2",0.3993996569078956
GO_BP,Downregulated in R,GOBP_POSITIVE_REGULATION_OF_CELL_MATRIX_ADHESION,3,40,200,0.10511132656914465,"ITGB3, LIMS1, RIN2",0.3993996569078956
GO_BP,Upregulated in R,GOBP_REGULATION_OF_PHOSPHORYLATION,18,460,200,0.10649399360786031,"BLM, BORA, CCNA2, CCNB2, CCNE1, CCNE2, CCNF, CDC6, CEP85, DNAJA1, ECT2, EIF2AK1, EZH2, KIF14, MCM7, PLK1, RAD51, TPX2",0.404203869071612
GO_BP,Downregulated in R,GOBP_EPIDERMAL_CELL_DIFFERENTIATION,6,114,200,0.10717157810161129,"EXTL3, JAG1, JAG2, KLF7, PLEC, YAP1",0.4063242073197605
GO_BP,Downregulated in R,GOBP_MYELOID_CELL_DIFFERENTIATION,10,224,200,0.10735018117050456,"F2RL1, HIPK2, IL1RL1, JAG1, KIT, LIF, MAF, TGFB1, TGFBR2, TLR2",0.4065501317942833
GO_BP,Downregulated in R,GOBP_MUSCLE_SYSTEM_PROCESS,9,196,200,0.10797017925860879,"ADRB2, FOXO1, KCND3, KIT, PDE4D, PDLIM5, PRKG1, SULF2, TNFRSF1A",0.4067455757683684
GO_BP,Downregulated in R,GOBP_PURINE_CONTAINING_COMPOUND_METABOLIC_PROCESS,11,253,200,0.10816516067466561,"ADCY9, ALDH1L1, ALDOB, DDIT4, GUCY1A2, NT5E, PDE4A, PDE4D, PTHLH, TGFB1, TPST1",0.4067455757683684
GO_BP,Downregulated in R,GOBP_BEHAVIOR,11,253,200,0.10816516067466561,"ANKH, ATXN1, EXT1, GLI3, HIPK2, KIT, LDLR, NFATC4, RAPGEF3, SGIP1, TLR2",0.4067455757683684
GO_BP,Downregulated in R,GOBP_T_CELL_ACTIVATION,12,282,200,0.10820494277266991,"EFNB1, F2RL1, GLI3, JAG2, KIF13B, KIT, LRRC32, MICA, MSN, TGFB1, TGFBR2, ZFP36L2",0.4067455757683684
GO_BP,Downregulated in R,GOBP_CAMERA_TYPE_EYE_MORPHOGENESIS,4,64,200,0.10950878692859493,"GLI3, HIPK2, JAG1, SKI",0.4067455757683684
GO_BP,Upregulated in R,GOBP_FIBROBLAST_PROLIFERATION,4,64,200,0.10950878692859493,"CCNA2, CDC6, CDK1, E2F8",0.4067455757683684
GO_BP,Downregulated in R,GOBP_FIBROBLAST_PROLIFERATION,4,64,200,0.10950878692859493,"ITGB3, LIF, SKI, TGFB1",0.4067455757683684
GO_BP,Downregulated in R,GOBP_POSITIVE_REGULATION_OF_MORPHOGENESIS_OF_AN_EPITHELIUM,2,20,200,0.11023795893597672,"LIF, TGFB1",0.4067455757683684
GO_BP,Upregulated in R,GOBP_POSITIVE_REGULATION_OF_GENE_EXPRESSION_EPIGENETIC,2,20,200,0.11023795893597672,"USP21, VPS72",0.4067455757683684
GO_BP,Downregulated in R,GOBP_POSITIVE_REGULATION_OF_EPITHELIAL_CELL_APOPTOTIC_PROCESS,2,20,200,0.11023795893597672,"PLA2R1, TGFB1",0.4067455757683684
GO_BP,Downregulated in R,GOBP_REGULATION_OF_DNA_DAMAGE_RESPONSE_SIGNAL_TRANSDUCTION_BY_P53_CLASS_MEDIATOR,2,20,200,0.11023795893597672,"PLA2R1, SPRED1",0.4067455757683684
GO_BP,Downregulated in R,GOBP_INFLAMMATORY_RESPONSE_TO_WOUNDING,2,20,200,0.11023795893597672,"EXTL3, TGFB1",0.4067455757683684
GO_BP,Downregulated in R,GOBP_REGULATION_OF_VASCULAR_ENDOTHELIAL_GROWTH_FACTOR_RECEPTOR_SIGNALING_PATHWAY,2,20,200,0.11023795893597672,"GRB10, ITGB3",0.4067455757683684
GO_BP,Downregulated in R,GOBP_NEGATIVE_REGULATION_OF_PRODUCTION_OF_MOLECULAR_MEDIATOR_OF_IMMUNE_RESPONSE,2,20,200,0.11023795893597672,"IRAK3, TGFB1",0.4067455757683684
GO_BP,Downregulated in R,GOBP_OUTFLOW_TRACT_SEPTUM_MORPHOGENESIS,2,20,200,0.11023795893597672,"ACVR1, TGFBR2",0.4067455757683684
GO_BP,Downregulated in R,GOBP_FACE_MORPHOGENESIS,2,20,200,0.11023795893597672,"SKI, TGFB1",0.4067455757683684
GO_BP,Downregulated in R,GOBP_POSITIVE_REGULATION_OF_PHOSPHOLIPASE_ACTIVITY,2,20,200,0.11023795893597672,"ARHGAP6, KIT",0.4067455757683684
GO_BP,Upregulated in R,GOBP_MITOTIC_G1_S_TRANSITION_CHECKPOINT_SIGNALING,2,20,200,0.11023795893597672,"CDK2, GTSE1",0.4067455757683684
GO_BP,Downregulated in R,GOBP_PEPTIDYL_TYROSINE_DEPHOSPHORYLATION,2,20,200,0.11023795893597672,"DUSP6, DUSP7",0.4067455757683684
GO_BP,Downregulated in R,GOBP_INTRACELLULAR_STEROL_TRANSPORT,2,20,200,0.11023795893597672,"CES1, LDLR",0.4067455757683684
GO_BP,Downregulated in R,GOBP_NUCLEOTIDE_TRANSPORT,2,20,200,0.11023795893597672,"ANKH, LRRC8A",0.4067455757683684
GO_BP,Downregulated in R,GOBP_REGULATION_OF_CHOLESTEROL_METABOLIC_PROCESS,2,20,200,0.11023795893597672,"CES1, LDLR",0.4067455757683684
GO_BP,Downregulated in R,GOBP_TUMOR_NECROSIS_FACTOR_SUPERFAMILY_CYTOKINE_PRODUCTION,5,89,200,0.11025948570301791,"IFNGR1, IRAK3, NFATC4, TGFB1, TLR2",0.4067455757683684
GO_BP,Downregulated in R,GOBP_NUCLEOSIDE_PHOSPHATE_CATABOLIC_PROCESS,5,89,200,0.11025948570301791,"ALDOB, DDIT4, NT5E, PDE4A, PDE4D",0.4067455757683684
GO_BP,Downregulated in R,GOBP_VENTRICULAR_SEPTUM_DEVELOPMENT,3,41,200,0.11114527124823656,"ACVR1, SLIT3, TGFBR2",0.40819480201000435
GO_BP,Downregulated in R,GOBP_ANIMAL_ORGAN_REGENERATION,3,41,200,0.11114527124823656,"HSPG2, SULF2, TGFB1",0.40819480201000435
GO_BP,Downregulated in R,GOBP_REGULATION_OF_PROTEIN_DEPOLYMERIZATION,3,41,200,0.11114527124823656,"F2RL1, PLEKHH2, SPTBN1",0.40819480201000435
GO_BP,Upregulated in R,GOBP_METENCEPHALON_DEVELOPMENT,3,41,200,0.11114527124823656,"EZH2, KIF14, NCSTN",0.40819480201000435
GO_BP,Downregulated in R,GOBP_ENDOTHELIAL_CELL_MIGRATION,7,142,200,0.11133776333270974,"FOXC2, GADD45A, ITGB3, RIN2, S100A2, SPRED1, TGFB1",0.40819480201000435
GO_BP,Downregulated in R,GOBP_NEGATIVE_REGULATION_OF_PROGRAMMED_CELL_DEATH,18,463,200,0.11136930780835015,"ACVR1, FOXC2, FOXO1, GLI3, HIPK2, HMGA2, IRS2, ITGA6, ITGB3, KIT, NFATC4, PCDHGC3, PLK3, SH3RF2, SHC1, SYNE1, TPT1, YAP1",0.40819480201000435
GO_BP,Downregulated in R,GOBP_REGULATION_OF_ESTABLISHMENT_OF_PROTEIN_LOCALIZATION,11,255,200,0.11261097620946886,"F2RL1, FOXO1, GLI3, IRS2, KLF7, LRRC8A, PLK3, RAPGEF3, RAPGEF4, TGFB1, TLR2",0.4123034241495666
GO_BP,Upregulated in R,GOBP_MAINTENANCE_OF_CELL_NUMBER,5,90,200,0.11419953576861097,"ACTL6A, EZH2, FANCD2, SUDS3, VPS72",0.41645368386401543
GO_BP,Downregulated in R,GOBP_SIGNAL_TRANSDUCTION_IN_RESPONSE_TO_DNA_DAMAGE,5,90,200,0.11419953576861097,"GADD45A, HIPK2, PLA2R1, PLK3, SPRED1",0.41645368386401543
GO_BP,Downregulated in R,GOBP_POSITIVE_REGULATION_OF_ENDOCYTOSIS,5,90,200,0.11419953576861097,"F2RL1, HIP1, LRP1, SGIP1, SYNE1",0.41645368386401543
GO_BP,Downregulated in R,GOBP_RESPONSE_TO_ORGANOPHOSPHORUS,4,65,200,0.11423217265239534,"NT5E, RAPGEF3, SSH1, THBD",0.41645368386401543
GO_BP,Downregulated in R,GOBP_PROTEIN_LOCALIZATION_TO_PLASMA_MEMBRANE,7,143,200,0.11440429378843693,"EHD2, LRP1, MACF1, RAB34, SPTBN1, TGFB1, TNFRSF1A",0.4166365326026658
GO_BP,Downregulated in R,GOBP_REGULATION_OF_SODIUM_ION_TRANSPORT,3,42,200,0.11730915381188378,"ADRB2, CNKSR3, TGFB1",0.4252870009420379
GO_BP,Downregulated in R,GOBP_NEGATIVE_REGULATION_OF_RESPONSE_TO_CYTOKINE_STIMULUS,3,42,200,0.11730915381188378,"F2RL1, IRAK3, SLIT3",0.4252870009420379
GO_BP,Upregulated in R,GOBP_IMMUNE_SYSTEM_DEVELOPMENT,5,91,200,0.11820653483450791,"ATAD5, CCNB2, EXO1, HMGB2, POLQ",0.4252870009420379
GO_BP,Upregulated in R,GOBP_RESPONSE_TO_HYDROGEN_PEROXIDE,4,66,200,0.11904421601745618,"CDK1, ECT2, EZH2, PCNA",0.4252870009420379
GO_BP,Downregulated in R,GOBP_MONONUCLEAR_CELL_DIFFERENTIATION,11,258,200,0.1194751250751588,"F2RL1, GLI3, IL1RL1, JAG2, KIT, LIF, LRRC8A, TGFB1, TGFBR2, TLR2, ZFP36L2",0.4252870009420379
GO_BP,Upregulated in R,GOBP_ANTERIOR_POSTERIOR_AXIS_SPECIFICATION,2,21,200,0.11964309364909205,"AURKA, TDRKH",0.4252870009420379
GO_BP,Downregulated in R,GOBP_CELLULAR_RESPONSE_TO_AMYLOID_BETA,2,21,200,0.11964309364909205,"ADRB2, LRP1",0.4252870009420379
GO_BP,Downregulated in R,GOBP_NEUROEPITHELIAL_CELL_DIFFERENTIATION,2,21,200,0.11964309364909205,"JAG1, TGFB1",0.4252870009420379
GO_BP,Downregulated in R,GOBP_TOOTH_MINERALIZATION,2,21,200,0.11964309364909205,"ANKH, TGFB1",0.4252870009420379
GO_BP,Downregulated in R,GOBP_POSITIVE_REGULATION_OF_VASCULAR_ENDOTHELIAL_GROWTH_FACTOR_PRODUCTION,2,21,200,0.11964309364909205,"SULF2, TGFB1",0.4252870009420379
GO_BP,Upregulated in R,GOBP_MICROTUBULE_NUCLEATION,2,21,200,0.11964309364909205,"CENPJ, TPX2",0.4252870009420379
GO_BP,Downregulated in R,GOBP_BIOLOGICAL_PROCESS_INVOLVED_IN_INTRASPECIES_INTERACTION_BETWEEN_ORGANISMS,2,21,200,0.11964309364909205,"ATXN1, EXT1",0.4252870009420379
GO_BP,Downregulated in R,GOBP_CAMP_MEDIATED_SIGNALING,2,21,200,0.11964309364909205,"PDE4A, PDE4D",0.4252870009420379
GO_BP,Upregulated in R,GOBP_PROTEIN_AUTOUBIQUITINATION,2,21,200,0.11964309364909205,"BRCA1, UBE2T",0.4252870009420379
GO_BP,Downregulated in R,GOBP_BILE_ACID_METABOLIC_PROCESS,2,21,200,0.11964309364909205,"CES1, KIT",0.4252870009420379
GO_BP,Downregulated in R,GOBP_ANTERIOR_POSTERIOR_AXIS_SPECIFICATION,2,21,200,0.11964309364909205,"ETS2, SKI",0.4252870009420379
GO_BP,Downregulated in R,GOBP_REGULATION_OF_CHOLESTEROL_EFFLUX,2,21,200,0.11964309364909205,"CES1, LRP1",0.4252870009420379
GO_BP,Upregulated in R,GOBP_IMMUNOGLOBULIN_PRODUCTION_INVOLVED_IN_IMMUNOGLOBULIN_MEDIATED_IMMUNE_RESPONSE,2,21,200,0.11964309364909205,"ATAD5, EXO1",0.4252870009420379
GO_BP,Downregulated in R,GOBP_POSITIVE_REGULATION_OF_LIPASE_ACTIVITY,2,21,200,0.11964309364909205,"ARHGAP6, KIT",0.4252870009420379
GO_BP,Upregulated in R,GOBP_POSITIVE_REGULATION_OF_STEM_CELL_POPULATION_MAINTENANCE,2,21,200,0.11964309364909205,"ACTL6A, SUDS3",0.4252870009420379
GO_BP,Downregulated in R,GOBP_RESPONSE_TO_COLD,2,21,200,0.11964309364909205,"ADRB2, FOXO1",0.4252870009420379
GO_BP,Upregulated in R,GOBP_INTRACELLULAR_ESTROGEN_RECEPTOR_SIGNALING_PATHWAY,2,21,200,0.11964309364909205,"BRCA1, SKP2",0.4252870009420379
GO_BP,Downregulated in R,GOBP_POSITIVE_REGULATION_OF_GLUCOSE_METABOLIC_PROCESS,2,21,200,0.11964309364909205,"FOXO1, IRS2",0.4252870009420379
GO_BP,Downregulated in R,GOBP_EXTRINSIC_APOPTOTIC_SIGNALING_PATHWAY,6,118,200,0.12097527430557291,"ACVR1, ITGA6, TGFB1, TNFRSF10B, TNFRSF1A, YAP1",0.42912932193960235
GO_BP,Downregulated in R,GOBP_MONONUCLEAR_CELL_MIGRATION,6,118,200,0.12097527430557291,"CNN2, EXT1, ITGB3, MSN, PLEC, TGFB1",0.42912932193960235
GO_BP,Downregulated in R,GOBP_REGULATION_OF_SYSTEM_PROCESS,10,230,200,0.121849185848682,"ADRB2, F2RL1, FOXO1, KCND3, KIT, PDE4D, PRKG1, SSH1, SYNE1, TNFRSF1A",0.43178093242644994
GO_BP,Downregulated in R,GOBP_POSITIVE_REGULATION_OF_LIPID_TRANSPORT,3,43,200,0.12359806729321328,"CES1, LRP1, PLA2R1",0.43616838623307497
GO_BP,Upregulated in R,GOBP_REGULATION_OF_MICROTUBULE_POLYMERIZATION_OR_DEPOLYMERIZATION,3,43,200,0.12359806729321328,"DIAPH3, STMN1, TPX2",0.43616838623307497
GO_BP,Upregulated in R,GOBP_IMMUNOGLOBULIN_PRODUCTION,3,43,200,0.12359806729321328,"ATAD5, EXO1, POLQ",0.43616838623307497
GO_BP,Downregulated in R,GOBP_NERVE_DEVELOPMENT,3,43,200,0.12359806729321328,"EXT1, GLI3, SULF2",0.43616838623307497
GO_BP,Downregulated in R,GOBP_CYTOKINE_PRODUCTION_INVOLVED_IN_IMMUNE_RESPONSE,4,67,200,0.12394296911592219,"F2RL1, IRAK3, KIT, TGFB1",0.43693414086686294
GO_BP,Downregulated in R,GOBP_POSITIVE_REGULATION_OF_NEUROGENESIS,6,119,200,0.12455843107657455,"GLI3, KIT, LIF, MACF1, TGFB1, TLR2",0.43865113459544197
GO_BP,Upregulated in R,GOBP_SEX_DIFFERENTIATION,6,120,200,0.1281933370076455,"BRIP1, CENPI, FANCA, HMGB2, KIF18A, NUP107",0.447234790200444
GO_BP,Downregulated in R,GOBP_RETINA_DEVELOPMENT_IN_CAMERA_TYPE_EYE,4,68,200,0.12892643158574751,"HIPK2, NFIA, SKI, TGFB1",0.447234790200444
GO_BP,Downregulated in R,GOBP_MULTICELLULAR_ORGANISMAL_LEVEL_HOMEOSTASIS,16,412,200,0.12921814432974232,"ADRB2, ANKH, CHST3, EXT1, FOXC2, FOXO1, GRB10, HIPK2, ITGB3, KIT, LDB2, NT5E, SGIP1, TGFB1, WWTR1, YAP1",0.447234790200444
GO_BP,Downregulated in R,GOBP_T_CELL_HOMEOSTASIS,2,22,200,0.12923843246153308,"CHST3, TGFB1",0.447234790200444
GO_BP,Downregulated in R,GOBP_METANEPHRIC_NEPHRON_DEVELOPMENT,2,22,200,0.12923843246153308,"LIF, PKD1",0.447234790200444
GO_BP,Downregulated in R,GOBP_POSITIVE_REGULATION_OF_PROTEIN_DEPHOSPHORYLATION,2,22,200,0.12923843246153308,"DLC1, TGFB1",0.447234790200444
GO_BP,Downregulated in R,GOBP_POSITIVE_REGULATION_OF_EXTRACELLULAR_MATRIX_ORGANIZATION,2,22,200,0.12923843246153308,"PHLDB1, TGFB1",0.447234790200444
GO_BP,Downregulated in R,GOBP_HAIR_CELL_DIFFERENTIATION,2,22,200,0.12923843246153308,"JAG1, JAG2",0.447234790200444
GO_BP,Downregulated in R,GOBP_CELL_JUNCTION_MAINTENANCE,2,22,200,0.12923843246153308,"F2RL1, ITGB3",0.447234790200444
GO_BP,Downregulated in R,GOBP_LYMPH_VESSEL_DEVELOPMENT,2,22,200,0.12923843246153308,"FOXC2, PKD1",0.447234790200444
GO_BP,Downregulated in R,GOBP_MEGAKARYOCYTE_DIFFERENTIATION,2,22,200,0.12923843246153308,"KIT, MAF",0.447234790200444
GO_BP,Downregulated in R,GOBP_NEGATIVE_REGULATION_OF_CELLULAR_RESPONSE_TO_INSULIN_STIMULUS,2,22,200,0.12923843246153308,"GRB10, PTPRE",0.447234790200444
GO_BP,Upregulated in R,GOBP_POSITIVE_REGULATION_OF_RELEASE_OF_SEQUESTERED_CALCIUM_ION_INTO_CYTOSOL,2,22,200,0.12923843246153308,"CXCL10, CXCL9",0.447234790200444
GO_BP,Downregulated in R,GOBP_ANGIOGENESIS_INVOLVED_IN_WOUND_HEALING,2,22,200,0.12923843246153308,"FOXC2, ITGB3",0.447234790200444
GO_BP,Upregulated in R,GOBP_POSITIVE_REGULATION_OF_ORGAN_GROWTH,2,22,200,0.12923843246153308,"CDK1, PARP2",0.447234790200444
GO_BP,Upregulated in R,GOBP_MODIFICATION_DEPENDENT_MACROMOLECULE_CATABOLIC_PROCESS,10,233,200,0.12948751803154238,"AURKA, CCNF, CDK2, DTL, KIF14, PLK1, PSMB4, PSMC4, PSMD4, SKP2",0.447234790200444
GO_BP,Downregulated in R,GOBP_T_CELL_MIGRATION,3,44,200,0.13000706869702602,"ITGB3, MSN, PLEC",0.447234790200444
GO_BP,Upregulated in R,GOBP_POSITIVE_REGULATION_OF_PROTEASOMAL_PROTEIN_CATABOLIC_PROCESS,3,44,200,0.13000706869702602,"AURKA, PLK1, PSMC4",0.447234790200444
GO_BP,Downregulated in R,GOBP_REGULATION_OF_NEURAL_PRECURSOR_CELL_PROLIFERATION,3,44,200,0.13000706869702602,"FOXO1, GLI3, TGFB1",0.447234790200444
GO_BP,Downregulated in R,GOBP_REGULATION_OF_RELEASE_OF_SEQUESTERED_CALCIUM_ION_INTO_CYTOSOL,3,44,200,0.13000706869702602,"ITGB3, PDE4D, TGFB1",0.447234790200444
GO_BP,Downregulated in R,GOBP_REGULATION_OF_GLUCOSE_METABOLIC_PROCESS,3,44,200,0.13000706869702602,"FOXO1, IGFBP4, IRS2",0.447234790200444
GO_BP,Downregulated in R,GOBP_POSITIVE_REGULATION_OF_PROTEASOMAL_PROTEIN_CATABOLIC_PROCESS,3,44,200,0.13000706869702602,"PLK3, SH3RF2, TRIB2",0.447234790200444
GO_BP,Downregulated in R,GOBP_REGULATION_OF_COAGULATION,3,44,200,0.13000706869702602,"F2RL1, PRKG1, THBD",0.447234790200444
GO_BP,Downregulated in R,GOBP_POSITIVE_REGULATION_OF_ENDOTHELIAL_CELL_MIGRATION,4,69,200,0.1339925546931121,"FOXC2, ITGB3, RIN2, TGFB1",0.4595167028369282
GO_BP,Downregulated in R,GOBP_ODONTOGENESIS,4,69,200,0.1339925546931121,"ANKH, GLI3, JAG2, TGFB1",0.4595167028369282
GO_BP,Downregulated in R,GOBP_DENDRITE_MORPHOGENESIS,4,69,200,0.1339925546931121,"KLF7, NFATC4, PDLIM5, SYNE1",0.4595167028369282
GO_BP,Downregulated in R,GOBP_CYTOKINE_PRODUCTION,15,384,200,0.1341153842881784,"EXTL3, F2RL1, IFNGR1, IL1RL1, IRAK3, KIT, LRRC32, NFATC4, PDE4D, PLA2R1, SPTBN1, SULF2, TGFB1, TLR2, TRIB2",0.4595167028369282
GO_BP,Upregulated in R,GOBP_RESPONSE_TO_NUTRIENT,5,95,200,0.13488424439352853,"BRIP1, CXCL10, ENSA, TYMS, USF1",0.4616879547578091
GO_BP,Downregulated in R,GOBP_REGULATION_OF_INTRACELLULAR_TRANSPORT,6,122,200,0.13561591111014404,"EHD2, GLI3, MSN, PLK3, RAPGEF3, TGFB1",0.46372768003228426
GO_BP,Downregulated in R,GOBP_REGULATION_OF_NERVOUS_SYSTEM_PROCESS,3,45,200,0.13653119083305248,"ADRB2, SSH1, SYNE1",0.46499556120210095
GO_BP,Downregulated in R,GOBP_POSITIVE_REGULATION_OF_UBIQUITIN_DEPENDENT_PROTEIN_CATABOLIC_PROCESS,3,45,200,0.13653119083305248,"PLK3, SH3RF2, TRIB2",0.46499556120210095
GO_BP,Downregulated in R,GOBP_NEGATIVE_REGULATION_OF_CELL_CYCLE_G1_S_PHASE_TRANSITION,3,45,200,0.13653119083305248,"ACVR1, CTDSP1, PLK3",0.46499556120210095
GO_BP,Downregulated in R,GOBP_POSITIVE_REGULATION_OF_PEPTIDE_SECRETION,3,45,200,0.13653119083305248,"IRS2, LRRC8A, RAPGEF4",0.46499556120210095
GO_BP,Downregulated in R,GOBP_REGULATION_OF_GTPASE_ACTIVITY,7,150,200,0.13708897145979645,"DOCK6, F2RL1, ITGA6, LIMS1, PRKG1, RAPGEF3, SNX18",0.466120971997865
GO_BP,Downregulated in R,GOBP_POSITIVE_REGULATION_OF_CELLULAR_COMPONENT_BIOGENESIS,10,236,200,0.13738036272772006,"F2RL1, KIT, LDB2, LIMS1, MSN, PHLDB1, RAPGEF3, SNX18, SYNPO, TGFB1",0.466120971997865
GO_BP,Downregulated in R,GOBP_RESPONSE_TO_NUTRIENT_LEVELS,10,236,200,0.13738036272772006,"ADRB2, FOXO1, LDLR, MAP3K5, PLEC, SESN1, SESN3, SGIP1, SLC22A3, TGFB1",0.466120971997865
GO_BP,Downregulated in R,GOBP_REGULATION_OF_NEURON_PROJECTION_DEVELOPMENT,9,207,200,0.13754389337641917,"ITGA6, KIF13B, MACF1, NFATC4, NR2F1, PDLIM5, PTPRG, SYNE1, UST",0.466120971997865
GO_BP,Downregulated in R,GOBP_NEGATIVE_REGULATION_OF_CATALYTIC_ACTIVITY,9,207,200,0.13754389337641917,"DUSP7, GADD45A, IRAK3, IRS2, LRP1, PLA2R1, SPRED1, TRIB2, WWTR1",0.466120971997865
GO_BP,Downregulated in R,GOBP_REGULATION_OF_AUTOPHAGOSOME_ASSEMBLY,2,23,200,0.1390055829559043,"EFNB1, SNX18",0.4662198519909571
GO_BP,Downregulated in R,GOBP_VENTRICULAR_CARDIAC_MUSCLE_TISSUE_MORPHOGENESIS,2,23,200,0.1390055829559043,"FOXC2, TGFB1",0.4662198519909571
GO_BP,Downregulated in R,GOBP_REGULATION_OF_HUMORAL_IMMUNE_RESPONSE,2,23,200,0.1390055829559043,"CD59, CFH",0.4662198519909571
GO_BP,Downregulated in R,GOBP_REGULATION_OF_NEUROBLAST_PROLIFERATION,2,23,200,0.1390055829559043,"GLI3, TGFB1",0.4662198519909571
GO_BP,Downregulated in R,GOBP_NADP_METABOLIC_PROCESS,2,23,200,0.1390055829559043,"ALDH1L1, ALDOB",0.4662198519909571
GO_BP,Downregulated in R,GOBP_VASCULAR_ENDOTHELIAL_GROWTH_FACTOR_PRODUCTION,2,23,200,0.1390055829559043,"SULF2, TGFB1",0.4662198519909571
GO_BP,Downregulated in R,GOBP_REGULATION_OF_GLUCOSE_IMPORT,2,23,200,0.1390055829559043,"GRB10, IRS2",0.4662198519909571
GO_BP,Downregulated in R,GOBP_DEVELOPMENTAL_PIGMENTATION,2,23,200,0.1390055829559043,"GLI3, KIT",0.4662198519909571
GO_BP,Downregulated in R,GOBP_RESPONSE_TO_PURINE_CONTAINING_COMPOUND,4,70,200,0.13913924532452496,"NT5E, RAPGEF3, SSH1, THBD",0.4662198519909571
GO_BP,Downregulated in R,GOBP_REGULATION_OF_NEURON_DIFFERENTIATION,4,70,200,0.13913924532452496,"CTDSP1, GLI3, JAG1, NOTCH3",0.4662198519909571
GO_BP,Downregulated in R,GOBP_REGULATION_OF_MUSCLE_CELL_DIFFERENTIATION,4,70,200,0.13913924532452496,"KIT, NID1, NOTCH4, TGFB1",0.4662198519909571
GO_BP,Upregulated in R,GOBP_DEVELOPMENT_OF_PRIMARY_SEXUAL_CHARACTERISTICS,5,96,200,0.13921084573500475,"BRIP1, FANCA, HMGB2, KIF18A, NUP107",0.4662198519909571
GO_BP,Downregulated in R,GOBP_RESPONSE_TO_TUMOR_NECROSIS_FACTOR,6,123,200,0.1394022782261755,"EXT1, F2RL1, LIMS1, MAP3K5, TNFRSF1A, ZFP36L2",0.46640370462352154
GO_BP,Downregulated in R,GOBP_MUSCLE_ORGAN_DEVELOPMENT,7,151,200,0.1404991265736231,"EVC, FOXC2, GPCPD1, LIF, PLEC, SKI, TGFB1",0.46961351895841147
GO_BP,Upregulated in R,GOBP_POSITIVE_REGULATION_OF_PROTEIN_UBIQUITINATION,3,46,200,0.143165453349264,"FANCI, PLK1, SKP2",0.4771250620888643
GO_BP,Downregulated in R,GOBP_ODONTOGENESIS_OF_DENTIN_CONTAINING_TOOTH,3,46,200,0.143165453349264,"GLI3, JAG2, TGFB1",0.4771250620888643
GO_BP,Downregulated in R,GOBP_T_CELL_DIFFERENTIATION_IN_THYMUS,3,46,200,0.143165453349264,"GLI3, JAG2, ZFP36L2",0.4771250620888643
GO_BP,Downregulated in R,GOBP_REGULATION_OF_RESPONSE_TO_WOUNDING,5,97,200,0.14359809972997992,"EXTL3, F2RL1, FOXC2, PRKG1, THBD",0.4781004957871456
GO_BP,Downregulated in R,GOBP_SULFUR_COMPOUND_METABOLIC_PROCESS,7,152,200,0.143950363220712,"CHST3, EXT1, EXTL3, GGT5, NDST1, TPST1, UST",0.47880666091718815
GO_BP,Downregulated in R,GOBP_REGULATION_OF_CELL_GROWTH,8,181,200,0.1459348588719201,"EXTL3, IGFBP4, IGFBP7, LTBP4, MACF1, SLIT3, TGFB1, YAP1",0.4849352897922948
GO_BP,Downregulated in R,GOBP_REGULATION_OF_CELL_ACTIVATION,12,299,200,0.14689030824223934,"EFNB1, GLI3, IL1RL1, IRS2, LDLR, LRRC32, MICA, PRKG1, TGFB1, TGFBR2, THBD, ZFP36L2",0.48676335188762787
GO_BP,Downregulated in R,GOBP_PEPTIDYL_SERINE_MODIFICATION,6,125,200,0.1471217523911852,"CNKSR3, GADD45A, HIPK2, LIF, PDE4D, PKD1",0.48676335188762787
GO_BP,Upregulated in R,GOBP_REGULATION_OF_MEIOTIC_CELL_CYCLE,2,24,200,0.14892703865410037,"TTK, ZWINT",0.48676335188762787
GO_BP,Downregulated in R,GOBP_REGULATION_OF_VASCULAR_PERMEABILITY,2,24,200,0.14892703865410037,"PLEC, TGFB1",0.48676335188762787
GO_BP,Downregulated in R,GOBP_POSITIVE_REGULATION_OF_PROTEIN_IMPORT_INTO_NUCLEUS,2,24,200,0.14892703865410037,"GLI3, TGFB1",0.48676335188762787
GO_BP,Upregulated in R,GOBP_POSITIVE_REGULATION_OF_PROTEIN_IMPORT_INTO_NUCLEUS,2,24,200,0.14892703865410037,"CDK1, ECT2",0.48676335188762787
GO_BP,Downregulated in R,GOBP_SUPEROXIDE_ANION_GENERATION,2,24,200,0.14892703865410037,"F2RL1, TGFB1",0.48676335188762787
GO_BP,Upregulated in R,GOBP_MITOCHONDRIAL_ELECTRON_TRANSPORT_NADH_TO_UBIQUINONE,2,24,200,0.14892703865410037,"NDUFAB1, NDUFS2",0.48676335188762787
GO_BP,Downregulated in R,GOBP_POSITIVE_REGULATION_OF_STEROL_TRANSPORT,2,24,200,0.14892703865410037,"CES1, LRP1",0.48676335188762787
GO_BP,Downregulated in R,GOBP_POSITIVE_REGULATION_OF_STEM_CELL_PROLIFERATION,2,24,200,0.14892703865410037,"HMGA2, TGFB1",0.48676335188762787
GO_BP,Downregulated in R,GOBP_HEAD_MORPHOGENESIS,2,24,200,0.14892703865410037,"SKI, TGFB1",0.48676335188762787
GO_BP,Downregulated in R,GOBP_LUNG_EPITHELIUM_DEVELOPMENT,2,24,200,0.14892703865410037,"PKD1, YAP1",0.48676335188762787
GO_BP,Downregulated in R,GOBP_REGULATION_OF_FIBROBLAST_MIGRATION,2,24,200,0.14892703865410037,"ITGB3, TGFB1",0.48676335188762787
GO_BP,Downregulated in R,GOBP_REGULATION_OF_GROWTH,11,270,200,0.14922959324223928,"ADRB2, DUSP6, EXTL3, FOXC2, IGFBP4, IGFBP7, LTBP4, MACF1, SLIT3, TGFB1, YAP1",0.48676335188762787
GO_BP,Downregulated in R,GOBP_APOPTOTIC_SIGNALING_PATHWAY,12,300,200,0.14937184215123428,"ACVR1, DDIT4, HIP1, HIPK2, ITGA6, MAP3K5, NFATC4, TGFB1, TNFRSF10B, TNFRSF1A, TPT1, YAP1",0.48676335188762787
GO_BP,Downregulated in R,GOBP_BLASTOCYST_DEVELOPMENT,3,47,200,0.14990487300520625,"LPAR6, TM4SF1, YAP1",0.48676335188762787
GO_BP,Downregulated in R,GOBP_REGULATION_OF_ORGAN_GROWTH,3,47,200,0.14990487300520625,"DUSP6, FOXC2, YAP1",0.48676335188762787
GO_BP,Downregulated in R,GOBP_POSITIVE_REGULATION_OF_MYELOID_CELL_DIFFERENTIATION,3,47,200,0.14990487300520625,"JAG1, LIF, TGFB1",0.48676335188762787
GO_BP,Upregulated in R,GOBP_RESPONSE_TO_ALKALOID,3,47,200,0.14990487300520625,"BLM, CCNA2, RAD51",0.48676335188762787
GO_BP,Downregulated in R,GOBP_POSITIVE_REGULATION_OF_INTERLEUKIN_6_PRODUCTION,3,47,200,0.14990487300520625,"F2RL1, TGFB1, TLR2",0.48676335188762787
GO_BP,Upregulated in R,GOBP_BLASTOCYST_DEVELOPMENT,3,47,200,0.14990487300520625,"ACTL6A, NEK2, PSMC4",0.48676335188762787
GO_BP,Upregulated in R,GOBP_MRNA_TRANSPORT,3,47,200,0.14990487300520625,"NUP107, NUP210, SLBP",0.48676335188762787
GO_BP,Downregulated in R,GOBP_CELLULAR_RESPONSE_TO_IONIZING_RADIATION,3,47,200,0.14990487300520625,"GADD45A, TGFB1, YAP1",0.48676335188762787
GO_BP,Downregulated in R,GOBP_REGULATION_OF_RHO_PROTEIN_SIGNAL_TRANSDUCTION,3,47,200,0.14990487300520625,"DLC1, F2RL1, LPAR6",0.48676335188762787
GO_BP,Downregulated in R,GOBP_CILIUM_ORGANIZATION,7,155,200,0.15454578159659565,"DNMBP, DYNC2H1, EHD2, NISCH, RAB34, WWTR1, YAP1",0.5013564956637899
GO_BP,Downregulated in R,GOBP_RESPONSE_TO_ACID_CHEMICAL,4,73,200,0.155041206724758,"COL4A6, PLEC, SESN1, SESN3",0.5020102011106856
GO_BP,Downregulated in R,GOBP_VESICLE_MEDIATED_TRANSPORT_TO_THE_PLASMA_MEMBRANE,4,73,200,0.155041206724758,"EHD2, MACF1, RAB34, SPTBN1",0.5020102011106856
GO_BP,Upregulated in R,GOBP_RESPONSE_TO_LEUKEMIA_INHIBITORY_FACTOR,3,48,200,0.15674447322360166,"CACYBP, HELLS, MYBL2",0.5065649200868716
GO_BP,Downregulated in R,GOBP_MEMORY,3,48,200,0.15674447322360166,"ATXN1, LDLR, NFATC4",0.5065649200868716
GO_BP,Upregulated in R,GOBP_PROTEIN_LOCALIZATION_TO_NUCLEUS,7,156,200,0.1581564887531732,"CDK1, ECT2, HDGF, KPNA2, NUP107, PLK1, POLA2",0.5075669788192806
GO_BP,Upregulated in R,GOBP_RESPONSE_TO_ANGIOTENSIN,2,25,200,0.15898614383390816,"BRIP1, CDC6",0.5075669788192806
GO_BP,Downregulated in R,GOBP_FOREBRAIN_GENERATION_OF_NEURONS,2,25,200,0.15898614383390816,"GLI3, ZSWIM6",0.5075669788192806
GO_BP,Downregulated in R,GOBP_CELLULAR_RESPONSE_TO_GLUCOSE_STARVATION,2,25,200,0.15898614383390816,"SESN1, SESN3",0.5075669788192806
GO_BP,Downregulated in R,GOBP_NUCLEAR_TRANSCRIBED_MRNA_CATABOLIC_PROCESS_DEADENYLATION_DEPENDENT_DECAY,2,25,200,0.15898614383390816,"SAMD4A, ZFP36L2",0.5075669788192806
GO_BP,Downregulated in R,GOBP_ICOSANOID_TRANSPORT,2,25,200,0.15898614383390816,"PLA2R1, SLCO3A1",0.5075669788192806
GO_BP,Downregulated in R,GOBP_DETECTION_OF_STIMULUS_INVOLVED_IN_SENSORY_PERCEPTION,2,25,200,0.15898614383390816,"KIT, PIEZO2",0.5075669788192806
GO_BP,Upregulated in R,GOBP_MYOBLAST_FUSION,2,25,200,0.15898614383390816,"CXCL10, CXCL9",0.5075669788192806
GO_BP,Downregulated in R,GOBP_RESPONSE_TO_DEXAMETHASONE,2,25,200,0.15898614383390816,"DDIT4, TGFB1",0.5075669788192806
GO_BP,Downregulated in R,GOBP_APOPTOTIC_CELL_CLEARANCE,2,25,200,0.15898614383390816,"ITGB3, LRP1",0.5075669788192806
GO_BP,Downregulated in R,GOBP_EPITHELIAL_CELL_MORPHOGENESIS,2,25,200,0.15898614383390816,"COL27A1, FRMD6",0.5075669788192806
GO_BP,Upregulated in R,GOBP_CELLULAR_RESPONSE_TO_NUTRIENT,2,25,200,0.15898614383390816,"BRIP1, USF1",0.5075669788192806
GO_BP,Downregulated in R,GOBP_NEGATIVE_REGULATION_OF_LEUKOCYTE_MIGRATION,2,25,200,0.15898614383390816,"CNN2, RIN3",0.5075669788192806
GO_BP,Downregulated in R,GOBP_POSITIVE_REGULATION_OF_CELL_ADHESION,11,274,200,0.15993938059680793,"EFNB1, FOXC2, GLI3, ITGA6, ITGB3, LIF, LIMS1, NID1, RIN2, TGFB1, TGFBR2",0.5101334492238057
GO_BP,Upregulated in R,GOBP_MALE_SEX_DIFFERENTIATION,4,74,200,0.1604884831315531,"BRIP1, FANCA, HMGB2, KIF18A",0.5104549891781986
GO_BP,Downregulated in R,GOBP_SKELETAL_MUSCLE_ORGAN_DEVELOPMENT,4,74,200,0.1604884831315531,"GPCPD1, PLEC, SKI, TGFB1",0.5104549891781986
GO_BP,Downregulated in R,GOBP_INTERLEUKIN_6_PRODUCTION,4,74,200,0.1604884831315531,"F2RL1, IRAK3, TGFB1, TLR2",0.5104549891781986
GO_BP,Upregulated in R,GOBP_REGULATION_OF_BINDING,5,101,200,0.1617300015083809,"AURKA, EPB41, HJURP, PLK1, STMN1",0.5136882263412841
GO_BP,Downregulated in R,GOBP_ORGANIC_ACID_TRANSPORT,7,157,200,0.16180577621288691,"CES1, IRS2, LRRC8A, PLA2R1, PRKG1, SLC22A3, SLCO3A1",0.5136882263412841
GO_BP,Downregulated in R,GOBP_REGULATION_OF_MIRNA_TRANSCRIPTION,3,49,200,0.16367929295680567,"NFATC4, NOTCH3, TGFB1",0.5177115414263409
GO_BP,Downregulated in R,GOBP_OLIGODENDROCYTE_DIFFERENTIATION,3,49,200,0.16367929295680567,"GLI3, TGFB1, TLR2",0.5177115414263409
GO_BP,Downregulated in R,GOBP_POSITIVE_REGULATION_OF_CANONICAL_WNT_SIGNALING_PATHWAY,3,49,200,0.16367929295680567,"SULF2, TGFB1, YAP1",0.5177115414263409
GO_BP,Downregulated in R,GOBP_INORGANIC_ANION_TRANSMEMBRANE_TRANSPORT,3,49,200,0.16367929295680567,"ANKH, LRRC8A, SLC20A2",0.5177115414263409
GO_BP,Downregulated in R,GOBP_REGULATION_OF_INTRACELLULAR_PROTEIN_TRANSPORT,4,75,200,0.16600532882697525,"GLI3, PLK3, RAPGEF3, TGFB1",0.5240981545960697
GO_BP,Downregulated in R,GOBP_REGULATION_OF_WOUND_HEALING,4,75,200,0.16600532882697525,"F2RL1, FOXC2, PRKG1, THBD",0.5240981545960697
GO_BP,Downregulated in R,GOBP_HEMOPOIESIS,17,461,200,0.166199243597389,"CNN2, EXT1, F2RL1, GLI3, HIPK2, IL1RL1, JAG1, JAG2, KIT, LIF, LRRC8A, MAF, NOTCH4, TGFB1, TGFBR2, TLR2, ZFP36L2",0.524225869001552
GO_BP,Downregulated in R,GOBP_POSITIVE_REGULATION_OF_LOCOMOTION,13,338,200,0.16852296439315614,"ACVR1, F2RL1, FOXC2, IRS2, ITGA6, ITGB3, KIT, LYVE1, RIN2, SH3RF2, SSH1, TGFB1, TGFBR2",0.5258186311653166
GO_BP,Downregulated in R,GOBP_DISRUPTION_OF_ANATOMICAL_STRUCTURE_IN_ANOTHER_ORGANISM,2,26,200,0.16916705961671044,"F2RL1, MICA",0.5258186311653166
GO_BP,Downregulated in R,GOBP_POSITIVE_REGULATION_OF_SMOOTH_MUSCLE_CELL_MIGRATION,2,26,200,0.16916705961671044,"ITGB3, SSH1",0.5258186311653166
GO_BP,Downregulated in R,GOBP_COLLAGEN_CATABOLIC_PROCESS,2,26,200,0.16916705961671044,"MMP10, MMP13",0.5258186311653166
GO_BP,Downregulated in R,GOBP_POSITIVE_REGULATION_OF_INTERLEUKIN_2_PRODUCTION,2,26,200,0.16916705961671044,"PDE4D, SPTBN1",0.5258186311653166
GO_BP,Downregulated in R,GOBP_COLUMNAR_CUBOIDAL_EPITHELIAL_CELL_DEVELOPMENT,2,26,200,0.16916705961671044,"TGFB1, YAP1",0.5258186311653166
GO_BP,Downregulated in R,GOBP_INTRACELLULAR_LIPID_TRANSPORT,2,26,200,0.16916705961671044,"CES1, LDLR",0.5258186311653166
GO_BP,Downregulated in R,GOBP_ESTABLISHMENT_OF_EPITHELIAL_CELL_POLARITY,2,26,200,0.16916705961671044,"MSN, PKD1",0.5258186311653166
GO_BP,Downregulated in R,GOBP_REGULATION_OF_CARBOHYDRATE_CATABOLIC_PROCESS,2,26,200,0.16916705961671044,"ALDOB, DDIT4",0.5258186311653166
GO_BP,Downregulated in R,GOBP_INTRINSIC_APOPTOTIC_SIGNALING_PATHWAY_IN_RESPONSE_TO_DNA_DAMAGE_BY_P53_CLASS_MEDIATOR,2,26,200,0.16916705961671044,"DDIT4, HIPK2",0.5258186311653166
GO_BP,Downregulated in R,GOBP_REGULATION_OF_JUN_KINASE_ACTIVITY,2,26,200,0.16916705961671044,"MAP3K4, MAP3K5",0.5258186311653166
GO_BP,Downregulated in R,GOBP_POSITIVE_REGULATION_OF_RECEPTOR_SIGNALING_PATHWAY_VIA_STAT,2,26,200,0.16916705961671044,"KIT, TGFB1",0.5258186311653166
GO_BP,Downregulated in R,GOBP_MACROPHAGE_CYTOKINE_PRODUCTION,2,26,200,0.16916705961671044,"IRAK3, TGFB1",0.5258186311653166
GO_BP,Downregulated in R,GOBP_REGULATION_OF_CELL_MIGRATION_INVOLVED_IN_SPROUTING_ANGIOGENESIS,2,26,200,0.16916705961671044,"FOXC2, SPRED1",0.5258186311653166
GO_BP,Upregulated in R,GOBP_OOCYTE_DIFFERENTIATION,2,26,200,0.16916705961671044,"AURKA, TDRKH",0.5258186311653166
GO_BP,Upregulated in R,GOBP_PROTEIN_K63_LINKED_UBIQUITINATION,2,26,200,0.16916705961671044,"SKP2, UBE2T",0.5258186311653166
GO_BP,Downregulated in R,GOBP_NEGATIVE_REGULATION_OF_RESPONSE_TO_WOUNDING,3,50,200,0.17070439490310824,"EXTL3, PRKG1, THBD",0.5266393576459288
GO_BP,Downregulated in R,GOBP_PLATELET_AGGREGATION,3,50,200,0.17070439490310824,"CSRP1, ITGB3, PRKG1",0.5266393576459288
GO_BP,Downregulated in R,GOBP_NEGATIVE_REGULATION_OF_INNATE_IMMUNE_RESPONSE,3,50,200,0.17070439490310824,"IRAK3, MICA, TGFB1",0.5266393576459288
GO_BP,Downregulated in R,GOBP_ENDODERM_DEVELOPMENT,3,50,200,0.17070439490310824,"EXT1, HMGA2, TGFB1",0.5266393576459288
GO_BP,Downregulated in R,GOBP_POST_GOLGI_VESICLE_MEDIATED_TRANSPORT,3,50,200,0.17070439490310824,"MACF1, RAB34, SPTBN1",0.5266393576459288
GO_BP,Downregulated in R,GOBP_NEGATIVE_REGULATION_OF_IMMUNE_RESPONSE,5,103,200,0.17112841638844645,"CD59, IL1RL1, IRAK3, MICA, TGFB1",0.5266393576459288
GO_BP,Downregulated in R,GOBP_NERVOUS_SYSTEM_PROCESS,14,370,200,0.17153407828660389,"ADRB2, ATXN1, HIPK2, KIT, LDLR, NFATC4, PDE4A, PIEZO2, PLEC, RAPGEF3, SHROOM4, SSH1, SYNE1, TLR2",0.5266393576459288
GO_BP,Downregulated in R,GOBP_NEURAL_PRECURSOR_CELL_PROLIFERATION,4,76,200,0.1715894628395547,"FOXO1, GLI3, NFIA, TGFB1",0.5266393576459288
GO_BP,Downregulated in R,GOBP_REGULATION_OF_MACROAUTOPHAGY,4,76,200,0.1715894628395547,"ADRB2, SESN1, SESN3, SNX18",0.5266393576459288
GO_BP,Upregulated in R,GOBP_NEURAL_PRECURSOR_CELL_PROLIFERATION,4,76,200,0.1715894628395547,"KIF14, MELK, NDUFS2, RACGAP1",0.5266393576459288
GO_BP,Downregulated in R,GOBP_REGULATION_OF_LIPID_BIOSYNTHETIC_PROCESS,4,76,200,0.1715894628395547,"CES1, IGFBP7, LDLR, PRKG1",0.5266393576459288
GO_BP,Upregulated in R,GOBP_AEROBIC_RESPIRATION,4,76,200,0.1715894628395547,"CDK1, NDUFAB1, NDUFS2, SDHC",0.5266393576459288
GO_BP,Downregulated in R,GOBP_BLOOD_VESSEL_ENDOTHELIAL_CELL_MIGRATION,4,76,200,0.1715894628395547,"FOXC2, GADD45A, SPRED1, TGFB1",0.5266393576459288
GO_BP,Downregulated in R,GOBP_EPITHELIAL_TUBE_FORMATION,4,76,200,0.1715894628395547,"CELSR1, DLC1, SKI, TGFB1",0.5266393576459288
GO_BP,Downregulated in R,GOBP_REGULATION_OF_CELLULAR_RESPONSE_TO_GROWTH_FACTOR_STIMULUS,7,160,200,0.172979626326548,"GRB10, HIPK2, ITGB3, LTBP4, SKI, SPRED1, SULF2",0.5304294466171346
GO_BP,Downregulated in R,GOBP_HEMOSTASIS,6,132,200,0.1756024357379578,"CD59, CSRP1, F2RL1, ITGB3, PRKG1, THBD",0.5375070972050752
GO_BP,Downregulated in R,GOBP_MONOSACCHARIDE_METABOLIC_PROCESS,6,132,200,0.1756024357379578,"ALDOB, FOXO1, GLYCTK, IGFBP4, IRS2, PFKFB3",0.5375070972050752
GO_BP,Downregulated in R,GOBP_REGULATION_OF_CELLULAR_RESPONSE_TO_TRANSFORMING_GROWTH_FACTOR_BETA_STIMULUS,4,77,200,0.1772385850137334,"HIPK2, LTBP4, SKI, SPRED1",0.5405776842918869
GO_BP,Downregulated in R,GOBP_REGULATION_OF_MUSCLE_CONTRACTION,4,77,200,0.1772385850137334,"ADRB2, KIT, PDE4D, PRKG1",0.5405776842918869
GO_BP,Upregulated in R,GOBP_RESPONSE_TO_UV,4,77,200,0.1772385850137334,"DTL, FEN1, PCNA, USF1",0.5405776842918869
GO_BP,Downregulated in R,GOBP_EYE_MORPHOGENESIS,4,77,200,0.1772385850137334,"GLI3, HIPK2, JAG1, SKI",0.5405776842918869
GO_BP,Upregulated in R,GOBP_RESPONSE_TO_VITAMIN,3,51,200,0.17781487310634544,"BRIP1, CXCL10, TYMS",0.5408865596894711
GO_BP,Downregulated in R,GOBP_POSITIVE_REGULATION_OF_BINDING,3,51,200,0.17781487310634544,"HIPK2, LRP1, SKI",0.5408865596894711
GO_BP,Downregulated in R,GOBP_NEGATIVE_REGULATION_OF_EXTRINSIC_APOPTOTIC_SIGNALING_PATHWAY,3,51,200,0.17781487310634544,"ACVR1, ITGA6, YAP1",0.5408865596894711
GO_BP,Downregulated in R,GOBP_REGULATION_OF_HYDROLASE_ACTIVITY,14,373,200,0.17894611813656136,"ARHGAP6, DLC1, DOCK6, F2RL1, HIP1, ITGA6, KIT, LIMS1, LRP1, MAP3K5, PLA2R1, PRKG1, RAPGEF3, SNX18",0.542013582725483
GO_BP,Downregulated in R,GOBP_NEGATIVE_REGULATION_OF_BMP_SIGNALING_PATHWAY,2,27,200,0.17945473128293948,"HIPK2, SKI",0.542013582725483
GO_BP,Downregulated in R,GOBP_SCHWANN_CELL_DIFFERENTIATION,2,27,200,0.17945473128293948,"PLEC, SKI",0.542013582725483
GO_BP,Downregulated in R,GOBP_T_CELL_SELECTION,2,27,200,0.17945473128293948,"GLI3, JAG2",0.542013582725483
GO_BP,Downregulated in R,GOBP_POSITIVE_REGULATION_OF_MYELOID_LEUKOCYTE_DIFFERENTIATION,2,27,200,0.17945473128293948,"LIF, TGFB1",0.542013582725483
GO_BP,Downregulated in R,GOBP_POSITIVE_REGULATION_OF_ALPHA_BETA_T_CELL_DIFFERENTIATION,2,27,200,0.17945473128293948,"GLI3, TGFBR2",0.542013582725483
GO_BP,Downregulated in R,GOBP_POSITIVE_REGULATION_OF_CELL_KILLING,2,27,200,0.17945473128293948,"F2RL1, MICA",0.542013582725483
GO_BP,Downregulated in R,GOBP_MONOSACCHARIDE_CATABOLIC_PROCESS,2,27,200,0.17945473128293948,"ALDOB, GLYCTK",0.542013582725483
GO_BP,Downregulated in R,GOBP_REGULATION_OF_PROTEOLYSIS_INVOLVED_IN_PROTEIN_CATABOLIC_PROCESS,5,105,200,0.18073477511837013,"HIPK2, PKD1, PLK3, SH3RF2, TRIB2",0.5453975192617955
GO_BP,Upregulated in R,GOBP_PLACENTA_DEVELOPMENT,4,78,200,0.182950379196798,"CCNF, E2F8, PARP2, PLK4",0.5506242249658695
GO_BP,Downregulated in R,GOBP_REGULATION_OF_UBIQUITIN_DEPENDENT_PROTEIN_CATABOLIC_PROCESS,4,78,200,0.182950379196798,"HIPK2, PLK3, SH3RF2, TRIB2",0.5506242249658695
GO_BP,Downregulated in R,GOBP_PLATELET_ACTIVATION,4,78,200,0.182950379196798,"CSRP1, ITGB3, PRKG1, THBD",0.5506242249658695
GO_BP,Downregulated in R,GOBP_REGULATION_OF_PROTEASOMAL_UBIQUITIN_DEPENDENT_PROTEIN_CATABOLIC_PROCESS,3,52,200,0.18500585997080965,"PLK3, SH3RF2, TRIB2",0.5538825746365343
GO_BP,Downregulated in R,GOBP_NEGATIVE_REGULATION_OF_PROTEIN_SERINE_THREONINE_KINASE_ACTIVITY,3,52,200,0.18500585997080965,"DUSP7, GADD45A, IRAK3",0.5538825746365343
GO_BP,Downregulated in R,GOBP_POSITIVE_REGULATION_OF_CYTOSOLIC_CALCIUM_ION_CONCENTRATION,3,52,200,0.18500585997080965,"F2RL1, PKD1, PRKG1",0.5538825746365343
GO_BP,Upregulated in R,GOBP_REGULATION_OF_PROTEASOMAL_UBIQUITIN_DEPENDENT_PROTEIN_CATABOLIC_PROCESS,3,52,200,0.18500585997080965,"AURKA, CDK2, PLK1",0.5538825746365343
GO_BP,Downregulated in R,GOBP_NEGATIVE_REGULATION_OF_VASCULATURE_DEVELOPMENT,3,52,200,0.18500585997080965,"GADD45A, HSPG2, SPRED1",0.5538825746365343
GO_BP,Downregulated in R,GOBP_PEPTIDYL_THREONINE_MODIFICATION,3,52,200,0.18500585997080965,"EOGT, HIPK2, SPRED1",0.5538825746365343
GO_BP,Downregulated in R,GOBP_INTRINSIC_APOPTOTIC_SIGNALING_PATHWAY,7,164,200,0.18838382706579937,"DDIT4, HIPK2, MAP3K5, NFATC4, TNFRSF10B, TNFRSF1A, TPT1",0.5619374963065743
GO_BP,Downregulated in R,GOBP_POSITIVE_REGULATION_OF_NERVOUS_SYSTEM_DEVELOPMENT,6,135,200,0.1884566416014403,"GLI3, KIT, LIF, MACF1, TGFB1, TLR2",0.5619374963065743
GO_BP,Downregulated in R,GOBP_RESPONSE_TO_IONIZING_RADIATION,4,79,200,0.1887225163202861,"GADD45A, TGFB1, THBD, YAP1",0.5619374963065743
GO_BP,Upregulated in R,GOBP_CELLULAR_RESPONSE_TO_ORGANIC_CYCLIC_COMPOUND,10,254,200,0.1897993894884798,"BLM, BRCA1, CCNA2, CDK1, DNAJA1, EZH2, KIF18A, NCSTN, RAD51, SKP2",0.5619374963065743
GO_BP,Downregulated in R,GOBP_VACUOLAR_LOCALIZATION,2,28,200,0.18983485677335676,"KIT, RAB34",0.5619374963065743
GO_BP,Downregulated in R,GOBP_NEGATIVE_REGULATION_OF_SMALL_GTPASE_MEDIATED_SIGNAL_TRANSDUCTION,2,28,200,0.18983485677335676,"CGNL1, DLC1",0.5619374963065743
GO_BP,Downregulated in R,GOBP_CYTOKINETIC_PROCESS,2,28,200,0.18983485677335676,"PLEC, SNX18",0.5619374963065743
GO_BP,Downregulated in R,GOBP_FOREBRAIN_CELL_MIGRATION,2,28,200,0.18983485677335676,"GLI3, SLIT3",0.5619374963065743
GO_BP,Upregulated in R,GOBP_COCHLEA_DEVELOPMENT,2,28,200,0.18983485677335676,"CCNA2, MCM2",0.5619374963065743
GO_BP,Downregulated in R,GOBP_MECHANORECEPTOR_DIFFERENTIATION,2,28,200,0.18983485677335676,"JAG1, JAG2",0.5619374963065743
GO_BP,Downregulated in R,GOBP_NEGATIVE_CHEMOTAXIS,2,28,200,0.18983485677335676,"ITGB3, SLIT3",0.5619374963065743
GO_BP,Downregulated in R,GOBP_WNT_SIGNALING_PATHWAY_PLANAR_CELL_POLARITY_PATHWAY,2,28,200,0.18983485677335676,"CELSR1, PRICKLE2",0.5619374963065743
GO_BP,Downregulated in R,GOBP_POSITIVE_REGULATION_OF_PROTEIN_BINDING,2,28,200,0.18983485677335676,"HIPK2, LRP1",0.5619374963065743
GO_BP,Downregulated in R,GOBP_ORGANIC_ANION_TRANSPORT,8,194,200,0.1902329153339606,"ANKH, CES1, IRS2, LRRC8A, PLA2R1, PRKG1, SLC22A3, SLCO3A1",0.5626282586846835
GO_BP,Downregulated in R,GOBP_FATTY_ACID_TRANSPORT,3,53,200,0.1922725327220536,"IRS2, PLA2R1, SLCO3A1",0.5652349154720612
GO_BP,Downregulated in R,GOBP_REGULATION_OF_PROTEIN_LOCALIZATION_TO_PLASMA_MEMBRANE,3,53,200,0.1922725327220536,"LRP1, SPTBN1, TGFB1",0.5652349154720612
GO_BP,Downregulated in R,GOBP_NUCLEOSIDE_DIPHOSPHATE_CATABOLIC_PROCESS,3,53,200,0.1922725327220536,"ALDOB, DDIT4, NT5E",0.5652349154720612
GO_BP,Downregulated in R,GOBP_POSITIVE_REGULATION_OF_PROTEIN_LOCALIZATION_TO_MEMBRANE,3,53,200,0.1922725327220536,"LRP1, SPTBN1, SSH1",0.5652349154720612
GO_BP,Upregulated in R,GOBP_MYOBLAST_DIFFERENTIATION,3,53,200,0.1922725327220536,"ACTL6A, CXCL10, CXCL9",0.5652349154720612
GO_BP,Downregulated in R,GOBP_POSITIVE_REGULATION_OF_HORMONE_SECRETION,3,53,200,0.1922725327220536,"IRS2, LRRC8A, RAPGEF4",0.5652349154720612
GO_BP,Downregulated in R,GOBP_PROTEIN_DEPOLYMERIZATION,3,53,200,0.1922725327220536,"F2RL1, PLEKHH2, SPTBN1",0.5652349154720612
GO_BP,Downregulated in R,GOBP_CELLULAR_RESPONSE_TO_STARVATION,4,80,200,0.19455265737576727,"FOXO1, MAP3K5, SESN1, SESN3",0.5714461544244376
GO_BP,Downregulated in R,GOBP_POSITIVE_REGULATION_OF_DNA_BINDING_TRANSCRIPTION_FACTOR_ACTIVITY,5,108,200,0.19551081825446479,"HIPK2, IRAK3, KIT, SLCO3A1, TLR2",0.5737671436058863
GO_BP,Downregulated in R,GOBP_REGULATION_OF_IMMUNE_EFFECTOR_PROCESS,7,166,200,0.1962917457383296,"CD59, CFH, F2RL1, IRAK3, KIT, MICA, TGFB1",0.5755644664739347
GO_BP,Downregulated in R,GOBP_CARBOHYDRATE_DERIVATIVE_BIOSYNTHETIC_PROCESS,12,318,200,0.19769080078987455,"A4GALT, ADCY9, CHST3, EOGT, EXT1, EXTL3, GUCY1A2, NDST1, NT5E, PHLDA1, TGFB1, UST",0.5763449214394236
GO_BP,Downregulated in R,GOBP_POSITIVE_REGULATION_OF_SMALL_MOLECULE_METABOLIC_PROCESS,3,54,200,0.19961011934280407,"CES1, FOXO1, IRS2",0.5763449214394236
GO_BP,Upregulated in R,GOBP_TRANSLATIONAL_INITIATION,3,54,200,0.19961011934280407,"EIF2AK1, SLBP, UHMK1",0.5763449214394236
GO_BP,Downregulated in R,GOBP_NEGATIVE_REGULATION_OF_ESTABLISHMENT_OF_PROTEIN_LOCALIZATION,3,54,200,0.19961011934280407,"F2RL1, FOXO1, KLF7",0.5763449214394236
GO_BP,Upregulated in R,GOBP_AMYLOID_BETA_METABOLIC_PROCESS,2,29,200,0.2002938563356009,"NCSTN, PSENEN",0.5763449214394236
GO_BP,Downregulated in R,GOBP_POSITIVE_REGULATION_OF_DEPHOSPHORYLATION,2,29,200,0.2002938563356009,"DLC1, TGFB1",0.5763449214394236
GO_BP,Upregulated in R,GOBP_REGULATION_OF_EXTRINSIC_APOPTOTIC_SIGNALING_PATHWAY_VIA_DEATH_DOMAIN_RECEPTORS,2,29,200,0.2002938563356009,"BRCA1, HMGB2",0.5763449214394236
GO_BP,Downregulated in R,GOBP_EPHRIN_RECEPTOR_SIGNALING_PATHWAY,2,29,200,0.2002938563356009,"EFNB1, EPHB6",0.5763449214394236
GO_BP,Downregulated in R,GOBP_POSITIVE_REGULATION_OF_SUBSTRATE_ADHESION_DEPENDENT_CELL_SPREADING,2,29,200,0.2002938563356009,"ITGB3, LIMS1",0.5763449214394236
GO_BP,Downregulated in R,GOBP_REGULATION_OF_LIPID_CATABOLIC_PROCESS,2,29,200,0.2002938563356009,"IRS2, LDLR",0.5763449214394236
GO_BP,Downregulated in R,GOBP_POSITIVE_REGULATION_OF_MRNA_CATABOLIC_PROCESS,2,29,200,0.2002938563356009,"SAMD4A, ZFP36L2",0.5763449214394236
GO_BP,Downregulated in R,GOBP_NEGATIVE_REGULATION_OF_MAP_KINASE_ACTIVITY,2,29,200,0.2002938563356009,"DUSP7, IRAK3",0.5763449214394236
GO_BP,Upregulated in R,GOBP_POSITIVE_REGULATION_OF_PROTEASOMAL_UBIQUITIN_DEPENDENT_PROTEIN_CATABOLIC_PROCESS,2,29,200,0.2002938563356009,"AURKA, PLK1",0.5763449214394236
GO_BP,Downregulated in R,GOBP_EXECUTION_PHASE_OF_APOPTOSIS,2,29,200,0.2002938563356009,"DLC1, TNFRSF1A",0.5763449214394236
GO_BP,Downregulated in R,GOBP_CARDIAC_MUSCLE_TISSUE_MORPHOGENESIS,2,29,200,0.2002938563356009,"FOXC2, TGFB1",0.5763449214394236
GO_BP,Downregulated in R,GOBP_NEGATIVE_REGULATION_OF_ACTIN_FILAMENT_POLYMERIZATION,2,29,200,0.2002938563356009,"SPTBN1, SSH1",0.5763449214394236
GO_BP,Downregulated in R,GOBP_GLIAL_CELL_PROLIFERATION,2,29,200,0.2002938563356009,"NFIA, SKI",0.5763449214394236
GO_BP,Downregulated in R,GOBP_POSITIVE_REGULATION_OF_CARBOHYDRATE_METABOLIC_PROCESS,2,29,200,0.2002938563356009,"FOXO1, IRS2",0.5763449214394236
GO_BP,Downregulated in R,GOBP_REGULATION_OF_PROTEASOMAL_PROTEIN_CATABOLIC_PROCESS,4,81,200,0.20043845628513912,"PKD1, PLK3, SH3RF2, TRIB2",0.5763449214394236
GO_BP,Downregulated in R,GOBP_REGULATION_OF_CELL_SHAPE,4,81,200,0.20043845628513912,"DLC1, DNMBP, KIT, MSN",0.5763449214394236
GO_BP,Upregulated in R,GOBP_REGULATION_OF_PROTEASOMAL_PROTEIN_CATABOLIC_PROCESS,4,81,200,0.20043845628513912,"AURKA, CDK2, PLK1, PSMC4",0.5763449214394236
GO_BP,Downregulated in R,GOBP_NEGATIVE_REGULATION_OF_LYMPHOCYTE_ACTIVATION,4,81,200,0.20043845628513912,"GLI3, LRRC32, MICA, TGFB1",0.5763449214394236
GO_BP,Downregulated in R,GOBP_REGULATION_OF_MONONUCLEAR_CELL_MIGRATION,4,81,200,0.20043845628513912,"CNN2, ITGB3, MSN, TGFB1",0.5763449214394236
GO_BP,Downregulated in R,GOBP_ORGANOPHOSPHATE_METABOLIC_PROCESS,17,477,200,0.20245354573157176,"ADCY9, ALDH1L1, ALDOB, DDIT4, GLYCTK, GPCPD1, GUCY1A2, LCAT, LDLR, NT5E, PDE4A, PDE4D, PFKFB3, PRKG1, PTHLH, TGFB1, TPST1",0.5816495477031531
GO_BP,Downregulated in R,GOBP_RESPONSE_TO_STEROID_HORMONE,7,168,200,0.20433009155099544,"DDIT4, IGFBP7, SLIT3, TGFB1, TLR2, YAP1, ZFP36L2",0.5865475569228575
GO_BP,Downregulated in R,GOBP_MACROAUTOPHAGY,6,139,200,0.2061439885367613,"ADRB2, ARHGAP26, EFNB1, SESN1, SESN3, SNX18",0.5902833857301724
GO_BP,Downregulated in R,GOBP_REGULATION_OF_PROTEIN_LOCALIZATION_TO_NUCLEUS,4,82,200,0.20637756266579696,"GLI3, TGFB1, WWTR1, YAP1",0.5902833857301724
GO_BP,Downregulated in R,GOBP_NEGATIVE_REGULATION_OF_CELLULAR_RESPONSE_TO_GROWTH_FACTOR_STIMULUS,3,55,200,0.20701390401192812,"HIPK2, SKI, SULF2",0.5902833857301724
GO_BP,Downregulated in R,GOBP_CYTOSKELETON_DEPENDENT_CYTOKINESIS,3,55,200,0.20701390401192812,"PLEC, SNX18, SPTBN1",0.5902833857301724
GO_BP,Downregulated in R,GOBP_CELLULAR_RESPONSE_TO_TYPE_II_INTERFERON,3,55,200,0.20701390401192812,"IFNGR1, TLR2, ZYX",0.5902833857301724
GO_BP,Downregulated in R,GOBP_NEGATIVE_REGULATION_OF_TRANSMEMBRANE_TRANSPORT,3,55,200,0.20701390401192812,"GRB10, IRS2, TGFB1",0.5902833857301724
GO_BP,Downregulated in R,GOBP_BONE_REMODELING,3,55,200,0.20701390401192812,"ADRB2, EXT1, ITGB3",0.5902833857301724
GO_BP,Downregulated in R,GOBP_VASCULAR_TRANSPORT,3,55,200,0.20701390401192812,"LRP1, SLC22A3, SLCO3A1",0.5902833857301724
GO_BP,Downregulated in R,GOBP_CELL_CELL_JUNCTION_ORGANIZATION,5,111,200,0.2106936926076171,"EXT1, F2RL1, LIMS1, PLEC, TGFB1",0.5956634976290344
GO_BP,Downregulated in R,GOBP_STRESS_ACTIVATED_PROTEIN_KINASE_SIGNALING_CASCADE,2,30,200,0.21081884327678643,"FOXO1, MAP3K5",0.5956634976290344
GO_BP,Downregulated in R,GOBP_NEGATIVE_REGULATION_OF_LYMPHOCYTE_MEDIATED_IMMUNITY,2,30,200,0.21081884327678643,"MICA, TGFB1",0.5956634976290344
GO_BP,Downregulated in R,GOBP_CRANIAL_NERVE_DEVELOPMENT,2,30,200,0.21081884327678643,"EXT1, GLI3",0.5956634976290344
GO_BP,Downregulated in R,GOBP_NEGATIVE_REGULATION_OF_COAGULATION,2,30,200,0.21081884327678643,"PRKG1, THBD",0.5956634976290344
GO_BP,Downregulated in R,GOBP_REGULATION_OF_DNA_BINDING,2,30,200,0.21081884327678643,"HMGA2, SKI",0.5956634976290344
GO_BP,Upregulated in R,GOBP_PORPHYRIN_CONTAINING_COMPOUND_METABOLIC_PROCESS,2,30,200,0.21081884327678643,"EIF2AK1, PPOX",0.5956634976290344
GO_BP,Downregulated in R,GOBP_CHOLESTEROL_EFFLUX,2,30,200,0.21081884327678643,"CES1, LRP1",0.5956634976290344
GO_BP,Downregulated in R,GOBP_REGULATION_OF_MACROPHAGE_ACTIVATION,2,30,200,0.21081884327678643,"IL1RL1, LDLR",0.5956634976290344
GO_BP,Upregulated in R,GOBP_ANTIMICROBIAL_HUMORAL_IMMUNE_RESPONSE_MEDIATED_BY_ANTIMICROBIAL_PEPTIDE,2,30,200,0.21081884327678643,"CXCL10, CXCL9",0.5956634976290344
GO_BP,Downregulated in R,GOBP_COMPLEMENT_ACTIVATION,2,30,200,0.21081884327678643,"CD59, CFH",0.5956634976290344
GO_BP,Upregulated in R,GOBP_POSITIVE_REGULATION_OF_CATALYTIC_ACTIVITY,15,417,200,0.21117657797639233,"BORA, ECT2, EZH2, KIF14, NCSTN, NEK2, PCNA, PLK1, PRIM2, PSENEN, RFC2, RFC3, RFC4, RFC5, TPX2",0.5961811490639307
GO_BP,Downregulated in R,GOBP_CELLULAR_RESPONSE_TO_KETONE,3,56,200,0.21447923207312952,"DDIT4, MSN, TGFB1",0.6030132154418193
GO_BP,Downregulated in R,GOBP_TYPE_II_INTERFERON_PRODUCTION,3,56,200,0.21447923207312952,"F2RL1, IL1RL1, PDE4D",0.6030132154418193
GO_BP,Downregulated in R,GOBP_REGULATION_OF_GENERATION_OF_PRECURSOR_METABOLITES_AND_ENERGY,3,56,200,0.21447923207312952,"ALDOB, DDIT4, IRS2",0.6030132154418193
GO_BP,Downregulated in R,GOBP_REGULATION_OF_MIRNA_METABOLIC_PROCESS,3,56,200,0.21447923207312952,"NFATC4, NOTCH3, TGFB1",0.6030132154418193
GO_BP,Downregulated in R,GOBP_COLLAGEN_METABOLIC_PROCESS,3,56,200,0.21447923207312952,"MMP10, MMP13, TGFB1",0.6030132154418193
GO_BP,Downregulated in R,GOBP_AMIDE_TRANSPORT,6,141,200,0.21520618579957693,"F2RL1, FOXO1, IRS2, KLF7, LRRC8A, RAPGEF4",0.6045594824764431
GO_BP,Downregulated in R,GOBP_LYMPHOCYTE_ACTIVATION,14,388,200,0.21829613179661062,"EFNB1, F2RL1, GLI3, IRS2, JAG2, KIF13B, KIT, LRRC32, LRRC8A, MICA, MSN, TGFB1, TGFBR2, ZFP36L2",0.609611875991226
GO_BP,Downregulated in R,GOBP_PROTEIN_CONTAINING_COMPLEX_LOCALIZATION,4,84,200,0.21840629064781067,"DYNC2H1, HIP1, ITGB3, SYNE1",0.609611875991226
GO_BP,Downregulated in R,GOBP_HEPATICOBILIARY_SYSTEM_DEVELOPMENT,4,84,200,0.21840629064781067,"PKD1, SULF2, TGFB1, UGT1A10",0.609611875991226
GO_BP,Downregulated in R,GOBP_NEGATIVE_REGULATION_OF_INFLAMMATORY_RESPONSE,4,84,200,0.21840629064781067,"EXTL3, LDLR, NT5E, TNFRSF1A",0.609611875991226
GO_BP,Downregulated in R,GOBP_POSITIVE_REGULATION_OF_LEUKOCYTE_PROLIFERATION,4,84,200,0.21840629064781067,"EFNB1, IRS2, KIT, TGFBR2",0.609611875991226
GO_BP,Downregulated in R,GOBP_PROTEIN_LOCALIZATION_TO_CELL_PERIPHERY,7,172,200,0.2207768180973218,"EHD2, LRP1, MACF1, RAB34, SPTBN1, TGFB1, TNFRSF1A",0.609611875991226
GO_BP,Upregulated in R,GOBP_MEMBRANE_PROTEIN_ECTODOMAIN_PROTEOLYSIS,2,31,200,0.22139759578422155,"NCSTN, PSENEN",0.609611875991226
GO_BP,Upregulated in R,GOBP_POSITIVE_REGULATION_OF_TELOMERE_MAINTENANCE,2,31,200,0.22139759578422155,"ACTL6A, NEK2",0.609611875991226
GO_BP,Downregulated in R,GOBP_PHOSPHOLIPID_CATABOLIC_PROCESS,2,31,200,0.22139759578422155,"GPCPD1, LDLR",0.609611875991226
GO_BP,Downregulated in R,GOBP_POSITIVE_REGULATION_OF_PROTEIN_LOCALIZATION_TO_PLASMA_MEMBRANE,2,31,200,0.22139759578422155,"LRP1, SPTBN1",0.609611875991226
GO_BP,Downregulated in R,GOBP_GLUCOSE_IMPORT,2,31,200,0.22139759578422155,"GRB10, IRS2",0.609611875991226
GO_BP,Downregulated in R,GOBP_REGULATION_OF_DENDRITE_MORPHOGENESIS,2,31,200,0.22139759578422155,"NFATC4, SYNE1",0.609611875991226
GO_BP,Downregulated in R,GOBP_POSITIVE_REGULATION_OF_INTERLEUKIN_8_PRODUCTION,2,31,200,0.22139759578422155,"F2RL1, TLR2",0.609611875991226
GO_BP,Upregulated in R,GOBP_RESPONSE_TO_CADMIUM_ION,2,31,200,0.22139759578422155,"CDK1, PCNA",0.609611875991226
GO_BP,Downregulated in R,GOBP_REGULATION_OF_VACUOLE_ORGANIZATION,2,31,200,0.22139759578422155,"EFNB1, SNX18",0.609611875991226
GO_BP,Downregulated in R,GOBP_REGULATION_OF_STEROL_TRANSPORT,2,31,200,0.22139759578422155,"CES1, LRP1",0.609611875991226
GO_BP,Downregulated in R,GOBP_PHOSPHOLIPASE_C_ACTIVATING_G_PROTEIN_COUPLED_RECEPTOR_SIGNALING_PATHWAY,2,31,200,0.22139759578422155,"F2RL1, LPAR6",0.609611875991226
GO_BP,Downregulated in R,GOBP_LONG_CHAIN_FATTY_ACID_TRANSPORT,2,31,200,0.22139759578422155,"IRS2, PLA2R1",0.609611875991226
GO_BP,Downregulated in R,GOBP_POSITIVE_REGULATION_OF_LIPID_LOCALIZATION,3,57,200,0.2220015145588657,"CES1, LRP1, PLA2R1",0.609611875991226
GO_BP,Upregulated in R,GOBP_POSITIVE_REGULATION_OF_PROTEIN_LOCALIZATION_TO_NUCLEUS,3,57,200,0.2220015145588657,"CDK1, ECT2, PLK1",0.609611875991226
GO_BP,Downregulated in R,GOBP_NUCLEUS_ORGANIZATION,3,57,200,0.2220015145588657,"HIPK2, PLEC, SYNE1",0.609611875991226
GO_BP,Upregulated in R,GOBP_POSITIVE_REGULATION_OF_PROTEOLYSIS_INVOLVED_IN_PROTEIN_CATABOLIC_PROCESS,3,57,200,0.2220015145588657,"AURKA, PLK1, PSMC4",0.609611875991226
GO_BP,Upregulated in R,GOBP_POSITIVE_REGULATION_OF_POST_TRANSLATIONAL_PROTEIN_MODIFICATION,3,57,200,0.2220015145588657,"FANCI, PLK1, SKP2",0.609611875991226
GO_BP,Upregulated in R,GOBP_REGULATION_OF_NUCLEOCYTOPLASMIC_TRANSPORT,3,57,200,0.2220015145588657,"CDK1, ECT2, UHMK1",0.609611875991226
GO_BP,Upregulated in R,GOBP_CELLULAR_RESPONSE_TO_ALCOHOL,3,57,200,0.2220015145588657,"BLM, BRCA1, RAD51",0.609611875991226
GO_BP,Downregulated in R,GOBP_POSITIVE_REGULATION_OF_PROTEOLYSIS_INVOLVED_IN_PROTEIN_CATABOLIC_PROCESS,3,57,200,0.2220015145588657,"PLK3, SH3RF2, TRIB2",0.609611875991226
GO_BP,Downregulated in R,GOBP_REGULATION_OF_NUCLEOCYTOPLASMIC_TRANSPORT,3,57,200,0.2220015145588657,"GLI3, RAPGEF3, TGFB1",0.609611875991226
GO_BP,Downregulated in R,GOBP_MIRNA_METABOLIC_PROCESS,3,57,200,0.2220015145588657,"NFATC4, NOTCH3, TGFB1",0.609611875991226
GO_BP,Downregulated in R,GOBP_CYTOKINESIS,4,85,200,0.22449121338861996,"PLEC, PLK3, SNX18, SPTBN1",0.6149655051608066
GO_BP,Downregulated in R,GOBP_POSITIVE_REGULATION_OF_LEUKOCYTE_MIGRATION,4,85,200,0.22449121338861996,"F2RL1, ITGB3, LYVE1, TGFB1",0.6149655051608066
GO_BP,Downregulated in R,GOBP_TUBE_FORMATION,4,85,200,0.22449121338861996,"CELSR1, DLC1, SKI, TGFB1",0.6149655051608066
GO_BP,Downregulated in R,GOBP_DENDRITE_DEVELOPMENT,5,114,200,0.22624545774883767,"KLF7, NFATC4, PDLIM5, PRKG1, SYNE1",0.6187786098238827
GO_BP,Downregulated in R,GOBP_DEFENSE_RESPONSE_TO_BACTERIUM,5,114,200,0.22624545774883767,"F2RL1, MICA, SHC1, TLR2, TNFRSF1A",0.6187786098238827
GO_BP,Upregulated in R,GOBP_GOLGI_ORGANIZATION,3,58,200,0.22957623229382207,"CDK1, PLK1, VRK1",0.6250593830600466
GO_BP,Downregulated in R,GOBP_GOLGI_ORGANIZATION,3,58,200,0.22957623229382207,"DYNC2H1, PLK3, SYNE1",0.6250593830600466
GO_BP,Upregulated in R,GOBP_RAS_PROTEIN_SIGNAL_TRANSDUCTION,3,58,200,0.22957623229382207,"CCNA2, CDK2, FOXM1",0.6250593830600466
GO_BP,Downregulated in R,GOBP_KERATINOCYTE_DIFFERENTIATION,4,86,200,0.23062005068548455,"EXTL3, JAG1, PLEC, YAP1",0.6250593830600466
GO_BP,Downregulated in R,GOBP_ATP_METABOLIC_PROCESS,4,86,200,0.23062005068548455,"ALDOB, DDIT4, NT5E, TGFB1",0.6250593830600466
GO_BP,Downregulated in R,GOBP_FACE_DEVELOPMENT,2,32,200,0.2320185297775583,"SKI, TGFB1",0.6250593830600466
GO_BP,Downregulated in R,GOBP_GLANDULAR_EPITHELIAL_CELL_DIFFERENTIATION,2,32,200,0.2320185297775583,"EXT1, YAP1",0.6250593830600466
GO_BP,Upregulated in R,GOBP_NEGATIVE_REGULATION_OF_PROTEIN_CONTAINING_COMPLEX_DISASSEMBLY,2,32,200,0.2320185297775583,"DIAPH3, TPX2",0.6250593830600466
GO_BP,Upregulated in R,GOBP_REGULATION_OF_HEART_GROWTH,2,32,200,0.2320185297775583,"CDK1, PARP2",0.6250593830600466
GO_BP,Upregulated in R,GOBP_TETRAPYRROLE_METABOLIC_PROCESS,2,32,200,0.2320185297775583,"EIF2AK1, PPOX",0.6250593830600466
GO_BP,Downregulated in R,GOBP_NATURAL_KILLER_CELL_MEDIATED_IMMUNITY,2,32,200,0.2320185297775583,"MICA, TGFB1",0.6250593830600466
GO_BP,Downregulated in R,GOBP_SYNCYTIUM_FORMATION,2,32,200,0.2320185297775583,"EHD2, RAPGEF3",0.6250593830600466
GO_BP,Upregulated in R,GOBP_SYNCYTIUM_FORMATION,2,32,200,0.2320185297775583,"CXCL10, CXCL9",0.6250593830600466
GO_BP,Downregulated in R,GOBP_GLYCOSPHINGOLIPID_METABOLIC_PROCESS,2,32,200,0.2320185297775583,"A4GALT, KIT",0.6250593830600466
GO_BP,Upregulated in R,GOBP_AMYLOID_PRECURSOR_PROTEIN_CATABOLIC_PROCESS,2,32,200,0.2320185297775583,"NCSTN, PSENEN",0.6250593830600466
GO_BP,Downregulated in R,GOBP_REGULATION_OF_PLATELET_ACTIVATION,2,32,200,0.2320185297775583,"PRKG1, THBD",0.6250593830600466
GO_BP,Downregulated in R,GOBP_REGULATION_OF_EPIDERMIS_DEVELOPMENT,2,32,200,0.2320185297775583,"EXTL3, KLF7",0.6250593830600466
GO_BP,Downregulated in R,GOBP_REGULATION_OF_HEART_GROWTH,2,32,200,0.2320185297775583,"DUSP6, YAP1",0.6250593830600466
GO_BP,Upregulated in R,GOBP_POSITIVE_CHEMOTAXIS,2,32,200,0.2320185297775583,"CXCL10, HMGB2",0.6250593830600466
GO_BP,Downregulated in R,GOBP_RESPONSE_TO_HORMONE,15,425,200,0.2324378239360841,"DDIT4, FOXC2, FOXO1, GRB10, IGFBP7, IRS2, ITGB3, PTPRE, SESN3, SHC1, SLIT3, TGFB1, TLR2, YAP1, ZFP36L2",0.6256955134481191
GO_BP,Downregulated in R,GOBP_MUSCLE_CONTRACTION,6,145,200,0.23372967319199528,"ADRB2, KCND3, KIT, PDE4D, PRKG1, SULF2",0.6286776091526424
GO_BP,Upregulated in R,GOBP_CELLULAR_RESPONSE_TO_NITROGEN_COMPOUND,11,299,200,0.2349125480618288,"BLM, BRCA1, BRIP1, CCNA2, CDC6, CDK2, EZH2, NCSTN, RAD51, TIMELESS, USF1",0.6308657737257918
GO_BP,Upregulated in R,GOBP_PROTEOLYSIS_INVOLVED_IN_PROTEIN_CATABOLIC_PROCESS,11,299,200,0.2349125480618288,"ATF6, AURKA, CCNF, CDK2, DTL, KIF14, PLK1, PSMB4, PSMC4, PSMD4, SKP2",0.6308657737257918
GO_BP,Upregulated in R,GOBP_SIGNAL_TRANSDUCTION_BY_P53_CLASS_MEDIATOR,4,87,200,0.23679046848032104,"ATAD5, AURKA, FOXM1, GTSE1",0.6350090734150751
GO_BP,Downregulated in R,GOBP_ACTIN_MEDIATED_CELL_CONTRACTION,3,59,200,0.23719893960118144,"FRMD6, KCND3, PDE4D",0.6350090734150751
GO_BP,Upregulated in R,GOBP_REGULATION_OF_PROTEIN_BINDING,3,59,200,0.23719893960118144,"AURKA, EPB41, PLK1",0.6350090734150751
GO_BP,Downregulated in R,GOBP_SPECIFICATION_OF_SYMMETRY,3,59,200,0.23719893960118144,"ACVR1, DYNC2H1, TGFBR2",0.6350090734150751
GO_BP,Downregulated in R,GOBP_REGULATION_OF_CELL_PROJECTION_ORGANIZATION,12,332,200,0.23960323480572807,"F2RL1, ITGA6, KIF13B, KIT, MACF1, NFATC4, NR2F1, PDLIM5, PTPRG, SYNE1, UST, YAP1",0.640943343849935
GO_BP,Upregulated in R,GOBP_ANATOMICAL_STRUCTURE_MATURATION,5,117,200,0.24212755086459525,"AURKA, DIAPH3, KIF14, TDRKH, TYMS",0.6429810131152752
GO_BP,Upregulated in R,GOBP_NEGATIVE_REGULATION_OF_APOPTOTIC_SIGNALING_PATHWAY,5,117,200,0.24212755086459525,"ATAD5, BRCA1, DNAJA1, HELLS, HMGB2",0.6429810131152752
GO_BP,Upregulated in R,GOBP_RESPONSE_TO_GAMMA_RADIATION,2,33,200,0.24267067275690507,"CXCL10, FANCD2",0.6429810131152752
GO_BP,Downregulated in R,GOBP_REGULATION_OF_NUCLEOTIDE_METABOLIC_PROCESS,2,33,200,0.24267067275690507,"ALDOB, DDIT4",0.6429810131152752
GO_BP,Downregulated in R,GOBP_LUNG_ALVEOLUS_DEVELOPMENT,2,33,200,0.24267067275690507,"LIF, TGFB1",0.6429810131152752
GO_BP,Upregulated in R,GOBP_ADENYLATE_CYCLASE_ACTIVATING_G_PROTEIN_COUPLED_RECEPTOR_SIGNALING_PATHWAY,2,33,200,0.24267067275690507,"CXCL10, CXCL9",0.6429810131152752
GO_BP,Downregulated in R,GOBP_REGULATION_OF_LIPID_STORAGE,2,33,200,0.24267067275690507,"CES1, ITGB3",0.6429810131152752
GO_BP,Downregulated in R,GOBP_CORTICAL_ACTIN_CYTOSKELETON_ORGANIZATION,2,33,200,0.24267067275690507,"EHD2, PLEC",0.6429810131152752
GO_BP,Downregulated in R,GOBP_VENTRICULAR_CARDIAC_MUSCLE_TISSUE_DEVELOPMENT,2,33,200,0.24267067275690507,"FOXC2, TGFB1",0.6429810131152752
GO_BP,Downregulated in R,GOBP_TIGHT_JUNCTION_ORGANIZATION,2,33,200,0.24267067275690507,"EXT1, PLEC",0.6429810131152752
GO_BP,Downregulated in R,GOBP_NEGATIVE_REGULATION_OF_PROTEIN_LOCALIZATION,4,88,200,0.24300014283718394,"F2RL1, FOXO1, KLF7, TGFB1",0.6429810131152752
GO_BP,Upregulated in R,GOBP_REGULATION_OF_PROTEIN_UBIQUITINATION,4,88,200,0.24300014283718394,"DNAJA1, FANCI, PLK1, SKP2",0.6429810131152752
GO_BP,Downregulated in R,GOBP_CELLULAR_RESPONSE_TO_RADIATION,4,88,200,0.24300014283718394,"GADD45A, NFATC4, TGFB1, YAP1",0.6429810131152752
GO_BP,Downregulated in R,GOBP_CELLULAR_RESPONSE_TO_OXYGEN_LEVELS,4,88,200,0.24300014283718394,"FOXO1, HIPK2, PLK3, TGFB1",0.6429810131152752
GO_BP,Downregulated in R,GOBP_REGULATION_OF_CELLULAR_CATABOLIC_PROCESS,8,208,200,0.24344573762729219,"ADRB2, FOXO1, IRS2, LDLR, PLK3, SESN1, SESN3, SNX18",0.6436614858628716
GO_BP,Downregulated in R,GOBP_CELLULAR_SENESCENCE,3,60,200,0.2448652676338697,"HMGA2, MAP3K5, PLA2R1",0.6464140295496901
GO_BP,Downregulated in R,GOBP_CENTRAL_NERVOUS_SYSTEM_NEURON_DIFFERENTIATION,3,60,200,0.2448652676338697,"DYNC2H1, GLI3, ZSWIM6",0.6464140295496901
GO_BP,Downregulated in R,GOBP_POSITIVE_REGULATION_OF_CANONICAL_NF_KAPPAB_SIGNAL_TRANSDUCTION,5,118,200,0.24748827106632212,"F2RL1, LIMS1, TGFB1, TNFRSF10B, TNFRSF1A",0.6523301959587626
GO_BP,Downregulated in R,GOBP_HEART_PROCESS,5,118,200,0.24748827106632212,"EXT1, KCND3, PDE4D, WWTR1, YAP1",0.6523301959587626
GO_BP,Upregulated in R,GOBP_CELLULAR_RESPONSE_TO_REACTIVE_OXYGEN_SPECIES,4,89,200,0.24924676199643886,"CDK1, ECT2, EZH2, PCNA",0.655376475189043
GO_BP,Upregulated in R,GOBP_POSITIVE_REGULATION_OF_PROTEIN_CATABOLIC_PROCESS,4,89,200,0.24924676199643886,"AURKA, DTL, PLK1, PSMC4",0.655376475189043
GO_BP,Downregulated in R,GOBP_NEGATIVE_REGULATION_OF_CELL_PROJECTION_ORGANIZATION,4,89,200,0.24924676199643886,"NFATC4, NR2F1, PTPRG, YAP1",0.655376475189043
GO_BP,Downregulated in R,GOBP_DNA_DAMAGE_RESPONSE,13,367,200,0.2494114220567201,"DDIT4, FOXO1, GADD45A, HIPK2, HMGA2, MICA, NFATC4, PLA2R1, PLK3, SPRED1, TNFRSF1A, TPT1, YAP1",0.655376475189043
GO_BP,Downregulated in R,GOBP_POSITIVE_REGULATION_OF_IMMUNE_SYSTEM_PROCESS,17,496,200,0.2499414697805412,"CD59, CFH, EFNB1, F2RL1, GLI3, IL1RL1, IRAK3, IRS2, ITGB3, KIT, LIF, LYVE1, MICA, PDE4D, TGFB1, TGFBR2, TLR2",0.6562644587012518
GO_BP,Downregulated in R,GOBP_LEUKOCYTE_MEDIATED_CYTOTOXICITY,3,61,200,0.2525709273519458,"F2RL1, MICA, TGFB1",0.660123470252187
GO_BP,Downregulated in R,GOBP_T_CELL_PROLIFERATION,5,119,200,0.25287993071499515,"EFNB1, LRRC32, MSN, TGFB1, TGFBR2",0.660123470252187
GO_BP,Downregulated in R,GOBP_NEGATIVE_REGULATION_OF_EPITHELIAL_CELL_APOPTOTIC_PROCESS,2,34,200,0.25334363861259285,"ITGB3, YAP1",0.660123470252187
GO_BP,Upregulated in R,GOBP_REGULATION_OF_PROTEIN_IMPORT_INTO_NUCLEUS,2,34,200,0.25334363861259285,"CDK1, ECT2",0.660123470252187
GO_BP,Downregulated in R,GOBP_REGULATION_OF_PROTEIN_IMPORT_INTO_NUCLEUS,2,34,200,0.25334363861259285,"GLI3, TGFB1",0.660123470252187
GO_BP,Downregulated in R,GOBP_PROTEIN_ACYLATION,2,34,200,0.25334363861259285,"FOXO1, PORCN",0.660123470252187
GO_BP,Downregulated in R,GOBP_EXTRACELLULAR_MATRIX_ASSEMBLY,2,34,200,0.25334363861259285,"PHLDB1, TGFB1",0.660123470252187
GO_BP,Upregulated in R,GOBP_POSITIVE_REGULATION_OF_NUCLEOCYTOPLASMIC_TRANSPORT,2,34,200,0.25334363861259285,"CDK1, ECT2",0.660123470252187
GO_BP,Downregulated in R,GOBP_POSITIVE_REGULATION_OF_TYPE_II_INTERFERON_PRODUCTION,2,34,200,0.25334363861259285,"F2RL1, PDE4D",0.660123470252187
GO_BP,Downregulated in R,GOBP_MESONEPHRIC_TUBULE_MORPHOGENESIS,2,34,200,0.25334363861259285,"GLI3, TGFB1",0.660123470252187
GO_BP,Downregulated in R,GOBP_REGULATION_OF_PRODUCTION_OF_MOLECULAR_MEDIATOR_OF_IMMUNE_RESPONSE,4,90,200,0.25552802833261684,"F2RL1, IRAK3, KIT, TGFB1",0.6642950873548091
GO_BP,Upregulated in R,GOBP_PROTEIN_POLYUBIQUITINATION,4,90,200,0.25552802833261684,"BRCA1, DTL, SKP2, UBE2T",0.6642950873548091
GO_BP,Downregulated in R,GOBP_TEMPERATURE_HOMEOSTASIS,4,90,200,0.25552802833261684,"ADRB2, FOXC2, FOXO1, GRB10",0.6642950873548091
GO_BP,Downregulated in R,GOBP_LEUKOCYTE_DIFFERENTIATION,11,306,200,0.25805643838191306,"F2RL1, GLI3, IL1RL1, JAG2, KIT, LIF, LRRC8A, TGFB1, TGFBR2, TLR2, ZFP36L2",0.6703580178803156
GO_BP,Downregulated in R,GOBP_MYOTUBE_DIFFERENTIATION,3,62,200,0.26031171216632526,"EHD2, PLEC, SKI",0.6751896801519871
GO_BP,Upregulated in R,GOBP_ESTABLISHMENT_OF_RNA_LOCALIZATION,3,62,200,0.26031171216632526,"NUP107, NUP210, SLBP",0.6751896801519871
GO_BP,Downregulated in R,GOBP_ORGANELLE_ASSEMBLY,14,403,200,0.26106706580168654,"CSRP1, DNMBP, DYNC2H1, EFNB1, EHD2, MSN, NISCH, OBSCN, PLEC, RAB34, SNX18, SYNPO, WWTR1, YAP1",0.6766078717850297
GO_BP,Downregulated in R,GOBP_T_CELL_DIFFERENTIATION,6,151,200,0.26239538175843485,"GLI3, JAG2, KIT, TGFB1, TGFBR2, ZFP36L2",0.6766078717850297
GO_BP,Downregulated in R,GOBP_GLYCEROLIPID_CATABOLIC_PROCESS,2,35,200,0.26402760336342057,"GPCPD1, LDLR",0.6766078717850297
GO_BP,Downregulated in R,GOBP_REGULATION_OF_STEM_CELL_POPULATION_MAINTENANCE,2,35,200,0.26402760336342057,"HMGA2, YAP1",0.6766078717850297
GO_BP,Upregulated in R,GOBP_PROTEIN_K48_LINKED_UBIQUITINATION,2,35,200,0.26402760336342057,"SKP2, UBE2T",0.6766078717850297
GO_BP,Downregulated in R,GOBP_CELL_MIGRATION_INVOLVED_IN_SPROUTING_ANGIOGENESIS,2,35,200,0.26402760336342057,"FOXC2, SPRED1",0.6766078717850297
GO_BP,Upregulated in R,GOBP_REGULATION_OF_STEM_CELL_POPULATION_MAINTENANCE,2,35,200,0.26402760336342057,"ACTL6A, SUDS3",0.6766078717850297
GO_BP,Downregulated in R,GOBP_INTERLEUKIN_12_PRODUCTION,2,35,200,0.26402760336342057,"IRAK3, TLR2",0.6766078717850297
GO_BP,Downregulated in R,GOBP_REGULATION_OF_GLUCOSE_TRANSMEMBRANE_TRANSPORT,2,35,200,0.26402760336342057,"GRB10, IRS2",0.6766078717850297
GO_BP,Downregulated in R,GOBP_MESENCHYMAL_CELL_MIGRATION,2,35,200,0.26402760336342057,"ACVR1, EFNB1",0.6766078717850297
GO_BP,Downregulated in R,GOBP_NEGATIVE_REGULATION_OF_REPRODUCTIVE_PROCESS,2,35,200,0.26402760336342057,"KIT, LIF",0.6766078717850297
GO_BP,Upregulated in R,GOBP_MEMBRANE_PROTEIN_PROTEOLYSIS,2,35,200,0.26402760336342057,"NCSTN, PSENEN",0.6766078717850297
GO_BP,Downregulated in R,GOBP_REGULATION_OF_KERATINOCYTE_PROLIFERATION,2,35,200,0.26402760336342057,"EXTL3, YAP1",0.6766078717850297
GO_BP,Upregulated in R,GOBP_REGULATION_OF_INTRACELLULAR_STEROID_HORMONE_RECEPTOR_SIGNALING_PATHWAY,2,35,200,0.26402760336342057,"BRCA1, SKP2",0.6766078717850297
GO_BP,Upregulated in R,GOBP_NEGATIVE_REGULATION_OF_REPRODUCTIVE_PROCESS,2,35,200,0.26402760336342057,"TTK, ZWINT",0.6766078717850297
GO_BP,Downregulated in R,GOBP_RECEPTOR_METABOLIC_PROCESS,2,35,200,0.26402760336342057,"LDLR, TGFB1",0.6766078717850297
GO_BP,Downregulated in R,GOBP_CALCIUM_ION_HOMEOSTASIS,6,152,200,0.2672629852599855,"ANKH, ITGB3, NT5E, PDE4D, TGFB1, TPT1",0.6836726158128941
GO_BP,Downregulated in R,GOBP_SYNAPSE_ORGANIZATION,8,214,200,0.26766503462004687,"ITGB3, NFATC4, NFIA, PCDHGC3, PDLIM5, SSH1, SYNPO, TLR2",0.6836726158128941
GO_BP,Upregulated in R,GOBP_METHYLATION,3,63,200,0.2680835002681041,"EZH2, METTL13, TYMS",0.6836726158128941
GO_BP,Downregulated in R,GOBP_REGULATION_OF_CELLULAR_KETONE_METABOLIC_PROCESS,3,63,200,0.2680835002681041,"CES1, IRS2, PRKG1",0.6836726158128941
GO_BP,Downregulated in R,GOBP_POSITIVE_REGULATION_OF_CELL_GROWTH,3,63,200,0.2680835002681041,"EXTL3, MACF1, YAP1",0.6836726158128941
GO_BP,Upregulated in R,GOBP_ESTABLISHMENT_OF_CELL_POLARITY,4,92,200,0.2681853937907723,"DIAPH3, NDC80, PLK1, SPAG5",0.6836726158128941
GO_BP,Downregulated in R,GOBP_POSITIVE_REGULATION_OF_HEMOPOIESIS,4,92,200,0.2681853937907723,"GLI3, LIF, TGFB1, TGFBR2",0.6836726158128941
GO_BP,Downregulated in R,GOBP_NUCLEOBASE_CONTAINING_SMALL_MOLECULE_METABOLIC_PROCESS,11,310,200,0.27162845541490704,"ADCY9, ALDH1L1, ALDOB, DDIT4, GUCY1A2, NT5E, PDE4A, PDE4D, PTHLH, TGFB1, TPST1",0.6904423337342536
GO_BP,Downregulated in R,GOBP_REGULATION_OF_PROTEIN_LOCALIZATION_TO_MEMBRANE,4,93,200,0.2745569846381952,"LRP1, SPTBN1, SSH1, TGFB1",0.6904423337342536
GO_BP,Downregulated in R,GOBP_POSITIVE_REGULATION_OF_ERK1_AND_ERK2_CASCADE,4,93,200,0.2745569846381952,"F2RL1, ITGB3, SHC1, TGFB1",0.6904423337342536
GO_BP,Downregulated in R,GOBP_ACTIVATION_OF_CYSTEINE_TYPE_ENDOPEPTIDASE_ACTIVITY_INVOLVED_IN_APOPTOTIC_PROCESS,2,36,200,0.27471328179131255,"DLC1, HIP1",0.6904423337342536
GO_BP,Downregulated in R,GOBP_NEUROBLAST_PROLIFERATION,2,36,200,0.27471328179131255,"GLI3, TGFB1",0.6904423337342536
GO_BP,Downregulated in R,GOBP_INTRINSIC_APOPTOTIC_SIGNALING_PATHWAY_IN_RESPONSE_TO_ENDOPLASMIC_RETICULUM_STRESS,2,36,200,0.27471328179131255,"MAP3K5, TNFRSF10B",0.6904423337342536
GO_BP,Downregulated in R,GOBP_REGULATION_OF_ALPHA_BETA_T_CELL_DIFFERENTIATION,2,36,200,0.27471328179131255,"GLI3, TGFBR2",0.6904423337342536
GO_BP,Downregulated in R,GOBP_NEGATIVE_REGULATION_OF_LEUKOCYTE_MEDIATED_IMMUNITY,2,36,200,0.27471328179131255,"MICA, TGFB1",0.6904423337342536
GO_BP,Downregulated in R,GOBP_POSITIVE_REGULATION_OF_MIRNA_TRANSCRIPTION,2,36,200,0.27471328179131255,"NOTCH3, TGFB1",0.6904423337342536
GO_BP,Downregulated in R,GOBP_NEGATIVE_REGULATION_OF_PROTEIN_POLYMERIZATION,2,36,200,0.27471328179131255,"SPTBN1, SSH1",0.6904423337342536
GO_BP,Downregulated in R,GOBP_LEUKOCYTE_DEGRANULATION,2,36,200,0.27471328179131255,"F2RL1, KIT",0.6904423337342536
GO_BP,Upregulated in R,GOBP_INFLAMMATORY_RESPONSE_TO_ANTIGENIC_STIMULUS,2,36,200,0.27471328179131255,"HMGB2, PSMB4",0.6904423337342536
GO_BP,Downregulated in R,GOBP_REGULATION_OF_MUSCLE_HYPERTROPHY,2,36,200,0.27471328179131255,"FOXO1, TNFRSF1A",0.6904423337342536
GO_BP,Downregulated in R,GOBP_NON_CANONICAL_WNT_SIGNALING_PATHWAY,2,36,200,0.27471328179131255,"CELSR1, PRICKLE2",0.6904423337342536
GO_BP,Upregulated in R,GOBP_REGULATION_OF_TRANSLATIONAL_INITIATION,2,36,200,0.27471328179131255,"EIF2AK1, UHMK1",0.6904423337342536
GO_BP,Downregulated in R,GOBP_CORTICAL_CYTOSKELETON_ORGANIZATION,2,36,200,0.27471328179131255,"EHD2, PLEC",0.6904423337342536
GO_BP,Downregulated in R,GOBP_REGULATION_OF_MORPHOGENESIS_OF_AN_EPITHELIUM,2,36,200,0.27471328179131255,"LIF, TGFB1",0.6904423337342536
GO_BP,Upregulated in R,GOBP_POSITIVE_REGULATION_OF_TYPE_I_INTERFERON_PRODUCTION,2,36,200,0.27471328179131255,"HMGB2, KPNA2",0.6904423337342536
GO_BP,Downregulated in R,GOBP_CHEMICAL_HOMEOSTASIS,16,473,200,0.2757473477716965,"ANKH, CES1, EXT1, FOXO1, IRS2, ITGB3, KLF7, LCAT, LDLR, LRRC8A, MALL, NT5E, PDE4D, SESN3, TGFB1, TPT1",0.6904423337342536
GO_BP,Downregulated in R,GOBP_HOMOTYPIC_CELL_CELL_ADHESION,3,64,200,0.27588225666185034,"CSRP1, ITGB3, PRKG1",0.6904423337342536
GO_BP,Upregulated in R,GOBP_NEGATIVE_REGULATION_OF_INTRINSIC_APOPTOTIC_SIGNALING_PATHWAY,3,64,200,0.27588225666185034,"ATAD5, DNAJA1, HELLS",0.6904423337342536
GO_BP,Downregulated in R,GOBP_EPIDERMAL_GROWTH_FACTOR_RECEPTOR_SIGNALING_PATHWAY,3,64,200,0.27588225666185034,"HIP1, SHC1, TGFB1",0.6904423337342536
GO_BP,Downregulated in R,GOBP_HEMATOPOIETIC_PROGENITOR_CELL_DIFFERENTIATION,3,64,200,0.27588225666185034,"EXT1, KIT, TGFB1",0.6904423337342536
GO_BP,Upregulated in R,GOBP_HINDBRAIN_DEVELOPMENT,3,64,200,0.27588225666185034,"EZH2, KIF14, NCSTN",0.6904423337342536
GO_BP,Downregulated in R,GOBP_LEUKOCYTE_CELL_CELL_ADHESION,8,216,200,0.27589396532413824,"EFNB1, EXT1, GLI3, LRRC32, MSN, NT5E, TGFB1, TGFBR2",0.6904423337342536
GO_BP,Downregulated in R,GOBP_REGULATION_OF_INFLAMMATORY_RESPONSE,7,185,200,0.2771453358346204,"EXTL3, IL1RL1, LDLR, NT5E, TGFB1, TLR2, TNFRSF1A",0.6930662278265471
GO_BP,Upregulated in R,GOBP_RESPONSE_TO_INORGANIC_SUBSTANCE,10,280,200,0.2784435361394164,"BLM, CCNA2, CDK1, CDK2, ECT2, EZH2, NCSTN, PCNA, RAD51, TIMELESS",0.6958033061099097
GO_BP,Downregulated in R,GOBP_POSITIVE_REGULATION_OF_PRODUCTION_OF_MOLECULAR_MEDIATOR_OF_IMMUNE_RESPONSE,3,65,200,0.28370403492037244,"F2RL1, KIT, TGFB1",0.7054113787459897
GO_BP,Downregulated in R,GOBP_REGULATION_OF_B_CELL_ACTIVATION,3,65,200,0.28370403492037244,"IRS2, TGFB1, ZFP36L2",0.7054113787459897
GO_BP,Downregulated in R,GOBP_NEGATIVE_REGULATION_OF_RESPONSE_TO_BIOTIC_STIMULUS,3,65,200,0.28370403492037244,"IRAK3, MICA, TGFB1",0.7054113787459897
GO_BP,Upregulated in R,GOBP_STEROID_HORMONE_MEDIATED_SIGNALING_PATHWAY,3,65,200,0.28370403492037244,"BRCA1, DNAJA1, SKP2",0.7054113787459897
GO_BP,Upregulated in R,GOBP_POSITIVE_REGULATION_OF_FIBROBLAST_PROLIFERATION,2,37,200,0.2853919049413564,"CCNA2, CDC6",0.7054113787459897
GO_BP,Downregulated in R,GOBP_SUPEROXIDE_METABOLIC_PROCESS,2,37,200,0.2853919049413564,"F2RL1, TGFB1",0.7054113787459897
GO_BP,Downregulated in R,GOBP_POSITIVE_REGULATION_OF_SMALL_GTPASE_MEDIATED_SIGNAL_TRANSDUCTION,2,37,200,0.2853919049413564,"F2RL1, LPAR6",0.7054113787459897
GO_BP,Downregulated in R,GOBP_POSITIVE_REGULATION_OF_BLOOD_VESSEL_ENDOTHELIAL_CELL_MIGRATION,2,37,200,0.2853919049413564,"FOXC2, TGFB1",0.7054113787459897
GO_BP,Downregulated in R,GOBP_POSITIVE_REGULATION_OF_ALPHA_BETA_T_CELL_ACTIVATION,2,37,200,0.2853919049413564,"GLI3, TGFBR2",0.7054113787459897
GO_BP,Downregulated in R,GOBP_POSITIVE_REGULATION_OF_ACTIN_FILAMENT_BUNDLE_ASSEMBLY,2,37,200,0.2853919049413564,"RAPGEF3, SYNPO",0.7054113787459897
GO_BP,Downregulated in R,GOBP_ASSOCIATIVE_LEARNING,2,37,200,0.2853919049413564,"KIT, RAPGEF3",0.7054113787459897
GO_BP,Upregulated in R,GOBP_POSITIVE_REGULATION_OF_VIRAL_PROCESS,2,37,200,0.2853919049413564,"KPNA2, TOP2A",0.7054113787459897
GO_BP,Downregulated in R,GOBP_NEGATIVE_REGULATION_OF_WOUND_HEALING,2,37,200,0.2853919049413564,"PRKG1, THBD",0.7054113787459897
GO_BP,Downregulated in R,GOBP_RNA_TEMPLATED_DNA_BIOSYNTHETIC_PROCESS,2,37,200,0.2853919049413564,"MAP3K4, TEP1",0.7054113787459897
GO_BP,Downregulated in R,GOBP_MEMBRANE_INVAGINATION,2,37,200,0.2853919049413564,"F2RL1, SNX18",0.7054113787459897
GO_BP,Upregulated in R,GOBP_ESTABLISHMENT_OR_MAINTENANCE_OF_CELL_POLARITY,5,125,200,0.28579898951535415,"DIAPH3, KIF2C, NDC80, PLK1, SPAG5",0.7054113787459897
GO_BP,Downregulated in R,GOBP_TELENCEPHALON_DEVELOPMENT,5,125,200,0.28579898951535415,"EXT1, GLI3, SKI, SLIT3, ZSWIM6",0.7054113787459897
GO_BP,Downregulated in R,GOBP_REGULATION_OF_T_CELL_PROLIFERATION,4,95,200,0.2873748671839268,"EFNB1, LRRC32, TGFB1, TGFBR2",0.7087888420940751
GO_BP,Downregulated in R,GOBP_POSITIVE_REGULATION_OF_CYSTEINE_TYPE_ENDOPEPTIDASE_ACTIVITY,3,66,200,0.2915449786776542,"DLC1, HIP1, MAP3K5",0.7180372365990388
GO_BP,Downregulated in R,GOBP_ICOSANOID_METABOLIC_PROCESS,3,66,200,0.2915449786776542,"GGT5, TLR2, TNFRSF1A",0.7180372365990388
GO_BP,Downregulated in R,GOBP_REGULATION_OF_AUTOPHAGY,6,157,200,0.29192653086256753,"ADRB2, FOXO1, PLK3, SESN1, SESN3, SNX18",0.7184589549182497
GO_BP,Upregulated in R,GOBP_POSITIVE_REGULATION_OF_CYTOSKELETON_ORGANIZATION,4,96,200,0.2938167811599666,"CENPJ, PLK4, SASS6, SPAG5",0.7213441925320693
GO_BP,Downregulated in R,GOBP_REGULATION_OF_LEUKOCYTE_MEDIATED_IMMUNITY,4,96,200,0.2938167811599666,"F2RL1, KIT, MICA, TGFB1",0.7213441925320693
GO_BP,Downregulated in R,GOBP_GLUCOSE_METABOLIC_PROCESS,4,96,200,0.2938167811599666,"ALDOB, FOXO1, IGFBP4, IRS2",0.7213441925320693
GO_BP,Downregulated in R,GOBP_NEGATIVE_REGULATION_OF_CELL_POPULATION_PROLIFERATION,12,349,200,0.2946051617673534,"DLC1, GLI3, HSPG2, IGFBP7, LIF, LRRC32, PRKG1, PTHLH, SKI, SLIT3, TGFB1, TLR2",0.7213441925320693
GO_BP,Upregulated in R,GOBP_POSITIVE_REGULATION_OF_CALCIUM_ION_TRANSMEMBRANE_TRANSPORT,2,38,200,0.2960551984572486,"CXCL10, CXCL9",0.7213441925320693
GO_BP,Downregulated in R,GOBP_POSITIVE_REGULATION_OF_PROTEIN_LOCALIZATION_TO_CELL_PERIPHERY,2,38,200,0.2960551984572486,"LRP1, SPTBN1",0.7213441925320693
GO_BP,Downregulated in R,GOBP_REGULATION_OF_SYSTEMIC_ARTERIAL_BLOOD_PRESSURE,2,38,200,0.2960551984572486,"ADRB2, F2RL1",0.7213441925320693
GO_BP,Upregulated in R,GOBP_HIPPOCAMPUS_DEVELOPMENT,2,38,200,0.2960551984572486,"EZH2, KIF14",0.7213441925320693
GO_BP,Downregulated in R,GOBP_MORPHOGENESIS_OF_AN_EPITHELIAL_SHEET,2,38,200,0.2960551984572486,"ITGB3, JAG1",0.7213441925320693
GO_BP,Downregulated in R,GOBP_REGULATION_OF_CELLULAR_RESPONSE_TO_INSULIN_STIMULUS,2,38,200,0.2960551984572486,"GRB10, PTPRE",0.7213441925320693
GO_BP,Downregulated in R,GOBP_CELLULAR_COMPONENT_MAINTENANCE,2,38,200,0.2960551984572486,"F2RL1, ITGB3",0.7213441925320693
GO_BP,Downregulated in R,GOBP_TOLL_LIKE_RECEPTOR_SIGNALING_PATHWAY,2,38,200,0.2960551984572486,"IRAK3, TLR2",0.7213441925320693
GO_BP,Downregulated in R,GOBP_POSITIVE_REGULATION_OF_WOUND_HEALING,2,38,200,0.2960551984572486,"FOXC2, THBD",0.7213441925320693
GO_BP,Downregulated in R,GOBP_REGULATION_OF_EMBRYONIC_DEVELOPMENT,2,38,200,0.2960551984572486,"JAG1, PHLDB1",0.7213441925320693
GO_BP,Downregulated in R,GOBP_NEGATIVE_REGULATION_OF_GENE_EXPRESSION,15,448,200,0.2980579144977961,"EXTL3, F2RL1, HMGA2, IL1RL1, IRAK3, LDLR, LRP1, LRRC32, RBMS3, SAMD4A, SLIT3, TGFB1, TRIB2, YAP1, ZFP36L2",0.7257062266033297
GO_BP,Downregulated in R,GOBP_SKIN_EPIDERMIS_DEVELOPMENT,3,67,200,0.2994013228758604,"EXT1, LDB2, PLEC",0.7284579194757401
GO_BP,Upregulated in R,GOBP_CELLULAR_RESPIRATION,4,97,200,0.30027779971609536,"CDK1, NDUFAB1, NDUFS2, SDHC",0.7290326679674355
GO_BP,Downregulated in R,GOBP_REGENERATION,4,97,200,0.30027779971609536,"HSPG2, SULF2, TGFB1, YAP1",0.7290326679674355
GO_BP,Downregulated in R,GOBP_NEGATIVE_REGULATION_OF_MITOTIC_CELL_CYCLE_PHASE_TRANSITION,4,97,200,0.30027779971609536,"ACVR1, CTDSP1, PLK3, ZFP36L2",0.7290326679674355
GO_BP,Downregulated in R,GOBP_RESPONSE_TO_CYTOKINE,15,449,200,0.30103923781568453,"EXT1, F2RL1, IFNGR1, IL1RL1, IRAK3, KIT, LIMS1, MAP3K5, MST1R, SLIT3, TLR2, TNFRSF1A, YAP1, ZFP36L2, ZYX",0.7303622417460074
GO_BP,Downregulated in R,GOBP_STEROID_METABOLIC_PROCESS,6,159,200,0.3019251444036487,"CES1, IGFBP7, KIT, LCAT, LDLR, PRKG1",0.7319916914711597
GO_BP,Upregulated in R,GOBP_POSITIVE_REGULATION_OF_PROTEIN_KINASE_ACTIVITY,5,128,200,0.30256007639213905,"BORA, ECT2, EZH2, KIF14, TPX2",0.7330107950039341
GO_BP,Downregulated in R,GOBP_NEGATIVE_REGULATION_OF_MOLECULAR_FUNCTION,11,320,200,0.30650523701678833,"DUSP7, GADD45A, HMGA2, IRAK3, IRS2, ITGB3, LRP1, PLA2R1, SPRED1, TRIB2, WWTR1",0.7377967293283526
GO_BP,Downregulated in R,GOBP_VASCULAR_ASSOCIATED_SMOOTH_MUSCLE_CELL_PROLIFERATION,2,39,200,0.30669536172314427,"MAP3K5, PRKG1",0.7377967293283526
GO_BP,Downregulated in R,GOBP_REGULATION_OF_PROTEIN_DEPHOSPHORYLATION,2,39,200,0.30669536172314427,"DLC1, TGFB1",0.7377967293283526
GO_BP,Upregulated in R,GOBP_MACROPHAGE_DIFFERENTIATION,2,39,200,0.30669536172314427,"DIAPH3, EIF2AK1",0.7377967293283526
GO_BP,Upregulated in R,GOBP_RESPONSE_TO_CHEMOKINE,2,39,200,0.30669536172314427,"CXCL10, CXCL9",0.7377967293283526
GO_BP,Downregulated in R,GOBP_CELL_SURFACE_PATTERN_RECOGNITION_RECEPTOR_SIGNALING_PATHWAY,2,39,200,0.30669536172314427,"F2RL1, TLR2",0.7377967293283526
GO_BP,Downregulated in R,GOBP_LYMPHOCYTE_HOMEOSTASIS,2,39,200,0.30669536172314427,"CHST3, TGFB1",0.7377967293283526
GO_BP,Upregulated in R,GOBP_REGULATION_OF_TELOMERE_MAINTENANCE,2,39,200,0.30669536172314427,"ACTL6A, NEK2",0.7377967293283526
GO_BP,Downregulated in R,GOBP_REGULATION_OF_LYMPHOCYTE_MIGRATION,2,39,200,0.30669536172314427,"ITGB3, MSN",0.7377967293283526
GO_BP,Upregulated in R,GOBP_OOGENESIS,2,39,200,0.30669536172314427,"AURKA, TDRKH",0.7377967293283526
GO_BP,Downregulated in R,GOBP_POSITIVE_REGULATION_OF_LYMPHOCYTE_DIFFERENTIATION,3,68,200,0.3072693947815578,"GLI3, TGFB1, TGFBR2",0.7381380116552753
GO_BP,Downregulated in R,GOBP_NUCLEOSIDE_DIPHOSPHATE_METABOLIC_PROCESS,3,68,200,0.3072693947815578,"ALDOB, DDIT4, NT5E",0.7381380116552753
GO_BP,Downregulated in R,GOBP_RESPONSE_TO_LIPID,15,452,200,0.3100369362471942,"CES1, DDIT4, FOXO1, IGFBP7, IRAK3, LDLR, LOXL1, MSN, SLIT3, TGFB1, TGFBR2, THBD, TLR2, YAP1, ZFP36L2",0.7442629474493432
GO_BP,Downregulated in R,GOBP_REGULATION_OF_CELL_CELL_ADHESION,9,257,200,0.31303414318315637,"EFNB1, GLI3, JAG1, LRRC32, NOTCH4, PRKG1, PTPRG, TGFB1, TGFBR2",0.750706622215037
GO_BP,Downregulated in R,GOBP_VACUOLE_ORGANIZATION,4,99,200,0.3132486780700782,"EFNB1, EXT1, RAB34, SNX18",0.750706622215037
GO_BP,Downregulated in R,GOBP_RESPONSE_TO_ALCOHOL,5,130,200,0.3138199814177614,"CES1, IGFBP7, SLIT3, TGFB1, TGFBR2",0.750706622215037
GO_BP,Downregulated in R,GOBP_RESPONSE_TO_LIGHT_STIMULUS,5,130,200,0.3138199814177614,"EXT1, KIT, MAP3K4, NFATC4, SYNE1",0.750706622215037
GO_BP,Upregulated in R,GOBP_RESPONSE_TO_ALCOHOL,5,130,200,0.3138199814177614,"BLM, BRCA1, CDK1, RAD51, TYMS",0.750706622215037
GO_BP,Downregulated in R,GOBP_RESPONSE_TO_TYPE_II_INTERFERON,3,69,200,0.31514561478557845,"IFNGR1, TLR2, ZYX",0.7517719414158771
GO_BP,Downregulated in R,GOBP_NEGATIVE_REGULATION_OF_LEUKOCYTE_CELL_CELL_ADHESION,3,69,200,0.31514561478557845,"GLI3, LRRC32, TGFB1",0.7517719414158771
GO_BP,Downregulated in R,GOBP_INORGANIC_ANION_TRANSPORT,3,69,200,0.31514561478557845,"ANKH, LRRC8A, SLC20A2",0.7517719414158771
GO_BP,Downregulated in R,GOBP_REGULATION_OF_AXONOGENESIS,3,69,200,0.31514561478557845,"KIF13B, MACF1, UST",0.7517719414158771
GO_BP,Upregulated in R,GOBP_RESPONSE_TO_ORGANIC_CYCLIC_COMPOUND,14,421,200,0.31600437675040827,"BLM, BRCA1, CCNA2, CDK1, CXCL10, DNAJA1, EZH2, HMGB2, KIF18A, NCSTN, PCNA, RAD51, SKP2, TYMS",0.753241169721847
GO_BP,Downregulated in R,GOBP_POSITIVE_REGULATION_OF_B_CELL_ACTIVATION,2,40,200,0.3173050477838811,"IRS2, TGFB1",0.753241169721847
GO_BP,Upregulated in R,GOBP_DNA_DAMAGE_RESPONSE_SIGNAL_TRANSDUCTION_BY_P53_CLASS_MEDIATOR,2,40,200,0.3173050477838811,"FOXM1, GTSE1",0.753241169721847
GO_BP,Downregulated in R,GOBP_LIPOPROTEIN_BIOSYNTHETIC_PROCESS,2,40,200,0.3173050477838811,"LCAT, PORCN",0.753241169721847
GO_BP,Downregulated in R,GOBP_POSITIVE_REGULATION_OF_ORGANELLE_ASSEMBLY,2,40,200,0.3173050477838811,"MSN, SNX18",0.753241169721847
GO_BP,Upregulated in R,GOBP_REGULATORY_NCRNA_MEDIATED_GENE_SILENCING,2,40,200,0.3173050477838811,"EZH2, TDRKH",0.753241169721847
GO_BP,Downregulated in R,GOBP_POSITIVE_REGULATION_OF_MRNA_METABOLIC_PROCESS,2,40,200,0.3173050477838811,"SAMD4A, ZFP36L2",0.753241169721847
GO_BP,Downregulated in R,GOBP_IMMUNE_EFFECTOR_PROCESS,10,291,200,0.31928516465061524,"CD59, CFH, F2RL1, IRAK3, JAG1, KIT, LRP1, MICA, PLEC, TGFB1",0.756951444731695
GO_BP,Downregulated in R,GOBP_REGULATION_OF_CELL_MORPHOGENESIS,5,131,200,0.319471537144946,"DLC1, DNMBP, KIT, MACF1, MSN",0.756951444731695
GO_BP,Downregulated in R,GOBP_RESPONSE_TO_STARVATION,4,100,200,0.319754371998781,"FOXO1, MAP3K5, SESN1, SESN3",0.756951444731695
GO_BP,Downregulated in R,GOBP_REGULATION_OF_LYMPHOCYTE_DIFFERENTIATION,4,100,200,0.319754371998781,"GLI3, TGFB1, TGFBR2, ZFP36L2",0.756951444731695
GO_BP,Upregulated in R,GOBP_IN_UTERO_EMBRYONIC_DEVELOPMENT,7,195,200,0.32278170501908854,"ACTL6A, CCNB2, DIAPH3, E2F8, NEK2, PLK4, PSMC4",0.7631110053615917
GO_BP,Upregulated in R,GOBP_POSITIVE_REGULATION_OF_INTRACELLULAR_TRANSPORT,3,70,200,0.32302649700025227,"CDK1, ECT2, SPAG5",0.7631110053615917
GO_BP,Downregulated in R,GOBP_TOR_SIGNALING,3,70,200,0.32302649700025227,"DDIT4, SESN1, SESN3",0.7631110053615917
GO_BP,Downregulated in R,GOBP_REGULATION_OF_BINDING,4,101,200,0.32627084088498337,"HIPK2, HMGA2, LRP1, SKI",0.7687227228279264
GO_BP,Downregulated in R,GOBP_REGULATION_OF_PLASMA_LIPOPROTEIN_PARTICLE_LEVELS,2,41,200,0.327877344016478,"LCAT, LDLR",0.7687227228279264
GO_BP,Downregulated in R,GOBP_KERATINOCYTE_PROLIFERATION,2,41,200,0.327877344016478,"EXTL3, YAP1",0.7687227228279264
GO_BP,Downregulated in R,GOBP_REGULATION_OF_SYNAPSE_ASSEMBLY,2,41,200,0.327877344016478,"PDLIM5, TLR2",0.7687227228279264
GO_BP,Downregulated in R,GOBP_CELLULAR_EXTRAVASATION,2,41,200,0.327877344016478,"EXT1, LYVE1",0.7687227228279264
GO_BP,Downregulated in R,GOBP_INTERLEUKIN_8_PRODUCTION,2,41,200,0.327877344016478,"F2RL1, TLR2",0.7687227228279264
GO_BP,Downregulated in R,GOBP_PHOSPHATIDYLCHOLINE_METABOLIC_PROCESS,2,41,200,0.327877344016478,"LCAT, LDLR",0.7687227228279264
GO_BP,Upregulated in R,GOBP_B_CELL_ACTIVATION_INVOLVED_IN_IMMUNE_RESPONSE,2,41,200,0.327877344016478,"ATAD5, EXO1",0.7687227228279264
GO_BP,Upregulated in R,GOBP_REGULATION_OF_PROTEIN_DEPOLYMERIZATION,2,41,200,0.327877344016478,"DIAPH3, TPX2",0.7687227228279264
GO_BP,Upregulated in R,GOBP_AMYLOID_PRECURSOR_PROTEIN_METABOLIC_PROCESS,2,41,200,0.327877344016478,"NCSTN, PSENEN",0.7687227228279264
GO_BP,Upregulated in R,GOBP_REGULATION_OF_STRIATED_MUSCLE_CELL_DIFFERENTIATION,2,41,200,0.327877344016478,"EZH2, PARP2",0.7687227228279264
GO_BP,Downregulated in R,GOBP_EMBRYONIC_APPENDAGE_MORPHOGENESIS,3,71,200,0.3309086496670866,"DYNC2H1, GLI3, SKI",0.77476624212664
GO_BP,Downregulated in R,GOBP_SPROUTING_ANGIOGENESIS,3,71,200,0.3309086496670866,"FOXC2, SPRED1, TGFB1",0.77476624212664
GO_BP,Downregulated in R,GOBP_POSITIVE_REGULATION_OF_PROTEOLYSIS,6,165,200,0.3322741158874768,"DLC1, HIP1, MAP3K5, PLK3, SH3RF2, TRIB2",0.7767398939742084
GO_BP,Downregulated in R,GOBP_CANONICAL_NF_KAPPAB_SIGNAL_TRANSDUCTION,6,165,200,0.3322741158874768,"F2RL1, LIMS1, TGFB1, TLR2, TNFRSF10B, TNFRSF1A",0.7767398939742084
GO_BP,Downregulated in R,GOBP_ENDOMEMBRANE_SYSTEM_ORGANIZATION,8,230,200,0.3351982943151137,"A4GALT, DYNC2H1, EHD2, PLEC, PLK3, SNX18, SPTBN1, SYNE1",0.7767398939742084
GO_BP,Upregulated in R,GOBP_CELLULAR_RESPONSE_TO_CALCIUM_ION,2,42,200,0.3384057535267078,"ECT2, NCSTN",0.7767398939742084
GO_BP,Downregulated in R,GOBP_POSITIVE_REGULATION_OF_MIRNA_METABOLIC_PROCESS,2,42,200,0.3384057535267078,"NOTCH3, TGFB1",0.7767398939742084
GO_BP,Downregulated in R,GOBP_INTRINSIC_APOPTOTIC_SIGNALING_PATHWAY_BY_P53_CLASS_MEDIATOR,2,42,200,0.3384057535267078,"DDIT4, HIPK2",0.7767398939742084
GO_BP,Downregulated in R,GOBP_TORC1_SIGNALING,2,42,200,0.3384057535267078,"SESN1, SESN3",0.7767398939742084
GO_BP,Downregulated in R,GOBP_CELLULAR_RESPONSE_TO_CARBOHYDRATE_STIMULUS,3,72,200,0.3387887753873136,"IRS2, KLF7, TGFB1",0.7767398939742084
GO_BP,Upregulated in R,GOBP_PROTEIN_DEPHOSPHORYLATION,4,103,200,0.33932810348862363,"DUSP12, ENSA, MTMR4, PPM1H",0.7767398939742084
GO_BP,Downregulated in R,GOBP_SODIUM_ION_TRANSPORT,4,103,200,0.33932810348862363,"ADRB2, CNKSR3, SLC20A2, TGFB1",0.7767398939742084
GO_BP,Downregulated in R,GOBP_REGULATION_OF_BODY_FLUID_LEVELS,7,200,200,0.34608021059497507,"CD59, CSRP1, EXT1, F2RL1, ITGB3, PRKG1, THBD",0.7767398939742084
GO_BP,Upregulated in R,GOBP_MITOCHONDRION_ORGANIZATION,7,200,200,0.34608021059497507,"ACAD9, AURKA, DNA2, EIF2AK1, GGCT, NDUFAB1, NDUFS2",0.7767398939742084
GO_BP,Upregulated in R,GOBP_REGULATION_OF_REPRODUCTIVE_PROCESS,3,73,200,0.3466636711871369,"AURKA, TTK, ZWINT",0.7767398939742084
GO_BP,Downregulated in R,GOBP_REGULATION_OF_PROTEIN_LOCALIZATION_TO_CELL_PERIPHERY,3,73,200,0.3466636711871369,"LRP1, SPTBN1, TGFB1",0.7767398939742084
GO_BP,Downregulated in R,GOBP_REGULATION_OF_REPRODUCTIVE_PROCESS,3,73,200,0.3466636711871369,"JAG1, KIT, LIF",0.7767398939742084
GO_BP,Downregulated in R,GOBP_ORGANOPHOSPHATE_ESTER_TRANSPORT,3,73,200,0.3466636711871369,"ANKH, LDLR, LRRC8A",0.7767398939742084
GO_BP,Upregulated in R,GOBP_RESPONSE_TO_STEROID_HORMONE,6,168,200,0.34759870704657614,"BRCA1, DNAJA1, HMGB2, PCNA, SKP2, TYMS",0.7767398939742084
GO_BP,Downregulated in R,GOBP_NEGATIVE_REGULATION_OF_T_CELL_PROLIFERATION,2,43,200,0.34888417724541504,"LRRC32, TGFB1",0.7767398939742084
GO_BP,Downregulated in R,GOBP_PERIPHERAL_NERVOUS_SYSTEM_DEVELOPMENT,2,43,200,0.34888417724541504,"PLEC, SKI",0.7767398939742084
GO_BP,Downregulated in R,GOBP_CARDIAC_MUSCLE_CELL_CONTRACTION,2,43,200,0.34888417724541504,"KCND3, PDE4D",0.7767398939742084
GO_BP,Downregulated in R,GOBP_RESPONSE_TO_CAMP,2,43,200,0.34888417724541504,"RAPGEF3, THBD",0.7767398939742084
GO_BP,Downregulated in R,GOBP_INTERLEUKIN_2_PRODUCTION,2,43,200,0.34888417724541504,"PDE4D, SPTBN1",0.7767398939742084
GO_BP,Downregulated in R,GOBP_CELL_FATE_SPECIFICATION,2,43,200,0.34888417724541504,"GLI3, NFIA",0.7767398939742084
GO_BP,Downregulated in R,GOBP_REGULATION_OF_SUBSTRATE_ADHESION_DEPENDENT_CELL_SPREADING,2,43,200,0.34888417724541504,"ITGB3, LIMS1",0.7767398939742084
GO_BP,Downregulated in R,GOBP_MULTICELLULAR_ORGANISMAL_LEVEL_CHEMICAL_HOMEOSTASIS,2,43,200,0.34888417724541504,"EXT1, TGFB1",0.7767398939742084
GO_BP,Downregulated in R,GOBP_DICARBOXYLIC_ACID_TRANSPORT,2,43,200,0.34888417724541504,"LRRC8A, PRKG1",0.7767398939742084
GO_BP,Downregulated in R,GOBP_REGULATION_OF_ERBB_SIGNALING_PATHWAY,2,43,200,0.34888417724541504,"HIP1, TGFB1",0.7767398939742084
GO_BP,Downregulated in R,GOBP_CELLULAR_ALDEHYDE_METABOLIC_PROCESS,2,43,200,0.34888417724541504,"ALDOB, GLYCTK",0.7767398939742084
GO_BP,Downregulated in R,GOBP_NUCLEAR_TRANSCRIBED_MRNA_CATABOLIC_PROCESS,2,43,200,0.34888417724541504,"SAMD4A, ZFP36L2",0.7767398939742084
GO_BP,Downregulated in R,GOBP_REGULATION_OF_CELL_CYCLE_G1_S_PHASE_TRANSITION,4,105,200,0.3524047871057296,"ACVR1, CTDSP1, PKD1, PLK3",0.7767398939742084
GO_BP,Upregulated in R,GOBP_REGULATION_OF_PROTEOLYSIS_INVOLVED_IN_PROTEIN_CATABOLIC_PROCESS,4,105,200,0.3524047871057296,"AURKA, CDK2, PLK1, PSMC4",0.7767398939742084
GO_BP,Downregulated in R,GOBP_DETECTION_OF_EXTERNAL_BIOTIC_STIMULUS,1,15,200,0.3527777086230739,TLR2,0.7767398939742084
GO_BP,Upregulated in R,GOBP_BRAIN_MORPHOGENESIS,1,15,200,0.3527777086230739,FANCD2,0.7767398939742084
GO_BP,Downregulated in R,GOBP_NITRIC_OXIDE_SYNTHASE_BIOSYNTHETIC_PROCESS,1,15,200,0.3527777086230739,TLR2,0.7767398939742084
GO_BP,Upregulated in R,GOBP_EMBRYONIC_AXIS_SPECIFICATION,1,15,200,0.3527777086230739,TDRKH,0.7767398939742084
GO_BP,Downregulated in R,GOBP_POSITIVE_REGULATION_OF_BLOOD_CIRCULATION,1,15,200,0.3527777086230739,PDE4D,0.7767398939742084
GO_BP,Upregulated in R,GOBP_GPI_ANCHOR_METABOLIC_PROCESS,1,15,200,0.3527777086230739,PIGM,0.7767398939742084
GO_BP,Downregulated in R,GOBP_REGULATION_OF_MACROPHAGE_DERIVED_FOAM_CELL_DIFFERENTIATION,1,15,200,0.3527777086230739,ITGB3,0.7767398939742084
GO_BP,Downregulated in R,GOBP_CEREBRAL_CORTEX_RADIALLY_ORIENTED_CELL_MIGRATION,1,15,200,0.3527777086230739,GLI3,0.7767398939742084
GO_BP,Downregulated in R,GOBP_REGULATION_OF_TOLL_LIKE_RECEPTOR_4_SIGNALING_PATHWAY,1,15,200,0.3527777086230739,F2RL1,0.7767398939742084
GO_BP,Downregulated in R,GOBP_NEGATIVE_REGULATION_OF_PROTEIN_LOCALIZATION_TO_CELL_PERIPHERY,1,15,200,0.3527777086230739,TGFB1,0.7767398939742084
GO_BP,Downregulated in R,GOBP_NEGATIVE_REGULATION_OF_BLOOD_PRESSURE,1,15,200,0.3527777086230739,ADRB2,0.7767398939742084
GO_BP,Downregulated in R,GOBP_EPITHELIAL_STRUCTURE_MAINTENANCE,1,15,200,0.3527777086230739,LDB2,0.7767398939742084
GO_BP,Downregulated in R,GOBP_MYELIN_ASSEMBLY,1,15,200,0.3527777086230739,TLR2,0.7767398939742084
GO_BP,Upregulated in R,GOBP_GLUTAMATE_RECEPTOR_SIGNALING_PATHWAY,1,15,200,0.3527777086230739,NCSTN,0.7767398939742084
GO_BP,Upregulated in R,GOBP_FIBRINOLYSIS,1,15,200,0.3527777086230739,USF1,0.7767398939742084
GO_BP,Downregulated in R,GOBP_CRANIAL_NERVE_MORPHOGENESIS,1,15,200,0.3527777086230739,GLI3,0.7767398939742084
GO_BP,Upregulated in R,GOBP_PHYSIOLOGICAL_CARDIAC_MUSCLE_HYPERTROPHY,1,15,200,0.3527777086230739,PARP2,0.7767398939742084
GO_BP,Upregulated in R,GOBP_PHOSPHATIDYLINOSITOL_DEPHOSPHORYLATION,1,15,200,0.3527777086230739,MTMR4,0.7767398939742084
GO_BP,Downregulated in R,GOBP_TYPE_II_INTERFERON_MEDIATED_SIGNALING_PATHWAY,1,15,200,0.3527777086230739,IFNGR1,0.7767398939742084
GO_BP,Downregulated in R,GOBP_TOLL_LIKE_RECEPTOR_3_SIGNALING_PATHWAY,1,15,200,0.3527777086230739,F2RL1,0.7767398939742084
GO_BP,Upregulated in R,GOBP_PYRIMIDINE_NUCLEOTIDE_BIOSYNTHETIC_PROCESS,1,15,200,0.3527777086230739,TYMS,0.7767398939742084
GO_BP,Downregulated in R,GOBP_PROTEIN_LOCALIZATION_TO_CELL_CELL_JUNCTION,1,15,200,0.3527777086230739,CGNL1,0.7767398939742084
GO_BP,Upregulated in R,GOBP_NEGATIVE_REGULATION_OF_SIGNAL_TRANSDUCTION_BY_P53_CLASS_MEDIATOR,1,15,200,0.3527777086230739,ATAD5,0.7767398939742084
GO_BP,Downregulated in R,GOBP_NEGATIVE_REGULATION_OF_STEM_CELL_PROLIFERATION,1,15,200,0.3527777086230739,GLI3,0.7767398939742084
GO_BP,Downregulated in R,GOBP_RESPONSE_TO_HYPEROXIA,1,15,200,0.3527777086230739,FOXO1,0.7767398939742084
GO_BP,Downregulated in R,GOBP_KETONE_BIOSYNTHETIC_PROCESS,1,15,200,0.3527777086230739,PRKG1,0.7767398939742084
GO_BP,Downregulated in R,GOBP_LOW_DENSITY_LIPOPROTEIN_PARTICLE_CLEARANCE,1,15,200,0.3527777086230739,LDLR,0.7767398939742084
GO_BP,Upregulated in R,GOBP_L_GLUTAMATE_TRANSMEMBRANE_TRANSPORT,1,15,200,0.3527777086230739,ARL6IP1,0.7767398939742084
GO_BP,Downregulated in R,GOBP_FIBRINOLYSIS,1,15,200,0.3527777086230739,THBD,0.7767398939742084
GO_BP,Upregulated in R,GOBP_RESPONSE_TO_NERVE_GROWTH_FACTOR,1,15,200,0.3527777086230739,CSTF2,0.7767398939742084
GO_BP,Downregulated in R,GOBP_CELLULAR_RESPONSE_TO_FLUID_SHEAR_STRESS,1,15,200,0.3527777086230739,PLEC,0.7767398939742084
GO_BP,Downregulated in R,GOBP_REGULATION_OF_FATTY_ACID_OXIDATION,1,15,200,0.3527777086230739,IRS2,0.7767398939742084
GO_BP,Downregulated in R,GOBP_INTERLEUKIN_17_PRODUCTION,1,15,200,0.3527777086230739,TGFB1,0.7767398939742084
GO_BP,Downregulated in R,GOBP_INNERVATION,1,15,200,0.3527777086230739,SULF2,0.7767398939742084
GO_BP,Downregulated in R,GOBP_CARDIAC_ATRIUM_DEVELOPMENT,1,15,200,0.3527777086230739,ACVR1,0.7767398939742084
GO_BP,Downregulated in R,GOBP_ESTABLISHMENT_OR_MAINTENANCE_OF_MONOPOLAR_CELL_POLARITY,1,15,200,0.3527777086230739,MSN,0.7767398939742084
GO_BP,Upregulated in R,GOBP_REGULATION_OF_MONOCYTE_CHEMOTAXIS,1,15,200,0.3527777086230739,CXCL10,0.7767398939742084
GO_BP,Downregulated in R,GOBP_NEURAL_TUBE_PATTERNING,1,15,200,0.3527777086230739,GLI3,0.7767398939742084
GO_BP,Downregulated in R,GOBP_URONIC_ACID_METABOLIC_PROCESS,1,15,200,0.3527777086230739,UGT1A10,0.7767398939742084
GO_BP,Upregulated in R,GOBP_NEGATIVE_REGULATION_OF_PROTEIN_DEPHOSPHORYLATION,1,15,200,0.3527777086230739,ENSA,0.7767398939742084
GO_BP,Downregulated in R,GOBP_AMELOGENESIS,1,15,200,0.3527777086230739,TGFB1,0.7767398939742084
GO_BP,Upregulated in R,GOBP_NEURONAL_STEM_CELL_POPULATION_MAINTENANCE,1,15,200,0.3527777086230739,FANCD2,0.7767398939742084
GO_BP,Downregulated in R,GOBP_POSITIVE_REGULATION_OF_DNA_BINDING,1,15,200,0.3527777086230739,SKI,0.7767398939742084
GO_BP,Upregulated in R,GOBP_POSITIVE_REGULATION_OF_PEPTIDYL_THREONINE_PHOSPHORYLATION,1,15,200,0.3527777086230739,PLK1,0.7767398939742084
GO_BP,Downregulated in R,GOBP_AMP_METABOLIC_PROCESS,1,15,200,0.3527777086230739,NT5E,0.7767398939742084
GO_BP,Downregulated in R,GOBP_SEQUESTERING_OF_CALCIUM_ION,3,74,200,0.3545302284289227,"ITGB3, PDE4D, TGFB1",0.7767398939742084
GO_BP,Downregulated in R,GOBP_ANTIGEN_PROCESSING_AND_PRESENTATION,3,74,200,0.3545302284289227,"EXT1, MICA, RAB34",0.7767398939742084
GO_BP,Downregulated in R,GOBP_ERBB_SIGNALING_PATHWAY,3,74,200,0.3545302284289227,"HIP1, SHC1, TGFB1",0.7767398939742084
GO_BP,Downregulated in R,GOBP_POSITIVE_REGULATION_OF_IMMUNE_EFFECTOR_PROCESS,4,106,200,0.3589456566975937,"F2RL1, KIT, MICA, TGFB1",0.7767398939742084
GO_BP,Upregulated in R,GOBP_DEVELOPMENT_OF_PRIMARY_FEMALE_SEXUAL_CHARACTERISTICS,2,44,200,0.35930689670010013,"FANCA, NUP107",0.7767398939742084
GO_BP,Upregulated in R,GOBP_ANTIMICROBIAL_HUMORAL_RESPONSE,2,44,200,0.35930689670010013,"CXCL10, CXCL9",0.7767398939742084
GO_BP,Upregulated in R,GOBP_EXTRINSIC_APOPTOTIC_SIGNALING_PATHWAY_VIA_DEATH_DOMAIN_RECEPTORS,2,44,200,0.35930689670010013,"BRCA1, HMGB2",0.7767398939742084
GO_BP,Downregulated in R,GOBP_DEVELOPMENT_OF_PRIMARY_FEMALE_SEXUAL_CHARACTERISTICS,2,44,200,0.35930689670010013,"KIT, SLIT3",0.7767398939742084
GO_BP,Downregulated in R,GOBP_EXTRINSIC_APOPTOTIC_SIGNALING_PATHWAY_VIA_DEATH_DOMAIN_RECEPTORS,2,44,200,0.35930689670010013,"TNFRSF10B, TNFRSF1A",0.7767398939742084
GO_BP,Upregulated in R,GOBP_EMBRYONIC_PLACENTA_DEVELOPMENT,2,44,200,0.35930689670010013,"E2F8, PLK4",0.7767398939742084
GO_BP,Upregulated in R,GOBP_AXIS_SPECIFICATION,2,44,200,0.35930689670010013,"AURKA, TDRKH",0.7767398939742084
GO_BP,Downregulated in R,GOBP_MYELOID_CELL_ACTIVATION_INVOLVED_IN_IMMUNE_RESPONSE,2,44,200,0.35930689670010013,"F2RL1, KIT",0.7767398939742084
GO_BP,Downregulated in R,GOBP_EMBRYONIC_PLACENTA_DEVELOPMENT,2,44,200,0.35930689670010013,"LIF, PKD1",0.7767398939742084
GO_BP,Downregulated in R,GOBP_AXIS_SPECIFICATION,2,44,200,0.35930689670010013,"ETS2, SKI",0.7767398939742084
GO_BP,Upregulated in R,GOBP_REGULATION_OF_RELEASE_OF_SEQUESTERED_CALCIUM_ION_INTO_CYTOSOL,2,44,200,0.35930689670010013,"CXCL10, CXCL9",0.7767398939742084
GO_BP,Downregulated in R,GOBP_INTERMEDIATE_FILAMENT_BASED_PROCESS,2,44,200,0.35930689670010013,"MACF1, PLEC",0.7767398939742084
GO_BP,Downregulated in R,GOBP_REGULATION_OF_DEVELOPMENTAL_GROWTH,5,138,200,0.3593100242119448,"ADRB2, DUSP6, FOXC2, MACF1, YAP1",0.7767398939742084
GO_BP,Upregulated in R,GOBP_RESPONSE_TO_NUTRIENT_LEVELS,8,236,200,0.36126645747586317,"BRIP1, CXCL10, EIF2AK1, ENSA, PARP2, RMI1, TYMS, USF1",0.7767398939742084
GO_BP,Downregulated in R,GOBP_RESPONSE_TO_TEMPERATURE_STIMULUS,3,75,200,0.36238543257900363,"ADRB2, FOXO1, MICA",0.7767398939742084
GO_BP,Upregulated in R,GOBP_REGULATION_OF_INTRACELLULAR_PROTEIN_TRANSPORT,3,75,200,0.36238543257900363,"CDK1, ECT2, UHMK1",0.7767398939742084
GO_BP,Downregulated in R,GOBP_POSITIVE_REGULATION_OF_NF_KAPPAB_TRANSCRIPTION_FACTOR_ACTIVITY,3,75,200,0.36238543257900363,"IRAK3, SLCO3A1, TLR2",0.7767398939742084
GO_BP,Downregulated in R,GOBP_NUCLEAR_TRANSPORT,5,139,200,0.3650251747968398,"ATXN1, GLI3, PKD1, RAPGEF3, TGFB1",0.7767398939742084
GO_BP,Downregulated in R,GOBP_REGULATION_OF_TRANS_SYNAPTIC_SIGNALING,6,172,200,0.3681289647668351,"ADRB2, HIP1, KIT, NFATC4, SSH1, SYNE1",0.7767398939742084
GO_BP,Downregulated in R,GOBP_LYMPHOCYTE_DIFFERENTIATION,7,205,200,0.36957545617898846,"GLI3, JAG2, KIT, LRRC8A, TGFB1, TGFBR2, ZFP36L2",0.7767398939742084
GO_BP,Upregulated in R,GOBP_POSITIVE_REGULATION_OF_UBIQUITIN_DEPENDENT_PROTEIN_CATABOLIC_PROCESS,2,45,200,0.3696685574381022,"AURKA, PLK1",0.7767398939742084
GO_BP,Downregulated in R,GOBP_MYELOID_LEUKOCYTE_MEDIATED_IMMUNITY,2,45,200,0.3696685574381022,"F2RL1, KIT",0.7767398939742084
GO_BP,Upregulated in R,GOBP_HEART_GROWTH,2,45,200,0.3696685574381022,"CDK1, PARP2",0.7767398939742084
GO_BP,Downregulated in R,GOBP_REGULATION_OF_MUSCLE_ADAPTATION,2,45,200,0.3696685574381022,"FOXO1, TNFRSF1A",0.7767398939742084
GO_BP,Downregulated in R,GOBP_MUSCLE_CELL_APOPTOTIC_PROCESS,2,45,200,0.3696685574381022,"FOXO1, MAP3K5",0.7767398939742084
GO_BP,Upregulated in R,GOBP_PROTEIN_HOMOOLIGOMERIZATION,3,76,200,0.3702263628422686,"BLM, ECT2, POLQ",0.7767398939742084
GO_BP,Downregulated in R,GOBP_NEGATIVE_REGULATION_OF_NEURON_APOPTOTIC_PROCESS,3,76,200,0.3702263628422686,"HIPK2, NFATC4, PCDHGC3",0.7767398939742084
GO_BP,Upregulated in R,GOBP_REPRODUCTIVE_SYSTEM_DEVELOPMENT,5,140,200,0.3707424902115017,"BRIP1, FANCA, HMGB2, KIF18A, NUP107",0.7767398939742084
GO_BP,Downregulated in R,GOBP_POSITIVE_REGULATION_OF_T_CELL_MEDIATED_CYTOTOXICITY,1,16,200,0.3713015292119956,MICA,0.7767398939742084
GO_BP,Upregulated in R,GOBP_REGULATORY_NCRNA_PROCESSING,1,16,200,0.3713015292119956,TDRKH,0.7767398939742084
GO_BP,Upregulated in R,GOBP_PROTEIN_REFOLDING,1,16,200,0.3713015292119956,DNAJA1,0.7767398939742084
GO_BP,Upregulated in R,GOBP_POSITIVE_REGULATION_OF_VIRAL_GENOME_REPLICATION,1,16,200,0.3713015292119956,TOP2A,0.7767398939742084
GO_BP,Downregulated in R,GOBP_NEGATIVE_REGULATION_OF_BIOMINERAL_TISSUE_DEVELOPMENT,1,16,200,0.3713015292119956,TGFB1,0.7767398939742084
GO_BP,Downregulated in R,GOBP_BONE_MATURATION,1,16,200,0.3713015292119956,EXT1,0.7767398939742084
GO_BP,Downregulated in R,GOBP_NEUTROPHIL_MEDIATED_IMMUNITY,1,16,200,0.3713015292119956,F2RL1,0.7767398939742084
GO_BP,Downregulated in R,GOBP_NEUROTROPHIN_SIGNALING_PATHWAY,1,16,200,0.3713015292119956,DDIT4,0.7767398939742084
GO_BP,Downregulated in R,GOBP_CARDIAC_MUSCLE_CELL_MEMBRANE_REPOLARIZATION,1,16,200,0.3713015292119956,KCND3,0.7767398939742084
GO_BP,Downregulated in R,GOBP_BRANCHING_INVOLVED_IN_MAMMARY_GLAND_DUCT_MORPHOGENESIS,1,16,200,0.3713015292119956,TGFB1,0.7767398939742084
GO_BP,Upregulated in R,GOBP_EXIT_FROM_MITOSIS,1,16,200,0.3713015292119956,KNTC1,0.7767398939742084
GO_BP,Downregulated in R,GOBP_CELL_COMMUNICATION_BY_ELECTRICAL_COUPLING_INVOLVED_IN_CARDIAC_CONDUCTION,1,16,200,0.3713015292119956,PDE4D,0.7767398939742084
GO_BP,Downregulated in R,GOBP_EPITHELIAL_CELL_MATURATION,1,16,200,0.3713015292119956,TGFB1,0.7767398939742084
GO_BP,Downregulated in R,GOBP_EPIDERMIS_MORPHOGENESIS,1,16,200,0.3713015292119956,EXT1,0.7767398939742084
GO_BP,Downregulated in R,GOBP_FEAR_RESPONSE,1,16,200,0.3713015292119956,EXT1,0.7767398939742084
GO_BP,Downregulated in R,GOBP_REGULATION_OF_HIPPO_SIGNALING,1,16,200,0.3713015292119956,FRMD6,0.7767398939742084
GO_BP,Downregulated in R,GOBP_INOSITOL_PHOSPHATE_METABOLIC_PROCESS,1,16,200,0.3713015292119956,PRKG1,0.7767398939742084
GO_BP,Downregulated in R,GOBP_RESPONSE_TO_FOOD,1,16,200,0.3713015292119956,PLEC,0.7767398939742084
GO_BP,Upregulated in R,GOBP_RETINOIC_ACID_RECEPTOR_SIGNALING_PATHWAY,1,16,200,0.3713015292119956,EZH2,0.7767398939742084
GO_BP,Upregulated in R,GOBP_REGULATION_OF_LYMPHOCYTE_CHEMOTAXIS,1,16,200,0.3713015292119956,CXCL10,0.7767398939742084
GO_BP,Upregulated in R,GOBP_REGULATION_OF_HIPPO_SIGNALING,1,16,200,0.3713015292119956,CIT,0.7767398939742084
GO_BP,Downregulated in R,GOBP_REGULATION_OF_SYSTEMIC_ARTERIAL_BLOOD_PRESSURE_BY_HORMONE,1,16,200,0.3713015292119956,F2RL1,0.7767398939742084
GO_BP,Upregulated in R,GOBP_CELLULAR_DEFENSE_RESPONSE,1,16,200,0.3713015292119956,CXCL9,0.7767398939742084
GO_BP,Downregulated in R,GOBP_NEGATIVE_REGULATION_OF_VASCULAR_ASSOCIATED_SMOOTH_MUSCLE_CELL_PROLIFERATION,1,16,200,0.3713015292119956,PRKG1,0.7767398939742084
GO_BP,Upregulated in R,GOBP_RESPONSE_TO_GONADOTROPIN,1,16,200,0.3713015292119956,CCNA2,0.7767398939742084
GO_BP,Downregulated in R,GOBP_REGULATORY_NCRNA_PROCESSING,1,16,200,0.3713015292119956,TGFB1,0.7767398939742084
GO_BP,Downregulated in R,GOBP_CELL_DIFFERENTIATION_INVOLVED_IN_EMBRYONIC_PLACENTA_DEVELOPMENT,1,16,200,0.3713015292119956,LIF,0.7767398939742084
GO_BP,Upregulated in R,GOBP_CELLULAR_RESPONSE_TO_VITAMIN,1,16,200,0.3713015292119956,BRIP1,0.7767398939742084
GO_BP,Downregulated in R,GOBP_PROTEIN_LOCALIZATION_TO_ENDOSOME,1,16,200,0.3713015292119956,MSN,0.7767398939742084
GO_BP,Upregulated in R,GOBP_NEGATIVE_REGULATION_OF_INFLAMMATORY_RESPONSE_TO_ANTIGENIC_STIMULUS,1,16,200,0.3713015292119956,PSMB4,0.7767398939742084
GO_BP,Downregulated in R,GOBP_NEGATIVE_REGULATION_OF_CELLULAR_SENESCENCE,1,16,200,0.3713015292119956,HMGA2,0.7767398939742084
GO_BP,Downregulated in R,GOBP_NEGATIVE_REGULATION_OF_MONONUCLEAR_CELL_MIGRATION,1,16,200,0.3713015292119956,CNN2,0.7767398939742084
GO_BP,Downregulated in R,GOBP_POSITIVE_REGULATION_OF_OLIGODENDROCYTE_DIFFERENTIATION,1,16,200,0.3713015292119956,TLR2,0.7767398939742084
GO_BP,Downregulated in R,GOBP_RIBONUCLEOSIDE_METABOLIC_PROCESS,1,16,200,0.3713015292119956,NT5E,0.7767398939742084
GO_BP,Upregulated in R,GOBP_REGULATION_OF_AUTOPHAGY_OF_MITOCHONDRION,1,16,200,0.3713015292119956,EIF2AK1,0.7767398939742084
GO_BP,Downregulated in R,GOBP_REGULATION_OF_OSTEOBLAST_PROLIFERATION,1,16,200,0.3713015292119956,ITGB3,0.7767398939742084
GO_BP,Upregulated in R,GOBP_T_CELL_CHEMOTAXIS,1,16,200,0.3713015292119956,CXCL10,0.7767398939742084
GO_BP,Downregulated in R,GOBP_T_CELL_CHEMOTAXIS,1,16,200,0.3713015292119956,PLEC,0.7767398939742084
GO_BP,Downregulated in R,GOBP_POSITIVE_REGULATION_OF_NEUROBLAST_PROLIFERATION,1,16,200,0.3713015292119956,GLI3,0.7767398939742084
GO_BP,Upregulated in R,GOBP_EPITHELIAL_CELL_MATURATION,1,16,200,0.3713015292119956,TYMS,0.7767398939742084
GO_BP,Downregulated in R,GOBP_VASCULAR_WOUND_HEALING,1,16,200,0.3713015292119956,FOXC2,0.7767398939742084
GO_BP,Downregulated in R,GOBP_NUCLEAR_TRANSCRIBED_MRNA_POLY_A_TAIL_SHORTENING,1,16,200,0.3713015292119956,SAMD4A,0.7767398939742084
GO_BP,Downregulated in R,GOBP_WOUND_HEALING_SPREADING_OF_EPIDERMAL_CELLS,1,16,200,0.3713015292119956,ITGB3,0.7767398939742084
GO_BP,Upregulated in R,GOBP_REGULATION_OF_POST_TRANSLATIONAL_PROTEIN_MODIFICATION,4,108,200,0.37202324078953175,"DNAJA1, FANCI, PLK1, SKP2",0.7767398939742084
GO_BP,Upregulated in R,GOBP_MYELOID_CELL_HOMEOSTASIS,4,108,200,0.37202324078953175,"DIAPH3, HMGB2, NCSTN, RACGAP1",0.7767398939742084
GO_BP,Downregulated in R,GOBP_PRODUCTION_OF_MOLECULAR_MEDIATOR_OF_IMMUNE_RESPONSE,4,108,200,0.37202324078953175,"F2RL1, IRAK3, KIT, TGFB1",0.7767398939742084
GO_BP,Downregulated in R,GOBP_RESPONSE_TO_CARBOHYDRATE,4,108,200,0.37202324078953175,"EXTL3, IRS2, KLF7, TGFB1",0.7767398939742084
GO_BP,Upregulated in R,GOBP_CELLULAR_RESPONSE_TO_ABIOTIC_STIMULUS,6,173,200,0.3732727020482433,"BLM, BRCA1, BRCC3, ECT2, PCNA, RAD51",0.7767398939742084
GO_BP,Upregulated in R,GOBP_HOMEOSTASIS_OF_NUMBER_OF_CELLS,6,173,200,0.3732727020482433,"CCNB2, DIAPH3, EZH2, HMGB2, NCSTN, RACGAP1",0.7767398939742084
GO_BP,Downregulated in R,GOBP_MONOATOMIC_ION_TRANSPORT,15,473,200,0.3748472125509644,"ADRB2, CACHD1, CNKSR3, ITGB3, KCND3, LRRC8A, PDE4D, PIEZO2, PKD1, SLC20A2, SLC22A3, SLCO3A1, TCN1, TGFB1, TPT1",0.7767398939742084
GO_BP,Downregulated in R,GOBP_B_CELL_ACTIVATION,5,141,200,0.3764607366972342,"IRS2, KIT, LRRC8A, TGFB1, ZFP36L2",0.7767398939742084
GO_BP,Downregulated in R,GOBP_REGULATION_OF_CALCIUM_ION_TRANSMEMBRANE_TRANSPORT,3,77,200,0.3780501916731551,"ITGB3, PDE4D, TGFB1",0.7767398939742084
GO_BP,Upregulated in R,GOBP_RESPONSE_TO_TOPOLOGICALLY_INCORRECT_PROTEIN,3,77,200,0.3780501916731551,"ATF6, CREB3L4, DNAJA1",0.7767398939742084
GO_BP,Downregulated in R,GOBP_REGULATION_OF_TISSUE_REMODELING,2,46,200,0.37996415307850395,"ITGB3, TGFB1",0.7767398939742084
GO_BP,Upregulated in R,GOBP_DIGESTIVE_SYSTEM_PROCESS,2,46,200,0.37996415307850395,"COPA, EPB41",0.7767398939742084
GO_BP,Downregulated in R,GOBP_POSITIVE_REGULATION_OF_RESPONSE_TO_WOUNDING,2,46,200,0.37996415307850395,"FOXC2, THBD",0.7767398939742084
GO_BP,Downregulated in R,GOBP_CARBOHYDRATE_DERIVATIVE_TRANSPORT,2,46,200,0.37996415307850395,"ANKH, LRRC8A",0.7767398939742084
GO_BP,Upregulated in R,GOBP_CARDIAC_CELL_DEVELOPMENT,2,46,200,0.37996415307850395,"CDK1, PARP2",0.7767398939742084
GO_BP,Downregulated in R,GOBP_MYELOID_CELL_DEVELOPMENT,2,46,200,0.37996415307850395,"KIT, TLR2",0.7767398939742084
GO_BP,Downregulated in R,GOBP_ACUTE_INFLAMMATORY_RESPONSE,2,46,200,0.37996415307850395,"ACVR1, EXT1",0.7767398939742084
GO_BP,Downregulated in R,GOBP_PYRIDINE_CONTAINING_COMPOUND_CATABOLIC_PROCESS,2,46,200,0.37996415307850395,"ALDOB, DDIT4",0.7767398939742084
GO_BP,Upregulated in R,GOBP_TRANSCRIPTION_INITIATION_AT_RNA_POLYMERASE_II_PROMOTER,2,46,200,0.37996415307850395,"USP21, VPS72",0.7767398939742084
GO_BP,Downregulated in R,GOBP_NEURON_APOPTOTIC_PROCESS,5,142,200,0.38217869729923054,"HIPK2, MAP3K5, NFATC4, PCDHGC3, TGFB1",0.7767398939742084
GO_BP,Upregulated in R,GOBP_NEURON_APOPTOTIC_PROCESS,5,142,200,0.38217869729923054,"CIT, KIF14, MYBL2, NCSTN, PARP2",0.7767398939742084
GO_BP,Downregulated in R,GOBP_DEVELOPMENTAL_PROCESS_INVOLVED_IN_REPRODUCTION,11,341,200,0.3828685380851906,"ACVR1, JAG2, KIT, LIF, LRRC8A, MAP3K4, PKD1, PRKG1, SLIT3, SYNE1, TGFB1",0.7767398939742084
GO_BP,Downregulated in R,GOBP_PROCESS_UTILIZING_AUTOPHAGIC_MECHANISM,8,241,200,0.3831546303964696,"ADRB2, ARHGAP26, EFNB1, FOXO1, PLK3, SESN1, SESN3, SNX18",0.7767398939742084
GO_BP,Downregulated in R,GOBP_POSITIVE_REGULATION_OF_DEFENSE_RESPONSE,7,208,200,0.38372946662645213,"F2RL1, IL1RL1, IRAK3, LDLR, TGFB1, TLR2, TNFRSF1A",0.7767398939742084
GO_BP,Downregulated in R,GOBP_CELLULAR_RESPONSE_TO_NUTRIENT_LEVELS,4,110,200,0.38508341488910414,"FOXO1, MAP3K5, SESN1, SESN3",0.7767398939742084
GO_BP,Upregulated in R,GOBP_REGULATION_OF_UBIQUITIN_DEPENDENT_PROTEIN_CATABOLIC_PROCESS,3,78,200,0.3858541841722097,"AURKA, CDK2, PLK1",0.7767398939742084
GO_BP,Downregulated in R,GOBP_PLACENTA_DEVELOPMENT,3,78,200,0.3858541841722097,"LIF, MAP3K4, PKD1",0.7767398939742084
GO_BP,Upregulated in R,GOBP_PROTEIN_MODIFICATION_BY_SMALL_PROTEIN_CONJUGATION,9,275,200,0.3862255389160993,"BRCA1, CCNF, DNAJA1, DTL, FANCI, PLK1, SKP2, UBE2T, UFC1",0.7767398939742084
GO_BP,Downregulated in R,GOBP_REGULATION_OF_HORMONE_LEVELS,8,242,200,0.3875433584612242,"F2RL1, FOXO1, IRS2, KLF7, LIF, LRRC8A, LTBP4, RAPGEF4",0.7767398939742084
GO_BP,Upregulated in R,GOBP_CELLULAR_RESPONSE_TO_OXIDATIVE_STRESS,5,143,200,0.3878951722743082,"CDK1, ECT2, EZH2, FANCD2, PCNA",0.7767398939742084
GO_BP,Downregulated in R,GOBP_POSITIVE_REGULATION_OF_GLUCOSE_IMPORT,1,17,200,0.3892977642424234,IRS2,0.7767398939742084
GO_BP,Downregulated in R,GOBP_REGULATION_OF_AMINO_ACID_TRANSPORT,1,17,200,0.3892977642424234,PRKG1,0.7767398939742084
GO_BP,Downregulated in R,GOBP_PTERIDINE_CONTAINING_COMPOUND_METABOLIC_PROCESS,1,17,200,0.3892977642424234,ALDH1L1,0.7767398939742084
GO_BP,Downregulated in R,GOBP_RECEPTOR_CATABOLIC_PROCESS,1,17,200,0.3892977642424234,TGFB1,0.7767398939742084
GO_BP,Downregulated in R,GOBP_POSITIVE_REGULATION_OF_CELL_MIGRATION_INVOLVED_IN_SPROUTING_ANGIOGENESIS,1,17,200,0.3892977642424234,FOXC2,0.7767398939742084
GO_BP,Upregulated in R,GOBP_PHOSPHOLIPID_DEPHOSPHORYLATION,1,17,200,0.3892977642424234,MTMR4,0.7767398939742084
GO_BP,Downregulated in R,GOBP_DECIDUALIZATION,1,17,200,0.3892977642424234,LIF,0.7767398939742084
GO_BP,Downregulated in R,GOBP_REGULATION_OF_NEUROINFLAMMATORY_RESPONSE,1,17,200,0.3892977642424234,LDLR,0.7767398939742084
GO_BP,Downregulated in R,GOBP_OSTEOBLAST_PROLIFERATION,1,17,200,0.3892977642424234,ITGB3,0.7767398939742084
GO_BP,Upregulated in R,GOBP_REGULATION_OF_PROTEIN_EXPORT_FROM_NUCLEUS,1,17,200,0.3892977642424234,UHMK1,0.7767398939742084
GO_BP,Downregulated in R,GOBP_POSITIVE_REGULATION_OF_ANIMAL_ORGAN_MORPHOGENESIS,1,17,200,0.3892977642424234,TGFB1,0.7767398939742084
GO_BP,Downregulated in R,GOBP_PEPTIDE_BIOSYNTHETIC_PROCESS,1,17,200,0.3892977642424234,GGT5,0.7767398939742084
GO_BP,Upregulated in R,GOBP_NEGATIVE_REGULATION_OF_ACTIN_FILAMENT_BUNDLE_ASSEMBLY,1,17,200,0.3892977642424234,STMN1,0.7767398939742084
GO_BP,Downregulated in R,GOBP_POSITIVE_REGULATION_OF_REGULATED_SECRETORY_PATHWAY,1,17,200,0.3892977642424234,F2RL1,0.7767398939742084
GO_BP,Upregulated in R,GOBP_INTEGRIN_ACTIVATION,1,17,200,0.3892977642424234,KIF14,0.7767398939742084
GO_BP,Downregulated in R,GOBP_VESICLE_TRANSPORT_ALONG_MICROTUBULE,1,17,200,0.3892977642424234,AP3M2,0.7767398939742084
GO_BP,Downregulated in R,GOBP_SMOOTH_MUSCLE_CELL_APOPTOTIC_PROCESS,1,17,200,0.3892977642424234,FOXO1,0.7767398939742084
GO_BP,Downregulated in R,GOBP_COLLATERAL_SPROUTING,1,17,200,0.3892977642424234,PRKG1,0.7767398939742084
GO_BP,Downregulated in R,GOBP_CHROMOSOME_CONDENSATION,1,17,200,0.3892977642424234,HMGA2,0.7767398939742084
GO_BP,Upregulated in R,GOBP_RESPONSE_TO_COPPER_ION,1,17,200,0.3892977642424234,CDK1,0.7767398939742084
GO_BP,Upregulated in R,GOBP_RESPONSE_TO_DIETARY_EXCESS,1,17,200,0.3892977642424234,RMI1,0.7767398939742084
GO_BP,Upregulated in R,GOBP_POSITIVE_REGULATION_OF_GLYCOPROTEIN_METABOLIC_PROCESS,1,17,200,0.3892977642424234,NCSTN,0.7767398939742084
GO_BP,Downregulated in R,GOBP_POSITIVE_REGULATION_OF_FATTY_ACID_METABOLIC_PROCESS,1,17,200,0.3892977642424234,IRS2,0.7767398939742084
GO_BP,Upregulated in R,GOBP_DECIDUALIZATION,1,17,200,0.3892977642424234,PARP2,0.7767398939742084
GO_BP,Upregulated in R,GOBP_REGULATION_OF_AMINO_ACID_TRANSPORT,1,17,200,0.3892977642424234,ARL6IP1,0.7767398939742084
GO_BP,Downregulated in R,GOBP_ICOSANOID_SECRETION,1,17,200,0.3892977642424234,PLA2R1,0.7767398939742084
GO_BP,Downregulated in R,GOBP_HINDBRAIN_MORPHOGENESIS,1,17,200,0.3892977642424234,DLC1,0.7767398939742084
GO_BP,Downregulated in R,GOBP_RESPONSE_TO_DSRNA,1,17,200,0.3892977642424234,IRAK3,0.7767398939742084
GO_BP,Upregulated in R,GOBP_REGULATION_OF_ENDOPLASMIC_RETICULUM_UNFOLDED_PROTEIN_RESPONSE,1,17,200,0.3892977642424234,ATF6,0.7767398939742084
GO_BP,Upregulated in R,GOBP_REGULATION_OF_ESTABLISHMENT_OF_PROTEIN_LOCALIZATION_TO_MITOCHONDRION,1,17,200,0.3892977642424234,DNAJA1,0.7767398939742084
GO_BP,Upregulated in R,GOBP_L_GLUTAMATE_IMPORT,1,17,200,0.3892977642424234,ARL6IP1,0.7767398939742084
GO_BP,Upregulated in R,GOBP_LEUKOCYTE_TETHERING_OR_ROLLING,1,17,200,0.3892977642424234,PODXL2,0.7767398939742084
GO_BP,Downregulated in R,GOBP_LEUKOCYTE_TETHERING_OR_ROLLING,1,17,200,0.3892977642424234,EXT1,0.7767398939742084
GO_BP,Upregulated in R,GOBP_MATURATION_OF_SSU_RRNA,1,17,200,0.3892977642424234,NOL7,0.7767398939742084
GO_BP,Downregulated in R,GOBP_CELL_PROLIFERATION_INVOLVED_IN_KIDNEY_DEVELOPMENT,1,17,200,0.3892977642424234,ITGB3,0.7767398939742084
GO_BP,Downregulated in R,GOBP_NEGATIVE_REGULATION_OF_FIBROBLAST_PROLIFERATION,1,17,200,0.3892977642424234,SKI,0.7767398939742084
GO_BP,Downregulated in R,GOBP_NEGATIVE_REGULATION_OF_PROTEIN_LOCALIZATION_TO_MEMBRANE,1,17,200,0.3892977642424234,TGFB1,0.7767398939742084
GO_BP,Upregulated in R,GOBP_POSITIVE_REGULATION_OF_MUSCLE_HYPERTROPHY,1,17,200,0.3892977642424234,PARP2,0.7767398939742084
GO_BP,Downregulated in R,GOBP_REGULATION_OF_TRIGLYCERIDE_METABOLIC_PROCESS,1,17,200,0.3892977642424234,LDLR,0.7767398939742084
GO_BP,Upregulated in R,GOBP_TETRAPYRROLE_BIOSYNTHETIC_PROCESS,1,17,200,0.3892977642424234,PPOX,0.7767398939742084
GO_BP,Downregulated in R,GOBP_B_CELL_APOPTOTIC_PROCESS,1,17,200,0.3892977642424234,IRS2,0.7767398939742084
GO_BP,Upregulated in R,GOBP_HINDBRAIN_MORPHOGENESIS,1,17,200,0.3892977642424234,KIF14,0.7767398939742084
GO_BP,Downregulated in R,GOBP_CALCIUM_ION_REGULATED_EXOCYTOSIS,1,17,200,0.3892977642424234,RAPGEF4,0.7767398939742084
GO_BP,Downregulated in R,GOBP_FLUID_TRANSPORT,1,17,200,0.3892977642424234,EXT1,0.7767398939742084
GO_BP,Downregulated in R,GOBP_INTERLEUKIN_1_MEDIATED_SIGNALING_PATHWAY,1,17,200,0.3892977642424234,IRAK3,0.7767398939742084
GO_BP,Upregulated in R,GOBP_NEGATIVE_REGULATION_OF_STEM_CELL_DIFFERENTIATION,1,17,200,0.3892977642424234,EZH2,0.7767398939742084
GO_BP,Upregulated in R,GOBP_POSITIVE_REGULATION_OF_ERYTHROCYTE_DIFFERENTIATION,1,17,200,0.3892977642424234,HMGB2,0.7767398939742084
GO_BP,Downregulated in R,GOBP_NEURON_PROJECTION_ARBORIZATION,1,17,200,0.3892977642424234,MACF1,0.7767398939742084
GO_BP,Downregulated in R,GOBP_NEGATIVE_REGULATION_OF_SMOOTHENED_SIGNALING_PATHWAY,1,17,200,0.3892977642424234,GLI3,0.7767398939742084
GO_BP,Downregulated in R,GOBP_C4_DICARBOXYLATE_TRANSPORT,1,17,200,0.3892977642424234,LRRC8A,0.7767398939742084
GO_BP,Downregulated in R,GOBP_EMBRYONIC_DIGESTIVE_TRACT_DEVELOPMENT,1,17,200,0.3892977642424234,GLI3,0.7767398939742084
GO_BP,Upregulated in R,GOBP_DNA_MODIFICATION,1,17,200,0.3892977642424234,PARP2,0.7767398939742084
GO_BP,Downregulated in R,GOBP_REGULATION_OF_FIBROBLAST_GROWTH_FACTOR_RECEPTOR_SIGNALING_PATHWAY,1,17,200,0.3892977642424234,SULF2,0.7767398939742084
GO_BP,Upregulated in R,GOBP_POSITIVE_REGULATION_OF_COAGULATION,1,17,200,0.3892977642424234,USF1,0.7767398939742084
GO_BP,Downregulated in R,GOBP_GLYCOSPHINGOLIPID_BIOSYNTHETIC_PROCESS,1,17,200,0.3892977642424234,A4GALT,0.7767398939742084
GO_BP,Upregulated in R,GOBP_MICROTUBULE_ORGANIZING_CENTER_LOCALIZATION,1,17,200,0.3892977642424234,AURKA,0.7767398939742084
GO_BP,Downregulated in R,GOBP_POSITIVE_REGULATION_OF_COAGULATION,1,17,200,0.3892977642424234,THBD,0.7767398939742084
GO_BP,Downregulated in R,GOBP_PHARYNGEAL_SYSTEM_DEVELOPMENT,1,17,200,0.3892977642424234,ACVR1,0.7767398939742084
GO_BP,Downregulated in R,GOBP_PHOSPHATIDYLCHOLINE_BIOSYNTHETIC_PROCESS,1,17,200,0.3892977642424234,LCAT,0.7767398939742084
GO_BP,Downregulated in R,GOBP_REGULATION_OF_PROTEIN_EXPORT_FROM_NUCLEUS,1,17,200,0.3892977642424234,RAPGEF3,0.7767398939742084
GO_BP,Upregulated in R,GOBP_G0_TO_G1_TRANSITION,1,17,200,0.3892977642424234,ACTL6A,0.7767398939742084
GO_BP,Upregulated in R,GOBP_NEGATIVE_REGULATION_OF_DEPHOSPHORYLATION,1,17,200,0.3892977642424234,ENSA,0.7767398939742084
GO_BP,Downregulated in R,GOBP_RESPONSE_TO_X_RAY,1,17,200,0.3892977642424234,THBD,0.7767398939742084
GO_BP,Downregulated in R,GOBP_RESPONSE_TO_INTERLEUKIN_6,1,17,200,0.3892977642424234,YAP1,0.7767398939742084
GO_BP,Upregulated in R,GOBP_OLIGODENDROCYTE_DEVELOPMENT,1,17,200,0.3892977642424234,NCSTN,0.7767398939742084
GO_BP,Downregulated in R,GOBP_POSITIVE_REGULATION_OF_CELLULAR_RESPONSE_TO_TRANSFORMING_GROWTH_FACTOR_BETA_STIMULUS,1,17,200,0.3892977642424234,HIPK2,0.7767398939742084
GO_BP,Downregulated in R,GOBP_ANTIGEN_PROCESSING_AND_PRESENTATION_OF_ENDOGENOUS_PEPTIDE_ANTIGEN,1,17,200,0.3892977642424234,MICA,0.7767398939742084
GO_BP,Downregulated in R,GOBP_AMYLOID_FIBRIL_FORMATION,1,17,200,0.3892977642424234,LDLR,0.7767398939742084
GO_BP,Downregulated in R,GOBP_VENTRICULAR_CARDIAC_MUSCLE_CELL_ACTION_POTENTIAL,1,17,200,0.3892977642424234,KCND3,0.7767398939742084
GO_BP,Upregulated in R,GOBP_ORGANELLE_FUSION,2,47,200,0.39018900997065037,"CDK1, DIAPH3",0.7767398939742084
GO_BP,Downregulated in R,GOBP_MONOSACCHARIDE_BIOSYNTHETIC_PROCESS,2,47,200,0.39018900997065037,"ALDOB, FOXO1",0.7767398939742084
GO_BP,Downregulated in R,GOBP_INNATE_IMMUNE_RESPONSE_ACTIVATING_CELL_SURFACE_RECEPTOR_SIGNALING_PATHWAY,2,47,200,0.39018900997065037,"F2RL1, TLR2",0.7767398939742084
GO_BP,Upregulated in R,GOBP_REGULATION_OF_ORGAN_GROWTH,2,47,200,0.39018900997065037,"CDK1, PARP2",0.7767398939742084
GO_BP,Downregulated in R,GOBP_AUTOPHAGOSOME_ORGANIZATION,2,47,200,0.39018900997065037,"EFNB1, SNX18",0.7767398939742084
GO_BP,Downregulated in R,GOBP_POSITIVE_REGULATION_OF_CYTOKINE_PRODUCTION_INVOLVED_IN_IMMUNE_RESPONSE,2,47,200,0.39018900997065037,"F2RL1, KIT",0.7767398939742084
GO_BP,Downregulated in R,GOBP_REGULATION_OF_HEART_RATE,2,47,200,0.39018900997065037,"KCND3, PDE4D",0.7767398939742084
GO_BP,Downregulated in R,GOBP_REGULATION_OF_ORGANELLE_ASSEMBLY,4,111,200,0.3916026568435525,"EFNB1, MSN, SNX18, YAP1",0.779099985892589
GO_BP,Downregulated in R,GOBP_REGULATION_OF_LYMPHOCYTE_ACTIVATION,8,243,200,0.3919344703306659,"EFNB1, GLI3, IRS2, LRRC32, MICA, TGFB1, TGFBR2, ZFP36L2",0.7793062576539901
GO_BP,Downregulated in R,GOBP_CALCIUM_ION_TRANSMEMBRANE_TRANSPORT,5,144,200,0.39360897947313755,"CACHD1, ITGB3, PDE4D, PKD1, TGFB1",0.7804176101215666
GO_BP,Upregulated in R,GOBP_HORMONE_MEDIATED_SIGNALING_PATHWAY,3,79,200,0.39363569737689086,"BRCA1, DNAJA1, SKP2",0.7804176101215666
GO_BP,Downregulated in R,GOBP_ACTIN_FILAMENT_BASED_MOVEMENT,3,79,200,0.39363569737689086,"FRMD6, KCND3, PDE4D",0.7804176101215666
GO_BP,Downregulated in R,GOBP_REGULATION_OF_BLOOD_PRESSURE,3,79,200,0.39363569737689086,"ADRB2, EXT1, F2RL1",0.7804176101215666
GO_BP,Upregulated in R,GOBP_NEGATIVE_REGULATION_OF_SUPRAMOLECULAR_FIBER_ORGANIZATION,3,79,200,0.39363569737689086,"DIAPH3, STMN1, TPX2",0.7804176101215666
GO_BP,Downregulated in R,GOBP_REGULATION_OF_MITOTIC_CELL_CYCLE_PHASE_TRANSITION,6,177,200,0.3938650442480605,"ACVR1, CTDSP1, PKD1, PLK3, TGFB1, ZFP36L2",0.7804193684172707
GO_BP,Downregulated in R,GOBP_ORGANIC_CYCLIC_COMPOUND_CATABOLIC_PROCESS,8,244,200,0.39632740981160697,"ALDH1L1, ALDOB, DDIT4, NT5E, PDE4A, PDE4D, SAMD4A, ZFP36L2",0.7848431489370721
GO_BP,Upregulated in R,GOBP_NUCLEOSIDE_TRIPHOSPHATE_METABOLIC_PROCESS,4,112,200,0.3981124396541316,"NDUFAB1, NDUFS2, SDHC, TYMS",0.7859531384810083
GO_BP,Downregulated in R,GOBP_NUCLEOSIDE_TRIPHOSPHATE_METABOLIC_PROCESS,4,112,200,0.3981124396541316,"ALDOB, DDIT4, NT5E, TGFB1",0.7859531384810083
GO_BP,Downregulated in R,GOBP_CELL_PROJECTION_ASSEMBLY,9,278,200,0.398592349236855,"DNMBP, DYNC2H1, EHD2, F2RL1, KIT, NISCH, RAB34, WWTR1, YAP1",0.7859531384810083
GO_BP,Downregulated in R,GOBP_POSITIVE_REGULATION_OF_ENDOTHELIAL_CELL_PROLIFERATION,2,48,200,0.4003387724379133,"HSPG2, ITGB3",0.7859531384810083
GO_BP,Downregulated in R,GOBP_RESPONSE_TO_OSMOTIC_STRESS,2,48,200,0.4003387724379133,"LRRC8A, PLK3",0.7859531384810083
GO_BP,Downregulated in R,GOBP_MOLTING_CYCLE_PROCESS,2,48,200,0.4003387724379133,"EXT1, LDB2",0.7859531384810083
GO_BP,Downregulated in R,GOBP_REGULATION_OF_SYNAPTIC_PLASTICITY,3,80,200,0.4013921794548564,"KIT, NFATC4, SSH1",0.7859531384810083
GO_BP,Upregulated in R,GOBP_CELLULAR_PROCESS_INVOLVED_IN_REPRODUCTION_IN_MULTICELLULAR_ORGANISM,4,113,200,0.4046111376536292,"AURKA, BRIP1, HMGB2, TDRKH",0.7859531384810083
GO_BP,Upregulated in R,GOBP_DEVELOPMENTAL_MATURATION,5,146,200,0.40502395203282743,"AURKA, DIAPH3, KIF14, TDRKH, TYMS",0.7859531384810083
GO_BP,Upregulated in R,GOBP_VENTRICULAR_SYSTEM_DEVELOPMENT,1,18,200,0.4067813667548076,CENPF,0.7859531384810083
GO_BP,Downregulated in R,GOBP_ADENYLATE_CYCLASE_INHIBITING_G_PROTEIN_COUPLED_RECEPTOR_SIGNALING_PATHWAY,1,18,200,0.4067813667548076,ITGB3,0.7859531384810083
GO_BP,Downregulated in R,GOBP_POSITIVE_REGULATION_OF_TELOMERASE_ACTIVITY,1,18,200,0.4067813667548076,MAP3K4,0.7859531384810083
GO_BP,Upregulated in R,GOBP_POSITIVE_REGULATION_OF_INTERFERON_BETA_PRODUCTION,1,18,200,0.4067813667548076,HMGB2,0.7859531384810083
GO_BP,Downregulated in R,GOBP_REGULATION_OF_NEURONAL_SYNAPTIC_PLASTICITY,1,18,200,0.4067813667548076,KIT,0.7859531384810083
GO_BP,Downregulated in R,GOBP_DENDRITIC_CELL_MIGRATION,1,18,200,0.4067813667548076,EXT1,0.7859531384810083
GO_BP,Upregulated in R,GOBP_STRIATED_MUSCLE_ADAPTATION,1,18,200,0.4067813667548076,EZH2,0.7859531384810083
GO_BP,Downregulated in R,GOBP_POSITIVE_REGULATION_OF_AXON_EXTENSION,1,18,200,0.4067813667548076,MACF1,0.7859531384810083
GO_BP,Upregulated in R,GOBP_MATURATION_OF_5_8S_RRNA,1,18,200,0.4067813667548076,ERI2,0.7859531384810083
GO_BP,Upregulated in R,GOBP_BLASTOCYST_FORMATION,1,18,200,0.4067813667548076,ACTL6A,0.7859531384810083
GO_BP,Downregulated in R,GOBP_NEGATIVE_REGULATION_OF_EPITHELIAL_TO_MESENCHYMAL_TRANSITION,1,18,200,0.4067813667548076,SPRED1,0.7859531384810083
GO_BP,Downregulated in R,GOBP_CHOLESTEROL_STORAGE,1,18,200,0.4067813667548076,CES1,0.7859531384810083
GO_BP,Upregulated in R,GOBP_REGULATION_OF_KIDNEY_DEVELOPMENT,1,18,200,0.4067813667548076,EZH2,0.7859531384810083
GO_BP,Downregulated in R,GOBP_SYNAPTIC_VESICLE_LOCALIZATION,1,18,200,0.4067813667548076,AP3M2,0.7859531384810083
GO_BP,Downregulated in R,GOBP_POSITIVE_REGULATION_OF_INTERFERON_BETA_PRODUCTION,1,18,200,0.4067813667548076,TLR2,0.7859531384810083
GO_BP,Downregulated in R,GOBP_EMBRYONIC_EYE_MORPHOGENESIS,1,18,200,0.4067813667548076,HIPK2,0.7859531384810083
GO_BP,Upregulated in R,GOBP_POSITIVE_REGULATION_OF_VIRAL_LIFE_CYCLE,1,18,200,0.4067813667548076,KPNA2,0.7859531384810083
GO_BP,Upregulated in R,GOBP_SKELETAL_MUSCLE_TISSUE_REGENERATION,1,18,200,0.4067813667548076,EZH2,0.7859531384810083
GO_BP,Upregulated in R,GOBP_REGULATION_OF_NEURONAL_SYNAPTIC_PLASTICITY,1,18,200,0.4067813667548076,RAB5A,0.7859531384810083
GO_BP,Downregulated in R,GOBP_STRIATED_MUSCLE_ADAPTATION,1,18,200,0.4067813667548076,FOXO1,0.7859531384810083
GO_BP,Downregulated in R,GOBP_HEART_FORMATION,1,18,200,0.4067813667548076,EXT1,0.7859531384810083
GO_BP,Upregulated in R,GOBP_NEGATIVE_REGULATION_OF_JNK_CASCADE,1,18,200,0.4067813667548076,DNAJA1,0.7859531384810083
GO_BP,Upregulated in R,GOBP_REGULATION_OF_INFLAMMASOME_MEDIATED_SIGNALING_PATHWAY,1,18,200,0.4067813667548076,BRCC3,0.7859531384810083
GO_BP,Downregulated in R,GOBP_BASE_EXCISION_REPAIR,1,18,200,0.4067813667548076,HMGA2,0.7859531384810083
GO_BP,Downregulated in R,GOBP_AMINO_SUGAR_METABOLIC_PROCESS,1,18,200,0.4067813667548076,CHST3,0.7859531384810083
GO_BP,Downregulated in R,GOBP_SULFUR_COMPOUND_CATABOLIC_PROCESS,1,18,200,0.4067813667548076,GGT5,0.7859531384810083
GO_BP,Upregulated in R,GOBP_REGULATION_OF_MITOCHONDRIAL_FISSION,1,18,200,0.4067813667548076,AURKA,0.7859531384810083
GO_BP,Upregulated in R,GOBP_POSITIVE_REGULATION_OF_TELOMERASE_ACTIVITY,1,18,200,0.4067813667548076,NEK2,0.7859531384810083
GO_BP,Upregulated in R,GOBP_CYTOPLASMIC_TRANSLATIONAL_INITIATION,1,18,200,0.4067813667548076,SLBP,0.7859531384810083
GO_BP,Upregulated in R,GOBP_PYRIMIDINE_CONTAINING_COMPOUND_BIOSYNTHETIC_PROCESS,1,18,200,0.4067813667548076,TYMS,0.7859531384810083
GO_BP,Downregulated in R,GOBP_RESPONSE_TO_FUNGUS,1,18,200,0.4067813667548076,TGFB1,0.7859531384810083
GO_BP,Downregulated in R,GOBP_ANIMAL_ORGAN_MATURATION,1,18,200,0.4067813667548076,EXT1,0.7859531384810083
GO_BP,Downregulated in R,GOBP_RESPONSE_TO_INCREASED_OXYGEN_LEVELS,1,18,200,0.4067813667548076,FOXO1,0.7859531384810083
GO_BP,Downregulated in R,GOBP_REGULATION_OF_KIDNEY_DEVELOPMENT,1,18,200,0.4067813667548076,TGFB1,0.7859531384810083
GO_BP,Downregulated in R,GOBP_REGULATION_OF_EXTRINSIC_APOPTOTIC_SIGNALING_PATHWAY,3,81,200,0.40912116880753785,"ACVR1, ITGA6, YAP1",0.78958074160822
GO_BP,Downregulated in R,GOBP_B_CELL_DIFFERENTIATION,3,81,200,0.40912116880753785,"KIT, LRRC8A, ZFP36L2",0.78958074160822
GO_BP,Downregulated in R,GOBP_PIGMENTATION,2,49,200,0.41040938858604603,"GLI3, KIT",0.7907267182233125
GO_BP,Upregulated in R,GOBP_REGULATION_OF_STEM_CELL_PROLIFERATION,2,49,200,0.41040938858604603,"CCNE1, HMGB2",0.7907267182233125
GO_BP,Downregulated in R,GOBP_RESPONSE_TO_RETINOIC_ACID,2,49,200,0.41040938858604603,"IGFBP7, YAP1",0.7907267182233125
GO_BP,Downregulated in R,GOBP_POSITIVE_REGULATION_OF_CELL_DEVELOPMENT,7,215,200,0.41679909862955544,"GLI3, KIT, LIF, MACF1, TGFB1, TGFBR2, TLR2",0.792390315524639
GO_BP,Upregulated in R,GOBP_REGULATION_OF_PROTEIN_LOCALIZATION_TO_NUCLEUS,3,82,200,0.4168202930914015,"CDK1, ECT2, PLK1",0.792390315524639
GO_BP,Downregulated in R,GOBP_CALCIUM_ION_TRANSPORT,6,182,200,0.41957882592785467,"CACHD1, ITGB3, PDE4D, PKD1, TGFB1, TPT1",0.792390315524639
GO_BP,Upregulated in R,GOBP_CELLULAR_RESPONSE_TO_CHEMICAL_STRESS,6,182,200,0.41957882592785467,"CDK1, DNAJA1, ECT2, EZH2, FANCD2, PCNA",0.792390315524639
GO_BP,Upregulated in R,GOBP_RESPONSE_TO_HEAT,2,50,200,0.42039709665616815,"CXCL10, DNAJA1",0.792390315524639
GO_BP,Upregulated in R,GOBP_LIMBIC_SYSTEM_DEVELOPMENT,2,50,200,0.42039709665616815,"EZH2, KIF14",0.792390315524639
GO_BP,Upregulated in R,GOBP_POSITIVE_REGULATION_OF_INTRACELLULAR_PROTEIN_TRANSPORT,2,50,200,0.42039709665616815,"CDK1, ECT2",0.792390315524639
GO_BP,Downregulated in R,GOBP_BIOLOGICAL_PROCESS_INVOLVED_IN_INTERACTION_WITH_SYMBIONT,2,50,200,0.42039709665616815,"F2RL1, HMGA2",0.792390315524639
GO_BP,Downregulated in R,GOBP_MONOSACCHARIDE_TRANSMEMBRANE_TRANSPORT,2,50,200,0.42039709665616815,"GRB10, IRS2",0.792390315524639
GO_BP,Downregulated in R,GOBP_REGULATION_OF_BMP_SIGNALING_PATHWAY,2,50,200,0.42039709665616815,"HIPK2, SKI",0.792390315524639
GO_BP,Downregulated in R,GOBP_PROTEIN_O_LINKED_GLYCOSYLATION,2,50,200,0.42039709665616815,"A4GALT, EOGT",0.792390315524639
GO_BP,Downregulated in R,GOBP_REGULATION_OF_DENDRITE_DEVELOPMENT,2,50,200,0.42039709665616815,"NFATC4, SYNE1",0.792390315524639
GO_BP,Downregulated in R,GOBP_REGULATION_OF_RELEASE_OF_SEQUESTERED_CALCIUM_ION_INTO_CYTOSOL_BY_SARCOPLASMIC_RETICULUM,1,19,200,0.4237668680646199,PDE4D,0.792390315524639
GO_BP,Downregulated in R,GOBP_POSITIVE_REGULATION_OF_STRIATED_MUSCLE_CELL_DIFFERENTIATION,1,19,200,0.4237668680646199,TGFB1,0.792390315524639
GO_BP,Downregulated in R,GOBP_NEGATIVE_REGULATION_OF_INTRINSIC_APOPTOTIC_SIGNALING_PATHWAY_IN_RESPONSE_TO_DNA_DAMAGE,1,19,200,0.4237668680646199,TPT1,0.792390315524639
GO_BP,Upregulated in R,GOBP_POSITIVE_REGULATION_OF_STRIATED_MUSCLE_CELL_DIFFERENTIATION,1,19,200,0.4237668680646199,PARP2,0.792390315524639
GO_BP,Downregulated in R,GOBP_OVARIAN_FOLLICLE_DEVELOPMENT,1,19,200,0.4237668680646199,KIT,0.792390315524639
GO_BP,Downregulated in R,GOBP_POSITIVE_REGULATION_OF_ATP_DEPENDENT_ACTIVITY,1,19,200,0.4237668680646199,ALDOB,0.792390315524639
GO_BP,Downregulated in R,GOBP_POSITIVE_REGULATION_OF_SODIUM_ION_TRANSPORT,1,19,200,0.4237668680646199,CNKSR3,0.792390315524639
GO_BP,Downregulated in R,GOBP_TRIGLYCERIDE_BIOSYNTHETIC_PROCESS,1,19,200,0.4237668680646199,LDLR,0.792390315524639
GO_BP,Upregulated in R,GOBP_REGULATION_OF_CARDIAC_MUSCLE_CELL_PROLIFERATION,1,19,200,0.4237668680646199,CDK1,0.792390315524639
GO_BP,Downregulated in R,GOBP_HEMATOPOIETIC_STEM_CELL_DIFFERENTIATION,1,19,200,0.4237668680646199,EXT1,0.792390315524639
GO_BP,Downregulated in R,GOBP_MITOCHONDRION_LOCALIZATION,1,19,200,0.4237668680646199,PKD1,0.792390315524639
GO_BP,Downregulated in R,GOBP_PROTEIN_CONTAINING_COMPLEX_REMODELING,1,19,200,0.4237668680646199,LCAT,0.792390315524639
GO_BP,Downregulated in R,GOBP_POSITIVE_REGULATION_OF_HEART_GROWTH,1,19,200,0.4237668680646199,YAP1,0.792390315524639
GO_BP,Downregulated in R,GOBP_NEGATIVE_REGULATION_OF_CYTOPLASMIC_PATTERN_RECOGNITION_RECEPTOR_SIGNALING_PATHWAY,1,19,200,0.4237668680646199,F2RL1,0.792390315524639
GO_BP,Upregulated in R,GOBP_REGULATION_OF_PHOSPHOLIPID_METABOLIC_PROCESS,1,19,200,0.4237668680646199,MTMR4,0.792390315524639
GO_BP,Downregulated in R,GOBP_NEGATIVE_REGULATION_OF_ALPHA_BETA_T_CELL_ACTIVATION,1,19,200,0.4237668680646199,GLI3,0.792390315524639
GO_BP,Downregulated in R,GOBP_REGULATION_OF_DENDRITIC_SPINE_MORPHOGENESIS,1,19,200,0.4237668680646199,PDLIM5,0.792390315524639
GO_BP,Downregulated in R,GOBP_CELLULAR_RESPONSE_TO_GAMMA_RADIATION,1,19,200,0.4237668680646199,YAP1,0.792390315524639
GO_BP,Downregulated in R,GOBP_INTESTINAL_ABSORPTION,1,19,200,0.4237668680646199,LDLR,0.792390315524639
GO_BP,Upregulated in R,GOBP_REGULATION_OF_NEURON_MIGRATION,1,19,200,0.4237668680646199,VRK1,0.792390315524639
GO_BP,Downregulated in R,GOBP_NADH_METABOLIC_PROCESS,1,19,200,0.4237668680646199,ALDOB,0.792390315524639
GO_BP,Downregulated in R,GOBP_REGULATORY_T_CELL_DIFFERENTIATION,1,19,200,0.4237668680646199,TGFB1,0.792390315524639
GO_BP,Upregulated in R,GOBP_PROTEIN_CONTAINING_COMPLEX_REMODELING,1,19,200,0.4237668680646199,DIAPH3,0.792390315524639
GO_BP,Upregulated in R,GOBP_NEGATIVE_REGULATION_OF_INTRINSIC_APOPTOTIC_SIGNALING_PATHWAY_IN_RESPONSE_TO_DNA_DAMAGE,1,19,200,0.4237668680646199,ATAD5,0.792390315524639
GO_BP,Downregulated in R,GOBP_POSITIVE_REGULATION_OF_ORGANIC_ACID_TRANSPORT,1,19,200,0.4237668680646199,PLA2R1,0.792390315524639
GO_BP,Downregulated in R,GOBP_POSITIVE_REGULATION_OF_MUSCLE_CONTRACTION,1,19,200,0.4237668680646199,KIT,0.792390315524639
GO_BP,Upregulated in R,GOBP_POSITIVE_REGULATION_OF_ORGANIC_ACID_TRANSPORT,1,19,200,0.4237668680646199,ARL6IP1,0.792390315524639
GO_BP,Downregulated in R,GOBP_REGULATION_OF_CARDIAC_MUSCLE_CELL_PROLIFERATION,1,19,200,0.4237668680646199,YAP1,0.792390315524639
GO_BP,Upregulated in R,GOBP_MRNA_EXPORT_FROM_NUCLEUS,1,19,200,0.4237668680646199,NUP107,0.792390315524639
GO_BP,Downregulated in R,GOBP_EMBRYONIC_CAMERA_TYPE_EYE_DEVELOPMENT,1,19,200,0.4237668680646199,HIPK2,0.792390315524639
GO_BP,Downregulated in R,GOBP_NEGATIVE_REGULATION_OF_ENDOTHELIAL_CELL_APOPTOTIC_PROCESS,1,19,200,0.4237668680646199,ITGB3,0.792390315524639
GO_BP,Upregulated in R,GOBP_NEGATIVE_REGULATION_OF_STRIATED_MUSCLE_CELL_DIFFERENTIATION,1,19,200,0.4237668680646199,EZH2,0.792390315524639
GO_BP,Downregulated in R,GOBP_ANTIGEN_PROCESSING_AND_PRESENTATION_OF_ENDOGENOUS_ANTIGEN,1,19,200,0.4237668680646199,MICA,0.792390315524639
GO_BP,Downregulated in R,GOBP_REGULATION_OF_PHOSPHOLIPID_METABOLIC_PROCESS,1,19,200,0.4237668680646199,LDLR,0.792390315524639
GO_BP,Upregulated in R,GOBP_REGULATION_OF_UBIQUITIN_PROTEIN_TRANSFERASE_ACTIVITY,1,19,200,0.4237668680646199,PLK1,0.792390315524639
GO_BP,Upregulated in R,GOBP_INTESTINAL_ABSORPTION,1,19,200,0.4237668680646199,EPB41,0.792390315524639
GO_BP,Downregulated in R,GOBP_MULTICELLULAR_ORGANISMAL_LEVEL_WATER_HOMEOSTASIS,1,19,200,0.4237668680646199,EXT1,0.792390315524639
GO_BP,Downregulated in R,GOBP_GLYCOSYLATION,4,116,200,0.4240250252203925,"A4GALT, EOGT, EXT1, EXTL3",0.792390315524639
GO_BP,Downregulated in R,GOBP_REGULATION_OF_CYSTEINE_TYPE_ENDOPEPTIDASE_ACTIVITY_INVOLVED_IN_APOPTOTIC_PROCESS,3,83,200,0.424487268163908,"DLC1, HIP1, MAP3K5",0.792390315524639
GO_BP,Downregulated in R,GOBP_ADAPTIVE_THERMOGENESIS,3,83,200,0.424487268163908,"ADRB2, FOXC2, GRB10",0.792390315524639
GO_BP,Upregulated in R,GOBP_RNA_LOCALIZATION,3,83,200,0.424487268163908,"NUP107, NUP210, SLBP",0.792390315524639
GO_BP,Downregulated in R,GOBP_ORGANIC_ACID_METABOLIC_PROCESS,14,455,200,0.42615694564164464,"ALDH1L1, ALDOB, AMT, ANKH, CES1, DDIT4, GGT5, IRS2, KIT, TLR2, TNFRSF1A, TPST1, UGT1A10, UST",0.792390315524639
GO_BP,Upregulated in R,GOBP_STRIATED_MUSCLE_CELL_DIFFERENTIATION,5,150,200,0.4277719007641355,"CDK1, CXCL10, CXCL9, EZH2, PARP2",0.792390315524639
GO_BP,Upregulated in R,GOBP_NEGATIVE_REGULATION_OF_TRANSLATION,2,51,200,0.4302984119030998,"EIF2AK1, TYMS",0.792390315524639
GO_BP,Upregulated in R,GOBP_NEGATIVE_REGULATION_OF_EXTRINSIC_APOPTOTIC_SIGNALING_PATHWAY,2,51,200,0.4302984119030998,"BRCA1, HMGB2",0.792390315524639
GO_BP,Downregulated in R,GOBP_CARDIAC_CONDUCTION,2,51,200,0.4302984119030998,"KCND3, PDE4D",0.792390315524639
GO_BP,Upregulated in R,GOBP_NEUTROPHIL_CHEMOTAXIS,2,51,200,0.4302984119030998,"CXCL10, CXCL9",0.792390315524639
GO_BP,Downregulated in R,GOBP_MITOTIC_CYTOKINESIS,2,51,200,0.4302984119030998,"SNX18, SPTBN1",0.792390315524639
GO_BP,Upregulated in R,GOBP_MUSCLE_HYPERTROPHY,2,51,200,0.4302984119030998,"EZH2, PARP2",0.792390315524639
GO_BP,Upregulated in R,GOBP_POSITIVE_REGULATION_OF_BINDING,2,51,200,0.4302984119030998,"EPB41, STMN1",0.792390315524639
GO_BP,Downregulated in R,GOBP_LYMPHOCYTE_APOPTOTIC_PROCESS,2,51,200,0.4302984119030998,"GLI3, IRS2",0.792390315524639
GO_BP,Downregulated in R,GOBP_NEGATIVE_REGULATION_OF_APOPTOTIC_SIGNALING_PATHWAY,4,117,200,0.4304638738701553,"ACVR1, ITGA6, TPT1, YAP1",0.792390315524639
GO_BP,Downregulated in R,GOBP_REGULATED_EXOCYTOSIS,3,84,200,0.43211989696080044,"F2RL1, KIT, RAPGEF4",0.792390315524639
GO_BP,Upregulated in R,GOBP_POSITIVE_REGULATION_OF_CELL_POPULATION_PROLIFERATION,14,458,200,0.43604057582122036,"ACTL6A, ATAD5, CCNA2, CCNE1, CDC6, CDK1, CDK2, CXCL10, EZH2, FOXM1, HMGB2, KIF14, PRC1, TTK",0.792390315524639
GO_BP,Downregulated in R,GOBP_RESPONSE_TO_REACTIVE_OXYGEN_SPECIES,4,118,200,0.43688407045976335,"MAP3K5, PLK3, SESN1, SESN3",0.792390315524639
GO_BP,Upregulated in R,GOBP_RESPONSE_TO_REACTIVE_OXYGEN_SPECIES,4,118,200,0.43688407045976335,"CDK1, ECT2, EZH2, PCNA",0.792390315524639
GO_BP,Downregulated in R,GOBP_REGULATION_OF_DEFENSE_RESPONSE,11,356,200,0.43858630693096295,"CFH, EXTL3, F2RL1, IL1RL1, IRAK3, LDLR, MICA, NT5E, TGFB1, TLR2, TNFRSF1A",0.792390315524639
GO_BP,Downregulated in R,GOBP_REGULATION_OF_LEUKOCYTE_DIFFERENTIATION,5,152,200,0.439087605859764,"GLI3, LIF, TGFB1, TGFBR2, ZFP36L2",0.792390315524639
GO_BP,Downregulated in R,GOBP_NEURON_MIGRATION,3,85,200,0.4397160683110024,"CELSR1, DDIT4, PRKG1",0.792390315524639
GO_BP,Downregulated in R,GOBP_CELLULAR_RESPONSE_TO_LIPID,9,288,200,0.43985061335713205,"CES1, DDIT4, IRAK3, LDLR, MSN, TGFB1, TLR2, YAP1, ZFP36L2",0.792390315524639
GO_BP,Downregulated in R,GOBP_POSITIVE_REGULATION_OF_ADAPTIVE_IMMUNE_RESPONSE,2,52,200,0.4401101139803913,"MICA, TGFB1",0.792390315524639
GO_BP,Downregulated in R,GOBP_POSITIVE_REGULATION_OF_T_CELL_PROLIFERATION,2,52,200,0.4401101139803913,"EFNB1, TGFBR2",0.792390315524639
GO_BP,Downregulated in R,GOBP_AXON_EXTENSION,2,52,200,0.4401101139803913,"MACF1, SLIT3",0.792390315524639
GO_BP,Downregulated in R,GOBP_NEGATIVE_REGULATION_OF_TRANSFORMING_GROWTH_FACTOR_BETA_RECEPTOR_SIGNALING_PATHWAY,2,52,200,0.4401101139803913,"SKI, SPRED1",0.792390315524639
GO_BP,Upregulated in R,GOBP_NEGATIVE_REGULATION_OF_TRANSFORMING_GROWTH_FACTOR_BETA_RECEPTOR_SIGNALING_PATHWAY,2,52,200,0.4401101139803913,"MTMR4, SUDS3",0.792390315524639
GO_BP,Downregulated in R,GOBP_LIPID_STORAGE,2,52,200,0.4401101139803913,"CES1, ITGB3",0.792390315524639
GO_BP,Downregulated in R,GOBP_LIPOSACCHARIDE_METABOLIC_PROCESS,2,52,200,0.4401101139803913,"A4GALT, KIT",0.792390315524639
GO_BP,Upregulated in R,GOBP_DIGESTION,2,52,200,0.4401101139803913,"COPA, EPB41",0.792390315524639
GO_BP,Upregulated in R,GOBP_PEPTIDYL_THREONINE_MODIFICATION,2,52,200,0.4401101139803913,"CDK1, PLK1",0.792390315524639
GO_BP,Upregulated in R,GOBP_NEGATIVE_REGULATION_OF_PROTEIN_SERINE_THREONINE_KINASE_ACTIVITY,2,52,200,0.4401101139803913,"DNAJA1, PLK1",0.792390315524639
GO_BP,Downregulated in R,GOBP_CELLULAR_RESPONSE_TO_ORGANIC_CYCLIC_COMPOUND,8,254,200,0.44023785984389596,"CES1, DDIT4, ITGA6, MSN, RAPGEF3, SSH1, TGFB1, ZFP36L2",0.792390315524639
GO_BP,Upregulated in R,GOBP_REGULATION_OF_B_CELL_MEDIATED_IMMUNITY,1,20,200,0.44026838959770637,ATAD5,0.792390315524639
GO_BP,Upregulated in R,GOBP_POSITIVE_REGULATION_OF_IMMUNOGLOBULIN_PRODUCTION,1,20,200,0.44026838959770637,ATAD5,0.792390315524639
GO_BP,Downregulated in R,GOBP_AUTOPHAGOSOME_MATURATION,1,20,200,0.44026838959770637,ADRB2,0.792390315524639
GO_BP,Downregulated in R,GOBP_CELL_VOLUME_HOMEOSTASIS,1,20,200,0.44026838959770637,LRRC8A,0.792390315524639
GO_BP,Upregulated in R,GOBP_ANTEROGRADE_AXONAL_TRANSPORT,1,20,200,0.44026838959770637,KIF4A,0.792390315524639
GO_BP,Downregulated in R,GOBP_REGULATION_OF_B_CELL_DIFFERENTIATION,1,20,200,0.44026838959770637,ZFP36L2,0.792390315524639
GO_BP,Upregulated in R,GOBP_REGULATION_OF_INTRINSIC_APOPTOTIC_SIGNALING_PATHWAY_BY_P53_CLASS_MEDIATOR,1,20,200,0.44026838959770637,ATAD5,0.792390315524639
GO_BP,Downregulated in R,GOBP_INTRACILIARY_TRANSPORT,1,20,200,0.44026838959770637,DYNC2H1,0.792390315524639
GO_BP,Upregulated in R,GOBP_REGULATION_OF_KERATINOCYTE_DIFFERENTIATION,1,20,200,0.44026838959770637,EZH2,0.792390315524639
GO_BP,Downregulated in R,GOBP_POSTSYNAPTIC_SPECIALIZATION_ORGANIZATION,1,20,200,0.44026838959770637,ITGB3,0.792390315524639
GO_BP,Downregulated in R,GOBP_POSITIVE_REGULATION_OF_IMMUNOGLOBULIN_PRODUCTION,1,20,200,0.44026838959770637,TGFB1,0.792390315524639
GO_BP,Upregulated in R,GOBP_SYNAPTIC_TRANSMISSION_GABAERGIC,1,20,200,0.44026838959770637,EZH2,0.792390315524639
GO_BP,Downregulated in R,GOBP_REGULATION_OF_KERATINOCYTE_DIFFERENTIATION,1,20,200,0.44026838959770637,EXTL3,0.792390315524639
GO_BP,Upregulated in R,GOBP_INFLAMMASOME_MEDIATED_SIGNALING_PATHWAY,1,20,200,0.44026838959770637,BRCC3,0.792390315524639
GO_BP,Downregulated in R,GOBP_CEREBRAL_CORTEX_CELL_MIGRATION,1,20,200,0.44026838959770637,GLI3,0.792390315524639
GO_BP,Upregulated in R,GOBP_DEOXYRIBONUCLEOTIDE_METABOLIC_PROCESS,1,20,200,0.44026838959770637,TYMS,0.792390315524639
GO_BP,Downregulated in R,GOBP_CELL_CELL_ADHESION_MEDIATED_BY_CADHERIN,1,20,200,0.44026838959770637,NOTCH4,0.792390315524639
GO_BP,Downregulated in R,GOBP_RECEPTOR_RECYCLING,1,20,200,0.44026838959770637,LDLR,0.792390315524639
GO_BP,Downregulated in R,GOBP_NEGATIVE_REGULATION_OF_COLD_INDUCED_THERMOGENESIS,1,20,200,0.44026838959770637,FOXC2,0.792390315524639
GO_BP,Downregulated in R,GOBP_ESTABLISHMENT_OF_SKIN_BARRIER,1,20,200,0.44026838959770637,PLEC,0.792390315524639
GO_BP,Downregulated in R,GOBP_REGULATION_OF_NUCLEOTIDE_CATABOLIC_PROCESS,1,20,200,0.44026838959770637,DDIT4,0.792390315524639
GO_BP,Downregulated in R,GOBP_POSITIVE_REGULATION_OF_FOCAL_ADHESION_ASSEMBLY,1,20,200,0.44026838959770637,LIMS1,0.792390315524639
GO_BP,Downregulated in R,GOBP_FEEDING_BEHAVIOR,1,20,200,0.44026838959770637,SGIP1,0.792390315524639
GO_BP,Upregulated in R,GOBP_RETROGRADE_VESICLE_MEDIATED_TRANSPORT_GOLGI_TO_ENDOPLASMIC_RETICULUM,1,20,200,0.44026838959770637,COPA,0.792390315524639
GO_BP,Downregulated in R,GOBP_OVULATION_CYCLE_PROCESS,1,20,200,0.44026838959770637,SLIT3,0.792390315524639
GO_BP,Upregulated in R,GOBP_ERYTHROCYTE_DEVELOPMENT,1,20,200,0.44026838959770637,DIAPH3,0.792390315524639
GO_BP,Upregulated in R,GOBP_DETERMINATION_OF_ADULT_LIFESPAN,1,20,200,0.44026838959770637,RAD54L,0.792390315524639
GO_BP,Downregulated in R,GOBP_REGULATION_OF_PLATELET_AGGREGATION,1,20,200,0.44026838959770637,PRKG1,0.792390315524639
GO_BP,Downregulated in R,GOBP_NEGATIVE_REGULATION_OF_T_CELL_DIFFERENTIATION,1,20,200,0.44026838959770637,GLI3,0.792390315524639
GO_BP,Upregulated in R,GOBP_REGULATION_OF_RAS_PROTEIN_SIGNAL_TRANSDUCTION,1,20,200,0.44026838959770637,FOXM1,0.792390315524639
GO_BP,Downregulated in R,GOBP_ANTEROGRADE_AXONAL_TRANSPORT,1,20,200,0.44026838959770637,AP3M2,0.792390315524639
GO_BP,Upregulated in R,GOBP_MOTILE_CILIUM_ASSEMBLY,1,20,200,0.44026838959770637,CENPJ,0.792390315524639
GO_BP,Upregulated in R,GOBP_RESPONSE_TO_CATECHOLAMINE,1,20,200,0.44026838959770637,NCSTN,0.792390315524639
GO_BP,Upregulated in R,GOBP_PROTEIN_ACETYLATION,1,20,200,0.44026838959770637,ESCO2,0.792390315524639
GO_BP,Downregulated in R,GOBP_PROTEIN_DEACETYLATION,1,20,200,0.44026838959770637,SPRED1,0.792390315524639
GO_BP,Downregulated in R,GOBP_MITOTIC_G1_S_TRANSITION_CHECKPOINT_SIGNALING,1,20,200,0.44026838959770637,PLK3,0.792390315524639
GO_BP,Downregulated in R,GOBP_REGULATION_OF_B_CELL_MEDIATED_IMMUNITY,1,20,200,0.44026838959770637,TGFB1,0.792390315524639
GO_BP,Downregulated in R,GOBP_DETECTION_OF_BIOTIC_STIMULUS,1,20,200,0.44026838959770637,TLR2,0.792390315524639
GO_BP,Upregulated in R,GOBP_ESTABLISHMENT_OF_SKIN_BARRIER,1,20,200,0.44026838959770637,STMN1,0.792390315524639
GO_BP,Upregulated in R,GOBP_FEEDING_BEHAVIOR,1,20,200,0.44026838959770637,RMI1,0.792390315524639
GO_BP,Downregulated in R,GOBP_PROTEIN_ACETYLATION,1,20,200,0.44026838959770637,FOXO1,0.792390315524639
GO_BP,Downregulated in R,GOBP_REGULATION_OF_GLIAL_CELL_PROLIFERATION,1,20,200,0.44026838959770637,SKI,0.792390315524639
GO_BP,Downregulated in R,GOBP_NEGATIVE_REGULATION_OF_MITOTIC_CELL_CYCLE,4,119,200,0.4432842144508852,"ACVR1, CTDSP1, PLK3, ZFP36L2",0.7944544441456616
GO_BP,Downregulated in R,GOBP_PROTEIN_CATABOLIC_PROCESS,13,426,200,0.4437795470451966,"EXT1, FOXO1, HIPK2, IRAK3, LDLR, LRP1, MSN, PKD1, PLK3, RNF217, SH3RF2, TRIB2, WWTR1",0.7944544441456616
GO_BP,Downregulated in R,GOBP_NEGATIVE_REGULATION_OF_CELL_CYCLE_PROCESS,5,153,200,0.4447272672364424,"ACVR1, CTDSP1, LIF, PLK3, ZFP36L2",0.7944544441456616
GO_BP,Downregulated in R,GOBP_STEROID_BIOSYNTHETIC_PROCESS,3,86,200,0.44727375569505695,"CES1, IGFBP7, PRKG1",0.7944544441456616
GO_BP,Downregulated in R,GOBP_STEROL_METABOLIC_PROCESS,3,86,200,0.44727375569505695,"CES1, LCAT, LDLR",0.7944544441456616
GO_BP,Upregulated in R,GOBP_ATP_METABOLIC_PROCESS,3,86,200,0.44727375569505695,"NDUFAB1, NDUFS2, SDHC",0.7944544441456616
GO_BP,Downregulated in R,GOBP_CARBOHYDRATE_CATABOLIC_PROCESS,3,86,200,0.44727375569505695,"ALDOB, DDIT4, GLYCTK",0.7944544441456616
GO_BP,Downregulated in R,GOBP_PYRIDINE_CONTAINING_COMPOUND_METABOLIC_PROCESS,3,86,200,0.44727375569505695,"ALDH1L1, ALDOB, DDIT4",0.7944544441456616
GO_BP,Downregulated in R,GOBP_POSITIVE_REGULATION_OF_COLD_INDUCED_THERMOGENESIS,2,53,200,0.4498292348140517,"ADRB2, GRB10",0.7944544441456616
GO_BP,Downregulated in R,GOBP_SPERMATID_DIFFERENTIATION,2,53,200,0.4498292348140517,"KIT, PRKG1",0.7944544441456616
GO_BP,Upregulated in R,GOBP_REGULATION_OF_DEPHOSPHORYLATION,2,53,200,0.4498292348140517,"ENSA, MTMR4",0.7944544441456616
GO_BP,Upregulated in R,GOBP_SPERMATID_DIFFERENTIATION,2,53,200,0.4498292348140517,"BRIP1, HMGB2",0.7944544441456616
GO_BP,Downregulated in R,GOBP_REGULATION_OF_DEPHOSPHORYLATION,2,53,200,0.4498292348140517,"DLC1, TGFB1",0.7944544441456616
GO_BP,Downregulated in R,GOBP_FEMALE_SEX_DIFFERENTIATION,2,53,200,0.4498292348140517,"KIT, SLIT3",0.7944544441456616
GO_BP,Upregulated in R,GOBP_FERTILIZATION,2,53,200,0.4498292348140517,"CDK1, TDRKH",0.7944544441456616
GO_BP,Upregulated in R,GOBP_FEMALE_SEX_DIFFERENTIATION,2,53,200,0.4498292348140517,"FANCA, NUP107",0.7944544441456616
GO_BP,Upregulated in R,GOBP_REGULATION_OF_CELLULAR_COMPONENT_BIOGENESIS,14,463,200,0.45250799354690097,"BRCA1, BRCC3, CDK2, CENPJ, ECT2, HJURP, KIF14, PLK1, PLK4, RAB5A, SASS6, SPAG5, SPICE1, STMN1",0.7944544441456616
GO_BP,Downregulated in R,GOBP_MITOTIC_CELL_CYCLE_PHASE_TRANSITION,7,223,200,0.45442878280000953,"ACVR1, CTDSP1, NFIA, PKD1, PLK3, TGFB1, ZFP36L2",0.7944544441456616
GO_BP,Upregulated in R,GOBP_ERYTHROCYTE_HOMEOSTASIS,3,87,200,0.4547910159527264,"DIAPH3, HMGB2, RACGAP1",0.7944544441456616
GO_BP,Downregulated in R,GOBP_POSITIVE_REGULATION_OF_CELL_ACTIVATION,6,189,200,0.45534192716460564,"EFNB1, GLI3, IL1RL1, IRS2, TGFB1, TGFBR2",0.7944544441456616
GO_BP,Upregulated in R,GOBP_POSITIVE_REGULATION_OF_KINASE_ACTIVITY,5,155,200,0.45596525561237305,"BORA, ECT2, EZH2, KIF14, TPX2",0.7944544441456616
GO_BP,Upregulated in R,GOBP_ACTOMYOSIN_STRUCTURE_ORGANIZATION,4,121,200,0.45601893082674994,"ECT2, EPB41, RACGAP1, STMN1",0.7944544441456616
GO_BP,Downregulated in R,GOBP_REGULATION_OF_PROTEOLYSIS,9,292,200,0.4562992927156152,"DLC1, HIP1, HIPK2, LRP1, MAP3K5, PKD1, PLK3, SH3RF2, TRIB2",0.7944544441456616
GO_BP,Downregulated in R,GOBP_REGULATION_OF_MUSCLE_TISSUE_DEVELOPMENT,1,21,200,0.45629965439513703,TGFB1,0.7944544441456616
GO_BP,Downregulated in R,GOBP_T_HELPER_1_TYPE_IMMUNE_RESPONSE,1,21,200,0.45629965439513703,IL1RL1,0.7944544441456616
GO_BP,Downregulated in R,GOBP_ACTIVATED_T_CELL_PROLIFERATION,1,21,200,0.45629965439513703,LRRC32,0.7944544441456616
GO_BP,Downregulated in R,GOBP_TRANSMISSION_OF_NERVE_IMPULSE,1,21,200,0.45629965439513703,PLEC,0.7944544441456616
GO_BP,Upregulated in R,GOBP_OLFACTORY_LOBE_DEVELOPMENT,1,21,200,0.45629965439513703,KIF14,0.7944544441456616
GO_BP,Downregulated in R,GOBP_VITAMIN_TRANSPORT,1,21,200,0.45629965439513703,TCN1,0.7944544441456616
GO_BP,Downregulated in R,GOBP_FOREBRAIN_NEURON_DIFFERENTIATION,1,21,200,0.45629965439513703,ZSWIM6,0.7944544441456616
GO_BP,Upregulated in R,GOBP_REGULATION_OF_TELOMERASE_ACTIVITY,1,21,200,0.45629965439513703,NEK2,0.7944544441456616
GO_BP,Upregulated in R,GOBP_PROTEIN_DESTABILIZATION,1,21,200,0.45629965439513703,PLK1,0.7944544441456616
GO_BP,Downregulated in R,GOBP_NEGATIVE_REGULATION_OF_CALCIUM_ION_TRANSMEMBRANE_TRANSPORT,1,21,200,0.45629965439513703,TGFB1,0.7944544441456616
GO_BP,Upregulated in R,GOBP_REGULATION_OF_MUSCLE_TISSUE_DEVELOPMENT,1,21,200,0.45629965439513703,CENPF,0.7944544441456616
GO_BP,Downregulated in R,GOBP_GLUCAN_BIOSYNTHETIC_PROCESS,1,21,200,0.45629965439513703,IRS2,0.7944544441456616
GO_BP,Upregulated in R,GOBP_POSITIVE_REGULATION_OF_VASCULAR_ENDOTHELIAL_GROWTH_FACTOR_PRODUCTION,1,21,200,0.45629965439513703,BRCA1,0.7944544441456616
GO_BP,Upregulated in R,GOBP_REGULATION_OF_PEPTIDYL_THREONINE_PHOSPHORYLATION,1,21,200,0.45629965439513703,PLK1,0.7944544441456616
GO_BP,Downregulated in R,GOBP_REGULATION_OF_T_CELL_MEDIATED_CYTOTOXICITY,1,21,200,0.45629965439513703,MICA,0.7944544441456616
GO_BP,Downregulated in R,GOBP_CELL_COMMUNICATION_BY_ELECTRICAL_COUPLING,1,21,200,0.45629965439513703,PDE4D,0.7944544441456616
GO_BP,Downregulated in R,GOBP_POSITIVE_REGULATION_OF_STEM_CELL_POPULATION_MAINTENANCE,1,21,200,0.45629965439513703,YAP1,0.7944544441456616
GO_BP,Downregulated in R,GOBP_POSITIVE_REGULATION_OF_TELOMERE_MAINTENANCE_VIA_TELOMERE_LENGTHENING,1,21,200,0.45629965439513703,MAP3K4,0.7944544441456616
GO_BP,Downregulated in R,GOBP_AXONEME_ASSEMBLY,1,21,200,0.45629965439513703,NISCH,0.7944544441456616
GO_BP,Downregulated in R,GOBP_POSTSYNAPTIC_MEMBRANE_ORGANIZATION,1,21,200,0.45629965439513703,SSH1,0.7944544441456616
GO_BP,Downregulated in R,GOBP_IMMUNOGLOBULIN_PRODUCTION_INVOLVED_IN_IMMUNOGLOBULIN_MEDIATED_IMMUNE_RESPONSE,1,21,200,0.45629965439513703,TGFB1,0.7944544441456616
GO_BP,Downregulated in R,GOBP_REGULATION_OF_TELOMERASE_ACTIVITY,1,21,200,0.45629965439513703,MAP3K4,0.7944544441456616
GO_BP,Downregulated in R,GOBP_REGULATION_OF_DNA_TEMPLATED_TRANSCRIPTION_INITIATION,1,21,200,0.45629965439513703,FOXO1,0.7944544441456616
GO_BP,Downregulated in R,GOBP_PROTEIN_AUTOUBIQUITINATION,1,21,200,0.45629965439513703,SH3RF2,0.7944544441456616
GO_BP,Downregulated in R,GOBP_REGULATION_OF_GLUCONEOGENESIS,1,21,200,0.45629965439513703,FOXO1,0.7944544441456616
GO_BP,Downregulated in R,GOBP_MATERNAL_PLACENTA_DEVELOPMENT,1,21,200,0.45629965439513703,LIF,0.7944544441456616
GO_BP,Upregulated in R,GOBP_REGULATION_OF_LONG_TERM_SYNAPTIC_POTENTIATION,1,21,200,0.45629965439513703,NCSTN,0.7944544441456616
GO_BP,Upregulated in R,GOBP_REGULATION_OF_INFLAMMATORY_RESPONSE_TO_ANTIGENIC_STIMULUS,1,21,200,0.45629965439513703,PSMB4,0.7944544441456616
GO_BP,Downregulated in R,GOBP_NEGATIVE_REGULATION_OF_TYPE_II_INTERFERON_PRODUCTION,1,21,200,0.45629965439513703,IL1RL1,0.7944544441456616
GO_BP,Downregulated in R,GOBP_POSITIVE_REGULATION_OF_GLUCOSE_TRANSMEMBRANE_TRANSPORT,1,21,200,0.45629965439513703,IRS2,0.7944544441456616
GO_BP,Downregulated in R,GOBP_REGULATION_OF_ALCOHOL_BIOSYNTHETIC_PROCESS,1,21,200,0.45629965439513703,PRKG1,0.7944544441456616
GO_BP,Upregulated in R,GOBP_MATERNAL_PLACENTA_DEVELOPMENT,1,21,200,0.45629965439513703,PARP2,0.7944544441456616
GO_BP,Downregulated in R,GOBP_REGULATION_OF_PEPTIDYL_THREONINE_PHOSPHORYLATION,1,21,200,0.45629965439513703,SPRED1,0.7944544441456616
GO_BP,Upregulated in R,GOBP_NEGATIVE_REGULATION_OF_ORGANELLE_ASSEMBLY,1,21,200,0.45629965439513703,BRCA1,0.7944544441456616
GO_BP,Downregulated in R,GOBP_ESTABLISHMENT_OF_TISSUE_POLARITY,1,21,200,0.45629965439513703,CELSR1,0.7944544441456616
GO_BP,Upregulated in R,GOBP_POSITIVE_REGULATION_OF_TELOMERE_MAINTENANCE_VIA_TELOMERE_LENGTHENING,1,21,200,0.45629965439513703,NEK2,0.7944544441456616
GO_BP,Upregulated in R,GOBP_NEGATIVE_REGULATION_OF_INTRACELLULAR_STEROID_HORMONE_RECEPTOR_SIGNALING_PATHWAY,1,21,200,0.45629965439513703,BRCA1,0.7944544441456616
GO_BP,Downregulated in R,GOBP_NEGATIVE_REGULATION_OF_OSSIFICATION,1,21,200,0.45629965439513703,TGFB1,0.7944544441456616
GO_BP,Downregulated in R,GOBP_NEGATIVE_REGULATION_OF_PLASMA_MEMBRANE_BOUNDED_CELL_PROJECTION_ASSEMBLY,1,21,200,0.45629965439513703,YAP1,0.7944544441456616
GO_BP,Downregulated in R,GOBP_NEGATIVE_REGULATION_OF_ORGANELLE_ASSEMBLY,1,21,200,0.45629965439513703,YAP1,0.7944544441456616
GO_BP,Upregulated in R,GOBP_REGULATION_OF_FATTY_ACID_BIOSYNTHETIC_PROCESS,1,21,200,0.45629965439513703,BRCA1,0.7944544441456616
GO_BP,Upregulated in R,GOBP_RESPONSE_TO_NITROGEN_COMPOUND,15,499,200,0.4573841753596028,"ATF6, BLM, BRCA1, BRIP1, CCNA2, CDC6, CDK1, CDK2, EZH2, NCSTN, PCNA, RAD51, TIMELESS, TYMS, USF1",0.7959370061275614
GO_BP,Upregulated in R,GOBP_REGULATION_OF_PROTEIN_CONTAINING_COMPLEX_DISASSEMBLY,2,54,200,0.4594530469475612,"DIAPH3, TPX2",0.799130146829363
GO_BP,Downregulated in R,GOBP_REGULATION_OF_MEMBRANE_POTENTIAL,5,156,200,0.46156166264692333,"ADRB2, KCND3, PIEZO2, SSH1, SYNE1",0.8019809967456205
GO_BP,Downregulated in R,GOBP_PROTEIN_LOCALIZATION_TO_NUCLEUS,5,156,200,0.46156166264692333,"GLI3, SYNE1, TGFB1, WWTR1, YAP1",0.8019809967456205
GO_BP,Downregulated in R,GOBP_POSITIVE_REGULATION_OF_PEPTIDASE_ACTIVITY,3,88,200,0.46226598794503887,"DLC1, HIP1, MAP3K5",0.8021283093831398
GO_BP,Upregulated in R,GOBP_CELLULAR_RESPONSE_TO_OXYGEN_LEVELS,3,88,200,0.46226598794503887,"BRIP1, CCNA2, NDUFS2",0.8021283093831398
GO_BP,Upregulated in R,GOBP_REGULATION_OF_INTRACELLULAR_TRANSPORT,4,122,200,0.4623508902738297,"CDK1, ECT2, SPAG5, UHMK1",0.8021283093831398
GO_BP,Upregulated in R,GOBP_NEGATIVE_REGULATION_OF_TRANSCRIPTION_BY_RNA_POLYMERASE_II,12,398,200,0.46620802350683793,"CCNE1, CDK2, E2F8, EZH2, FOXM1, HDGF, HMGB2, METTL13, PCNA, PLK1, SUDS3, VPS72",0.8023502131317342
GO_BP,Downregulated in R,GOBP_MULTICELLULAR_ORGANISMAL_REPRODUCTIVE_PROCESS,9,295,200,0.46859012964882546,"ACVR1, JAG2, KIT, LIF, LRRC8A, PRKG1, SLIT3, SYNE1, TGFB1",0.8023502131317342
GO_BP,Downregulated in R,GOBP_LEUKOCYTE_CHEMOTAXIS,4,123,200,0.4686575710331184,"F2RL1, KIT, PLEC, RIN3",0.8023502131317342
GO_BP,Downregulated in R,GOBP_MUSCLE_ADAPTATION,2,55,200,0.46897905234135834,"FOXO1, TNFRSF1A",0.8023502131317342
GO_BP,Upregulated in R,GOBP_ADENYLATE_CYCLASE_MODULATING_G_PROTEIN_COUPLED_RECEPTOR_SIGNALING_PATHWAY,2,55,200,0.46897905234135834,"CXCL10, CXCL9",0.8023502131317342
GO_BP,Upregulated in R,GOBP_MUSCLE_ADAPTATION,2,55,200,0.46897905234135834,"EZH2, PARP2",0.8023502131317342
GO_BP,Downregulated in R,GOBP_MOLTING_CYCLE,2,55,200,0.46897905234135834,"EXT1, LDB2",0.8023502131317342
GO_BP,Upregulated in R,GOBP_TYPE_I_INTERFERON_PRODUCTION,2,55,200,0.46897905234135834,"HMGB2, KPNA2",0.8023502131317342
GO_BP,Downregulated in R,GOBP_POSITIVE_REGULATION_OF_MONONUCLEAR_CELL_MIGRATION,2,55,200,0.46897905234135834,"ITGB3, TGFB1",0.8023502131317342
GO_BP,Upregulated in R,GOBP_REGULATION_OF_FIBROBLAST_PROLIFERATION,2,55,200,0.46897905234135834,"CCNA2, CDC6",0.8023502131317342
GO_BP,Downregulated in R,GOBP_REGULATION_OF_ALPHA_BETA_T_CELL_ACTIVATION,2,55,200,0.46897905234135834,"GLI3, TGFBR2",0.8023502131317342
GO_BP,Downregulated in R,GOBP_NEGATIVE_REGULATION_OF_LEUKOCYTE_PROLIFERATION,2,55,200,0.46897905234135834,"LRRC32, TGFB1",0.8023502131317342
GO_BP,Downregulated in R,GOBP_POSITIVE_REGULATION_OF_PLASMA_MEMBRANE_BOUNDED_CELL_PROJECTION_ASSEMBLY,2,55,200,0.46897905234135834,"F2RL1, KIT",0.8023502131317342
GO_BP,Downregulated in R,GOBP_REGULATION_OF_CELL_SIZE,3,89,200,0.46969689117580465,"LRRC8A, MACF1, MSN",0.8023502131317342
GO_BP,Downregulated in R,GOBP_NEGATIVE_REGULATION_OF_CELL_CYCLE,6,192,200,0.47052624365905593,"ACVR1, CTDSP1, LIF, PLK3, TGFB1, ZFP36L2",0.8023502131317342
GO_BP,Downregulated in R,GOBP_VISUAL_BEHAVIOR,1,22,200,0.4718739982967371,KIT,0.8023502131317342
GO_BP,Downregulated in R,GOBP_REGULATION_OF_CELLULAR_EXTRAVASATION,1,22,200,0.4718739982967371,LYVE1,0.8023502131317342
GO_BP,Downregulated in R,GOBP_MAMMARY_GLAND_DUCT_MORPHOGENESIS,1,22,200,0.4718739982967371,TGFB1,0.8023502131317342
GO_BP,Downregulated in R,GOBP_REGULATION_OF_COLLAGEN_METABOLIC_PROCESS,1,22,200,0.4718739982967371,TGFB1,0.8023502131317342
GO_BP,Upregulated in R,GOBP_SUBSTANTIA_NIGRA_DEVELOPMENT,1,22,200,0.4718739982967371,SUDS3,0.8023502131317342
GO_BP,Downregulated in R,GOBP_REGULATION_OF_INTRINSIC_APOPTOTIC_SIGNALING_PATHWAY_IN_RESPONSE_TO_DNA_DAMAGE,1,22,200,0.4718739982967371,TPT1,0.8023502131317342
GO_BP,Downregulated in R,GOBP_CELLULAR_RESPONSE_TO_CAMP,1,22,200,0.4718739982967371,RAPGEF3,0.8023502131317342
GO_BP,Upregulated in R,GOBP_POSITIVE_REGULATION_OF_RESPONSE_TO_ENDOPLASMIC_RETICULUM_STRESS,1,22,200,0.4718739982967371,ATF6,0.8023502131317342
GO_BP,Downregulated in R,GOBP_REGULATION_OF_LEUKOCYTE_DEGRANULATION,1,22,200,0.4718739982967371,F2RL1,0.8023502131317342
GO_BP,Downregulated in R,GOBP_PROGRAMMED_NECROTIC_CELL_DEATH,1,22,200,0.4718739982967371,MAP3K5,0.8023502131317342
GO_BP,Downregulated in R,GOBP_RESPONSE_TO_TESTOSTERONE,1,22,200,0.4718739982967371,MSN,0.8023502131317342
GO_BP,Downregulated in R,GOBP_REGULATION_OF_HEART_RATE_BY_CARDIAC_CONDUCTION,1,22,200,0.4718739982967371,KCND3,0.8023502131317342
GO_BP,Upregulated in R,GOBP_MITOCHONDRIAL_FISSION,1,22,200,0.4718739982967371,AURKA,0.8023502131317342
GO_BP,Downregulated in R,GOBP_BROWN_FAT_CELL_DIFFERENTIATION,1,22,200,0.4718739982967371,ADRB2,0.8023502131317342
GO_BP,Downregulated in R,GOBP_REGULATION_OF_SPINDLE_ORGANIZATION,1,22,200,0.4718739982967371,PKD1,0.8023502131317342
GO_BP,Downregulated in R,GOBP_REGULATION_OF_STRESS_ACTIVATED_PROTEIN_KINASE_SIGNALING_CASCADE,1,22,200,0.4718739982967371,FOXO1,0.8023502131317342
GO_BP,Upregulated in R,GOBP_T_CELL_HOMEOSTASIS,1,22,200,0.4718739982967371,CCNB2,0.8023502131317342
GO_BP,Upregulated in R,GOBP_REGULATION_OF_INTRINSIC_APOPTOTIC_SIGNALING_PATHWAY_IN_RESPONSE_TO_DNA_DAMAGE,1,22,200,0.4718739982967371,ATAD5,0.8023502131317342
GO_BP,Upregulated in R,GOBP_ANDROGEN_RECEPTOR_SIGNALING_PATHWAY,1,22,200,0.4718739982967371,DNAJA1,0.8023502131317342
GO_BP,Downregulated in R,GOBP_NEUTRAL_LIPID_BIOSYNTHETIC_PROCESS,1,22,200,0.4718739982967371,LDLR,0.8023502131317342
GO_BP,Downregulated in R,GOBP_POSITIVE_REGULATION_OF_ORGAN_GROWTH,1,22,200,0.4718739982967371,YAP1,0.8023502131317342
GO_BP,Upregulated in R,GOBP_MEGAKARYOCYTE_DIFFERENTIATION,1,22,200,0.4718739982967371,HMGB2,0.8023502131317342
GO_BP,Downregulated in R,GOBP_MAINTENANCE_OF_PROTEIN_LOCALIZATION_IN_ORGANELLE,1,22,200,0.4718739982967371,SYNE1,0.8023502131317342
GO_BP,Upregulated in R,GOBP_REGULATION_OF_STRESS_ACTIVATED_PROTEIN_KINASE_SIGNALING_CASCADE,1,22,200,0.4718739982967371,FOXM1,0.8023502131317342
GO_BP,Upregulated in R,GOBP_RESPONSE_TO_ANTIBIOTIC,1,22,200,0.4718739982967371,EZH2,0.8023502131317342
GO_BP,Downregulated in R,GOBP_RESPONSE_TO_XENOBIOTIC_STIMULUS,7,227,200,0.47308296721514104,"DUSP6, HSPG2, ITGB3, PDE4A, TGFB1, TGFBR2, UGT1A10",0.8040056796054337
GO_BP,Upregulated in R,GOBP_ESTABLISHMENT_OF_PROTEIN_LOCALIZATION_TO_ORGANELLE,6,193,200,0.47556329944208314,"CDK1, DNAJA1, ECT2, KPNA2, NUP107, POLA2",0.807016508144141
GO_BP,Downregulated in R,GOBP_REGULATION_OF_TRANSMEMBRANE_TRANSPORT,6,193,200,0.47556329944208314,"ADRB2, GRB10, IRS2, ITGB3, PDE4D, TGFB1",0.807016508144141
GO_BP,Downregulated in R,GOBP_REGULATION_OF_HEMOPOIESIS,6,193,200,0.47556329944208314,"GLI3, JAG1, LIF, TGFB1, TGFBR2, ZFP36L2",0.807016508144141
GO_BP,Upregulated in R,GOBP_REGULATION_OF_SIGNAL_TRANSDUCTION_BY_P53_CLASS_MEDIATOR,2,56,200,0.47840497161055234,"ATAD5, AURKA",0.8099569053322812
GO_BP,Upregulated in R,GOBP_INTRINSIC_APOPTOTIC_SIGNALING_PATHWAY_IN_RESPONSE_TO_DNA_DAMAGE,2,56,200,0.47840497161055234,"ATAD5, BRCA1",0.8099569053322812
GO_BP,Downregulated in R,GOBP_REGULATION_OF_INNATE_IMMUNE_RESPONSE,6,194,200,0.48058700994656495,"CFH, F2RL1, IRAK3, MICA, TGFB1, TLR2",0.8099569053322812
GO_BP,Downregulated in R,GOBP_CELL_DIVISION,9,298,200,0.4808297091709791,"EXT1, HMGA2, PLEC, PLK3, SNX18, SPTBN1, TGFB1, WWTR1, ZFP36L2",0.8099569053322812
GO_BP,Downregulated in R,GOBP_MAINTENANCE_OF_LOCATION_IN_CELL,4,125,200,0.4811902814070775,"ITGB3, PDE4D, SYNE1, TGFB1",0.8099569053322812
GO_BP,Downregulated in R,GOBP_TAXIS,7,229,200,0.48235354182437534,"F2RL1, ITGB3, KIT, PLEC, RIN3, SLIT3, TGFB1",0.8099569053322812
GO_BP,Upregulated in R,GOBP_NUCLEIC_ACID_CATABOLIC_PROCESS,7,229,200,0.48235354182437534,"CSTF2, DNA2, ERI2, FEN1, NOL7, RNASEH2A, SLBP",0.8099569053322812
GO_BP,Downregulated in R,GOBP_IMMUNE_SYSTEM_DEVELOPMENT,3,91,200,0.4844197640645567,"IRAK3, TGFB1, TGFBR2",0.8099569053322812
GO_BP,Downregulated in R,GOBP_REGULATION_OF_ADAPTIVE_IMMUNE_RESPONSE,3,91,200,0.4844197640645567,"IL1RL1, MICA, TGFB1",0.8099569053322812
GO_BP,Downregulated in R,GOBP_CYTOSKELETON_DEPENDENT_INTRACELLULAR_TRANSPORT,3,91,200,0.4844197640645567,"AP3M2, DYNC2H1, KIF13B",0.8099569053322812
GO_BP,Downregulated in R,GOBP_CALCIUM_ION_TRANSMEMBRANE_IMPORT_INTO_CYTOSOL,3,91,200,0.4844197640645567,"ITGB3, PDE4D, TGFB1",0.8099569053322812
GO_BP,Downregulated in R,GOBP_REGULATION_OF_PROTEIN_CONTAINING_COMPLEX_ASSEMBLY,6,195,200,0.48559670216648476,"LCAT, MSN, PLEKHG2, SPTBN1, SSH1, TGFB1",0.8099569053322812
GO_BP,Downregulated in R,GOBP_MAST_CELL_ACTIVATION_INVOLVED_IN_IMMUNE_RESPONSE,1,23,200,0.48700438081222935,KIT,0.8099569053322812
GO_BP,Upregulated in R,GOBP_RESPONSE_TO_PROGESTERONE,1,23,200,0.48700438081222935,TYMS,0.8099569053322812
GO_BP,Downregulated in R,GOBP_REGULATION_OF_AMYLOID_PRECURSOR_PROTEIN_CATABOLIC_PROCESS,1,23,200,0.48700438081222935,IFNGR1,0.8099569053322812
GO_BP,Downregulated in R,GOBP_CELLULAR_MODIFIED_AMINO_ACID_BIOSYNTHETIC_PROCESS,1,23,200,0.48700438081222935,GGT5,0.8099569053322812
GO_BP,Upregulated in R,GOBP_REGULATION_OF_AUTOPHAGOSOME_ASSEMBLY,1,23,200,0.48700438081222935,RAB5A,0.8099569053322812
GO_BP,Upregulated in R,GOBP_NEGATIVE_REGULATION_OF_REACTIVE_OXYGEN_SPECIES_METABOLIC_PROCESS,1,23,200,0.48700438081222935,BRCA1,0.8099569053322812
GO_BP,Downregulated in R,GOBP_RESPONSE_TO_VITAMIN_D,1,23,200,0.48700438081222935,TGFB1,0.8099569053322812
GO_BP,Downregulated in R,GOBP_GRANULOCYTE_ACTIVATION,1,23,200,0.48700438081222935,F2RL1,0.8099569053322812
GO_BP,Downregulated in R,GOBP_RELEASE_OF_SEQUESTERED_CALCIUM_ION_INTO_CYTOSOL_BY_ENDOPLASMIC_RETICULUM,1,23,200,0.48700438081222935,PDE4D,0.8099569053322812
GO_BP,Downregulated in R,GOBP_STRIATED_MUSCLE_CELL_APOPTOTIC_PROCESS,1,23,200,0.48700438081222935,MAP3K5,0.8099569053322812
GO_BP,Downregulated in R,GOBP_POSITIVE_REGULATION_OF_T_CELL_MIGRATION,1,23,200,0.48700438081222935,ITGB3,0.8099569053322812
GO_BP,Upregulated in R,GOBP_RESPONSE_TO_VITAMIN_D,1,23,200,0.48700438081222935,CXCL10,0.8099569053322812
GO_BP,Downregulated in R,GOBP_NEGATIVE_REGULATION_OF_INTERLEUKIN_6_PRODUCTION,1,23,200,0.48700438081222935,IRAK3,0.8099569053322812
GO_BP,Downregulated in R,GOBP_SENSORY_PERCEPTION_OF_CHEMICAL_STIMULUS,1,23,200,0.48700438081222935,PDE4A,0.8099569053322812
GO_BP,Downregulated in R,GOBP_REGULATION_OF_MYELOID_LEUKOCYTE_MEDIATED_IMMUNITY,1,23,200,0.48700438081222935,F2RL1,0.8099569053322812
GO_BP,Downregulated in R,GOBP_REGULATION_OF_OLIGODENDROCYTE_DIFFERENTIATION,1,23,200,0.48700438081222935,TLR2,0.8099569053322812
GO_BP,Downregulated in R,GOBP_POSITIVE_REGULATION_OF_CD4_POSITIVE_ALPHA_BETA_T_CELL_ACTIVATION,1,23,200,0.48700438081222935,TGFBR2,0.8099569053322812
GO_BP,Downregulated in R,GOBP_PLASMA_LIPOPROTEIN_PARTICLE_CLEARANCE,1,23,200,0.48700438081222935,LDLR,0.8099569053322812
GO_BP,Downregulated in R,GOBP_POSITIVE_REGULATION_OF_VASCULAR_ASSOCIATED_SMOOTH_MUSCLE_CELL_PROLIFERATION,1,23,200,0.48700438081222935,MAP3K5,0.8099569053322812
GO_BP,Downregulated in R,GOBP_SARCOPLASMIC_RETICULUM_CALCIUM_ION_TRANSPORT,1,23,200,0.48700438081222935,PDE4D,0.8099569053322812
GO_BP,Upregulated in R,GOBP_POSITIVE_REGULATION_OF_T_CELL_MIGRATION,1,23,200,0.48700438081222935,CXCL10,0.8099569053322812
GO_BP,Upregulated in R,GOBP_PYRIMIDINE_NUCLEOTIDE_METABOLIC_PROCESS,1,23,200,0.48700438081222935,TYMS,0.8099569053322812
GO_BP,Downregulated in R,GOBP_CELLULAR_RESPONSE_TO_FATTY_ACID,1,23,200,0.48700438081222935,LDLR,0.8099569053322812
GO_BP,Upregulated in R,GOBP_VASCULAR_ENDOTHELIAL_GROWTH_FACTOR_PRODUCTION,1,23,200,0.48700438081222935,BRCA1,0.8099569053322812
GO_BP,Upregulated in R,GOBP_RESPONSE_TO_COCAINE,1,23,200,0.48700438081222935,CCNA2,0.8099569053322812
GO_BP,Downregulated in R,GOBP_POSITIVE_REGULATION_OF_NEURAL_PRECURSOR_CELL_PROLIFERATION,1,23,200,0.48700438081222935,GLI3,0.8099569053322812
GO_BP,Downregulated in R,GOBP_MONOATOMIC_CATION_TRANSPORT,12,404,200,0.4873961676345892,"ADRB2, CACHD1, CNKSR3, ITGB3, KCND3, PDE4D, PIEZO2, PKD1, SLC20A2, TCN1, TGFB1, TPT1",0.8099569053322812
GO_BP,Downregulated in R,GOBP_RESPONSE_TO_TOXIC_SUBSTANCE,4,126,200,0.48741399594676227,"CES1, SESN1, SLC22A3, TLR2",0.8099569053322812
GO_BP,Downregulated in R,GOBP_SENSORY_ORGAN_MORPHOGENESIS,4,126,200,0.48741399594676227,"GLI3, HIPK2, JAG1, SKI",0.8099569053322812
GO_BP,Downregulated in R,GOBP_CARBOHYDRATE_TRANSPORT,2,57,200,0.4877287336851588,"GRB10, IRS2",0.8099569053322812
GO_BP,Upregulated in R,GOBP_POSITIVE_REGULATION_OF_CALCIUM_ION_TRANSPORT,2,57,200,0.4877287336851588,"CXCL10, CXCL9",0.8099569053322812
GO_BP,Upregulated in R,GOBP_REGULATION_OF_ACTOMYOSIN_STRUCTURE_ORGANIZATION,2,57,200,0.4877287336851588,"ECT2, STMN1",0.8099569053322812
GO_BP,Downregulated in R,GOBP_CELLULAR_KETONE_METABOLIC_PROCESS,3,92,200,0.49170856306254956,"CES1, IRS2, PRKG1",0.8157729244398588
GO_BP,Downregulated in R,GOBP_ESTABLISHMENT_OF_CELL_POLARITY,3,92,200,0.49170856306254956,"MSN, PKD1, UST",0.8157729244398588
GO_BP,Upregulated in R,GOBP_NUCLEOSIDE_PHOSPHATE_BIOSYNTHETIC_PROCESS,4,127,200,0.4936078011981466,"NDUFAB1, NDUFS2, SDHC, TYMS",0.8180519330178981
GO_BP,Downregulated in R,GOBP_BIOLOGICAL_PROCESS_INVOLVED_IN_SYMBIOTIC_INTERACTION,5,162,200,0.49476663654918995,"F2RL1, HMGA2, ITGB3, LDLR, SLC20A2",0.8180519330178981
GO_BP,Downregulated in R,GOBP_RAS_PROTEIN_SIGNAL_TRANSDUCTION,2,58,200,0.49694846587770686,"RAPGEF3, RAPGEF4",0.8180519330178981
GO_BP,Upregulated in R,GOBP_NEUTROPHIL_MIGRATION,2,58,200,0.49694846587770686,"CXCL10, CXCL9",0.8180519330178981
GO_BP,Downregulated in R,GOBP_CELL_RECOGNITION,2,58,200,0.49694846587770686,"EXT1, MSN",0.8180519330178981
GO_BP,Downregulated in R,GOBP_NUCLEOBASE_CONTAINING_COMPOUND_TRANSPORT,3,93,200,0.4989469490100281,"ANKH, LRRC8A, TGFBR2",0.8180519330178981
GO_BP,Upregulated in R,GOBP_NUCLEOBASE_CONTAINING_COMPOUND_TRANSPORT,3,93,200,0.4989469490100281,"NUP107, NUP210, SLBP",0.8180519330178981
GO_BP,Downregulated in R,GOBP_NEGATIVE_REGULATION_OF_LYMPHOCYTE_DIFFERENTIATION,1,24,200,0.50170339568867,GLI3,0.8180519330178981
GO_BP,Downregulated in R,GOBP_AXONAL_TRANSPORT,1,24,200,0.50170339568867,AP3M2,0.8180519330178981
GO_BP,Downregulated in R,GOBP_POSITIVE_REGULATION_OF_CELL_SUBSTRATE_JUNCTION_ORGANIZATION,1,24,200,0.50170339568867,LIMS1,0.8180519330178981
GO_BP,Downregulated in R,GOBP_CALCINEURIN_MEDIATED_SIGNALING,1,24,200,0.50170339568867,NFATC4,0.8180519330178981
GO_BP,Downregulated in R,GOBP_INTEGRATED_STRESS_RESPONSE_SIGNALING,1,24,200,0.50170339568867,MAF,0.8180519330178981
GO_BP,Upregulated in R,GOBP_RELEASE_OF_CYTOCHROME_C_FROM_MITOCHONDRIA,1,24,200,0.50170339568867,GGCT,0.8180519330178981
GO_BP,Downregulated in R,GOBP_REGULATION_OF_HOMOTYPIC_CELL_CELL_ADHESION,1,24,200,0.50170339568867,PRKG1,0.8180519330178981
GO_BP,Downregulated in R,GOBP_DENDRITIC_SPINE_MORPHOGENESIS,1,24,200,0.50170339568867,PDLIM5,0.8180519330178981
GO_BP,Downregulated in R,GOBP_POSITIVE_REGULATION_OF_MYELOID_LEUKOCYTE_CYTOKINE_PRODUCTION_INVOLVED_IN_IMMUNE_RESPONSE,1,24,200,0.50170339568867,KIT,0.8180519330178981
GO_BP,Upregulated in R,GOBP_AXONAL_TRANSPORT,1,24,200,0.50170339568867,KIF4A,0.8180519330178981
GO_BP,Downregulated in R,GOBP_SOMITOGENESIS,1,24,200,0.50170339568867,FOXC2,0.8180519330178981
GO_BP,Upregulated in R,GOBP_RESPONSE_TO_EPIDERMAL_GROWTH_FACTOR,1,24,200,0.50170339568867,KNSTRN,0.8180519330178981
GO_BP,Downregulated in R,GOBP_GENITALIA_DEVELOPMENT,1,24,200,0.50170339568867,PKD1,0.8180519330178981
GO_BP,Upregulated in R,GOBP_INTEGRATED_STRESS_RESPONSE_SIGNALING,1,24,200,0.50170339568867,EIF2AK1,0.8180519330178981
GO_BP,Upregulated in R,GOBP_NEGATIVE_REGULATION_OF_CYSTEINE_TYPE_ENDOPEPTIDASE_ACTIVITY_INVOLVED_IN_APOPTOTIC_PROCESS,1,24,200,0.50170339568867,ARL6IP1,0.8180519330178981
GO_BP,Downregulated in R,GOBP_NEGATIVE_REGULATION_OF_LYMPHOCYTE_APOPTOTIC_PROCESS,1,24,200,0.50170339568867,IRS2,0.8180519330178981
GO_BP,Upregulated in R,GOBP_ACTIN_NUCLEATION,1,24,200,0.50170339568867,DIAPH3,0.8180519330178981
GO_BP,Upregulated in R,GOBP_AMYLOID_BETA_CLEARANCE,1,24,200,0.50170339568867,RAB5A,0.8180519330178981
GO_BP,Downregulated in R,GOBP_REGULATION_OF_ATP_METABOLIC_PROCESS,1,24,200,0.50170339568867,DDIT4,0.8180519330178981
GO_BP,Upregulated in R,GOBP_REGULATION_OF_MYELINATION,1,24,200,0.50170339568867,KIF14,0.8180519330178981
GO_BP,Upregulated in R,GOBP_POSITIVE_REGULATION_OF_STEM_CELL_PROLIFERATION,1,24,200,0.50170339568867,CCNE1,0.8180519330178981
GO_BP,Downregulated in R,GOBP_REGULATION_OF_MEIOTIC_CELL_CYCLE,1,24,200,0.50170339568867,LIF,0.8180519330178981
GO_BP,Downregulated in R,GOBP_COLLAGEN_BIOSYNTHETIC_PROCESS,1,24,200,0.50170339568867,TGFB1,0.8180519330178981
GO_BP,Downregulated in R,GOBP_MEMBRANE_REPOLARIZATION,1,24,200,0.50170339568867,KCND3,0.8180519330178981
GO_BP,Downregulated in R,GOBP_RESPONSE_TO_EPIDERMAL_GROWTH_FACTOR,1,24,200,0.50170339568867,ZFP36L2,0.8180519330178981
GO_BP,Downregulated in R,GOBP_POSITIVE_REGULATION_OF_INTERLEUKIN_12_PRODUCTION,1,24,200,0.50170339568867,TLR2,0.8180519330178981
GO_BP,Downregulated in R,GOBP_NEURON_RECOGNITION,1,24,200,0.50170339568867,EXT1,0.8180519330178981
GO_BP,Upregulated in R,GOBP_SECRETION_BY_TISSUE,1,24,200,0.50170339568867,COPA,0.8180519330178981
GO_BP,Downregulated in R,GOBP_POLYOL_BIOSYNTHETIC_PROCESS,1,24,200,0.50170339568867,PRKG1,0.8180519330178981
GO_BP,Upregulated in R,GOBP_INTRINSIC_APOPTOTIC_SIGNALING_PATHWAY,5,164,200,0.505672241217056,"ATAD5, BRCA1, DNAJA1, HELLS, MELK",0.8217453013473393
GO_BP,Upregulated in R,GOBP_REGULATION_OF_PROTEIN_CATABOLIC_PROCESS,5,164,200,0.505672241217056,"AURKA, CDK2, DTL, PLK1, PSMC4",0.8217453013473393
GO_BP,Upregulated in R,GOBP_DNA_TEMPLATED_TRANSCRIPTION_INITIATION,2,59,200,0.5060624843435498,"USP21, VPS72",0.8217453013473393
GO_BP,Downregulated in R,GOBP_ALPHA_BETA_T_CELL_DIFFERENTIATION,2,59,200,0.5060624843435498,"GLI3, TGFBR2",0.8217453013473393
GO_BP,Downregulated in R,GOBP_LEUKOCYTE_HOMEOSTASIS,2,59,200,0.5060624843435498,"CHST3, TGFB1",0.8217453013473393
GO_BP,Downregulated in R,GOBP_REGULATION_OF_PROTEIN_BINDING,2,59,200,0.5060624843435498,"HIPK2, LRP1",0.8217453013473393
GO_BP,Downregulated in R,GOBP_REGULATION_OF_MYELOID_LEUKOCYTE_DIFFERENTIATION,2,59,200,0.5060624843435498,"LIF, TGFB1",0.8217453013473393
GO_BP,Downregulated in R,GOBP_REGULATION_OF_MRNA_CATABOLIC_PROCESS,2,59,200,0.5060624843435498,"SAMD4A, ZFP36L2",0.8217453013473393
GO_BP,Upregulated in R,GOBP_NEGATIVE_REGULATION_OF_KINASE_ACTIVITY,3,94,200,0.5061335228439116,"CEP85, DNAJA1, PLK1",0.8217453013473393
GO_BP,Downregulated in R,GOBP_MALE_GAMETE_GENERATION,5,165,200,0.5110909326336055,"JAG2, KIT, LRRC8A, PRKG1, SYNE1",0.8228752980951556
GO_BP,Upregulated in R,GOBP_POSITIVE_REGULATION_OF_PROTEOLYSIS,5,165,200,0.5110909326336055,"AURKA, NCSTN, PLK1, PSENEN, PSMC4",0.8228752980951556
GO_BP,Upregulated in R,GOBP_RESPONSE_TO_LIGHT_STIMULUS,4,130,200,0.5119992799531764,"DTL, FEN1, PCNA, USF1",0.8228752980951556
GO_BP,Downregulated in R,GOBP_CELL_CYCLE_G1_S_PHASE_TRANSITION,4,130,200,0.5119992799531764,"ACVR1, CTDSP1, PKD1, PLK3",0.8228752980951556
GO_BP,Downregulated in R,GOBP_POSTSYNAPSE_ORGANIZATION,3,95,200,0.5132669572676063,"ITGB3, PDLIM5, SSH1",0.8228752980951556
GO_BP,Upregulated in R,GOBP_POSITIVE_REGULATION_OF_TRANSMEMBRANE_TRANSPORT,3,95,200,0.5132669572676063,"ARL6IP1, CXCL10, CXCL9",0.8228752980951556
GO_BP,Upregulated in R,GOBP_REGULATION_OF_INTRINSIC_APOPTOTIC_SIGNALING_PATHWAY,3,95,200,0.5132669572676063,"ATAD5, DNAJA1, HELLS",0.8228752980951556
GO_BP,Downregulated in R,GOBP_GAMETE_GENERATION,7,236,200,0.5144301591517271,"ACVR1, JAG2, KIT, LRRC8A, PRKG1, SYNE1, TGFB1",0.8228752980951556
GO_BP,Upregulated in R,GOBP_REGULATION_OF_MITOCHONDRION_ORGANIZATION,2,60,200,0.5150692849197455,"AURKA, EIF2AK1",0.8228752980951556
GO_BP,Downregulated in R,GOBP_NEUROTRANSMITTER_TRANSPORT,2,60,200,0.5150692849197455,"ITGB3, SLC22A3",0.8228752980951556
GO_BP,Downregulated in R,GOBP_NON_CANONICAL_NF_KAPPAB_SIGNAL_TRANSDUCTION,2,60,200,0.5150692849197455,"TLR2, TNFRSF10B",0.8228752980951556
GO_BP,Downregulated in R,GOBP_REGULATION_OF_BONE_RESORPTION,1,25,200,0.515983281182618,ITGB3,0.8228752980951556
GO_BP,Downregulated in R,GOBP_DOUBLE_STRAND_BREAK_REPAIR_VIA_NONHOMOLOGOUS_END_JOINING,1,25,200,0.515983281182618,HMGA2,0.8228752980951556
GO_BP,Upregulated in R,GOBP_ANTIVIRAL_INNATE_IMMUNE_RESPONSE,1,25,200,0.515983281182618,CXCL10,0.8228752980951556
GO_BP,Downregulated in R,GOBP_XENOBIOTIC_TRANSPORT,1,25,200,0.515983281182618,SLC22A3,0.8228752980951556
GO_BP,Downregulated in R,GOBP_SALIVARY_GLAND_DEVELOPMENT,1,25,200,0.515983281182618,TGFB1,0.8228752980951556
GO_BP,Upregulated in R,GOBP_RESPONSE_TO_INTERLEUKIN_4,1,25,200,0.515983281182618,MCM2,0.8228752980951556
GO_BP,Upregulated in R,GOBP_HUMORAL_IMMUNE_RESPONSE_MEDIATED_BY_CIRCULATING_IMMUNOGLOBULIN,1,25,200,0.515983281182618,EXO1,0.8228752980951556
GO_BP,Downregulated in R,GOBP_MYOBLAST_FUSION,1,25,200,0.515983281182618,EHD2,0.8228752980951556
GO_BP,Upregulated in R,GOBP_RESPONSE_TO_DEXAMETHASONE,1,25,200,0.515983281182618,PCNA,0.8228752980951556
GO_BP,Downregulated in R,GOBP_POSITIVE_REGULATION_OF_B_CELL_PROLIFERATION,1,25,200,0.515983281182618,IRS2,0.8228752980951556
GO_BP,Downregulated in R,GOBP_SOMATIC_DIVERSIFICATION_OF_IMMUNOGLOBULINS,1,25,200,0.515983281182618,TGFB1,0.8228752980951556
GO_BP,Downregulated in R,GOBP_REGULATION_OF_BEHAVIOR,1,25,200,0.515983281182618,SGIP1,0.8228752980951556
GO_BP,Downregulated in R,GOBP_FATTY_ACID_DERIVATIVE_BIOSYNTHETIC_PROCESS,1,25,200,0.515983281182618,GGT5,0.8228752980951556
GO_BP,Downregulated in R,GOBP_REGULATION_OF_MULTICELLULAR_ORGANISM_GROWTH,1,25,200,0.515983281182618,ADRB2,0.8228752980951556
GO_BP,Upregulated in R,GOBP_CARDIAC_MUSCLE_CELL_PROLIFERATION,1,25,200,0.515983281182618,CDK1,0.8228752980951556
GO_BP,Downregulated in R,GOBP_REGULATION_OF_MACROPHAGE_MIGRATION,1,25,200,0.515983281182618,CNN2,0.8228752980951556
GO_BP,Upregulated in R,GOBP_THYMUS_DEVELOPMENT,1,25,200,0.515983281182618,CCNB2,0.8228752980951556
GO_BP,Downregulated in R,GOBP_ALPHA_BETA_T_CELL_PROLIFERATION,1,25,200,0.515983281182618,TGFBR2,0.8228752980951556
GO_BP,Upregulated in R,GOBP_NEGATIVE_REGULATION_OF_LIPID_BIOSYNTHETIC_PROCESS,1,25,200,0.515983281182618,BRCA1,0.8228752980951556
GO_BP,Downregulated in R,GOBP_EPIBOLY,1,25,200,0.515983281182618,ITGB3,0.8228752980951556
GO_BP,Upregulated in R,GOBP_MONOCYTE_CHEMOTAXIS,1,25,200,0.515983281182618,CXCL10,0.8228752980951556
GO_BP,Downregulated in R,GOBP_CELL_CELL_RECOGNITION,1,25,200,0.515983281182618,MSN,0.8228752980951556
GO_BP,Upregulated in R,GOBP_MODULATION_BY_HOST_OF_VIRAL_PROCESS,1,25,200,0.515983281182618,RAB5A,0.8228752980951556
GO_BP,Downregulated in R,GOBP_NUCLEOSIDE_METABOLIC_PROCESS,1,25,200,0.515983281182618,NT5E,0.8228752980951556
GO_BP,Upregulated in R,GOBP_POSITIVE_REGULATION_OF_B_CELL_PROLIFERATION,1,25,200,0.515983281182618,ATAD5,0.8228752980951556
GO_BP,Upregulated in R,GOBP_NUCLEOSIDE_MONOPHOSPHATE_BIOSYNTHETIC_PROCESS,1,25,200,0.515983281182618,TYMS,0.8228752980951556
GO_BP,Downregulated in R,GOBP_L_AMINO_ACID_CATABOLIC_PROCESS,1,25,200,0.515983281182618,AMT,0.8228752980951556
GO_BP,Downregulated in R,GOBP_REGULATION_OF_DNA_BINDING_TRANSCRIPTION_FACTOR_ACTIVITY,5,166,200,0.516485885362349,"HIPK2, IRAK3, KIT, SLCO3A1, TLR2",0.8232924798869734
GO_BP,Upregulated in R,GOBP_NEGATIVE_REGULATION_OF_GENE_EXPRESSION,13,448,200,0.5182949570942188,"AURKA, BRCA1, BRIP1, CBX3, CDK1, CDK2, EIF2AK1, EZH2, HELLS, HMGB2, LRIF1, TDRKH, TYMS",0.8257908458180276
GO_BP,Downregulated in R,GOBP_MEMBRANE_LIPID_METABOLIC_PROCESS,3,96,200,0.520345995206562,"A4GALT, KIT, TNFRSF1A",0.8282860762467921
GO_BP,Downregulated in R,GOBP_POSITIVE_REGULATION_OF_CYTOSKELETON_ORGANIZATION,3,96,200,0.520345995206562,"F2RL1, RAPGEF3, SYNPO",0.8282860762467921
GO_BP,Upregulated in R,GOBP_RESPONSE_TO_ETHANOL,2,61,200,0.5239675343288236,"CDK1, TYMS",0.8291286564519424
GO_BP,Upregulated in R,GOBP_STEM_CELL_PROLIFERATION,2,61,200,0.5239675343288236,"CCNE1, HMGB2",0.8291286564519424
GO_BP,Upregulated in R,GOBP_B_CELL_MEDIATED_IMMUNITY,2,61,200,0.5239675343288236,"ATAD5, EXO1",0.8291286564519424
GO_BP,Upregulated in R,GOBP_PHOSPHATIDYLINOSITOL_BIOSYNTHETIC_PROCESS,2,61,200,0.5239675343288236,"MTMR4, PIGM",0.8291286564519424
GO_BP,Downregulated in R,GOBP_PYRUVATE_METABOLIC_PROCESS,2,61,200,0.5239675343288236,"ALDOB, DDIT4",0.8291286564519424
GO_BP,Downregulated in R,GOBP_NEGATIVE_REGULATION_OF_NEURON_PROJECTION_DEVELOPMENT,2,61,200,0.5239675343288236,"NR2F1, PTPRG",0.8291286564519424
GO_BP,Downregulated in R,GOBP_REGULATION_OF_CYSTEINE_TYPE_ENDOPEPTIDASE_ACTIVITY,3,97,200,0.5273694482541306,"DLC1, HIP1, MAP3K5",0.8291286564519424
GO_BP,Downregulated in R,GOBP_LYMPHOCYTE_COSTIMULATION,1,26,200,0.5298559300452548,EFNB1,0.8291286564519424
GO_BP,Upregulated in R,GOBP_AXO_DENDRITIC_TRANSPORT,1,26,200,0.5298559300452548,KIF4A,0.8291286564519424
GO_BP,Upregulated in R,GOBP_REGULATION_OF_TELOMERE_MAINTENANCE_VIA_TELOMERE_LENGTHENING,1,26,200,0.5298559300452548,NEK2,0.8291286564519424
GO_BP,Downregulated in R,GOBP_REGULATION_OF_INSULIN_SECRETION_INVOLVED_IN_CELLULAR_RESPONSE_TO_GLUCOSE_STIMULUS,1,26,200,0.5298559300452548,KLF7,0.8291286564519424
GO_BP,Upregulated in R,GOBP_POSITIVE_REGULATION_OF_NEURON_DIFFERENTIATION,1,26,200,0.5298559300452548,ECT2,0.8291286564519424
GO_BP,Upregulated in R,GOBP_VIRAL_TRANSCRIPTION,1,26,200,0.5298559300452548,USF1,0.8291286564519424
GO_BP,Downregulated in R,GOBP_REGULATION_OF_ACTIN_FILAMENT_BASED_MOVEMENT,1,26,200,0.5298559300452548,PDE4D,0.8291286564519424
GO_BP,Downregulated in R,GOBP_INTERFERON_BETA_PRODUCTION,1,26,200,0.5298559300452548,TLR2,0.8291286564519424
GO_BP,Upregulated in R,GOBP_POSITIVE_REGULATION_OF_RECEPTOR_SIGNALING_PATHWAY_VIA_STAT,1,26,200,0.5298559300452548,CENPJ,0.8291286564519424
GO_BP,Upregulated in R,GOBP_SYNAPTIC_VESICLE_EXOCYTOSIS,1,26,200,0.5298559300452548,RAB5A,0.8291286564519424
GO_BP,Downregulated in R,GOBP_ANTIGEN_PROCESSING_AND_PRESENTATION_OF_PEPTIDE_ANTIGEN_VIA_MHC_CLASS_I,1,26,200,0.5298559300452548,MICA,0.8291286564519424
GO_BP,Downregulated in R,GOBP_NEGATIVE_REGULATION_OF_CHEMOTAXIS,1,26,200,0.5298559300452548,RIN3,0.8291286564519424
GO_BP,Downregulated in R,GOBP_ENDOLYSOSOMAL_TOLL_LIKE_RECEPTOR_SIGNALING_PATHWAY,1,26,200,0.5298559300452548,F2RL1,0.8291286564519424
GO_BP,Upregulated in R,GOBP_RESPONSE_TO_AMINE,1,26,200,0.5298559300452548,CDK1,0.8291286564519424
GO_BP,Downregulated in R,GOBP_REGULATION_OF_TELOMERE_MAINTENANCE_VIA_TELOMERE_LENGTHENING,1,26,200,0.5298559300452548,MAP3K4,0.8291286564519424
GO_BP,Downregulated in R,GOBP_SODIUM_ION_HOMEOSTASIS,1,26,200,0.5298559300452548,EXT1,0.8291286564519424
GO_BP,Downregulated in R,GOBP_MITOPHAGY,1,26,200,0.5298559300452548,ARHGAP26,0.8291286564519424
GO_BP,Downregulated in R,GOBP_MULTICELLULAR_ORGANISMAL_MOVEMENT,1,26,200,0.5298559300452548,HIPK2,0.8291286564519424
GO_BP,Upregulated in R,GOBP_INTRINSIC_APOPTOTIC_SIGNALING_PATHWAY_IN_RESPONSE_TO_DNA_DAMAGE_BY_P53_CLASS_MEDIATOR,1,26,200,0.5298559300452548,ATAD5,0.8291286564519424
GO_BP,Upregulated in R,GOBP_LYMPHOCYTE_CHEMOTAXIS,1,26,200,0.5298559300452548,CXCL10,0.8291286564519424
GO_BP,Upregulated in R,GOBP_MITOPHAGY,1,26,200,0.5298559300452548,EIF2AK1,0.8291286564519424
GO_BP,Upregulated in R,GOBP_INTERFERON_BETA_PRODUCTION,1,26,200,0.5298559300452548,HMGB2,0.8291286564519424
GO_BP,Downregulated in R,GOBP_AXO_DENDRITIC_TRANSPORT,1,26,200,0.5298559300452548,AP3M2,0.8291286564519424
GO_BP,Upregulated in R,GOBP_REGULATION_OF_JUN_KINASE_ACTIVITY,1,26,200,0.5298559300452548,DNAJA1,0.8291286564519424
GO_BP,Upregulated in R,GOBP_REGULATION_OF_ERYTHROCYTE_DIFFERENTIATION,1,26,200,0.5298559300452548,HMGB2,0.8291286564519424
GO_BP,Upregulated in R,GOBP_COLUMNAR_CUBOIDAL_EPITHELIAL_CELL_DEVELOPMENT,1,26,200,0.5298559300452548,TYMS,0.8291286564519424
GO_BP,Upregulated in R,GOBP_NEURAL_NUCLEUS_DEVELOPMENT,1,26,200,0.5298559300452548,SUDS3,0.8291286564519424
GO_BP,Downregulated in R,GOBP_POSITIVE_REGULATION_OF_DNA_RECOMBINATION,1,26,200,0.5298559300452548,TGFB1,0.8291286564519424
GO_BP,Downregulated in R,GOBP_VIRAL_TRANSCRIPTION,1,26,200,0.5298559300452548,HMGA2,0.8291286564519424
GO_BP,Downregulated in R,GOBP_LYMPHOCYTE_CHEMOTAXIS,1,26,200,0.5298559300452548,PLEC,0.8291286564519424
GO_BP,Downregulated in R,GOBP_REGULATION_OF_RESPONSE_TO_EXTERNAL_STIMULUS,14,487,200,0.5306582681587264,"CFH, EXTL3, F2RL1, IL1RL1, IRAK3, LDLR, MICA, NT5E, PRKG1, RIN3, TGFB1, THBD, TLR2, TNFRSF1A",0.8300039578892899
GO_BP,Downregulated in R,GOBP_POSITIVE_REGULATION_OF_ORGANELLE_ORGANIZATION,7,240,200,0.5324530959154823,"ADRB2, F2RL1, MAP3K4, MSN, RAPGEF3, SNX18, SYNPO",0.831381775643747
GO_BP,Downregulated in R,GOBP_LYSOSOMAL_TRANSPORT,2,62,200,0.5327560617342395,"ADRB2, LRP1",0.831381775643747
GO_BP,Upregulated in R,GOBP_NUCLEAR_EXPORT,2,62,200,0.5327560617342395,"NUP107, UHMK1",0.831381775643747
GO_BP,Upregulated in R,GOBP_CARDIAC_MUSCLE_CELL_DIFFERENTIATION,2,62,200,0.5327560617342395,"CDK1, PARP2",0.831381775643747
GO_BP,Upregulated in R,GOBP_MYOTUBE_DIFFERENTIATION,2,62,200,0.5327560617342395,"CXCL10, CXCL9",0.831381775643747
GO_BP,Upregulated in R,GOBP_HUMORAL_IMMUNE_RESPONSE,3,98,200,0.5343361951106016,"CXCL10, CXCL9, EXO1",0.8334668687204635
GO_BP,Downregulated in R,GOBP_GENERATION_OF_PRECURSOR_METABOLITES_AND_ENERGY,6,205,200,0.5347838856212443,"ALDH1L1, ALDOB, DDIT4, IRS2, NFATC4, PLEC",0.8337844606490966
GO_BP,Upregulated in R,GOBP_DEPHOSPHORYLATION,4,134,200,0.5360419268856634,"DUSP12, ENSA, MTMR4, PPM1H",0.8345436977357397
GO_BP,Downregulated in R,GOBP_LOCALIZATION_WITHIN_MEMBRANE,9,312,200,0.5369709846156313,"EHD2, ITGB3, LRP1, MACF1, RAB34, SPTBN1, SSH1, TGFB1, TNFRSF1A",0.8345436977357397
GO_BP,Downregulated in R,GOBP_VIRAL_LIFE_CYCLE,5,170,200,0.5378141591228383,"HMGA2, ITGB3, LDLR, NFIA, SLC20A2",0.8345436977357397
GO_BP,Downregulated in R,GOBP_LEUKOCYTE_MEDIATED_IMMUNITY,5,170,200,0.5378141591228383,"F2RL1, JAG1, KIT, MICA, TGFB1",0.8345436977357397
GO_BP,Downregulated in R,GOBP_POSITIVE_REGULATION_OF_GROWTH,3,99,200,0.5412451800181183,"EXTL3, MACF1, YAP1",0.8345436977357397
GO_BP,Upregulated in R,GOBP_RNA_CATABOLIC_PROCESS,3,99,200,0.5412451800181183,"DNA2, FEN1, RNASEH2A",0.8345436977357397
GO_BP,Downregulated in R,GOBP_REGULATION_OF_MYELOID_CELL_DIFFERENTIATION,3,99,200,0.5412451800181183,"JAG1, LIF, TGFB1",0.8345436977357397
GO_BP,Downregulated in R,GOBP_ORGANELLE_DISASSEMBLY,2,63,200,0.5414338506347692,"ARHGAP26, PLK3",0.8345436977357397
GO_BP,Downregulated in R,GOBP_VIRAL_GENOME_REPLICATION,2,63,200,0.5414338506347692,"HMGA2, NFIA",0.8345436977357397
GO_BP,Downregulated in R,GOBP_RENAL_SYSTEM_PROCESS,2,63,200,0.5414338506347692,"F2RL1, SULF2",0.8345436977357397
GO_BP,Downregulated in R,GOBP_DEFENSE_RESPONSE_TO_VIRUS,4,135,200,0.541961065361948,"DDIT4, F2RL1, MICA, TLR2",0.8345436977357397
GO_BP,Upregulated in R,GOBP_INTRACELLULAR_RECEPTOR_SIGNALING_PATHWAY,5,171,200,0.5430799839878652,"BRCA1, BRCC3, DNAJA1, EZH2, SKP2",0.8345436977357397
GO_BP,Downregulated in R,GOBP_NEGATIVE_REGULATION_OF_TUMOR_NECROSIS_FACTOR_SUPERFAMILY_CYTOKINE_PRODUCTION,1,27,200,0.5433328992284207,IRAK3,0.8345436977357397
GO_BP,Downregulated in R,GOBP_POSITIVE_REGULATION_OF_EPITHELIAL_CELL_DIFFERENTIATION,1,27,200,0.5433328992284207,LIF,0.8345436977357397
GO_BP,Upregulated in R,GOBP_NUCLEOBASE_METABOLIC_PROCESS,1,27,200,0.5433328992284207,TYMS,0.8345436977357397
GO_BP,Downregulated in R,GOBP_OLIGOSACCHARIDE_METABOLIC_PROCESS,1,27,200,0.5433328992284207,GANC,0.8345436977357397
GO_BP,Downregulated in R,GOBP_ACIDIC_AMINO_ACID_TRANSPORT,1,27,200,0.5433328992284207,PRKG1,0.8345436977357397
GO_BP,Upregulated in R,GOBP_SCHWANN_CELL_DIFFERENTIATION,1,27,200,0.5433328992284207,CDK1,0.8345436977357397
GO_BP,Upregulated in R,GOBP_NEGATIVE_REGULATION_OF_BMP_SIGNALING_PATHWAY,1,27,200,0.5433328992284207,MTMR4,0.8345436977357397
GO_BP,Upregulated in R,GOBP_LEUKOCYTE_ADHESION_TO_VASCULAR_ENDOTHELIAL_CELL,1,27,200,0.5433328992284207,PODXL2,0.8345436977357397
GO_BP,Downregulated in R,GOBP_PURINE_NUCLEOSIDE_MONOPHOSPHATE_METABOLIC_PROCESS,1,27,200,0.5433328992284207,NT5E,0.8345436977357397
GO_BP,Downregulated in R,GOBP_MAST_CELL_ACTIVATION,1,27,200,0.5433328992284207,KIT,0.8345436977357397
GO_BP,Upregulated in R,GOBP_REGULATION_OF_NEUROTRANSMITTER_SECRETION,1,27,200,0.5433328992284207,RAB5A,0.8345436977357397
GO_BP,Downregulated in R,GOBP_DIGESTIVE_TRACT_MORPHOGENESIS,1,27,200,0.5433328992284207,GLI3,0.8345436977357397
GO_BP,Downregulated in R,GOBP_GLUTATHIONE_METABOLIC_PROCESS,1,27,200,0.5433328992284207,GGT5,0.8345436977357397
GO_BP,Downregulated in R,GOBP_MACROMOLECULE_DEACYLATION,1,27,200,0.5433328992284207,SPRED1,0.8345436977357397
GO_BP,Upregulated in R,GOBP_AMINE_TRANSPORT,1,27,200,0.5433328992284207,ARL6IP1,0.8345436977357397
GO_BP,Downregulated in R,GOBP_VESICLE_MEDIATED_TRANSPORT_BETWEEN_ENDOSOMAL_COMPARTMENTS,1,27,200,0.5433328992284207,MSN,0.8345436977357397
GO_BP,Upregulated in R,GOBP_VESICLE_MEDIATED_TRANSPORT_BETWEEN_ENDOSOMAL_COMPARTMENTS,1,27,200,0.5433328992284207,RAB5A,0.8345436977357397
GO_BP,Upregulated in R,GOBP_ACIDIC_AMINO_ACID_TRANSPORT,1,27,200,0.5433328992284207,ARL6IP1,0.8345436977357397
GO_BP,Downregulated in R,GOBP_AMINE_TRANSPORT,1,27,200,0.5433328992284207,PRKG1,0.8345436977357397
GO_BP,Downregulated in R,GOBP_LEUKOCYTE_ADHESION_TO_VASCULAR_ENDOTHELIAL_CELL,1,27,200,0.5433328992284207,EXT1,0.8345436977357397
GO_BP,Downregulated in R,GOBP_VESICLE_CYTOSKELETAL_TRAFFICKING,1,27,200,0.5433328992284207,AP3M2,0.8345436977357397
GO_BP,Upregulated in R,GOBP_REGULATION_OF_CELLULAR_LOCALIZATION,13,457,200,0.5480789341625364,"BORA, CCNE1, CCNE2, CDK1, CENPJ, DNAJA1, ECT2, ENSA, EPB41, PLK1, SPAG5, UHMK1, VRK1",0.8399245392818808
GO_BP,Downregulated in R,GOBP_REGULATION_OF_PROTEIN_POLYMERIZATION,3,100,200,0.5480954111939735,"PLEKHG2, SPTBN1, SSH1",0.8399245392818808
GO_BP,Upregulated in R,GOBP_REGULATION_OF_LYMPHOCYTE_DIFFERENTIATION,3,100,200,0.5480954111939735,"ACTL6A, FANCA, FANCD2",0.8399245392818808
GO_BP,Downregulated in R,GOBP_MONOATOMIC_ION_TRANSMEMBRANE_TRANSPORT,11,386,200,0.5481501900938022,"ADRB2, CACHD1, ITGB3, KCND3, LRRC8A, PDE4D, PIEZO2, PKD1, SLC20A2, TCN1, TGFB1",0.8399245392818808
GO_BP,Upregulated in R,GOBP_NEGATIVE_REGULATION_OF_PROTEIN_CONTAINING_COMPLEX_ASSEMBLY,2,64,200,0.5500000310855084,"KIF14, STMN1",0.8399245392818808
GO_BP,Upregulated in R,GOBP_HEMATOPOIETIC_PROGENITOR_CELL_DIFFERENTIATION,2,64,200,0.5500000310855084,"ESCO2, TOP2A",0.8399245392818808
GO_BP,Downregulated in R,GOBP_HINDBRAIN_DEVELOPMENT,2,64,200,0.5500000310855084,"DLC1, PRKG1",0.8399245392818808
GO_BP,Downregulated in R,GOBP_NEGATIVE_REGULATION_OF_PROTEIN_CONTAINING_COMPLEX_ASSEMBLY,2,64,200,0.5500000310855084,"SPTBN1, SSH1",0.8399245392818808
GO_BP,Downregulated in R,GOBP_RESPONSE_TO_INORGANIC_SUBSTANCE,8,280,200,0.5513864994254936,"ANKH, CPNE8, FOXO1, KIT, MAP3K5, NFATC4, NT5E, PLEC",0.8399245392818808
GO_BP,Downregulated in R,GOBP_HOMEOSTASIS_OF_NUMBER_OF_CELLS,5,173,200,0.5535277210867311,"CHST3, EXT1, HIPK2, KIT, TGFB1",0.8399245392818808
GO_BP,Downregulated in R,GOBP_CELL_ACTIVATION_INVOLVED_IN_IMMUNE_RESPONSE,4,137,200,0.5536838845546933,"F2RL1, KIT, LRP1, TGFB1",0.8399245392818808
GO_BP,Downregulated in R,GOBP_SYMBIONT_ENTRY_INTO_HOST,3,101,200,0.5548859592646568,"ITGB3, LDLR, SLC20A2",0.8399245392818808
GO_BP,Downregulated in R,GOBP_RETINA_MORPHOGENESIS_IN_CAMERA_TYPE_EYE,1,28,200,0.5564254193193491,HIPK2,0.8399245392818808
GO_BP,Downregulated in R,GOBP_CALCIUM_DEPENDENT_CELL_CELL_ADHESION_VIA_PLASMA_MEMBRANE_CELL_ADHESION_MOLECULES,1,28,200,0.5564254193193491,PCDHGC3,0.8399245392818808
GO_BP,Upregulated in R,GOBP_APICAL_JUNCTION_ASSEMBLY,1,28,200,0.5564254193193491,ECT2,0.8399245392818808
GO_BP,Upregulated in R,GOBP_POSITIVE_REGULATION_OF_PROTEIN_BINDING,1,28,200,0.5564254193193491,EPB41,0.8399245392818808
GO_BP,Downregulated in R,GOBP_ESTABLISHMENT_OR_MAINTENANCE_OF_BIPOLAR_CELL_POLARITY,1,28,200,0.5564254193193491,MSN,0.8399245392818808
GO_BP,Upregulated in R,GOBP_POSITIVE_REGULATION_OF_LYMPHOCYTE_MIGRATION,1,28,200,0.5564254193193491,CXCL10,0.8399245392818808
GO_BP,Downregulated in R,GOBP_CLATHRIN_DEPENDENT_ENDOCYTOSIS,1,28,200,0.5564254193193491,SGIP1,0.8399245392818808
GO_BP,Downregulated in R,GOBP_REGULATION_OF_CELLULAR_SENESCENCE,1,28,200,0.5564254193193491,HMGA2,0.8399245392818808
GO_BP,Upregulated in R,GOBP_REGULATION_OF_IMMUNOGLOBULIN_PRODUCTION,1,28,200,0.5564254193193491,ATAD5,0.8399245392818808
GO_BP,Downregulated in R,GOBP_NON_MOTILE_CILIUM_ASSEMBLY,1,28,200,0.5564254193193491,DYNC2H1,0.8399245392818808
GO_BP,Downregulated in R,GOBP_REGULATION_OF_IMMUNOGLOBULIN_PRODUCTION,1,28,200,0.5564254193193491,TGFB1,0.8399245392818808
GO_BP,Downregulated in R,GOBP_NEGATIVE_REGULATION_OF_OSTEOBLAST_DIFFERENTIATION,1,28,200,0.5564254193193491,SKI,0.8399245392818808
GO_BP,Downregulated in R,GOBP_NEGATIVE_REGULATION_OF_UBIQUITIN_DEPENDENT_PROTEIN_CATABOLIC_PROCESS,1,28,200,0.5564254193193491,HIPK2,0.8399245392818808
GO_BP,Downregulated in R,GOBP_NEURAL_RETINA_DEVELOPMENT,1,28,200,0.5564254193193491,HIPK2,0.8399245392818808
GO_BP,Upregulated in R,GOBP_REGULATION_OF_GLYCOPROTEIN_METABOLIC_PROCESS,1,28,200,0.5564254193193491,NCSTN,0.8399245392818808
GO_BP,Upregulated in R,GOBP_NEGATIVE_REGULATION_OF_SMALL_GTPASE_MEDIATED_SIGNAL_TRANSDUCTION,1,28,200,0.5564254193193491,STMN1,0.8399245392818808
GO_BP,Downregulated in R,GOBP_PROTEIN_LIPID_COMPLEX_ORGANIZATION,1,28,200,0.5564254193193491,LCAT,0.8399245392818808
GO_BP,Downregulated in R,GOBP_NEGATIVE_REGULATION_OF_PHOSPHATIDYLINOSITOL_3_KINASE_PROTEIN_KINASE_B_SIGNAL_TRANSDUCTION,1,28,200,0.5564254193193491,PLK3,0.8399245392818808
GO_BP,Upregulated in R,GOBP_NEURAL_RETINA_DEVELOPMENT,1,28,200,0.5564254193193491,ACTL6A,0.8399245392818808
GO_BP,Upregulated in R,GOBP_CYTOPLASMIC_MICROTUBULE_ORGANIZATION,1,28,200,0.5564254193193491,CENPJ,0.8399245392818808
GO_BP,Upregulated in R,GOBP_MECHANORECEPTOR_DIFFERENTIATION,1,28,200,0.5564254193193491,DIAPH3,0.8399245392818808
GO_BP,Downregulated in R,GOBP_ADHERENS_JUNCTION_ORGANIZATION,1,28,200,0.5564254193193491,PLEC,0.8399245392818808
GO_BP,Upregulated in R,GOBP_ER_NUCLEUS_SIGNALING_PATHWAY,1,28,200,0.5564254193193491,ATF6,0.8399245392818808
GO_BP,Upregulated in R,GOBP_NON_MOTILE_CILIUM_ASSEMBLY,1,28,200,0.5564254193193491,CENPJ,0.8399245392818808
GO_BP,Downregulated in R,GOBP_CYTOPLASMIC_MICROTUBULE_ORGANIZATION,1,28,200,0.5564254193193491,PLK3,0.8399245392818808
GO_BP,Upregulated in R,GOBP_RNA_EXPORT_FROM_NUCLEUS,1,28,200,0.5564254193193491,NUP107,0.8399245392818808
GO_BP,Downregulated in R,GOBP_POSITIVE_REGULATION_OF_LYMPHOCYTE_MIGRATION,1,28,200,0.5564254193193491,ITGB3,0.8399245392818808
GO_BP,Upregulated in R,GOBP_RESPONSE_TO_ORGANOPHOSPHORUS,2,65,200,0.5584538722336083,"RFC3, TYMS",0.8418704446381315
GO_BP,Upregulated in R,GOBP_POSITIVE_REGULATION_OF_MONOATOMIC_ION_TRANSMEMBRANE_TRANSPORT,2,65,200,0.5584538722336083,"CXCL10, CXCL9",0.8418704446381315
GO_BP,Downregulated in R,GOBP_T_CELL_MEDIATED_IMMUNITY,2,65,200,0.5584538722336083,"JAG1, MICA",0.8418704446381315
GO_BP,Downregulated in R,GOBP_MICROTUBULE_BASED_PROCESS,11,389,200,0.5587421373417738,"AP3M2, CCDC8, CEP68, DYNC2H1, GADD45A, KIF13B, MACF1, NISCH, PHLDB1, PKD1, PLK3",0.8419334544153062
GO_BP,Downregulated in R,GOBP_REGULATION_OF_MONOATOMIC_ION_TRANSMEMBRANE_TRANSPORT,4,138,200,0.5594860893410442,"ADRB2, ITGB3, PDE4D, TGFB1",0.8426827518470048
GO_BP,Downregulated in R,GOBP_CELLULAR_RESPONSE_TO_XENOBIOTIC_STIMULUS,3,102,200,0.5616159557028243,"ITGB3, PDE4A, UGT1A10",0.8455178954080422
GO_BP,Downregulated in R,GOBP_POSITIVE_REGULATION_OF_RESPONSE_TO_EXTERNAL_STIMULUS,8,283,200,0.5636839362695523,"F2RL1, IL1RL1, IRAK3, LDLR, TGFB1, THBD, TLR2, TNFRSF1A",0.8482574124655464
GO_BP,Upregulated in R,GOBP_MACROAUTOPHAGY,4,139,200,0.565247894216429,"DIAPH3, EIF2AK1, RAB5A, UFC1",0.8497365747722525
GO_BP,Upregulated in R,GOBP_ENERGY_DERIVATION_BY_OXIDATION_OF_ORGANIC_COMPOUNDS,4,139,200,0.565247894216429,"CDK1, NDUFAB1, NDUFS2, SDHC",0.8497365747722525
GO_BP,Upregulated in R,GOBP_REGULATION_OF_T_CELL_MIGRATION,1,29,200,0.5691444037116258,CXCL10,0.8497365747722525
GO_BP,Upregulated in R,GOBP_PROTEIN_EXPORT_FROM_NUCLEUS,1,29,200,0.5691444037116258,UHMK1,0.8497365747722525
GO_BP,Upregulated in R,GOBP_DEFENSE_RESPONSE_TO_GRAM_NEGATIVE_BACTERIUM,1,29,200,0.5691444037116258,HMGB2,0.8497365747722525
GO_BP,Upregulated in R,GOBP_NEGATIVE_REGULATION_OF_MAP_KINASE_ACTIVITY,1,29,200,0.5691444037116258,DNAJA1,0.8497365747722525
GO_BP,Upregulated in R,GOBP_SPERM_MOTILITY,1,29,200,0.5691444037116258,DNAJA1,0.8497365747722525
GO_BP,Downregulated in R,GOBP_ICOSANOID_BIOSYNTHETIC_PROCESS,1,29,200,0.5691444037116258,GGT5,0.8497365747722525
GO_BP,Downregulated in R,GOBP_REGULATION_OF_T_CELL_MIGRATION,1,29,200,0.5691444037116258,ITGB3,0.8497365747722525
GO_BP,Downregulated in R,GOBP_NEGATIVE_REGULATION_OF_ADAPTIVE_IMMUNE_RESPONSE,1,29,200,0.5691444037116258,IL1RL1,0.8497365747722525
GO_BP,Downregulated in R,GOBP_NEGATIVE_REGULATION_OF_SMOOTH_MUSCLE_CELL_PROLIFERATION,1,29,200,0.5691444037116258,PRKG1,0.8497365747722525
GO_BP,Downregulated in R,GOBP_DEFENSE_RESPONSE_TO_GRAM_NEGATIVE_BACTERIUM,1,29,200,0.5691444037116258,F2RL1,0.8497365747722525
GO_BP,Downregulated in R,GOBP_AMYLOID_BETA_METABOLIC_PROCESS,1,29,200,0.5691444037116258,IFNGR1,0.8497365747722525
GO_BP,Upregulated in R,GOBP_EXECUTION_PHASE_OF_APOPTOSIS,1,29,200,0.5691444037116258,TOP2A,0.8497365747722525
GO_BP,Upregulated in R,GOBP_AMINO_ACID_IMPORT_ACROSS_PLASMA_MEMBRANE,1,29,200,0.5691444037116258,ARL6IP1,0.8497365747722525
GO_BP,Downregulated in R,GOBP_RAC_PROTEIN_SIGNAL_TRANSDUCTION,1,29,200,0.5691444037116258,NISCH,0.8497365747722525
GO_BP,Upregulated in R,GOBP_NEGATIVE_REGULATION_OF_PROTEIN_BINDING,1,29,200,0.5691444037116258,AURKA,0.8497365747722525
GO_BP,Downregulated in R,GOBP_T_CELL_MEDIATED_CYTOTOXICITY,1,29,200,0.5691444037116258,MICA,0.8497365747722525
GO_BP,Upregulated in R,GOBP_MRNA_PROCESSING,4,140,200,0.5709686413930448,"CSTF2, FAM50A, GPATCH1, SLBP",0.8520877584091923
GO_BP,Upregulated in R,GOBP_CELLULAR_RESPONSE_TO_STEROID_HORMONE_STIMULUS,3,104,200,0.5748911144616465,"BRCA1, DNAJA1, SKP2",0.852900628118237
GO_BP,Downregulated in R,GOBP_CELLULAR_RESPONSE_TO_STEROID_HORMONE_STIMULUS,3,104,200,0.5748911144616465,"DDIT4, TGFB1, ZFP36L2",0.852900628118237
GO_BP,Downregulated in R,GOBP_POSITIVE_REGULATION_OF_DEVELOPMENTAL_GROWTH,2,67,200,0.5750222659966583,"MACF1, YAP1",0.852900628118237
GO_BP,Downregulated in R,GOBP_REGULATION_OF_EXOCYTOSIS,2,67,200,0.5750222659966583,"F2RL1, RAPGEF4",0.852900628118237
GO_BP,Upregulated in R,GOBP_POSITIVE_REGULATION_OF_DEVELOPMENTAL_GROWTH,2,67,200,0.5750222659966583,"CDK1, PARP2",0.852900628118237
GO_BP,Upregulated in R,GOBP_INTRACELLULAR_PROTEIN_TRANSPORT,8,286,200,0.5758368427802221,"CDK1, COPA, ECT2, KPNA2, NUP107, POLA2, RAB5A, UHMK1",0.852900628118237
GO_BP,Downregulated in R,GOBP_MAINTENANCE_OF_LOCATION,5,178,200,0.5791308846721057,"CES1, ITGB3, PDE4D, SYNE1, TGFB1",0.852900628118237
GO_BP,Downregulated in R,GOBP_MONOCARBOXYLIC_ACID_METABOLIC_PROCESS,9,323,200,0.5795178373267349,"ALDOB, CES1, DDIT4, GGT5, IRS2, KIT, TNFRSF1A, UGT1A10, UST",0.852900628118237
GO_BP,Downregulated in R,GOBP_INORGANIC_ION_HOMEOSTASIS,7,251,200,0.580595875611631,"ANKH, EXT1, ITGB3, NT5E, PDE4D, TGFB1, TPT1",0.852900628118237
GO_BP,Upregulated in R,GOBP_CELLULAR_RESPONSE_TO_MOLECULE_OF_BACTERIAL_ORIGIN,3,105,200,0.5814348299721153,"CXCL10, CXCL9, HMGB2",0.852900628118237
GO_BP,Upregulated in R,GOBP_NEGATIVE_REGULATION_OF_TRANSFERASE_ACTIVITY,3,105,200,0.5814348299721153,"CEP85, DNAJA1, PLK1",0.852900628118237
GO_BP,Upregulated in R,GOBP_POSITIVE_REGULATION_OF_REPRODUCTIVE_PROCESS,1,30,200,0.581500457519723,AURKA,0.852900628118237
GO_BP,Upregulated in R,GOBP_NEGATIVE_REGULATION_OF_COAGULATION,1,30,200,0.581500457519723,USF1,0.852900628118237
GO_BP,Upregulated in R,GOBP_NEGATIVE_REGULATION_OF_CYSTEINE_TYPE_ENDOPEPTIDASE_ACTIVITY,1,30,200,0.581500457519723,ARL6IP1,0.852900628118237
GO_BP,Downregulated in R,GOBP_INSULIN_SECRETION_INVOLVED_IN_CELLULAR_RESPONSE_TO_GLUCOSE_STIMULUS,1,30,200,0.581500457519723,KLF7,0.852900628118237
GO_BP,Downregulated in R,GOBP_EXPORT_ACROSS_PLASMA_MEMBRANE,1,30,200,0.581500457519723,KCND3,0.852900628118237
GO_BP,Upregulated in R,GOBP_INTRINSIC_APOPTOTIC_SIGNALING_PATHWAY_IN_RESPONSE_TO_OXIDATIVE_STRESS,1,30,200,0.581500457519723,MELK,0.852900628118237
GO_BP,Downregulated in R,GOBP_REGULATION_OF_MORPHOGENESIS_OF_A_BRANCHING_STRUCTURE,1,30,200,0.581500457519723,TGFB1,0.852900628118237
GO_BP,Downregulated in R,GOBP_RECEPTOR_LOCALIZATION_TO_SYNAPSE,1,30,200,0.581500457519723,ITGB3,0.852900628118237
GO_BP,Upregulated in R,GOBP_STRESS_ACTIVATED_PROTEIN_KINASE_SIGNALING_CASCADE,1,30,200,0.581500457519723,FOXM1,0.852900628118237
GO_BP,Downregulated in R,GOBP_GLIAL_CELL_MIGRATION,1,30,200,0.581500457519723,GLI3,0.852900628118237
GO_BP,Upregulated in R,GOBP_REGULATION_OF_MICROTUBULE_POLYMERIZATION,1,30,200,0.581500457519723,STMN1,0.852900628118237
GO_BP,Downregulated in R,GOBP_NAD_METABOLIC_PROCESS,1,30,200,0.581500457519723,ALDOB,0.852900628118237
GO_BP,Downregulated in R,GOBP_POSITIVE_REGULATION_OF_T_CELL_MEDIATED_IMMUNITY,1,30,200,0.581500457519723,MICA,0.852900628118237
GO_BP,Upregulated in R,GOBP_PROTEIN_DEUBIQUITINATION,1,30,200,0.581500457519723,BRCC3,0.852900628118237
GO_BP,Downregulated in R,GOBP_CYTOKINE_PRODUCTION_INVOLVED_IN_INFLAMMATORY_RESPONSE,1,30,200,0.581500457519723,EXTL3,0.852900628118237
GO_BP,Downregulated in R,GOBP_RESPONSE_TO_ISCHEMIA,1,30,200,0.581500457519723,MAP3K5,0.852900628118237
GO_BP,Downregulated in R,GOBP_NATURAL_KILLER_CELL_ACTIVATION,1,30,200,0.581500457519723,MICA,0.852900628118237
GO_BP,Downregulated in R,GOBP_PHAGOCYTOSIS_ENGULFMENT,1,30,200,0.581500457519723,F2RL1,0.852900628118237
GO_BP,Upregulated in R,GOBP_PIGMENT_BIOSYNTHETIC_PROCESS,1,30,200,0.581500457519723,PPOX,0.852900628118237
GO_BP,Downregulated in R,GOBP_NEGATIVE_REGULATION_OF_CALCIUM_ION_TRANSPORT,1,30,200,0.581500457519723,TGFB1,0.852900628118237
GO_BP,Downregulated in R,GOBP_CELLULAR_RESPONSE_TO_RETINOIC_ACID,1,30,200,0.581500457519723,YAP1,0.852900628118237
GO_BP,Upregulated in R,GOBP_HIPPO_SIGNALING,1,30,200,0.581500457519723,CIT,0.852900628118237
GO_BP,Downregulated in R,GOBP_SYNAPTIC_TRANSMISSION_GLUTAMATERGIC,1,30,200,0.581500457519723,EXT1,0.852900628118237
GO_BP,Downregulated in R,GOBP_LIPOPOLYSACCHARIDE_MEDIATED_SIGNALING_PATHWAY,1,30,200,0.581500457519723,TLR2,0.852900628118237
GO_BP,Downregulated in R,GOBP_POSITIVE_REGULATION_OF_NEURON_APOPTOTIC_PROCESS,1,30,200,0.581500457519723,NFATC4,0.852900628118237
GO_BP,Upregulated in R,GOBP_POSITIVE_REGULATION_OF_NEURON_APOPTOTIC_PROCESS,1,30,200,0.581500457519723,MYBL2,0.852900628118237
GO_BP,Upregulated in R,GOBP_CYTOKINE_PRODUCTION_INVOLVED_IN_INFLAMMATORY_RESPONSE,1,30,200,0.581500457519723,EZH2,0.852900628118237
GO_BP,Upregulated in R,GOBP_REGULATION_OF_DNA_BINDING,1,30,200,0.581500457519723,HJURP,0.852900628118237
GO_BP,Downregulated in R,GOBP_INTRINSIC_APOPTOTIC_SIGNALING_PATHWAY_IN_RESPONSE_TO_OXIDATIVE_STRESS,1,30,200,0.581500457519723,MAP3K5,0.852900628118237
GO_BP,Downregulated in R,GOBP_PROTEASOME_MEDIATED_UBIQUITIN_DEPENDENT_PROTEIN_CATABOLIC_PROCESS,4,142,200,0.5822844871155995,"PLK3, SH3RF2, TRIB2, WWTR1",0.8536840377626128
GO_BP,Upregulated in R,GOBP_GRANULOCYTE_CHEMOTAXIS,2,68,200,0.5831359893668137,"CXCL10, CXCL9",0.8545656540871024
GO_BP,Upregulated in R,GOBP_CELLULAR_RESPONSE_TO_LIPID,8,288,200,0.5838543371181651,"BRCA1, CCNA2, CXCL10, CXCL9, DNAJA1, HMGB2, KIF18A, SKP2",0.8552514646636588
GO_BP,Downregulated in R,GOBP_PROTEIN_POLYMERIZATION,4,143,200,0.5878784242333351,"ARHGAP6, PLEKHG2, SPTBN1, SSH1",0.858450663076341
GO_BP,Upregulated in R,GOBP_PROTEIN_POLYMERIZATION,4,143,200,0.5878784242333351,"CENPJ, DIAPH3, STMN1, TPX2",0.858450663076341
GO_BP,Downregulated in R,GOBP_REGULATION_OF_MICROTUBULE_BASED_PROCESS,3,106,200,0.5879150971548681,"MACF1, PHLDB1, PKD1",0.858450663076341
GO_BP,Downregulated in R,GOBP_REGULATION_OF_MITOTIC_CELL_CYCLE,7,253,200,0.5890964224173119,"ACVR1, CCDC8, CTDSP1, PKD1, PLK3, TGFB1, ZFP36L2",0.858450663076341
GO_BP,Downregulated in R,GOBP_SMALL_MOLECULE_CATABOLIC_PROCESS,5,180,200,0.5891546887308134,"ALDH1L1, ALDOB, AMT, GLYCTK, IRS2",0.858450663076341
GO_BP,Upregulated in R,GOBP_RESPONSE_TO_OXYGEN_LEVELS,5,180,200,0.5891546887308134,"BRIP1, CCNA2, NDUFS2, PARP2, USF1",0.858450663076341
GO_BP,Downregulated in R,GOBP_MONOATOMIC_CATION_TRANSMEMBRANE_TRANSPORT,9,326,200,0.5908238800085486,"CACHD1, ITGB3, KCND3, PDE4D, PIEZO2, PKD1, SLC20A2, TCN1, TGFB1",0.858450663076341
GO_BP,Downregulated in R,GOBP_TELOMERE_MAINTENANCE,2,69,200,0.5911357020408801,"MAP3K4, TEP1",0.858450663076341
GO_BP,Downregulated in R,GOBP_REGULATION_OF_LYMPHOCYTE_MEDIATED_IMMUNITY,2,69,200,0.5911357020408801,"MICA, TGFB1",0.858450663076341
GO_BP,Downregulated in R,GOBP_CARDIAC_MUSCLE_CONTRACTION,2,69,200,0.5911357020408801,"KCND3, PDE4D",0.858450663076341
GO_BP,Downregulated in R,GOBP_ALCOHOL_BIOSYNTHETIC_PROCESS,2,69,200,0.5911357020408801,"CES1, PRKG1",0.858450663076341
GO_BP,Downregulated in R,GOBP_MATERNAL_PROCESS_INVOLVED_IN_FEMALE_PREGNANCY,1,31,200,0.5935038862442402,LIF,0.858450663076341
GO_BP,Downregulated in R,GOBP_POSITIVE_REGULATION_OF_NON_CANONICAL_NF_KAPPAB_SIGNAL_TRANSDUCTION,1,31,200,0.5935038862442402,TLR2,0.858450663076341
GO_BP,Downregulated in R,GOBP_TOLL_LIKE_RECEPTOR_4_SIGNALING_PATHWAY,1,31,200,0.5935038862442402,F2RL1,0.858450663076341
GO_BP,Downregulated in R,GOBP_REGULATION_OF_NEUROTRANSMITTER_TRANSPORT,1,31,200,0.5935038862442402,ITGB3,0.858450663076341
GO_BP,Downregulated in R,GOBP_ENDOSOME_TO_LYSOSOME_TRANSPORT,1,31,200,0.5935038862442402,ADRB2,0.858450663076341
GO_BP,Downregulated in R,GOBP_EXOCRINE_SYSTEM_DEVELOPMENT,1,31,200,0.5935038862442402,TGFB1,0.858450663076341
GO_BP,Downregulated in R,GOBP_POSITIVE_REGULATION_OF_TELOMERE_MAINTENANCE,1,31,200,0.5935038862442402,MAP3K4,0.858450663076341
GO_BP,Upregulated in R,GOBP_MATERNAL_PROCESS_INVOLVED_IN_FEMALE_PREGNANCY,1,31,200,0.5935038862442402,PARP2,0.858450663076341
GO_BP,Upregulated in R,GOBP_NEGATIVE_REGULATION_OF_G_PROTEIN_COUPLED_RECEPTOR_SIGNALING_PATHWAY,1,31,200,0.5935038862442402,STMN1,0.858450663076341
GO_BP,Downregulated in R,GOBP_RESPONSE_TO_CADMIUM_ION,1,31,200,0.5935038862442402,KIT,0.858450663076341
GO_BP,Upregulated in R,GOBP_NEGATIVE_REGULATION_OF_MUSCLE_CELL_DIFFERENTIATION,1,31,200,0.5935038862442402,EZH2,0.858450663076341
GO_BP,Downregulated in R,GOBP_NEGATIVE_REGULATION_OF_VIRAL_GENOME_REPLICATION,1,31,200,0.5935038862442402,HMGA2,0.858450663076341
GO_BP,Downregulated in R,GOBP_POSITIVE_REGULATION_OF_STRESS_FIBER_ASSEMBLY,1,31,200,0.5935038862442402,RAPGEF3,0.858450663076341
GO_BP,Upregulated in R,GOBP_REGULATION_OF_VACUOLE_ORGANIZATION,1,31,200,0.5935038862442402,RAB5A,0.858450663076341
GO_BP,Upregulated in R,GOBP_REGULATION_OF_NEUROTRANSMITTER_TRANSPORT,1,31,200,0.5935038862442402,RAB5A,0.858450663076341
GO_BP,Downregulated in R,GOBP_SOMATIC_DIVERSIFICATION_OF_IMMUNE_RECEPTORS,1,31,200,0.5935038862442402,TGFB1,0.858450663076341
GO_BP,Downregulated in R,GOBP_SOMITE_DEVELOPMENT,1,31,200,0.5935038862442402,FOXC2,0.858450663076341
GO_BP,Downregulated in R,GOBP_REGULATION_OF_ATP_DEPENDENT_ACTIVITY,1,31,200,0.5935038862442402,ALDOB,0.858450663076341
GO_BP,Downregulated in R,GOBP_NEGATIVE_REGULATION_OF_GROWTH,3,107,200,0.594331328505722,"ADRB2, SLIT3, TGFB1",0.858450663076341
GO_BP,Downregulated in R,GOBP_RIBOSE_PHOSPHATE_BIOSYNTHETIC_PROCESS,3,107,200,0.594331328505722,"ADCY9, GUCY1A2, TGFB1",0.858450663076341
GO_BP,Upregulated in R,GOBP_EAR_DEVELOPMENT,3,107,200,0.594331328505722,"CCNA2, DIAPH3, MCM2",0.858450663076341
GO_BP,Upregulated in R,GOBP_RIBOSE_PHOSPHATE_BIOSYNTHETIC_PROCESS,3,107,200,0.594331328505722,"NDUFAB1, NDUFS2, SDHC",0.858450663076341
GO_BP,Downregulated in R,GOBP_SEXUAL_REPRODUCTION,9,328,200,0.5982834341858667,"ACVR1, JAG2, KIT, LIF, LRRC8A, MST1R, PRKG1, SYNE1, TGFB1",0.863763886751108
GO_BP,Downregulated in R,GOBP_AMINO_ACID_TRANSPORT,2,70,200,0.5990212668950161,"LRRC8A, PRKG1",0.863763886751108
GO_BP,Upregulated in R,GOBP_REGULATION_OF_MUSCLE_CELL_DIFFERENTIATION,2,70,200,0.5990212668950161,"EZH2, PARP2",0.863763886751108
GO_BP,Upregulated in R,GOBP_POSITIVE_REGULATION_OF_AUTOPHAGY,2,70,200,0.5990212668950161,"ATF6, EIF2AK1",0.863763886751108
GO_BP,Upregulated in R,GOBP_RESPONSE_TO_OXIDATIVE_STRESS,6,219,200,0.6001041531677688,"CDK1, ECT2, EZH2, FANCD2, NDUFS2, PCNA",0.8642318685323421
GO_BP,Downregulated in R,GOBP_RESPONSE_TO_OXIDATIVE_STRESS,6,219,200,0.6001041531677688,"FOXO1, MAP3K5, PLA2R1, PLK3, SESN1, SESN3",0.8642318685323421
GO_BP,Upregulated in R,GOBP_PRODUCTION_OF_MOLECULAR_MEDIATOR_OF_IMMUNE_RESPONSE,3,108,200,0.6006829881547564,"ATAD5, EXO1, POLQ",0.8642318685323421
GO_BP,Downregulated in R,GOBP_REGULATION_OF_SYNAPSE_STRUCTURE_OR_ACTIVITY,3,108,200,0.6006829881547564,"NFATC4, PDLIM5, TLR2",0.8642318685323421
GO_BP,Downregulated in R,GOBP_POSITIVE_REGULATION_OF_LEUKOCYTE_CELL_CELL_ADHESION,4,146,200,0.6043979484483049,"EFNB1, GLI3, TGFB1, TGFBR2",0.8642318685323421
GO_BP,Downregulated in R,GOBP_DEVELOPMENTAL_MATURATION,4,146,200,0.6043979484483049,"EXT1, NFATC4, NFIA, TGFB1",0.8642318685323421
GO_BP,Upregulated in R,GOBP_POSITIVE_REGULATION_OF_CATABOLIC_PROCESS,6,220,200,0.604583036428004,"ATF6, AURKA, DTL, EIF2AK1, PLK1, PSMC4",0.8642318685323421
GO_BP,Downregulated in R,GOBP_MICROTUBULE_BUNDLE_FORMATION,1,32,200,0.6051647041947782,NISCH,0.8642318685323421
GO_BP,Downregulated in R,GOBP_INTERMEDIATE_FILAMENT_ORGANIZATION,1,32,200,0.6051647041947782,PLEC,0.8642318685323421
GO_BP,Upregulated in R,GOBP_SULFUR_COMPOUND_TRANSPORT,1,32,200,0.6051647041947782,RACGAP1,0.8642318685323421
GO_BP,Upregulated in R,GOBP_REGULATION_OF_FILOPODIUM_ASSEMBLY,1,32,200,0.6051647041947782,RAB5A,0.8642318685323421
GO_BP,Downregulated in R,GOBP_REGULATION_OF_BONE_REMODELING,1,32,200,0.6051647041947782,ITGB3,0.8642318685323421
GO_BP,Upregulated in R,GOBP_MICROTUBULE_BUNDLE_FORMATION,1,32,200,0.6051647041947782,PLK1,0.8642318685323421
GO_BP,Upregulated in R,GOBP_SPINAL_CORD_DEVELOPMENT,1,32,200,0.6051647041947782,ACTL6A,0.8642318685323421
GO_BP,Downregulated in R,GOBP_CARDIAC_MUSCLE_CELL_ACTION_POTENTIAL_INVOLVED_IN_CONTRACTION,1,32,200,0.6051647041947782,KCND3,0.8642318685323421
GO_BP,Downregulated in R,GOBP_EMBRYONIC_DIGIT_MORPHOGENESIS,1,32,200,0.6051647041947782,GLI3,0.8642318685323421
GO_BP,Upregulated in R,GOBP_NEGATIVE_REGULATION_OF_EPITHELIAL_CELL_DIFFERENTIATION,1,32,200,0.6051647041947782,EZH2,0.8642318685323421
GO_BP,Upregulated in R,GOBP_REGULATION_OF_EPIDERMIS_DEVELOPMENT,1,32,200,0.6051647041947782,EZH2,0.8642318685323421
GO_BP,Downregulated in R,GOBP_SULFUR_COMPOUND_TRANSPORT,1,32,200,0.6051647041947782,LRRC8A,0.8642318685323421
GO_BP,Downregulated in R,GOBP_AMYLOID_PRECURSOR_PROTEIN_CATABOLIC_PROCESS,1,32,200,0.6051647041947782,IFNGR1,0.8642318685323421
GO_BP,Downregulated in R,GOBP_CELL_COMMUNICATION_INVOLVED_IN_CARDIAC_CONDUCTION,1,32,200,0.6051647041947782,PDE4D,0.8642318685323421
GO_BP,Downregulated in R,GOBP_ZYMOGEN_ACTIVATION,1,32,200,0.6051647041947782,THBD,0.8642318685323421
GO_BP,Downregulated in R,GOBP_POSITIVE_CHEMOTAXIS,1,32,200,0.6051647041947782,F2RL1,0.8642318685323421
GO_BP,Downregulated in R,GOBP_MEMBRANE_ORGANIZATION,9,330,200,0.6056785376308438,"A4GALT, AP3M2, EHD2, F2RL1, PLEC, RAB34, SNX18, SPTBN1, SSH1",0.8646042141859432
GO_BP,Downregulated in R,GOBP_REGULATION_OF_LEUKOCYTE_CHEMOTAXIS,2,71,200,0.6067926471045215,"F2RL1, RIN3",0.8658327830029431
GO_BP,Downregulated in R,GOBP_ADAPTIVE_IMMUNE_RESPONSE,6,221,200,0.6090350005355172,"IL1RL1, JAG1, MICA, RAPGEF3, RAPGEF4, TGFB1",0.8686695456489882
GO_BP,Downregulated in R,GOBP_CELLULAR_RESPONSE_TO_TOXIC_SUBSTANCE,2,72,200,0.6144499005821558,"SESN1, SLC22A3",0.874196291982298
GO_BP,Downregulated in R,GOBP_RESPONSE_TO_GAMMA_RADIATION,1,33,200,0.6164926426772119,YAP1,0.874196291982298
GO_BP,Upregulated in R,GOBP_POSITIVE_REGULATION_OF_PATTERN_RECOGNITION_RECEPTOR_SIGNALING_PATHWAY,1,33,200,0.6164926426772119,BRCC3,0.874196291982298
GO_BP,Upregulated in R,GOBP_TIGHT_JUNCTION_ORGANIZATION,1,33,200,0.6164926426772119,ECT2,0.874196291982298
GO_BP,Downregulated in R,GOBP_POSITIVE_REGULATION_OF_PEPTIDYL_SERINE_PHOSPHORYLATION,1,33,200,0.6164926426772119,LIF,0.874196291982298
GO_BP,Downregulated in R,GOBP_GLYCOLIPID_BIOSYNTHETIC_PROCESS,1,33,200,0.6164926426772119,A4GALT,0.874196291982298
GO_BP,Downregulated in R,GOBP_POSITIVE_REGULATION_OF_PATTERN_RECOGNITION_RECEPTOR_SIGNALING_PATHWAY,1,33,200,0.6164926426772119,F2RL1,0.874196291982298
GO_BP,Upregulated in R,GOBP_PROTEIN_MODIFICATION_BY_SMALL_PROTEIN_REMOVAL,1,33,200,0.6164926426772119,BRCC3,0.874196291982298
GO_BP,Downregulated in R,GOBP_ATP_BIOSYNTHETIC_PROCESS,1,33,200,0.6164926426772119,TGFB1,0.874196291982298
GO_BP,Upregulated in R,GOBP_GLYCOLIPID_BIOSYNTHETIC_PROCESS,1,33,200,0.6164926426772119,PIGM,0.874196291982298
GO_BP,Downregulated in R,GOBP_PROTEIN_LOCALIZATION_TO_CILIUM,1,33,200,0.6164926426772119,DYNC2H1,0.874196291982298
GO_BP,Downregulated in R,GOBP_VESICLE_BUDDING_FROM_MEMBRANE,1,33,200,0.6164926426772119,AP3M2,0.874196291982298
GO_BP,Upregulated in R,GOBP_REGULATION_OF_DNA_TEMPLATED_TRANSCRIPTION_ELONGATION,1,33,200,0.6164926426772119,EZH2,0.874196291982298
GO_BP,Downregulated in R,GOBP_ORGANELLE_TRANSPORT_ALONG_MICROTUBULE,1,33,200,0.6164926426772119,AP3M2,0.874196291982298
GO_BP,Downregulated in R,GOBP_REGULATION_OF_CELL_CYCLE_PHASE_TRANSITION,6,223,200,0.6178568912947136,"ACVR1, CTDSP1, PKD1, PLK3, TGFB1, ZFP36L2",0.8757672782832953
GO_BP,Downregulated in R,GOBP_REGULATION_OF_MONOATOMIC_ION_TRANSPORT,5,186,200,0.6184334490940311,"ADRB2, CNKSR3, ITGB3, PDE4D, TGFB1",0.8762209299482415
GO_BP,Downregulated in R,GOBP_REGULATION_OF_CHEMOTAXIS,3,111,200,0.6193459214654414,"F2RL1, RIN3, TGFB1",0.876423226067087
GO_BP,Upregulated in R,GOBP_PROTEIN_COMPLEX_OLIGOMERIZATION,3,111,200,0.6193459214654414,"BLM, ECT2, POLQ",0.876423226067087
GO_BP,Downregulated in R,GOBP_PROTEIN_COMPLEX_OLIGOMERIZATION,3,111,200,0.6193459214654414,"KCND3, LRRC8A, PKD1",0.876423226067087
GO_BP,Downregulated in R,GOBP_TELOMERE_ORGANIZATION,2,73,200,0.6219931746496214,"MAP3K4, TEP1",0.877954947298142
GO_BP,Upregulated in R,GOBP_REGULATION_OF_PROTEIN_LOCALIZATION_TO_CELL_PERIPHERY,2,73,200,0.6219931746496214,"EPB41, PLK1",0.877954947298142
GO_BP,Upregulated in R,GOBP_RHO_PROTEIN_SIGNAL_TRANSDUCTION,2,73,200,0.6219931746496214,"RACGAP1, STMN1",0.877954947298142
GO_BP,Downregulated in R,GOBP_REGULATION_OF_PATTERN_RECOGNITION_RECEPTOR_SIGNALING_PATHWAY,2,73,200,0.6219931746496214,"F2RL1, IRAK3",0.877954947298142
GO_BP,Downregulated in R,GOBP_REGULATION_OF_NUCLEAR_DIVISION,2,73,200,0.6219931746496214,"CCDC8, LIF",0.877954947298142
GO_BP,Upregulated in R,GOBP_FATTY_ACID_BIOSYNTHETIC_PROCESS,2,73,200,0.6219931746496214,"BRCA1, NDUFAB1",0.877954947298142
GO_BP,Downregulated in R,GOBP_SYNAPTIC_SIGNALING,7,261,200,0.6222274377660427,"ADRB2, EXT1, HIP1, KIT, NFATC4, SSH1, SYNE1",0.877954947298142
GO_BP,Downregulated in R,GOBP_POSITIVE_REGULATION_OF_EXOCYTOSIS,1,34,200,0.6274971579518979,F2RL1,0.8810235477039388
GO_BP,Downregulated in R,GOBP_MEMBRANE_BIOGENESIS,1,34,200,0.6274971579518979,SPTBN1,0.8810235477039388
GO_BP,Downregulated in R,GOBP_MACROPHAGE_MIGRATION,1,34,200,0.6274971579518979,CNN2,0.8810235477039388
GO_BP,Upregulated in R,GOBP_POSITIVE_REGULATION_OF_EXOCYTOSIS,1,34,200,0.6274971579518979,RAB5A,0.8810235477039388
GO_BP,Upregulated in R,GOBP_OVULATION_CYCLE,1,34,200,0.6274971579518979,PCNA,0.8810235477039388
GO_BP,Downregulated in R,GOBP_PROSTANOID_METABOLIC_PROCESS,1,34,200,0.6274971579518979,TNFRSF1A,0.8810235477039388
GO_BP,Downregulated in R,GOBP_RECEPTOR_CLUSTERING,1,34,200,0.6274971579518979,SSH1,0.8810235477039388
GO_BP,Upregulated in R,GOBP_PROTEIN_ACYLATION,1,34,200,0.6274971579518979,ESCO2,0.8810235477039388
GO_BP,Downregulated in R,GOBP_OVULATION_CYCLE,1,34,200,0.6274971579518979,SLIT3,0.8810235477039388
GO_BP,Downregulated in R,GOBP_T_CELL_APOPTOTIC_PROCESS,1,34,200,0.6274971579518979,GLI3,0.8810235477039388
GO_BP,Downregulated in R,GOBP_POSITIVE_REGULATION_OF_RESPONSE_TO_CYTOKINE_STIMULUS,1,34,200,0.6274971579518979,TLR2,0.8810235477039388
GO_BP,Downregulated in R,GOBP_NEGATIVE_REGULATION_OF_PROTEOLYSIS_INVOLVED_IN_PROTEIN_CATABOLIC_PROCESS,1,34,200,0.6274971579518979,HIPK2,0.8810235477039388
GO_BP,Upregulated in R,GOBP_SEQUESTERING_OF_CALCIUM_ION,2,74,200,0.6294227009335296,"CXCL10, CXCL9",0.8822765475539339
GO_BP,Downregulated in R,GOBP_SPHINGOLIPID_METABOLIC_PROCESS,2,74,200,0.6294227009335296,"A4GALT, KIT",0.8822765475539339
GO_BP,Downregulated in R,GOBP_MITOTIC_SPINDLE_ORGANIZATION,2,74,200,0.6294227009335296,"PKD1, PLK3",0.8822765475539339
GO_BP,Downregulated in R,GOBP_SUBSTRATE_ADHESION_DEPENDENT_CELL_SPREADING,2,74,200,0.6294227009335296,"ITGB3, LIMS1",0.8822765475539339
GO_BP,Upregulated in R,GOBP_APOPTOTIC_SIGNALING_PATHWAY,8,300,200,0.6304088931185234,"ATAD5, BRCA1, DNAJA1, GGCT, HELLS, HMGB2, MELK, PARP2",0.8832964638609008
GO_BP,Downregulated in R,GOBP_REGULATION_OF_NEURON_APOPTOTIC_PROCESS,3,113,200,0.6314573830701533,"HIPK2, NFATC4, PCDHGC3",0.8836781731125127
GO_BP,Downregulated in R,GOBP_CELLULAR_RESPONSE_TO_INORGANIC_SUBSTANCE,3,113,200,0.6314573830701533,"CPNE8, FOXO1, NFATC4",0.8836781731125127
GO_BP,Downregulated in R,GOBP_CELLULAR_PROCESS_INVOLVED_IN_REPRODUCTION_IN_MULTICELLULAR_ORGANISM,3,113,200,0.6314573830701533,"ACVR1, KIT, PRKG1",0.8836781731125127
GO_BP,Downregulated in R,GOBP_REGULATION_OF_T_CELL_ACTIVATION,5,189,200,0.6326081498617678,"EFNB1, GLI3, LRRC32, TGFB1, TGFBR2",0.8836839446772632
GO_BP,Upregulated in R,GOBP_RESPONSE_TO_XENOBIOTIC_STIMULUS,6,227,200,0.6351642365253436,"CDK1, CENPF, MCM7, PCNA, RAD54L, TYMS",0.8836839446772632
GO_BP,Upregulated in R,GOBP_GRANULOCYTE_MIGRATION,2,75,200,0.636738790477489,"CXCL10, CXCL9",0.8836839446772632
GO_BP,Downregulated in R,GOBP_NEURON_PROJECTION_EXTENSION,2,75,200,0.636738790477489,"MACF1, SLIT3",0.8836839446772632
GO_BP,Upregulated in R,GOBP_RESPONSE_TO_TEMPERATURE_STIMULUS,2,75,200,0.636738790477489,"CXCL10, DNAJA1",0.8836839446772632
GO_BP,Upregulated in R,GOBP_NEGATIVE_REGULATION_OF_TRANSMEMBRANE_RECEPTOR_PROTEIN_SERINE_THREONINE_KINASE_SIGNALING_PATHWAY,2,75,200,0.636738790477489,"MTMR4, SUDS3",0.8836839446772632
GO_BP,Downregulated in R,GOBP_VACUOLAR_TRANSPORT,2,75,200,0.636738790477489,"ADRB2, LRP1",0.8836839446772632
GO_BP,Upregulated in R,GOBP_REGULATION_OF_APOPTOTIC_SIGNALING_PATHWAY,5,190,200,0.6372620227626822,"ATAD5, BRCA1, DNAJA1, HELLS, HMGB2",0.8836839446772632
GO_BP,Upregulated in R,GOBP_REGULATION_OF_SMALL_GTPASE_MEDIATED_SIGNAL_TRANSDUCTION,5,190,200,0.6372620227626822,"ECT2, FOXM1, KIF14, RACGAP1, STMN1",0.8836839446772632
GO_BP,Downregulated in R,GOBP_REGULATION_OF_APOPTOTIC_SIGNALING_PATHWAY,5,190,200,0.6372620227626822,"ACVR1, ITGA6, NFATC4, TPT1, YAP1",0.8836839446772632
GO_BP,Downregulated in R,GOBP_ADULT_LOCOMOTORY_BEHAVIOR,1,35,200,0.6381874389692062,HIPK2,0.8836839446772632
GO_BP,Downregulated in R,GOBP_REGULATION_OF_SIGNALING_RECEPTOR_ACTIVITY,1,35,200,0.6381874389692062,ADRB2,0.8836839446772632
GO_BP,Upregulated in R,GOBP_TISSUE_REGENERATION,1,35,200,0.6381874389692062,EZH2,0.8836839446772632
GO_BP,Upregulated in R,GOBP_REGULATION_OF_ORGANIC_ACID_TRANSPORT,1,35,200,0.6381874389692062,ARL6IP1,0.8836839446772632
GO_BP,Upregulated in R,GOBP_DEFENSE_RESPONSE_TO_GRAM_POSITIVE_BACTERIUM,1,35,200,0.6381874389692062,HMGB2,0.8836839446772632
GO_BP,Downregulated in R,GOBP_REGULATION_OF_BIOLOGICAL_PROCESS_INVOLVED_IN_SYMBIOTIC_INTERACTION,1,35,200,0.6381874389692062,F2RL1,0.8836839446772632
GO_BP,Downregulated in R,GOBP_MEMBRANE_PROTEIN_PROTEOLYSIS,1,35,200,0.6381874389692062,TGFB1,0.8836839446772632
GO_BP,Upregulated in R,GOBP_ORGANELLE_MEMBRANE_FUSION,1,35,200,0.6381874389692062,DIAPH3,0.8836839446772632
GO_BP,Upregulated in R,GOBP_EMBRYONIC_PATTERN_SPECIFICATION,1,35,200,0.6381874389692062,TDRKH,0.8836839446772632
GO_BP,Downregulated in R,GOBP_ADIPOSE_TISSUE_DEVELOPMENT,1,35,200,0.6381874389692062,KLF7,0.8836839446772632
GO_BP,Downregulated in R,GOBP_ORGANELLE_MEMBRANE_FUSION,1,35,200,0.6381874389692062,RAB34,0.8836839446772632
GO_BP,Upregulated in R,GOBP_SOMATIC_STEM_CELL_POPULATION_MAINTENANCE,1,35,200,0.6381874389692062,VPS72,0.8836839446772632
GO_BP,Upregulated in R,GOBP_CELLULAR_RESPONSE_TO_HEAT,1,35,200,0.6381874389692062,CXCL10,0.8836839446772632
GO_BP,Downregulated in R,GOBP_EMBRYONIC_PATTERN_SPECIFICATION,1,35,200,0.6381874389692062,EFNB1,0.8836839446772632
GO_BP,Downregulated in R,GOBP_DEFENSE_RESPONSE_TO_GRAM_POSITIVE_BACTERIUM,1,35,200,0.6381874389692062,TLR2,0.8836839446772632
GO_BP,Downregulated in R,GOBP_TISSUE_REGENERATION,1,35,200,0.6381874389692062,YAP1,0.8836839446772632
GO_BP,Downregulated in R,GOBP_ADAPTIVE_IMMUNE_RESPONSE_BASED_ON_SOMATIC_RECOMBINATION_OF_IMMUNE_RECEPTORS_BUILT_FROM_IMMUNOGLOBULIN_SUPERFAMILY_DOMAINS,4,153,200,0.6413574483299551,"IL1RL1, JAG1, MICA, TGFB1",0.8877135508489168
GO_BP,Downregulated in R,GOBP_ESTABLISHMENT_OF_PROTEIN_LOCALIZATION_TO_MEMBRANE,3,115,200,0.6433017460130375,"MACF1, RAB34, SPTBN1",0.8889639014484368
GO_BP,Downregulated in R,GOBP_REGULATION_OF_CALCIUM_ION_TRANSPORT,3,115,200,0.6433017460130375,"ITGB3, PDE4D, TGFB1",0.8889639014484368
GO_BP,Upregulated in R,GOBP_REGULATION_OF_CALCIUM_ION_TRANSPORT,3,115,200,0.6433017460130375,"CXCL10, CXCL9, EPB41",0.8889639014484368
GO_BP,Upregulated in R,GOBP_MUSCLE_CELL_PROLIFERATION,3,115,200,0.6433017460130375,"CDK1, DSN1, NDC80",0.8889639014484368
GO_BP,Upregulated in R,GOBP_REGULATION_OF_MAP_KINASE_ACTIVITY,2,76,200,0.6439418290622252,"DNAJA1, EZH2",0.8891290574278744
GO_BP,Downregulated in R,GOBP_REGULATION_OF_MICROTUBULE_CYTOSKELETON_ORGANIZATION,2,76,200,0.6439418290622252,"PHLDB1, PKD1",0.8891290574278744
GO_BP,Downregulated in R,GOBP_REGULATION_OF_CD4_POSITIVE_ALPHA_BETA_T_CELL_ACTIVATION,1,36,200,0.6485724148885741,TGFBR2,0.8894112281249976
GO_BP,Upregulated in R,GOBP_NEGATIVE_REGULATION_OF_PROTEIN_POLYMERIZATION,1,36,200,0.6485724148885741,STMN1,0.8894112281249976
GO_BP,Upregulated in R,GOBP_REGULATION_OF_MUSCLE_HYPERTROPHY,1,36,200,0.6485724148885741,PARP2,0.8894112281249976
GO_BP,Upregulated in R,GOBP_REGULATION_OF_MORPHOGENESIS_OF_AN_EPITHELIUM,1,36,200,0.6485724148885741,CXCL10,0.8894112281249976
GO_BP,Downregulated in R,GOBP_REGULATION_OF_B_CELL_PROLIFERATION,1,36,200,0.6485724148885741,IRS2,0.8894112281249976
GO_BP,Downregulated in R,GOBP_INFLAMMATORY_RESPONSE_TO_ANTIGENIC_STIMULUS,1,36,200,0.6485724148885741,EXT1,0.8894112281249976
GO_BP,Upregulated in R,GOBP_REGULATION_OF_B_CELL_PROLIFERATION,1,36,200,0.6485724148885741,ATAD5,0.8894112281249976
GO_BP,Upregulated in R,GOBP_DETECTION_OF_ABIOTIC_STIMULUS,1,36,200,0.6485724148885741,TIMELESS,0.8894112281249976
GO_BP,Downregulated in R,GOBP_RIBONUCLEOSIDE_MONOPHOSPHATE_METABOLIC_PROCESS,1,36,200,0.6485724148885741,NT5E,0.8894112281249976
GO_BP,Downregulated in R,GOBP_NEGATIVE_REGULATION_OF_NF_KAPPAB_TRANSCRIPTION_FACTOR_ACTIVITY,1,36,200,0.6485724148885741,IRAK3,0.8894112281249976
GO_BP,Downregulated in R,GOBP_POSITIVE_REGULATION_OF_TYPE_I_INTERFERON_PRODUCTION,1,36,200,0.6485724148885741,TLR2,0.8894112281249976
GO_BP,Downregulated in R,GOBP_MULTICELLULAR_ORGANISMAL_RESPONSE_TO_STRESS,1,36,200,0.6485724148885741,EXT1,0.8894112281249976
GO_BP,Downregulated in R,GOBP_POSITIVE_REGULATION_OF_LIPID_BIOSYNTHETIC_PROCESS,1,36,200,0.6485724148885741,LDLR,0.8894112281249976
GO_BP,Downregulated in R,GOBP_REGULATION_OF_AXON_EXTENSION,1,36,200,0.6485724148885741,MACF1,0.8894112281249976
GO_BP,Upregulated in R,GOBP_CELLULAR_RESPONSE_TO_VIRUS,1,36,200,0.6485724148885741,CXCL10,0.8894112281249976
GO_BP,Upregulated in R,GOBP_NEUROBLAST_PROLIFERATION,1,36,200,0.6485724148885741,RACGAP1,0.8894112281249976
GO_BP,Upregulated in R,GOBP_POSITIVE_REGULATION_OF_MUSCLE_CELL_DIFFERENTIATION,1,36,200,0.6485724148885741,PARP2,0.8894112281249976
GO_BP,Downregulated in R,GOBP_SENSORY_PERCEPTION_OF_MECHANICAL_STIMULUS,2,77,200,0.6510322727259332,"KIT, PIEZO2",0.8909960911986329
GO_BP,Downregulated in R,GOBP_RESPONSE_TO_UV,2,77,200,0.6510322727259332,"MAP3K4, NFATC4",0.8909960911986329
GO_BP,Upregulated in R,GOBP_REGULATION_OF_CALCIUM_ION_TRANSMEMBRANE_TRANSPORT,2,77,200,0.6510322727259332,"CXCL10, CXCL9",0.8909960911986329
GO_BP,Upregulated in R,GOBP_REGULATION_OF_CELLULAR_RESPONSE_TO_TRANSFORMING_GROWTH_FACTOR_BETA_STIMULUS,2,77,200,0.6510322727259332,"MTMR4, SUDS3",0.8909960911986329
GO_BP,Upregulated in R,GOBP_RESPONSE_TO_CALCIUM_ION,2,77,200,0.6510322727259332,"ECT2, NCSTN",0.8909960911986329
GO_BP,Downregulated in R,GOBP_REGULATION_OF_PEPTIDASE_ACTIVITY,4,155,200,0.6514968646562594,"DLC1, HIP1, LRP1, MAP3K5",0.8912748456811304
GO_BP,Downregulated in R,GOBP_REGULATION_OF_RESPONSE_TO_BIOTIC_STIMULUS,6,231,200,0.6520089392361256,"CFH, F2RL1, IRAK3, MICA, TGFB1, TLR2",0.8916183092196177
GO_BP,Upregulated in R,GOBP_CELLULAR_RESPONSE_TO_BIOTIC_STIMULUS,3,117,200,0.6548774460328053,"CXCL10, CXCL9, HMGB2",0.8935604306252427
GO_BP,Downregulated in R,GOBP_REGULATION_OF_CELL_PROJECTION_ASSEMBLY,3,117,200,0.6548774460328053,"F2RL1, KIT, YAP1",0.8935604306252427
GO_BP,Downregulated in R,GOBP_CELL_CYCLE_PHASE_TRANSITION,7,270,200,0.6577042536983005,"ACVR1, CTDSP1, NFIA, PKD1, PLK3, TGFB1, ZFP36L2",0.8935604306252427
GO_BP,Downregulated in R,GOBP_ORGANIC_ACID_TRANSMEMBRANE_TRANSPORT,2,78,200,0.6580106434773471,"IRS2, LRRC8A",0.8935604306252427
GO_BP,Upregulated in R,GOBP_CARDIOCYTE_DIFFERENTIATION,2,78,200,0.6580106434773471,"CDK1, PARP2",0.8935604306252427
GO_BP,Downregulated in R,GOBP_ENDOCRINE_PROCESS,1,37,200,0.658660762387108,F2RL1,0.8935604306252427
GO_BP,Downregulated in R,GOBP_REGULATION_OF_LYMPHOCYTE_APOPTOTIC_PROCESS,1,37,200,0.658660762387108,IRS2,0.8935604306252427
GO_BP,Downregulated in R,GOBP_NEGATIVE_REGULATION_OF_NUCLEAR_DIVISION,1,37,200,0.658660762387108,LIF,0.8935604306252427
GO_BP,Downregulated in R,GOBP_SYNAPTIC_VESICLE_RECYCLING,1,37,200,0.658660762387108,AP3M2,0.8935604306252427
GO_BP,Downregulated in R,GOBP_TELOMERE_MAINTENANCE_VIA_TELOMERE_LENGTHENING,1,37,200,0.658660762387108,MAP3K4,0.8935604306252427
GO_BP,Downregulated in R,GOBP_NEGATIVE_REGULATION_OF_PROTEIN_UBIQUITINATION,1,37,200,0.658660762387108,SH3RF2,0.8935604306252427
GO_BP,Upregulated in R,GOBP_NEGATIVE_REGULATION_OF_WOUND_HEALING,1,37,200,0.658660762387108,USF1,0.8935604306252427
GO_BP,Upregulated in R,GOBP_SYNAPTIC_VESICLE_RECYCLING,1,37,200,0.658660762387108,RAB5A,0.8935604306252427
GO_BP,Upregulated in R,GOBP_REGULATION_OF_GLIAL_CELL_DIFFERENTIATION,1,37,200,0.658660762387108,CDK1,0.8935604306252427
GO_BP,Downregulated in R,GOBP_GLYCOSYL_COMPOUND_METABOLIC_PROCESS,1,37,200,0.658660762387108,NT5E,0.8935604306252427
GO_BP,Upregulated in R,GOBP_RESPONSE_TO_AXON_INJURY,1,37,200,0.658660762387108,CDK1,0.8935604306252427
GO_BP,Downregulated in R,GOBP_LONG_TERM_SYNAPTIC_POTENTIATION,1,37,200,0.658660762387108,NFATC4,0.8935604306252427
GO_BP,Upregulated in R,GOBP_LONG_TERM_SYNAPTIC_POTENTIATION,1,37,200,0.658660762387108,NCSTN,0.8935604306252427
GO_BP,Downregulated in R,GOBP_FC_RECEPTOR_SIGNALING_PATHWAY,1,37,200,0.658660762387108,KIT,0.8935604306252427
GO_BP,Upregulated in R,GOBP_NEGATIVE_REGULATION_OF_PROTEIN_UBIQUITINATION,1,37,200,0.658660762387108,DNAJA1,0.8935604306252427
GO_BP,Downregulated in R,GOBP_MODIFICATION_DEPENDENT_MACROMOLECULE_CATABOLIC_PROCESS,6,233,200,0.6602532123051885,"HIPK2, PLK3, RNF217, SH3RF2, TRIB2, WWTR1",0.8950763224131204
GO_BP,Upregulated in R,GOBP_EXTRINSIC_APOPTOTIC_SIGNALING_PATHWAY,3,118,200,0.6605642297434065,"BRCA1, HMGB2, PARP2",0.8950763224131204
GO_BP,Downregulated in R,GOBP_BIOLOGICAL_PROCESS_INVOLVED_IN_INTERACTION_WITH_HOST,3,118,200,0.6605642297434065,"ITGB3, LDLR, SLC20A2",0.8950763224131204
GO_BP,Downregulated in R,GOBP_PROTEASOMAL_PROTEIN_CATABOLIC_PROCESS,5,196,200,0.6644211493408914,"PKD1, PLK3, SH3RF2, TRIB2, WWTR1",0.8993550523829954
GO_BP,Downregulated in R,GOBP_LEUKOCYTE_APOPTOTIC_PROCESS,2,79,200,0.664877525194242,"GLI3, IRS2",0.8993550523829954
GO_BP,Downregulated in R,GOBP_NEGATIVE_REGULATION_OF_CELL_GROWTH,2,79,200,0.664877525194242,"SLIT3, TGFB1",0.8993550523829954
GO_BP,Downregulated in R,GOBP_ORGANIC_ACID_CATABOLIC_PROCESS,3,119,200,0.6661835404837303,"ALDH1L1, AMT, IRS2",0.8993550523829954
GO_BP,Downregulated in R,GOBP_MITOTIC_CELL_CYCLE_PROCESS,10,385,200,0.6682630706692303,"ACVR1, CCDC8, CTDSP1, NFIA, PKD1, PLK3, SNX18, SPTBN1, TGFB1, ZFP36L2",0.8993550523829954
GO_BP,Downregulated in R,GOBP_FATTY_ACID_DERIVATIVE_METABOLIC_PROCESS,1,38,200,0.6684609127635905,GGT5,0.8993550523829954
GO_BP,Downregulated in R,GOBP_BIOGENIC_AMINE_METABOLIC_PROCESS,1,38,200,0.6684609127635905,SLC22A3,0.8993550523829954
GO_BP,Downregulated in R,GOBP_MAINTENANCE_OF_PROTEIN_LOCATION_IN_CELL,1,38,200,0.6684609127635905,SYNE1,0.8993550523829954
GO_BP,Downregulated in R,GOBP_NEGATIVE_REGULATION_OF_LEUKOCYTE_APOPTOTIC_PROCESS,1,38,200,0.6684609127635905,IRS2,0.8993550523829954
GO_BP,Upregulated in R,GOBP_POSITIVE_REGULATION_OF_PROTEIN_LOCALIZATION_TO_CELL_PERIPHERY,1,38,200,0.6684609127635905,EPB41,0.8993550523829954
GO_BP,Downregulated in R,GOBP_ENDODERM_FORMATION,1,38,200,0.6684609127635905,HMGA2,0.8993550523829954
GO_BP,Downregulated in R,GOBP_HIPPOCAMPUS_DEVELOPMENT,1,38,200,0.6684609127635905,GLI3,0.8993550523829954
GO_BP,Upregulated in R,GOBP_ENDOPLASMIC_RETICULUM_UNFOLDED_PROTEIN_RESPONSE,1,38,200,0.6684609127635905,ATF6,0.8993550523829954
GO_BP,Upregulated in R,GOBP_POSITIVE_REGULATION_OF_WOUND_HEALING,1,38,200,0.6684609127635905,USF1,0.8993550523829954
GO_BP,Downregulated in R,GOBP_LAMELLIPODIUM_ASSEMBLY,1,38,200,0.6684609127635905,KIT,0.8993550523829954
GO_BP,Downregulated in R,GOBP_POSITIVE_REGULATION_OF_INTERLEUKIN_1_BETA_PRODUCTION,1,38,200,0.6684609127635905,F2RL1,0.8993550523829954
GO_BP,Upregulated in R,GOBP_L_ALPHA_AMINO_ACID_TRANSMEMBRANE_TRANSPORT,1,38,200,0.6684609127635905,ARL6IP1,0.8993550523829954
GO_BP,Downregulated in R,GOBP_REGULATION_OF_CYCLIN_DEPENDENT_PROTEIN_KINASE_ACTIVITY,1,38,200,0.6684609127635905,GADD45A,0.8993550523829954
GO_BP,Downregulated in R,GOBP_ENDOTHELIAL_CELL_PROLIFERATION,2,80,200,0.6716335597003802,"HSPG2, ITGB3",0.900568272334866
GO_BP,Downregulated in R,GOBP_MICROTUBULE_ORGANIZING_CENTER_ORGANIZATION,2,80,200,0.6716335597003802,"CEP68, GADD45A",0.900568272334866
GO_BP,Downregulated in R,GOBP_MICROTUBULE_BASED_TRANSPORT,2,80,200,0.6716335597003802,"AP3M2, DYNC2H1",0.900568272334866
GO_BP,Upregulated in R,GOBP_RESPONSE_TO_CORTICOSTEROID,2,80,200,0.6716335597003802,"PCNA, TYMS",0.900568272334866
GO_BP,Upregulated in R,GOBP_REGULATION_OF_REACTIVE_OXYGEN_SPECIES_METABOLIC_PROCESS,2,80,200,0.6716335597003802,"BRCA1, FOXM1",0.900568272334866
GO_BP,Downregulated in R,GOBP_DETOXIFICATION,2,80,200,0.6716335597003802,"SESN1, SLC22A3",0.900568272334866
GO_BP,Upregulated in R,GOBP_REGULATION_OF_SYNAPTIC_PLASTICITY,2,80,200,0.6716335597003802,"NCSTN, RAB5A",0.900568272334866
GO_BP,Downregulated in R,GOBP_SEX_DIFFERENTIATION,3,120,200,0.6717353506760066,"KIT, PKD1, SLIT3",0.900568272334866
GO_BP,Downregulated in R,GOBP_MYELOID_LEUKOCYTE_MIGRATION,3,120,200,0.6717353506760066,"CNN2, KIT, RIN3",0.900568272334866
GO_BP,Upregulated in R,GOBP_POSITIVE_REGULATION_OF_CELLULAR_COMPONENT_BIOGENESIS,6,236,200,0.6723926697684892,"BRCC3, CDK2, CENPJ, PLK4, SASS6, SPAG5",0.9010958650173242
GO_BP,Downregulated in R,GOBP_SMALL_MOLECULE_BIOSYNTHETIC_PROCESS,7,275,200,0.676536760724878,"ALDOB, CES1, FOXO1, GGT5, NT5E, PRKG1, UST",0.9012067589794801
GO_BP,Downregulated in R,GOBP_GOLGI_VESICLE_TRANSPORT,3,121,200,0.6772196664348862,"MACF1, RAB34, SPTBN1",0.9012067589794801
GO_BP,Downregulated in R,GOBP_ENDOCYTIC_RECYCLING,1,39,200,0.6779810588436026,EHD2,0.9012067589794801
GO_BP,Upregulated in R,GOBP_LYMPHOCYTE_HOMEOSTASIS,1,39,200,0.6779810588436026,CCNB2,0.9012067589794801
GO_BP,Downregulated in R,GOBP_GLUCAN_METABOLIC_PROCESS,1,39,200,0.6779810588436026,IRS2,0.9012067589794801
GO_BP,Upregulated in R,GOBP_REGULATION_OF_LYMPHOCYTE_MIGRATION,1,39,200,0.6779810588436026,CXCL10,0.9012067589794801
GO_BP,Downregulated in R,GOBP_CILIUM_OR_FLAGELLUM_DEPENDENT_CELL_MOTILITY,1,39,200,0.6779810588436026,DYNC2H1,0.9012067589794801
GO_BP,Upregulated in R,GOBP_RESPONSE_TO_ACTIVITY,1,39,200,0.6779810588436026,CDK1,0.9012067589794801
GO_BP,Downregulated in R,GOBP_RESPONSE_TO_ACTIVITY,1,39,200,0.6779810588436026,ITGB3,0.9012067589794801
GO_BP,Upregulated in R,GOBP_CILIUM_OR_FLAGELLUM_DEPENDENT_CELL_MOTILITY,1,39,200,0.6779810588436026,DNAJA1,0.9012067589794801
GO_BP,Downregulated in R,GOBP_POSITIVE_REGULATION_OF_PHAGOCYTOSIS,1,39,200,0.6779810588436026,F2RL1,0.9012067589794801
GO_BP,Upregulated in R,GOBP_POSITIVE_REGULATION_OF_MACROAUTOPHAGY,1,39,200,0.6779810588436026,EIF2AK1,0.9012067589794801
GO_BP,Upregulated in R,GOBP_ENDOCYTIC_RECYCLING,1,39,200,0.6779810588436026,RAB11FIP4,0.9012067589794801
GO_BP,Upregulated in R,GOBP_REGULATION_OF_PROTEIN_DEPHOSPHORYLATION,1,39,200,0.6779810588436026,ENSA,0.9012067589794801
GO_BP,Downregulated in R,GOBP_REGULATION_OF_TELOMERE_MAINTENANCE,1,39,200,0.6779810588436026,MAP3K4,0.9012067589794801
GO_BP,Upregulated in R,GOBP_PYRIMIDINE_CONTAINING_COMPOUND_METABOLIC_PROCESS,1,39,200,0.6779810588436026,TYMS,0.9012067589794801
GO_BP,Downregulated in R,GOBP_RESPONSE_TO_CHEMOKINE,1,39,200,0.6779810588436026,SLIT3,0.9012067589794801
GO_BP,Upregulated in R,GOBP_ANTERIOR_POSTERIOR_PATTERN_SPECIFICATION,2,81,200,0.6782794430141228,"AURKA, TDRKH",0.9012067589794801
GO_BP,Downregulated in R,GOBP_IMPORT_INTO_NUCLEUS,2,81,200,0.6782794430141228,"GLI3, TGFB1",0.9012067589794801
GO_BP,Upregulated in R,GOBP_REGULATION_OF_EXTRINSIC_APOPTOTIC_SIGNALING_PATHWAY,2,81,200,0.6782794430141228,"BRCA1, HMGB2",0.9012067589794801
GO_BP,Downregulated in R,GOBP_SYNAPSE_ASSEMBLY,2,81,200,0.6782794430141228,"PDLIM5, TLR2",0.9012067589794801
GO_BP,Downregulated in R,GOBP_POSITIVE_REGULATION_OF_CHEMOTAXIS,2,81,200,0.6782794430141228,"F2RL1, TGFB1",0.9012067589794801
GO_BP,Upregulated in R,GOBP_PROTEIN_CATABOLIC_PROCESS,11,426,200,0.6801015209681625,"ATF6, AURKA, CCNF, CDK2, DTL, KIF14, PLK1, PSMB4, PSMC4, PSMD4, SKP2",0.9032763591085704
GO_BP,Upregulated in R,GOBP_EMBRYO_DEVELOPMENT_ENDING_IN_BIRTH_OR_EGG_HATCHING,8,314,200,0.6809818039338085,"ACTL6A, BRCA1, CCNB2, DIAPH3, E2F8, NEK2, PLK4, PSMC4",0.9037427514521716
GO_BP,Downregulated in R,GOBP_RESPONSE_TO_BACTERIUM,8,314,200,0.6809818039338085,"F2RL1, IRAK3, LOXL1, MICA, SHC1, THBD, TLR2, TNFRSF1A",0.9037427514521716
GO_BP,Downregulated in R,GOBP_ENDOSOMAL_TRANSPORT,3,122,200,0.6826365263381062,"EHD2, MSN, SNX18",0.903956417534632
GO_BP,Upregulated in R,GOBP_ENDOSOMAL_TRANSPORT,3,122,200,0.6826365263381062,"DIAPH3, RAB11FIP4, RAB5A",0.903956417534632
GO_BP,Upregulated in R,GOBP_SMALL_GTPASE_MEDIATED_SIGNAL_TRANSDUCTION,7,277,200,0.6838881943824593,"CCNA2, CDK2, ECT2, FOXM1, KIF14, RACGAP1, STMN1",0.903956417534632
GO_BP,Upregulated in R,GOBP_GLAND_DEVELOPMENT,6,239,200,0.6842559021039613,"AURKA, CCNB2, E2F8, EZH2, PCNA, TYMS",0.903956417534632
GO_BP,Upregulated in R,GOBP_ENSHEATHMENT_OF_NEURONS,2,82,200,0.6848159217621911,"KIF14, NCSTN",0.903956417534632
GO_BP,Upregulated in R,GOBP_PALLIUM_DEVELOPMENT,2,82,200,0.6848159217621911,"EZH2, KIF14",0.903956417534632
GO_BP,Upregulated in R,GOBP_GLIOGENESIS,4,162,200,0.6854740998963993,"CDK1, EZH2, NCSTN, NDUFS2",0.903956417534632
GO_BP,Upregulated in R,GOBP_CELLULAR_RESPONSE_TO_PEPTIDE_HORMONE_STIMULUS,4,162,200,0.6854740998963993,"BRIP1, CCNA2, CDC6, USF1",0.903956417534632
GO_BP,Downregulated in R,GOBP_REGULATION_OF_CELL_CYCLE_PROCESS,9,353,200,0.6855811147587157,"ACVR1, CCDC8, CTDSP1, HMGA2, LIF, PKD1, PLK3, TGFB1, ZFP36L2",0.903956417534632
GO_BP,Upregulated in R,GOBP_LIPOPROTEIN_BIOSYNTHETIC_PROCESS,1,40,200,0.6872291616912878,PIGM,0.903956417534632
GO_BP,Downregulated in R,GOBP_MEMBRANE_DOCKING,1,40,200,0.6872291616912878,MSN,0.903956417534632
GO_BP,Downregulated in R,GOBP_MODULATION_BY_HOST_OF_SYMBIONT_PROCESS,1,40,200,0.6872291616912878,HMGA2,0.903956417534632
GO_BP,Upregulated in R,GOBP_SEGMENTATION,1,40,200,0.6872291616912878,TDRKH,0.903956417534632
GO_BP,Upregulated in R,GOBP_POSITIVE_REGULATION_OF_B_CELL_ACTIVATION,1,40,200,0.6872291616912878,ATAD5,0.903956417534632
GO_BP,Downregulated in R,GOBP_REGULATION_OF_CARDIAC_MUSCLE_CONTRACTION,1,40,200,0.6872291616912878,PDE4D,0.903956417534632
GO_BP,Upregulated in R,GOBP_UROGENITAL_SYSTEM_DEVELOPMENT,1,40,200,0.6872291616912878,HELLS,0.903956417534632
GO_BP,Upregulated in R,GOBP_NEGATIVE_REGULATION_OF_SMALL_MOLECULE_METABOLIC_PROCESS,1,40,200,0.6872291616912878,BRCA1,0.903956417534632
GO_BP,Downregulated in R,GOBP_SEGMENTATION,1,40,200,0.6872291616912878,FOXC2,0.903956417534632
GO_BP,Upregulated in R,GOBP_CRANIAL_SKELETAL_SYSTEM_DEVELOPMENT,1,40,200,0.6872291616912878,CEP55,0.903956417534632
GO_BP,Upregulated in R,GOBP_MODULATION_BY_HOST_OF_SYMBIONT_PROCESS,1,40,200,0.6872291616912878,RAB5A,0.903956417534632
GO_BP,Downregulated in R,GOBP_REGULATORY_NCRNA_MEDIATED_GENE_SILENCING,1,40,200,0.6872291616912878,TGFB1,0.903956417534632
GO_BP,Upregulated in R,GOBP_ENERGY_HOMEOSTASIS,1,40,200,0.6872291616912878,RMI1,0.903956417534632
GO_BP,Downregulated in R,GOBP_POSITIVE_REGULATION_OF_AXONOGENESIS,1,40,200,0.6872291616912878,MACF1,0.903956417534632
GO_BP,Upregulated in R,GOBP_PHOSPHATIDYLINOSITOL_METABOLIC_PROCESS,2,83,200,0.691243789752272,"MTMR4, PIGM",0.9073878144093352
GO_BP,Upregulated in R,GOBP_PROCESS_UTILIZING_AUTOPHAGIC_MECHANISM,6,241,200,0.6920094475137695,"ATF6, DIAPH3, EIF2AK1, MTMR4, RAB5A, UFC1",0.9073878144093352
GO_BP,Downregulated in R,GOBP_POLYOL_METABOLIC_PROCESS,1,41,200,0.696212957133158,PRKG1,0.9073878144093352
GO_BP,Upregulated in R,GOBP_REGULATION_OF_CILIUM_ASSEMBLY,1,41,200,0.696212957133158,CENPJ,0.9073878144093352
GO_BP,Upregulated in R,GOBP_AUTOPHAGY_OF_MITOCHONDRION,1,41,200,0.696212957133158,EIF2AK1,0.9073878144093352
GO_BP,Downregulated in R,GOBP_AMYLOID_PRECURSOR_PROTEIN_METABOLIC_PROCESS,1,41,200,0.696212957133158,IFNGR1,0.9073878144093352
GO_BP,Downregulated in R,GOBP_REGULATION_OF_STRIATED_MUSCLE_CELL_DIFFERENTIATION,1,41,200,0.696212957133158,TGFB1,0.9073878144093352
GO_BP,Downregulated in R,GOBP_SINGLE_FERTILIZATION,1,41,200,0.696212957133158,MST1R,0.9073878144093352
GO_BP,Downregulated in R,GOBP_NEGATIVE_REGULATION_OF_MONOATOMIC_ION_TRANSMEMBRANE_TRANSPORT,1,41,200,0.696212957133158,TGFB1,0.9073878144093352
GO_BP,Upregulated in R,GOBP_DNA_TEMPLATED_TRANSCRIPTION_ELONGATION,1,41,200,0.696212957133158,EZH2,0.9073878144093352
GO_BP,Downregulated in R,GOBP_METENCEPHALON_DEVELOPMENT,1,41,200,0.696212957133158,PRKG1,0.9073878144093352
GO_BP,Upregulated in R,GOBP_NEUROTRANSMITTER_SECRETION,1,41,200,0.696212957133158,RAB5A,0.9073878144093352
GO_BP,Upregulated in R,GOBP_ENDOPLASMIC_RETICULUM_ORGANIZATION,1,41,200,0.696212957133158,ARL6IP1,0.9073878144093352
GO_BP,Downregulated in R,GOBP_ENERGY_RESERVE_METABOLIC_PROCESS,1,41,200,0.696212957133158,IRS2,0.9073878144093352
GO_BP,Downregulated in R,GOBP_HETEROTYPIC_CELL_CELL_ADHESION,1,41,200,0.696212957133158,ITGB3,0.9073878144093352
GO_BP,Upregulated in R,GOBP_NEGATIVE_REGULATION_OF_LIPID_METABOLIC_PROCESS,1,41,200,0.696212957133158,BRCA1,0.9073878144093352
GO_BP,Upregulated in R,GOBP_POSITIVE_REGULATION_OF_EPITHELIAL_TO_MESENCHYMAL_TRANSITION,1,41,200,0.696212957133158,EZH2,0.9073878144093352
GO_BP,Upregulated in R,GOBP_SINGLE_FERTILIZATION,1,41,200,0.696212957133158,CDK1,0.9073878144093352
GO_BP,Downregulated in R,GOBP_DICARBOXYLIC_ACID_METABOLIC_PROCESS,1,41,200,0.696212957133158,ALDH1L1,0.9073878144093352
GO_BP,Downregulated in R,GOBP_B_CELL_ACTIVATION_INVOLVED_IN_IMMUNE_RESPONSE,1,41,200,0.696212957133158,TGFB1,0.9073878144093352
GO_BP,Downregulated in R,GOBP_MAMMARY_GLAND_EPITHELIUM_DEVELOPMENT,1,41,200,0.696212957133158,TGFB1,0.9073878144093352
GO_BP,Downregulated in R,GOBP_REGULATION_OF_CILIUM_ASSEMBLY,1,41,200,0.696212957133158,YAP1,0.9073878144093352
GO_BP,Downregulated in R,GOBP_AUTOPHAGY_OF_MITOCHONDRION,1,41,200,0.696212957133158,ARHGAP26,0.9073878144093352
GO_BP,Upregulated in R,GOBP_CELLULAR_EXTRAVASATION,1,41,200,0.696212957133158,PODXL2,0.9073878144093352
GO_BP,Downregulated in R,GOBP_PROTEIN_PROCESSING,3,125,200,0.6984832184829701,"DYNC2H1, GLI3, THBD",0.9096525636057284
GO_BP,Downregulated in R,GOBP_ESTABLISHMENT_OR_MAINTENANCE_OF_CELL_POLARITY,3,125,200,0.6984832184829701,"MSN, PKD1, UST",0.9096525636057284
GO_BP,Downregulated in R,GOBP_CELL_CHEMOTAXIS,4,165,200,0.6993087222210909,"F2RL1, KIT, PLEC, RIN3",0.9103805621597738
GO_BP,Upregulated in R,GOBP_MUSCLE_CELL_DIFFERENTIATION,5,205,200,0.702635649934578,"CDK1, CXCL10, CXCL9, EZH2, PARP2",0.9138804214537996
GO_BP,Upregulated in R,GOBP_RESPONSE_TO_TOXIC_SUBSTANCE,3,126,200,0.7036312483009262,"BRIP1, CDK1, TYMS",0.9138804214537996
GO_BP,Upregulated in R,GOBP_REGULATION_OF_VIRAL_PROCESS,2,85,200,0.7037770850932825,"KPNA2, TOP2A",0.9138804214537996
GO_BP,Downregulated in R,GOBP_LOCOMOTORY_BEHAVIOR,2,85,200,0.7037770850932825,"ANKH, HIPK2",0.9138804214537996
GO_BP,Downregulated in R,GOBP_CELLULAR_RESPONSE_TO_CALCIUM_ION,1,42,200,0.7049399620991692,CPNE8,0.9138804214537996
GO_BP,Upregulated in R,GOBP_NUCLEOSIDE_MONOPHOSPHATE_METABOLIC_PROCESS,1,42,200,0.7049399620991692,TYMS,0.9138804214537996
GO_BP,Downregulated in R,GOBP_REGULATION_OF_CIRCADIAN_RHYTHM,1,42,200,0.7049399620991692,PRKG1,0.9138804214537996
GO_BP,Downregulated in R,GOBP_NUCLEOSIDE_MONOPHOSPHATE_METABOLIC_PROCESS,1,42,200,0.7049399620991692,NT5E,0.9138804214537996
GO_BP,Downregulated in R,GOBP_CARDIAC_MUSCLE_CELL_ACTION_POTENTIAL,1,42,200,0.7049399620991692,KCND3,0.9138804214537996
GO_BP,Downregulated in R,GOBP_STEROL_BIOSYNTHETIC_PROCESS,1,42,200,0.7049399620991692,CES1,0.9138804214537996
GO_BP,Upregulated in R,GOBP_INTRINSIC_APOPTOTIC_SIGNALING_PATHWAY_BY_P53_CLASS_MEDIATOR,1,42,200,0.7049399620991692,ATAD5,0.9138804214537996
GO_BP,Downregulated in R,GOBP_NUCLEOSIDE_PHOSPHATE_BIOSYNTHETIC_PROCESS,3,127,200,0.708712460730832,"ADCY9, GUCY1A2, TGFB1",0.9172126888842806
GO_BP,Downregulated in R,GOBP_STRIATED_MUSCLE_CONTRACTION,2,86,200,0.7098843072218118,"KCND3, PDE4D",0.9172126888842806
GO_BP,Downregulated in R,GOBP_ALPHA_BETA_T_CELL_ACTIVATION,2,86,200,0.7098843072218118,"GLI3, TGFBR2",0.9172126888842806
GO_BP,Downregulated in R,GOBP_MONOATOMIC_ION_HOMEOSTASIS,7,285,200,0.712232424045232,"ANKH, EXT1, ITGB3, NT5E, PDE4D, TGFB1, TPT1",0.9172126888842806
GO_BP,Upregulated in R,GOBP_APOPTOTIC_MITOCHONDRIAL_CHANGES,1,43,200,0.7134174807861633,GGCT,0.9172126888842806
GO_BP,Upregulated in R,GOBP_MULTICELLULAR_ORGANISMAL_LEVEL_CHEMICAL_HOMEOSTASIS,1,43,200,0.7134174807861633,EIF2AK1,0.9172126888842806
GO_BP,Upregulated in R,GOBP_REGULATION_OF_STEM_CELL_DIFFERENTIATION,1,43,200,0.7134174807861633,EZH2,0.9172126888842806
GO_BP,Upregulated in R,GOBP_PERIPHERAL_NERVOUS_SYSTEM_DEVELOPMENT,1,43,200,0.7134174807861633,CDK1,0.9172126888842806
GO_BP,Downregulated in R,GOBP_REGULATION_OF_T_CELL_MEDIATED_IMMUNITY,1,43,200,0.7134174807861633,MICA,0.9172126888842806
GO_BP,Downregulated in R,GOBP_NEGATIVE_REGULATION_OF_DNA_METABOLIC_PROCESS,1,43,200,0.7134174807861633,HMGA2,0.9172126888842806
GO_BP,Downregulated in R,GOBP_DENDRITIC_SPINE_DEVELOPMENT,1,43,200,0.7134174807861633,PDLIM5,0.9172126888842806
GO_BP,Upregulated in R,GOBP_DICARBOXYLIC_ACID_TRANSPORT,1,43,200,0.7134174807861633,ARL6IP1,0.9172126888842806
GO_BP,Upregulated in R,GOBP_REGULATION_OF_FATTY_ACID_METABOLIC_PROCESS,1,43,200,0.7134174807861633,BRCA1,0.9172126888842806
GO_BP,Downregulated in R,GOBP_REGULATION_OF_REGULATED_SECRETORY_PATHWAY,1,43,200,0.7134174807861633,F2RL1,0.9172126888842806
GO_BP,Downregulated in R,GOBP_REGULATION_OF_FATTY_ACID_METABOLIC_PROCESS,1,43,200,0.7134174807861633,IRS2,0.9172126888842806
GO_BP,Upregulated in R,GOBP_NEGATIVE_REGULATION_OF_POST_TRANSLATIONAL_PROTEIN_MODIFICATION,1,43,200,0.7134174807861633,DNAJA1,0.9172126888842806
GO_BP,Downregulated in R,GOBP_IMMUNOGLOBULIN_PRODUCTION,1,43,200,0.7134174807861633,TGFB1,0.9172126888842806
GO_BP,Upregulated in R,GOBP_REGULATION_OF_REGULATED_SECRETORY_PATHWAY,1,43,200,0.7134174807861633,RAB5A,0.9172126888842806
GO_BP,Downregulated in R,GOBP_NEGATIVE_REGULATION_OF_POST_TRANSLATIONAL_PROTEIN_MODIFICATION,1,43,200,0.7134174807861633,SH3RF2,0.9172126888842806
GO_BP,Downregulated in R,GOBP_POSITIVE_REGULATION_OF_INTERLEUKIN_1_PRODUCTION,1,43,200,0.7134174807861633,F2RL1,0.9172126888842806
GO_BP,Upregulated in R,GOBP_ERAD_PATHWAY,1,43,200,0.7134174807861633,ATF6,0.9172126888842806
GO_BP,Downregulated in R,GOBP_POSITIVE_REGULATION_OF_DNA_BIOSYNTHETIC_PROCESS,1,43,200,0.7134174807861633,MAP3K4,0.9172126888842806
GO_BP,Downregulated in R,GOBP_ERYTHROCYTE_HOMEOSTASIS,2,87,200,0.7158865023104963,"HIPK2, KIT",0.9196947318137103
GO_BP,Downregulated in R,GOBP_REGULATION_OF_MRNA_METABOLIC_PROCESS,2,87,200,0.7158865023104963,"SAMD4A, ZFP36L2",0.9196947318137103
GO_BP,Upregulated in R,GOBP_POSITIVE_REGULATION_OF_PROTEIN_LOCALIZATION,6,248,200,0.7181560061128041,"CDK1, CENPJ, ECT2, EPB41, PLK1, VRK1",0.9203495249742321
GO_BP,Upregulated in R,GOBP_CELLULAR_RESPONSE_TO_HORMONE_STIMULUS,7,287,200,0.7190495429462052,"BRCA1, BRIP1, CCNA2, CDC6, DNAJA1, SKP2, USF1",0.9203495249742321
GO_BP,Downregulated in R,GOBP_INNATE_IMMUNE_RESPONSE,10,402,200,0.7201018625732164,"CFH, F2RL1, IFNGR1, IRAK3, MAP3K5, MICA, MST1R, TGFB1, TLR2, ZYX",0.9203495249742321
GO_BP,Upregulated in R,GOBP_REGULATION_OF_COAGULATION,1,44,200,0.7216526106486298,USF1,0.9203495249742321
GO_BP,Upregulated in R,GOBP_PROTEIN_LOCALIZATION_TO_MITOCHONDRION,1,44,200,0.7216526106486298,DNAJA1,0.9203495249742321
GO_BP,Downregulated in R,GOBP_REGULATION_OF_EXTENT_OF_CELL_GROWTH,1,44,200,0.7216526106486298,MACF1,0.9203495249742321
GO_BP,Downregulated in R,GOBP_POSITIVE_REGULATION_OF_TRANSPORTER_ACTIVITY,1,44,200,0.7216526106486298,ADRB2,0.9203495249742321
GO_BP,Downregulated in R,GOBP_REGULATION_OF_CYTOKINESIS,1,44,200,0.7216526106486298,PLK3,0.9203495249742321
GO_BP,Upregulated in R,GOBP_RIBOSOMAL_SMALL_SUBUNIT_BIOGENESIS,1,44,200,0.7216526106486298,NOL7,0.9203495249742321
GO_BP,Upregulated in R,GOBP_MIDBRAIN_DEVELOPMENT,1,44,200,0.7216526106486298,SUDS3,0.9203495249742321
GO_BP,Downregulated in R,GOBP_POSITIVE_REGULATION_OF_CELL_DIVISION,1,44,200,0.7216526106486298,TGFB1,0.9203495249742321
GO_BP,Downregulated in R,GOBP_NEGATIVE_REGULATION_OF_DEVELOPMENTAL_GROWTH,1,44,200,0.7216526106486298,ADRB2,0.9203495249742321
GO_BP,Downregulated in R,GOBP_CHLORIDE_TRANSPORT,1,44,200,0.7216526106486298,LRRC8A,0.9203495249742321
GO_BP,Downregulated in R,GOBP_MIDBRAIN_DEVELOPMENT,1,44,200,0.7216526106486298,NDST1,0.9203495249742321
GO_BP,Upregulated in R,GOBP_T_CELL_MIGRATION,1,44,200,0.7216526106486298,CXCL10,0.9203495249742321
GO_BP,Upregulated in R,GOBP_FILOPODIUM_ASSEMBLY,1,44,200,0.7216526106486298,RAB5A,0.9203495249742321
GO_BP,Upregulated in R,GOBP_REGULATION_OF_RESPONSE_TO_ENDOPLASMIC_RETICULUM_STRESS,1,44,200,0.7216526106486298,ATF6,0.9203495249742321
GO_BP,Upregulated in R,GOBP_REGULATION_OF_RECEPTOR_SIGNALING_PATHWAY_VIA_STAT,1,44,200,0.7216526106486298,CENPJ,0.9203495249742321
GO_BP,Downregulated in R,GOBP_AMINO_ACID_CATABOLIC_PROCESS,1,44,200,0.7216526106486298,AMT,0.9203495249742321
GO_BP,Upregulated in R,GOBP_POSITIVE_REGULATION_OF_PEPTIDASE_ACTIVITY,2,88,200,0.7217846538073676,"NCSTN, PSENEN",0.9203495249742321
GO_BP,Upregulated in R,GOBP_REGULATION_OF_PROTEIN_TRANSPORT,5,210,200,0.7225301108805731,"CDK1, DNAJA1, ECT2, ENSA, UHMK1",0.9209562905850887
GO_BP,Downregulated in R,GOBP_ACTIVATION_OF_INNATE_IMMUNE_RESPONSE,3,130,200,0.723557403990263,"F2RL1, IRAK3, TLR2",0.9219217053452959
GO_BP,Downregulated in R,GOBP_REGULATION_OF_CELL_DIVISION,2,89,200,0.7275797747874033,"PLK3, TGFB1",0.9234410934433457
GO_BP,Upregulated in R,GOBP_ORGAN_GROWTH,2,89,200,0.7275797747874033,"CDK1, PARP2",0.9234410934433457
GO_BP,Upregulated in R,GOBP_NOTCH_SIGNALING_PATHWAY,2,89,200,0.7275797747874033,"NCSTN, PSENEN",0.9234410934433457
GO_BP,Upregulated in R,GOBP_REGULATION_OF_MUSCLE_ADAPTATION,1,45,200,0.7296522482215964,PARP2,0.9234410934433457
GO_BP,Downregulated in R,GOBP_NEURON_PROJECTION_ORGANIZATION,1,45,200,0.7296522482215964,PDLIM5,0.9234410934433457
GO_BP,Downregulated in R,GOBP_CILIUM_MOVEMENT,1,45,200,0.7296522482215964,DYNC2H1,0.9234410934433457
GO_BP,Downregulated in R,GOBP_HETEROCHROMATIN_FORMATION,1,45,200,0.7296522482215964,HMGA2,0.9234410934433457
GO_BP,Downregulated in R,GOBP_MITOTIC_DNA_INTEGRITY_CHECKPOINT_SIGNALING,1,45,200,0.7296522482215964,PLK3,0.9234410934433457
GO_BP,Downregulated in R,GOBP_REGULATION_OF_VIRAL_GENOME_REPLICATION,1,45,200,0.7296522482215964,HMGA2,0.9234410934433457
GO_BP,Upregulated in R,GOBP_PIGMENT_METABOLIC_PROCESS,1,45,200,0.7296522482215964,PPOX,0.9234410934433457
GO_BP,Downregulated in R,GOBP_DITERPENOID_METABOLIC_PROCESS,1,45,200,0.7296522482215964,LRP1,0.9234410934433457
GO_BP,Upregulated in R,GOBP_NEGATIVE_REGULATION_OF_BINDING,1,45,200,0.7296522482215964,AURKA,0.9234410934433457
GO_BP,Downregulated in R,GOBP_CELLULAR_RESPONSE_TO_INTERLEUKIN_1,1,45,200,0.7296522482215964,IRAK3,0.9234410934433457
GO_BP,Upregulated in R,GOBP_CILIUM_MOVEMENT,1,45,200,0.7296522482215964,DNAJA1,0.9234410934433457
GO_BP,Downregulated in R,GOBP_NEGATIVE_REGULATION_OF_BINDING,1,45,200,0.7296522482215964,HMGA2,0.9234410934433457
GO_BP,Downregulated in R,GOBP_PIGMENT_METABOLIC_PROCESS,1,45,200,0.7296522482215964,UGT1A10,0.9234410934433457
GO_BP,Upregulated in R,GOBP_REGULATION_OF_VIRAL_GENOME_REPLICATION,1,45,200,0.7296522482215964,TOP2A,0.9234410934433457
GO_BP,Downregulated in R,GOBP_CELLULAR_RESPONSE_TO_HYDROGEN_PEROXIDE,1,45,200,0.7296522482215964,MAP3K5,0.9234410934433457
GO_BP,Downregulated in R,GOBP_POSITIVE_REGULATION_OF_CELL_CELL_ADHESION,4,172,200,0.7298861101572112,"EFNB1, GLI3, TGFB1, TGFBR2",0.9234410934433457
GO_BP,Upregulated in R,GOBP_NEGATIVE_REGULATION_OF_MAPK_CASCADE,2,90,200,0.7332729054785418,"DNAJA1, FOXM1",0.9248674308708735
GO_BP,Downregulated in R,GOBP_MICROTUBULE_CYTOSKELETON_ORGANIZATION_INVOLVED_IN_MITOSIS,2,90,200,0.7332729054785418,"PKD1, PLK3",0.9248674308708735
GO_BP,Upregulated in R,GOBP_POSITIVE_REGULATION_OF_MONOATOMIC_ION_TRANSPORT,2,90,200,0.7332729054785418,"CXCL10, CXCL9",0.9248674308708735
GO_BP,Downregulated in R,GOBP_POSITIVE_REGULATION_OF_MONOATOMIC_ION_TRANSPORT,2,90,200,0.7332729054785418,"ADRB2, CNKSR3",0.9248674308708735
GO_BP,Upregulated in R,GOBP_REGULATION_OF_PROTEOLYSIS,7,292,200,0.7356164396496818,"ARL6IP1, AURKA, CDK2, NCSTN, PLK1, PSENEN, PSMC4",0.9248674308708735
GO_BP,Downregulated in R,GOBP_INTERFERON_MEDIATED_SIGNALING_PATHWAY,1,46,200,0.7374230947803317,IFNGR1,0.9248674308708735
GO_BP,Downregulated in R,GOBP_DIGESTIVE_SYSTEM_PROCESS,1,46,200,0.7374230947803317,LDLR,0.9248674308708735
GO_BP,Upregulated in R,GOBP_POSITIVE_REGULATION_OF_MAP_KINASE_ACTIVITY,1,46,200,0.7374230947803317,EZH2,0.9248674308708735
GO_BP,Downregulated in R,GOBP_POSITIVE_REGULATION_OF_CELL_JUNCTION_ASSEMBLY,1,46,200,0.7374230947803317,LIMS1,0.9248674308708735
GO_BP,Downregulated in R,GOBP_MAINTENANCE_OF_PROTEIN_LOCATION,1,46,200,0.7374230947803317,SYNE1,0.9248674308708735
GO_BP,Upregulated in R,GOBP_CELLULAR_RESPONSE_TO_UV,1,46,200,0.7374230947803317,PCNA,0.9248674308708735
GO_BP,Upregulated in R,GOBP_MYELOID_CELL_DEVELOPMENT,1,46,200,0.7374230947803317,DIAPH3,0.9248674308708735
GO_BP,Downregulated in R,GOBP_TRIGLYCERIDE_METABOLIC_PROCESS,1,46,200,0.7374230947803317,LDLR,0.9248674308708735
GO_BP,Upregulated in R,GOBP_POSITIVE_REGULATION_OF_RESPONSE_TO_WOUNDING,1,46,200,0.7374230947803317,USF1,0.9248674308708735
GO_BP,Downregulated in R,GOBP_TRANSCRIPTION_INITIATION_AT_RNA_POLYMERASE_II_PROMOTER,1,46,200,0.7374230947803317,FOXO1,0.9248674308708735
GO_BP,Upregulated in R,GOBP_ACUTE_INFLAMMATORY_RESPONSE,1,46,200,0.7374230947803317,EIF2AK1,0.9248674308708735
GO_BP,Downregulated in R,GOBP_PRODUCTION_OF_MOLECULAR_MEDIATOR_INVOLVED_IN_INFLAMMATORY_RESPONSE,1,46,200,0.7374230947803317,EXTL3,0.9248674308708735
GO_BP,Upregulated in R,GOBP_ACTIVATION_OF_GTPASE_ACTIVITY,1,46,200,0.7374230947803317,ECT2,0.9248674308708735
GO_BP,Upregulated in R,GOBP_PRODUCTION_OF_MOLECULAR_MEDIATOR_INVOLVED_IN_INFLAMMATORY_RESPONSE,1,46,200,0.7374230947803317,EZH2,0.9248674308708735
GO_BP,Downregulated in R,GOBP_FATTY_ACID_BETA_OXIDATION,1,46,200,0.7374230947803317,IRS2,0.9248674308708735
GO_BP,Downregulated in R,GOBP_CELLULAR_RESPONSE_TO_UV,1,46,200,0.7374230947803317,NFATC4,0.9248674308708735
GO_BP,Upregulated in R,GOBP_L_AMINO_ACID_TRANSPORT,1,46,200,0.7374230947803317,ARL6IP1,0.9248674308708735
GO_BP,Downregulated in R,GOBP_EXOCYTOSIS,3,133,200,0.737809926255387,"F2RL1, KIT, RAPGEF4",0.9248674308708735
GO_BP,Downregulated in R,GOBP_CELLULAR_LIPID_CATABOLIC_PROCESS,3,133,200,0.737809926255387,"GPCPD1, IRS2, LDLR",0.9248674308708735
GO_BP,Downregulated in R,GOBP_LYMPHOCYTE_MEDIATED_IMMUNITY,3,133,200,0.737809926255387,"JAG1, MICA, TGFB1",0.9248674308708735
GO_BP,Downregulated in R,GOBP_REGULATION_OF_HEART_CONTRACTION,2,91,200,0.7388651109035755,"KCND3, PDE4D",0.9248674308708735
GO_BP,Upregulated in R,GOBP_CALCIUM_ION_TRANSMEMBRANE_IMPORT_INTO_CYTOSOL,2,91,200,0.7388651109035755,"CXCL10, CXCL9",0.9248674308708735
GO_BP,Upregulated in R,GOBP_RRNA_PROCESSING,2,91,200,0.7388651109035755,"ERI2, NOL7",0.9248674308708735
GO_BP,Downregulated in R,GOBP_EPIGENETIC_REGULATION_OF_GENE_EXPRESSION,2,91,200,0.7388651109035755,"HIPK2, HMGA2",0.9248674308708735
GO_BP,Downregulated in R,GOBP_POSITIVE_REGULATION_OF_IMMUNE_RESPONSE,8,332,200,0.7394454544521651,"CD59, CFH, F2RL1, IRAK3, MICA, PDE4D, TGFB1, TLR2",0.9252548250580938
GO_BP,Downregulated in R,GOBP_LIPID_CATABOLIC_PROCESS,4,175,200,0.7422640121297965,"CES1, GPCPD1, IRS2, LDLR",0.9277518034452288
GO_BP,Upregulated in R,GOBP_REGULATION_OF_ESTABLISHMENT_OF_PROTEIN_LOCALIZATION,6,255,200,0.7427462421172664,"CDK1, CENPJ, DNAJA1, ECT2, ENSA, UHMK1",0.9277518034452288
GO_BP,Upregulated in R,GOBP_BODY_FLUID_SECRETION,1,47,200,0.7449716618414117,COPA,0.9277518034452288
GO_BP,Upregulated in R,GOBP_AUTOPHAGOSOME_ORGANIZATION,1,47,200,0.7449716618414117,RAB5A,0.9277518034452288
GO_BP,Downregulated in R,GOBP_REGULATION_OF_NON_CANONICAL_NF_KAPPAB_SIGNAL_TRANSDUCTION,1,47,200,0.7449716618414117,TLR2,0.9277518034452288
GO_BP,Downregulated in R,GOBP_ORGANELLE_FUSION,1,47,200,0.7449716618414117,RAB34,0.9277518034452288
GO_BP,Upregulated in R,GOBP_REGULATION_OF_RHO_PROTEIN_SIGNAL_TRANSDUCTION,1,47,200,0.7449716618414117,STMN1,0.9277518034452288
GO_BP,Downregulated in R,GOBP_NUCLEOSIDE_TRIPHOSPHATE_BIOSYNTHETIC_PROCESS,1,47,200,0.7449716618414117,TGFB1,0.9277518034452288
GO_BP,Downregulated in R,GOBP_REGULATION_OF_ANIMAL_ORGAN_MORPHOGENESIS,1,47,200,0.7449716618414117,TGFB1,0.9277518034452288
GO_BP,Upregulated in R,GOBP_POSITIVE_REGULATION_OF_MYELOID_CELL_DIFFERENTIATION,1,47,200,0.7449716618414117,HMGB2,0.9277518034452288
GO_BP,Upregulated in R,GOBP_MEMBRANE_FUSION,1,47,200,0.7449716618414117,DIAPH3,0.9277518034452288
GO_BP,Downregulated in R,GOBP_ANTIGEN_PROCESSING_AND_PRESENTATION_OF_PEPTIDE_ANTIGEN,1,47,200,0.7449716618414117,MICA,0.9277518034452288
GO_BP,Downregulated in R,GOBP_MEMBRANE_FUSION,1,47,200,0.7449716618414117,RAB34,0.9277518034452288
GO_BP,Upregulated in R,GOBP_DEFENSE_RESPONSE_TO_VIRUS,3,135,200,0.7469866925100631,"CXCL10, CXCL9, SKP2",0.9295834395680785
GO_BP,Upregulated in R,GOBP_STRIATED_MUSCLE_TISSUE_DEVELOPMENT,3,135,200,0.7469866925100631,"CDK1, CENPF, PARP2",0.9295834395680785
GO_BP,Downregulated in R,GOBP_POSITIVE_REGULATION_OF_CELL_PROJECTION_ORGANIZATION,4,177,200,0.7502758759856866,"F2RL1, ITGA6, KIT, MACF1",0.9313975292197956
GO_BP,Downregulated in R,GOBP_IMMUNE_RESPONSE_REGULATING_CELL_SURFACE_RECEPTOR_SIGNALING_PATHWAY,4,177,200,0.7502758759856866,"F2RL1, KIT, PDE4D, TLR2",0.9313975292197956
GO_BP,Downregulated in R,GOBP_REGULATION_OF_DNA_RECOMBINATION,1,48,200,0.752304276509571,TGFB1,0.9313975292197956
GO_BP,Upregulated in R,GOBP_CELLULAR_RESPONSE_TO_LIGHT_STIMULUS,1,48,200,0.752304276509571,PCNA,0.9313975292197956
GO_BP,Downregulated in R,GOBP_REGULATION_OF_STRIATED_MUSCLE_CONTRACTION,1,48,200,0.752304276509571,PDE4D,0.9313975292197956
GO_BP,Downregulated in R,GOBP_CELLULAR_RESPONSE_TO_LIGHT_STIMULUS,1,48,200,0.752304276509571,NFATC4,0.9313975292197956
GO_BP,Downregulated in R,GOBP_REGULATION_OF_CYTOPLASMIC_PATTERN_RECOGNITION_RECEPTOR_SIGNALING_PATHWAY,1,48,200,0.752304276509571,F2RL1,0.9313975292197956
GO_BP,Downregulated in R,GOBP_LAMELLIPODIUM_ORGANIZATION,1,48,200,0.752304276509571,KIT,0.9313975292197956
GO_BP,Upregulated in R,GOBP_PROTEIN_TARGETING_TO_MEMBRANE,1,48,200,0.752304276509571,ARL6IP1,0.9313975292197956
GO_BP,Upregulated in R,GOBP_REGULATION_OF_CYTOPLASMIC_PATTERN_RECOGNITION_RECEPTOR_SIGNALING_PATHWAY,1,48,200,0.752304276509571,BRCC3,0.9313975292197956
GO_BP,Downregulated in R,GOBP_NEGATIVE_REGULATION_OF_VIRAL_PROCESS,1,48,200,0.752304276509571,HMGA2,0.9313975292197956
GO_BP,Downregulated in R,GOBP_RESPONSE_TO_LEUKEMIA_INHIBITORY_FACTOR,1,48,200,0.752304276509571,EXT1,0.9313975292197956
GO_BP,Upregulated in R,GOBP_POSITIVE_REGULATION_OF_ENDOTHELIAL_CELL_PROLIFERATION,1,48,200,0.752304276509571,HMGB2,0.9313975292197956
GO_BP,Upregulated in R,GOBP_MEMORY,1,48,200,0.752304276509571,FEN1,0.9313975292197956
GO_BP,Upregulated in R,GOBP_RESPONSE_TO_LIPID,11,452,200,0.7526025319776394,"BRCA1, CCNA2, CXCL10, CXCL9, DNAJA1, EZH2, HMGB2, KIF18A, PCNA, SKP2, TYMS",0.9313975292197956
GO_BP,Upregulated in R,GOBP_MONONUCLEAR_CELL_DIFFERENTIATION,6,258,200,0.7528069608243138,"ACTL6A, DIAPH3, EIF2AK1, EZH2, FANCA, FANCD2",0.9313975292197956
GO_BP,Downregulated in R,GOBP_REGULATION_OF_IMMUNE_RESPONSE,10,414,200,0.7534191811434339,"CD59, CFH, F2RL1, IL1RL1, IRAK3, KIT, MICA, PDE4D, TGFB1, TLR2",0.9318174955778313
GO_BP,Downregulated in R,GOBP_ALCOHOL_METABOLIC_PROCESS,4,178,200,0.7542102436020912,"CES1, LCAT, LDLR, PRKG1",0.9324582671533636
GO_BP,Downregulated in R,GOBP_MICROTUBULE_CYTOSKELETON_ORGANIZATION,7,298,200,0.7545954791307178,"CCDC8, CEP68, GADD45A, NISCH, PHLDB1, PKD1, PLK3",0.9324805021054302
GO_BP,Downregulated in R,GOBP_NEGATIVE_REGULATION_OF_HYDROLASE_ACTIVITY,2,94,200,0.7550471512949707,"LRP1, PLA2R1",0.9324805021054302
GO_BP,Downregulated in R,GOBP_IMPORT_ACROSS_PLASMA_MEMBRANE,2,94,200,0.7550471512949707,"IRS2, LRRC8A",0.9324805021054302
GO_BP,Upregulated in R,GOBP_POSITIVE_REGULATION_OF_PROTEIN_MODIFICATION_PROCESS,8,338,200,0.7572220895669727,"BORA, ECT2, EZH2, FANCI, KIF14, PLK1, SKP2, TPX2",0.9341746230034516
GO_BP,Downregulated in R,GOBP_PROTEOLYSIS_INVOLVED_IN_PROTEIN_CATABOLIC_PROCESS,7,299,200,0.757662981494512,"HIPK2, PKD1, PLK3, RNF217, SH3RF2, TRIB2, WWTR1",0.9341746230034516
GO_BP,Downregulated in R,GOBP_POSITIVE_REGULATION_OF_CHROMOSOME_ORGANIZATION,1,49,200,0.7594270866746443,MAP3K4,0.9341746230034516
GO_BP,Downregulated in R,GOBP_ORGANIC_CATION_TRANSPORT,1,49,200,0.7594270866746443,SLC22A3,0.9341746230034516
GO_BP,Downregulated in R,GOBP_PEPTIDE_METABOLIC_PROCESS,1,49,200,0.7594270866746443,GGT5,0.9341746230034516
GO_BP,Downregulated in R,GOBP_SPHINGOLIPID_BIOSYNTHETIC_PROCESS,1,49,200,0.7594270866746443,A4GALT,0.9341746230034516
GO_BP,Upregulated in R,GOBP_HEMATOPOIETIC_OR_LYMPHOID_ORGAN_DEVELOPMENT,1,49,200,0.7594270866746443,CCNB2,0.9341746230034516
GO_BP,Upregulated in R,GOBP_OLIGODENDROCYTE_DIFFERENTIATION,1,49,200,0.7594270866746443,NCSTN,0.9341746230034516
GO_BP,Downregulated in R,GOBP_HEMATOPOIETIC_OR_LYMPHOID_ORGAN_DEVELOPMENT,1,49,200,0.7594270866746443,TGFB1,0.9341746230034516
GO_BP,Upregulated in R,GOBP_ENDOPLASMIC_RETICULUM_TO_GOLGI_VESICLE_MEDIATED_TRANSPORT,1,49,200,0.7594270866746443,COPA,0.9341746230034516
GO_BP,Downregulated in R,GOBP_AMINE_METABOLIC_PROCESS,1,49,200,0.7594270866746443,SLC22A3,0.9341746230034516
GO_BP,Downregulated in R,GOBP_DNA_BIOSYNTHETIC_PROCESS,2,95,200,0.7602467253600754,"MAP3K4, TEP1",0.9345098286541985
GO_BP,Downregulated in R,GOBP_POSITIVE_REGULATION_OF_TRANSMEMBRANE_TRANSPORT,2,95,200,0.7602467253600754,"ADRB2, IRS2",0.9345098286541985
GO_BP,Downregulated in R,GOBP_ENERGY_DERIVATION_BY_OXIDATION_OF_ORGANIC_COMPOUNDS,3,139,200,0.764573826299113,"IRS2, NFATC4, PLEC",0.9356104938064492
GO_BP,Downregulated in R,GOBP_DEVELOPMENT_OF_PRIMARY_SEXUAL_CHARACTERISTICS,2,96,200,0.7653509962144056,"KIT, SLIT3",0.9356104938064492
GO_BP,Downregulated in R,GOBP_MONOCARBOXYLIC_ACID_BIOSYNTHETIC_PROCESS,2,96,200,0.7653509962144056,"CES1, UST",0.9356104938064492
GO_BP,Downregulated in R,GOBP_CELLULAR_MODIFIED_AMINO_ACID_METABOLIC_PROCESS,2,96,200,0.7653509962144056,"ALDH1L1, GGT5",0.9356104938064492
GO_BP,Upregulated in R,GOBP_MUSCLE_CELL_DEVELOPMENT,2,96,200,0.7653509962144056,"CDK1, PARP2",0.9356104938064492
GO_BP,Upregulated in R,GOBP_MONOCARBOXYLIC_ACID_BIOSYNTHETIC_PROCESS,2,96,200,0.7653509962144056,"BRCA1, NDUFAB1",0.9356104938064492
GO_BP,Downregulated in R,GOBP_LIPID_MODIFICATION,2,96,200,0.7653509962144056,"IRS2, PORCN",0.9356104938064492
GO_BP,Upregulated in R,GOBP_CELLULAR_MODIFIED_AMINO_ACID_METABOLIC_PROCESS,2,96,200,0.7653509962144056,"GGH, TYMS",0.9356104938064492
GO_BP,Upregulated in R,GOBP_BIOLOGICAL_PROCESS_INVOLVED_IN_INTERACTION_WITH_SYMBIONT,1,50,200,0.7663460660627766,RAB5A,0.9356104938064492
GO_BP,Upregulated in R,GOBP_AMINO_ACID_TRANSMEMBRANE_TRANSPORT,1,50,200,0.7663460660627766,ARL6IP1,0.9356104938064492
GO_BP,Upregulated in R,GOBP_REGULATION_OF_DENDRITE_DEVELOPMENT,1,50,200,0.7663460660627766,EZH2,0.9356104938064492
GO_BP,Upregulated in R,GOBP_REGULATION_OF_BMP_SIGNALING_PATHWAY,1,50,200,0.7663460660627766,MTMR4,0.9356104938064492
GO_BP,Downregulated in R,GOBP_RESPONSE_TO_HEAT,1,50,200,0.7663460660627766,MICA,0.9356104938064492
GO_BP,Downregulated in R,GOBP_LIMBIC_SYSTEM_DEVELOPMENT,1,50,200,0.7663460660627766,GLI3,0.9356104938064492
GO_BP,Downregulated in R,GOBP_PHOSPHOLIPID_TRANSPORT,1,50,200,0.7663460660627766,LDLR,0.9356104938064492
GO_BP,Upregulated in R,GOBP_CELLULAR_RESPONSE_TO_TOPOLOGICALLY_INCORRECT_PROTEIN,1,50,200,0.7663460660627766,ATF6,0.9356104938064492
GO_BP,Downregulated in R,GOBP_LYTIC_VACUOLE_ORGANIZATION,1,50,200,0.7663460660627766,RAB34,0.9356104938064492
GO_BP,Upregulated in R,GOBP_NEGATIVE_REGULATION_OF_RESPONSE_TO_WOUNDING,1,50,200,0.7663460660627766,USF1,0.9356104938064492
GO_BP,Downregulated in R,GOBP_AMINO_ACID_TRANSMEMBRANE_TRANSPORT,1,50,200,0.7663460660627766,LRRC8A,0.9356104938064492
GO_BP,Downregulated in R,GOBP_REPRODUCTIVE_SYSTEM_DEVELOPMENT,3,140,200,0.7688133558955961,"KIT, PKD1, SLIT3",0.9378309458197225
GO_BP,Downregulated in R,GOBP_ACTIVATION_OF_IMMUNE_RESPONSE,6,263,200,0.7689399042823574,"CD59, CFH, F2RL1, IRAK3, PDE4D, TLR2",0.9378309458197225
GO_BP,Downregulated in R,GOBP_CELLULAR_RESPONSE_TO_CHEMICAL_STRESS,4,182,200,0.7694748794421644,"FOXO1, MAP3K5, PLA2R1, PLEC",0.9378309458197225
GO_BP,Downregulated in R,GOBP_POSITIVE_REGULATION_OF_PROTEIN_CONTAINING_COMPLEX_ASSEMBLY,2,97,200,0.7703611340662005,"MSN, TGFB1",0.9378309458197225
GO_BP,Downregulated in R,GOBP_SPINDLE_ORGANIZATION,2,97,200,0.7703611340662005,"PKD1, PLK3",0.9378309458197225
GO_BP,Downregulated in R,GOBP_LYMPHOCYTE_ACTIVATION_INVOLVED_IN_IMMUNE_RESPONSE,2,97,200,0.7703611340662005,"F2RL1, TGFB1",0.9378309458197225
GO_BP,Upregulated in R,GOBP_LYMPHOCYTE_ACTIVATION_INVOLVED_IN_IMMUNE_RESPONSE,2,97,200,0.7703611340662005,"ATAD5, EXO1",0.9378309458197225
GO_BP,Downregulated in R,GOBP_CELLULAR_RESPIRATION,2,97,200,0.7703611340662005,"NFATC4, PLEC",0.9378309458197225
GO_BP,Downregulated in R,GOBP_MICROTUBULE_BASED_MOVEMENT,3,141,200,0.7729908700606338,"AP3M2, DYNC2H1, KIF13B",0.9382087868785116
GO_BP,Upregulated in R,GOBP_B_CELL_ACTIVATION,3,141,200,0.7729908700606338,"ATAD5, EXO1, EZH2",0.9382087868785116
GO_BP,Downregulated in R,GOBP_NEGATIVE_REGULATION_OF_TRANSLATION,1,51,200,0.7730670191459701,SAMD4A,0.9382087868785116
GO_BP,Downregulated in R,GOBP_TRANSITION_METAL_ION_TRANSPORT,1,51,200,0.7730670191459701,TCN1,0.9382087868785116
GO_BP,Downregulated in R,GOBP_REGULATION_OF_POSTSYNAPSE_ORGANIZATION,1,51,200,0.7730670191459701,PDLIM5,0.9382087868785116
GO_BP,Downregulated in R,GOBP_REGULATION_OF_DOUBLE_STRAND_BREAK_REPAIR,1,51,200,0.7730670191459701,HMGA2,0.9382087868785116
GO_BP,Downregulated in R,GOBP_PROTEIN_TETRAMERIZATION,1,51,200,0.7730670191459701,PKD1,0.9382087868785116
GO_BP,Downregulated in R,GOBP_RESPONSE_TO_VITAMIN,1,51,200,0.7730670191459701,TGFB1,0.9382087868785116
GO_BP,Downregulated in R,GOBP_VIRAL_PROCESS,5,224,200,0.773143365065284,"HMGA2, ITGB3, LDLR, NFIA, SLC20A2",0.9382087868785116
GO_BP,Upregulated in R,GOBP_HEMOPOIESIS,11,461,200,0.7749479581045688,"ACTL6A, DIAPH3, EIF2AK1, ESCO2, EZH2, FANCA, FANCD2, HMGB2, MELK, RACGAP1, TOP2A",0.9400647105416219
GO_BP,Downregulated in R,GOBP_HUMORAL_IMMUNE_RESPONSE,2,98,200,0.7752783202944425,"CD59, CFH",0.9401316088483548
GO_BP,Downregulated in R,GOBP_CELLULAR_HOMEOSTASIS,9,384,200,0.7763622130705605,"ANKH, FOXO1, IRS2, ITGB3, KLF7, LRRC8A, PDE4D, TGFB1, TPT1",0.9407261930476176
GO_BP,Upregulated in R,GOBP_RESPONSE_TO_METAL_ION,4,184,200,0.7768264027548777,"CDK1, ECT2, NCSTN, PCNA",0.9407261930476176
GO_BP,Downregulated in R,GOBP_RESPONSE_TO_MOLECULE_OF_BACTERIAL_ORIGIN,4,184,200,0.7768264027548777,"IRAK3, LOXL1, THBD, TLR2",0.9407261930476176
GO_BP,Upregulated in R,GOBP_HEAD_DEVELOPMENT,8,345,200,0.7768701963077661,"CENPF, DIAPH3, EZH2, FANCD2, KIF14, NCSTN, SUDS3, UFC1",0.9407261930476176
GO_BP,Upregulated in R,GOBP_POSITIVE_REGULATION_OF_ADAPTIVE_IMMUNE_RESPONSE,1,52,200,0.7795955859139226,ATAD5,0.9409725974160257
GO_BP,Upregulated in R,GOBP_B_CELL_PROLIFERATION,1,52,200,0.7795955859139226,ATAD5,0.9409725974160257
GO_BP,Downregulated in R,GOBP_REACTIVE_NITROGEN_SPECIES_METABOLIC_PROCESS,1,52,200,0.7795955859139226,TLR2,0.9409725974160257
GO_BP,Upregulated in R,GOBP_NEGATIVE_REGULATION_OF_VASCULATURE_DEVELOPMENT,1,52,200,0.7795955859139226,CXCL10,0.9409725974160257
GO_BP,Upregulated in R,GOBP_LIPOSACCHARIDE_METABOLIC_PROCESS,1,52,200,0.7795955859139226,PIGM,0.9409725974160257
GO_BP,Downregulated in R,GOBP_DIGESTION,1,52,200,0.7795955859139226,LDLR,0.9409725974160257
GO_BP,Downregulated in R,GOBP_B_CELL_PROLIFERATION,1,52,200,0.7795955859139226,IRS2,0.9409725974160257
GO_BP,Downregulated in R,GOBP_PROTEIN_LOCALIZATION_TO_CELL_JUNCTION,1,52,200,0.7795955859139226,CGNL1,0.9409725974160257
GO_BP,Downregulated in R,GOBP_TERPENOID_METABOLIC_PROCESS,1,52,200,0.7795955859139226,LRP1,0.9409725974160257
GO_BP,Downregulated in R,GOBP_RNA_CATABOLIC_PROCESS,2,99,200,0.7801037458671501,"SAMD4A, ZFP36L2",0.9409725974160257
GO_BP,Upregulated in R,GOBP_POSITIVE_REGULATION_OF_GROWTH,2,99,200,0.7801037458671501,"CDK1, PARP2",0.9409725974160257
GO_BP,Downregulated in R,GOBP_CELLULAR_RESPONSE_TO_OXIDATIVE_STRESS,3,143,200,0.7811617296800275,"FOXO1, MAP3K5, PLA2R1",0.9415837927265258
GO_BP,Downregulated in R,GOBP_MITOTIC_NUCLEAR_DIVISION,3,143,200,0.7811617296800275,"CCDC8, NFIA, TGFB1",0.9415837927265258
GO_BP,Upregulated in R,GOBP_RESPONSE_TO_HORMONE,10,425,200,0.7815142416965647,"BRCA1, BRIP1, CCNA2, CDC6, DNAJA1, HMGB2, PCNA, SKP2, TYMS, USF1",0.9416764196245027
GO_BP,Upregulated in R,GOBP_ACTIN_FILAMENT_BUNDLE_ORGANIZATION,2,100,200,0.7848386098400721,"DIAPH3, STMN1",0.9453386035510501
GO_BP,Downregulated in R,GOBP_NEGATIVE_REGULATION_OF_CATABOLIC_PROCESS,3,144,200,0.7851560435073065,"DDIT4, HIPK2, IRAK3",0.9453386035510501
GO_BP,Downregulated in R,GOBP_CYTOSOLIC_TRANSPORT,1,53,200,0.7859372465119973,CES1,0.9453386035510501
GO_BP,Upregulated in R,GOBP_REGULATION_OF_GLIOGENESIS,1,53,200,0.7859372465119973,EZH2,0.9453386035510501
GO_BP,Downregulated in R,GOBP_FERTILIZATION,1,53,200,0.7859372465119973,MST1R,0.9453386035510501
GO_BP,Upregulated in R,GOBP_NEGATIVE_REGULATION_OF_PHOSPHORUS_METABOLIC_PROCESS,4,187,200,0.7875079346773147,"CEP85, DNAJA1, ENSA, PLK1",0.9468944402878238
GO_BP,Downregulated in R,GOBP_POSITIVE_REGULATION_OF_LEUKOCYTE_CHEMOTAXIS,1,54,200,0.792097325749062,F2RL1,0.9507394465069556
GO_BP,Downregulated in R,GOBP_CELLULAR_OXIDANT_DETOXIFICATION,1,54,200,0.792097325749062,SESN1,0.9507394465069556
GO_BP,Upregulated in R,GOBP_NEGATIVE_REGULATION_OF_ESTABLISHMENT_OF_PROTEIN_LOCALIZATION,1,54,200,0.792097325749062,DNAJA1,0.9507394465069556
GO_BP,Upregulated in R,GOBP_POSITIVE_REGULATION_OF_LEUKOCYTE_CHEMOTAXIS,1,54,200,0.792097325749062,CXCL10,0.9507394465069556
GO_BP,Upregulated in R,GOBP_POSITIVE_REGULATION_OF_LEUKOCYTE_MEDIATED_IMMUNITY,1,54,200,0.792097325749062,ATAD5,0.9507394465069556
GO_BP,Upregulated in R,GOBP_CELLULAR_RESPONSE_TO_XENOBIOTIC_STIMULUS,2,102,200,0.7940414811770985,"MCM7, PCNA",0.9524036866927558
GO_BP,Upregulated in R,GOBP_POSITIVE_REGULATION_OF_CELLULAR_CATABOLIC_PROCESS,2,102,200,0.7940414811770985,"ATF6, EIF2AK1",0.9524036866927558
GO_BP,Upregulated in R,GOBP_RESPONSE_TO_VIRUS,4,189,200,0.7944014659169958,"CXCL10, CXCL9, SKP2, STMN1",0.9525010205589532
GO_BP,Downregulated in R,GOBP_NON_MEMBRANE_BOUNDED_ORGANELLE_ASSEMBLY,4,190,200,0.7977808087805295,"CSRP1, MSN, OBSCN, PLEC",0.952899226629744
GO_BP,Downregulated in R,GOBP_TYPE_I_INTERFERON_PRODUCTION,1,55,200,0.7980809974788342,TLR2,0.952899226629744
GO_BP,Upregulated in R,GOBP_POSITIVE_REGULATION_OF_PLASMA_MEMBRANE_BOUNDED_CELL_PROJECTION_ASSEMBLY,1,55,200,0.7980809974788342,CENPJ,0.952899226629744
GO_BP,Upregulated in R,GOBP_POSITIVE_REGULATION_OF_MONONUCLEAR_CELL_MIGRATION,1,55,200,0.7980809974788342,CXCL10,0.952899226629744
GO_BP,Downregulated in R,GOBP_ENDOCRINE_SYSTEM_DEVELOPMENT,1,55,200,0.7980809974788342,HIPK2,0.952899226629744
GO_BP,Downregulated in R,GOBP_NEGATIVE_REGULATION_OF_HEMOPOIESIS,1,55,200,0.7980809974788342,GLI3,0.952899226629744
GO_BP,Downregulated in R,GOBP_NEGATIVE_REGULATION_OF_MONOATOMIC_ION_TRANSPORT,1,55,200,0.7980809974788342,TGFB1,0.952899226629744
GO_BP,Upregulated in R,GOBP_REGULATION_OF_G_PROTEIN_COUPLED_RECEPTOR_SIGNALING_PATHWAY,1,55,200,0.7980809974788342,STMN1,0.952899226629744
GO_BP,Downregulated in R,GOBP_CEREBRAL_CORTEX_DEVELOPMENT,1,55,200,0.7980809974788342,GLI3,0.952899226629744
GO_BP,Upregulated in R,GOBP_CEREBRAL_CORTEX_DEVELOPMENT,1,55,200,0.7980809974788342,KIF14,0.952899226629744
GO_BP,Upregulated in R,GOBP_NEGATIVE_REGULATION_OF_CELLULAR_RESPONSE_TO_GROWTH_FACTOR_STIMULUS,1,55,200,0.7980809974788342,MTMR4,0.952899226629744
GO_BP,Downregulated in R,GOBP_NEGATIVE_REGULATION_OF_PROTEIN_CATABOLIC_PROCESS,1,55,200,0.7980809974788342,IRAK3,0.952899226629744
GO_BP,Upregulated in R,GOBP_ORGANOPHOSPHATE_BIOSYNTHETIC_PROCESS,6,273,200,0.7988538421427245,"MTMR4, NDUFAB1, NDUFS2, PIGM, SDHC, TYMS",0.9534887228370185
GO_BP,Upregulated in R,GOBP_RENAL_SYSTEM_DEVELOPMENT,4,191,200,0.8011155873128574,"CENPF, EZH2, HELLS, NUP107",0.9554973816074489
GO_BP,Upregulated in R,GOBP_POSITIVE_REGULATION_OF_HYDROLASE_ACTIVITY,5,233,200,0.8017955416046723,"ECT2, EZH2, NCSTN, PCNA, PSENEN",0.9554973816074489
GO_BP,Upregulated in R,GOBP_INFLAMMATORY_RESPONSE,9,395,200,0.8036550863327999,"BRCC3, CXCL10, CXCL9, EIF2AK1, EZH2, FANCA, FANCD2, HMGB2, PSMB4",0.9554973816074489
GO_BP,Upregulated in R,GOBP_REGULATION_OF_GENERATION_OF_PRECURSOR_METABOLITES_AND_ENERGY,1,56,200,0.8038932888582576,CDK1,0.9554973816074489
GO_BP,Upregulated in R,GOBP_VIRAL_GENE_EXPRESSION,1,56,200,0.8038932888582576,USF1,0.9554973816074489
GO_BP,Downregulated in R,GOBP_VIRAL_GENE_EXPRESSION,1,56,200,0.8038932888582576,HMGA2,0.9554973816074489
GO_BP,Downregulated in R,GOBP_PEPTIDYL_LYSINE_MODIFICATION,1,56,200,0.8038932888582576,LOXL1,0.9554973816074489
GO_BP,Upregulated in R,GOBP_POSITIVE_REGULATION_OF_TRANSLATION,1,56,200,0.8038932888582576,UHMK1,0.9554973816074489
GO_BP,Downregulated in R,GOBP_POSITIVE_REGULATION_OF_TRANSLATION,1,56,200,0.8038932888582576,SAMD4A,0.9554973816074489
GO_BP,Downregulated in R,GOBP_T_CELL_ACTIVATION_INVOLVED_IN_IMMUNE_RESPONSE,1,56,200,0.8038932888582576,F2RL1,0.9554973816074489
GO_BP,Upregulated in R,GOBP_PEPTIDYL_LYSINE_MODIFICATION,1,56,200,0.8038932888582576,NDUFAB1,0.9554973816074489
GO_BP,Upregulated in R,GOBP_TYPE_II_INTERFERON_PRODUCTION,1,56,200,0.8038932888582576,UFC1,0.9554973816074489
GO_BP,Downregulated in R,GOBP_REGULATION_OF_CELLULAR_RESPONSE_TO_STRESS,5,234,200,0.8047969697365674,"FOXO1, HMGA2, PLA2R1, SPRED1, TPT1",0.9562387647374311
GO_BP,Upregulated in R,GOBP_DEVELOPMENTAL_CELL_GROWTH,2,105,200,0.8071968654601478,"AURKA, PARP2",0.9575434600434096
GO_BP,Upregulated in R,GOBP_GLYCEROPHOSPHOLIPID_BIOSYNTHETIC_PROCESS,2,105,200,0.8071968654601478,"MTMR4, PIGM",0.9575434600434096
GO_BP,Downregulated in R,GOBP_CELLULAR_RESPONSE_TO_MOLECULE_OF_BACTERIAL_ORIGIN,2,105,200,0.8071968654601478,"IRAK3, TLR2",0.9575434600434096
GO_BP,Upregulated in R,GOBP_POSITIVE_REGULATION_OF_PROGRAMMED_CELL_DEATH,6,276,200,0.8072275640243227,"ATF6, DNAJA1, ECT2, MELK, MYBL2, TOP2A",0.9575434600434096
GO_BP,Upregulated in R,GOBP_REGULATION_OF_HEMOPOIESIS,4,193,200,0.8076526460323372,"ACTL6A, FANCA, FANCD2, HMGB2",0.9575434600434096
GO_BP,Upregulated in R,GOBP_REGULATION_OF_TRANSLATION,3,150,200,0.8078784306083975,"EIF2AK1, TYMS, UHMK1",0.9575434600434096
GO_BP,Upregulated in R,GOBP_REGULATION_OF_GTPASE_ACTIVITY,3,150,200,0.8078784306083975,"ECT2, EZH2, STMN1",0.9575434600434096
GO_BP,Downregulated in R,GOBP_CD4_POSITIVE_ALPHA_BETA_T_CELL_ACTIVATION,1,57,200,0.8095390844863487,TGFBR2,0.9575434600434096
GO_BP,Upregulated in R,GOBP_ADULT_BEHAVIOR,1,57,200,0.8095390844863487,NCSTN,0.9575434600434096
GO_BP,Downregulated in R,GOBP_OSTEOCLAST_DIFFERENTIATION,1,57,200,0.8095390844863487,TGFB1,0.9575434600434096
GO_BP,Downregulated in R,GOBP_ADULT_BEHAVIOR,1,57,200,0.8095390844863487,HIPK2,0.9575434600434096
GO_BP,Upregulated in R,GOBP_COLUMNAR_CUBOIDAL_EPITHELIAL_CELL_DIFFERENTIATION,1,57,200,0.8095390844863487,TYMS,0.9575434600434096
GO_BP,Downregulated in R,GOBP_CELLULAR_RESPONSE_TO_ALCOHOL,1,57,200,0.8095390844863487,CES1,0.9575434600434096
GO_BP,Upregulated in R,GOBP_RNA_PROCESSING,8,358,200,0.8102710132853064,"CSTF2, ERI2, FAM50A, GPATCH1, NOL7, SLBP, SNORA22, TDRKH",0.9580774598070636
GO_BP,Upregulated in R,GOBP_POSITIVE_REGULATION_OF_GTPASE_ACTIVITY,2,106,200,0.8114138225429416,"ECT2, EZH2",0.9584918169581753
GO_BP,Upregulated in R,GOBP_T_CELL_DIFFERENTIATION,3,151,200,0.8114632127175185,"ACTL6A, FANCA, FANCD2",0.9584918169581753
GO_BP,Downregulated in R,GOBP_ORGANIC_ACID_BIOSYNTHETIC_PROCESS,3,151,200,0.8114632127175185,"CES1, GGT5, UST",0.9584918169581753
GO_BP,Upregulated in R,GOBP_REGULATION_OF_PROTEIN_CONTAINING_COMPLEX_ASSEMBLY,4,195,200,0.8140150962614088,"BRCC3, HJURP, KIF14, STMN1",0.9607035933533896
GO_BP,Upregulated in R,GOBP_REGULATION_OF_LEUKOCYTE_DIFFERENTIATION,3,152,200,0.8149916641816156,"ACTL6A, FANCA, FANCD2",0.9607035933533896
GO_BP,Downregulated in R,GOBP_RESPONSE_TO_ESTRADIOL,1,58,200,0.815023130426851,TGFB1,0.9607035933533896
GO_BP,Downregulated in R,GOBP_NEUTRAL_LIPID_METABOLIC_PROCESS,1,58,200,0.815023130426851,LDLR,0.9607035933533896
GO_BP,Downregulated in R,GOBP_REGULATION_OF_DNA_BIOSYNTHETIC_PROCESS,1,58,200,0.815023130426851,MAP3K4,0.9607035933533896
GO_BP,Upregulated in R,GOBP_LYMPHOCYTE_MIGRATION,1,58,200,0.815023130426851,CXCL10,0.9607035933533896
GO_BP,Downregulated in R,GOBP_MYELOID_CELL_HOMEOSTASIS,2,108,200,0.8196027977391285,"HIPK2, KIT",0.9656498036564065
GO_BP,Upregulated in R,GOBP_LEUKOCYTE_HOMEOSTASIS,1,59,200,0.8203500381179425,CCNB2,0.9656498036564065
GO_BP,Downregulated in R,GOBP_NEGATIVE_REGULATION_OF_GENE_EXPRESSION_EPIGENETIC,1,59,200,0.8203500381179425,HMGA2,0.9656498036564065
GO_BP,Downregulated in R,GOBP_DNA_TEMPLATED_TRANSCRIPTION_INITIATION,1,59,200,0.8203500381179425,FOXO1,0.9656498036564065
GO_BP,Upregulated in R,GOBP_RRNA_METABOLIC_PROCESS,2,109,200,0.8235772502132537,"ERI2, NOL7",0.9675063969684217
GO_BP,Upregulated in R,GOBP_CILIUM_ORGANIZATION,3,155,200,0.8252446957222389,"AURKA, CENPJ, PLK4",0.9675063969684217
GO_BP,Upregulated in R,GOBP_REGULATION_OF_PEPTIDASE_ACTIVITY,3,155,200,0.8252446957222389,"ARL6IP1, NCSTN, PSENEN",0.9675063969684217
GO_BP,Downregulated in R,GOBP_GLYCEROPHOSPHOLIPID_METABOLIC_PROCESS,3,155,200,0.8252446957222389,"GPCPD1, LCAT, LDLR",0.9675063969684217
GO_BP,Upregulated in R,GOBP_POSITIVE_REGULATION_OF_SYNAPTIC_TRANSMISSION,1,60,200,0.8255242881721494,NCSTN,0.9675063969684217
GO_BP,Downregulated in R,GOBP_POSITIVE_REGULATION_OF_SYNAPTIC_TRANSMISSION,1,60,200,0.8255242881721494,NFATC4,0.9675063969684217
GO_BP,Upregulated in R,GOBP_CELLULAR_SENESCENCE,1,60,200,0.8255242881721494,CDK2,0.9675063969684217
GO_BP,Downregulated in R,GOBP_REGULATION_OF_LEUKOCYTE_APOPTOTIC_PROCESS,1,60,200,0.8255242881721494,IRS2,0.9675063969684217
GO_BP,Upregulated in R,GOBP_NEUROTRANSMITTER_TRANSPORT,1,60,200,0.8255242881721494,RAB5A,0.9675063969684217
GO_BP,Downregulated in R,GOBP_NEUROMUSCULAR_PROCESS,1,60,200,0.8255242881721494,HIPK2,0.9675063969684217
GO_BP,Downregulated in R,GOBP_POSITIVE_REGULATION_OF_CELL_CYCLE_PHASE_TRANSITION,1,60,200,0.8255242881721494,TGFB1,0.9675063969684217
GO_BP,Downregulated in R,GOBP_NUCLEOSIDE_BISPHOSPHATE_METABOLIC_PROCESS,1,60,200,0.8255242881721494,TPST1,0.9675063969684217
GO_BP,Upregulated in R,GOBP_MUSCLE_STRUCTURE_DEVELOPMENT,7,324,200,0.8256092351179594,"ACTL6A, CDK1, CENPF, CXCL10, CXCL9, EZH2, PARP2",0.9675063969684217
GO_BP,Upregulated in R,GOBP_CELLULAR_RESPONSE_TO_NUTRIENT_LEVELS,2,110,200,0.8274732974746608,"BRIP1, USF1",0.9693582936122913
GO_BP,Downregulated in R,GOBP_CELLULAR_LIPID_METABOLIC_PROCESS,11,486,200,0.8295239377670879,"A4GALT, CES1, GGT5, GPCPD1, IRS2, KIT, LCAT, LDLR, LRP1, PORCN, TNFRSF1A",0.9705037522114294
GO_BP,Downregulated in R,GOBP_B_CELL_MEDIATED_IMMUNITY,1,61,200,0.8305502340695381,TGFB1,0.9705037522114294
GO_BP,Upregulated in R,GOBP_REGULATION_OF_ACTIN_FILAMENT_BUNDLE_ASSEMBLY,1,61,200,0.8305502340695381,STMN1,0.9705037522114294
GO_BP,Upregulated in R,GOBP_SENSORY_PERCEPTION_OF_LIGHT_STIMULUS,1,61,200,0.8305502340695381,ATF6,0.9705037522114294
GO_BP,Upregulated in R,GOBP_LONG_CHAIN_FATTY_ACID_METABOLIC_PROCESS,1,61,200,0.8305502340695381,ACAD9,0.9705037522114294
GO_BP,Upregulated in R,GOBP_LIPOPROTEIN_METABOLIC_PROCESS,1,61,200,0.8305502340695381,PIGM,0.9705037522114294
GO_BP,Upregulated in R,GOBP_POSITIVE_REGULATION_OF_PHOSPHORYLATION,6,285,200,0.8307362596245913,"BORA, ECT2, EZH2, KIF14, PLK1, TPX2",0.9705037522114294
GO_BP,Downregulated in R,GOBP_NEGATIVE_REGULATION_OF_PROTEOLYSIS,2,111,200,0.8312921484106096,"HIPK2, LRP1",0.9705037522114294
GO_BP,Downregulated in R,GOBP_ORGANIC_HYDROXY_COMPOUND_BIOSYNTHETIC_PROCESS,2,111,200,0.8312921484106096,"CES1, PRKG1",0.9705037522114294
GO_BP,Downregulated in R,GOBP_RHYTHMIC_PROCESS,2,111,200,0.8312921484106096,"PRKG1, SLIT3",0.9705037522114294
GO_BP,Upregulated in R,GOBP_REGULATION_OF_AUTOPHAGY,3,157,200,0.8318088595458346,"ATF6, EIF2AK1, MTMR4",0.9707752183835227
GO_BP,Upregulated in R,GOBP_NEGATIVE_REGULATION_OF_INTRACELLULAR_SIGNAL_TRANSDUCTION,6,286,200,0.8332022965721938,"ATAD5, CIT, DNAJA1, FOXM1, HELLS, STMN1",0.971684056258876
GO_BP,Downregulated in R,GOBP_INTRACELLULAR_PROTEIN_TRANSPORT,6,286,200,0.8332022965721938,"AP3M2, GLI3, PKD1, PLK3, RAPGEF3, TGFB1",0.971684056258876
GO_BP,Downregulated in R,GOBP_MITOTIC_CELL_CYCLE,10,449,200,0.834754230778173,"ACVR1, CCDC8, CTDSP1, NFIA, PKD1, PLK3, SNX18, SPTBN1, TGFB1, ZFP36L2",0.971684056258876
GO_BP,Upregulated in R,GOBP_NEGATIVE_REGULATION_OF_PHOSPHORYLATION,3,158,200,0.8350113290240715,"CEP85, DNAJA1, PLK1",0.971684056258876
GO_BP,Downregulated in R,GOBP_XENOBIOTIC_METABOLIC_PROCESS,1,62,200,0.8354321057471659,UGT1A10,0.971684056258876
GO_BP,Downregulated in R,GOBP_ELECTRON_TRANSPORT_CHAIN,1,62,200,0.8354321057471659,PLEC,0.971684056258876
GO_BP,Downregulated in R,GOBP_ESTABLISHMENT_OF_RNA_LOCALIZATION,1,62,200,0.8354321057471659,TGFBR2,0.971684056258876
GO_BP,Upregulated in R,GOBP_NEGATIVE_REGULATION_OF_PEPTIDASE_ACTIVITY,1,62,200,0.8354321057471659,ARL6IP1,0.971684056258876
GO_BP,Downregulated in R,GOBP_NEGATIVE_REGULATION_OF_PEPTIDASE_ACTIVITY,1,62,200,0.8354321057471659,LRP1,0.971684056258876
GO_BP,Downregulated in R,GOBP_NEGATIVE_REGULATION_OF_DNA_BINDING_TRANSCRIPTION_FACTOR_ACTIVITY,1,62,200,0.8354321057471659,IRAK3,0.971684056258876
GO_BP,Upregulated in R,GOBP_RESPONSE_TO_KETONE,2,113,200,0.8387030724740284,"PCNA, TYMS",0.9732229327594246
GO_BP,Upregulated in R,GOBP_REGULATION_OF_NEURON_APOPTOTIC_PROCESS,2,113,200,0.8387030724740284,"KIF14, MYBL2",0.9732229327594246
GO_BP,Upregulated in R,GOBP_CARBOHYDRATE_HOMEOSTASIS,2,113,200,0.8387030724740284,"RMI1, USF1",0.9732229327594246
GO_BP,Downregulated in R,GOBP_REGULATION_OF_BLOOD_CIRCULATION,2,113,200,0.8387030724740284,"KCND3, PDE4D",0.9732229327594246
GO_BP,Upregulated in R,GOBP_PROTEIN_FOLDING,2,113,200,0.8387030724740284,"ATF6, DNAJA1",0.9732229327594246
GO_BP,Upregulated in R,GOBP_POSITIVE_REGULATION_OF_CELL_GROWTH,1,63,200,0.8401740130876882,PARP2,0.9732229327594246
GO_BP,Upregulated in R,GOBP_RECEPTOR_INTERNALIZATION,1,63,200,0.8401740130876882,RAB5A,0.9732229327594246
GO_BP,Upregulated in R,GOBP_VIRAL_GENOME_REPLICATION,1,63,200,0.8401740130876882,TOP2A,0.9732229327594246
GO_BP,Downregulated in R,GOBP_RESPONSE_TO_INTERLEUKIN_1,1,63,200,0.8401740130876882,IRAK3,0.9732229327594246
GO_BP,Upregulated in R,GOBP_MULTICELLULAR_ORGANISM_GROWTH,1,63,200,0.8401740130876882,RMI1,0.9732229327594246
GO_BP,Upregulated in R,GOBP_REGULATION_OF_CELLULAR_KETONE_METABOLIC_PROCESS,1,63,200,0.8401740130876882,BRCA1,0.9732229327594246
GO_BP,Downregulated in R,GOBP_REGULATION_OF_MITOTIC_NUCLEAR_DIVISION,1,63,200,0.8401740130876882,CCDC8,0.9732229327594246
GO_BP,Upregulated in R,GOBP_LYMPHOCYTE_DIFFERENTIATION,4,205,200,0.8433003366744672,"ACTL6A, EZH2, FANCA, FANCD2",0.9761822941646832
GO_BP,Upregulated in R,GOBP_GENERATION_OF_PRECURSOR_METABOLITES_AND_ENERGY,4,205,200,0.8433003366744672,"CDK1, NDUFAB1, NDUFS2, SDHC",0.9761822941646832
GO_BP,Downregulated in R,GOBP_FATTY_ACID_CATABOLIC_PROCESS,1,64,200,0.8447799493099453,IRS2,0.9765713390330872
GO_BP,Upregulated in R,GOBP_REGULATION_OF_RNA_SPLICING,1,64,200,0.8447799493099453,FAM50A,0.9765713390330872
GO_BP,Downregulated in R,GOBP_NEGATIVE_REGULATION_OF_INTRINSIC_APOPTOTIC_SIGNALING_PATHWAY,1,64,200,0.8447799493099453,TPT1,0.9765713390330872
GO_BP,Downregulated in R,GOBP_REGULATION_OF_RNA_SPLICING,1,64,200,0.8447799493099453,CLK4,0.9765713390330872
GO_BP,Downregulated in R,GOBP_FATTY_ACID_METABOLIC_PROCESS,4,206,200,0.8460054662025369,"CES1, GGT5, IRS2, TNFRSF1A",0.9776571963964364
GO_BP,Upregulated in R,GOBP_NEGATIVE_REGULATION_OF_CATALYTIC_ACTIVITY,4,207,200,0.8486714144244386,"ARL6IP1, CEP85, DNAJA1, PLK1",0.9781021447089421
GO_BP,Downregulated in R,GOBP_POSITIVE_REGULATION_OF_MONOATOMIC_ION_TRANSMEMBRANE_TRANSPORT,1,65,200,0.849253794264263,ADRB2,0.9781021447089421
GO_BP,Upregulated in R,GOBP_POSITIVE_REGULATION_OF_PRODUCTION_OF_MOLECULAR_MEDIATOR_OF_IMMUNE_RESPONSE,1,65,200,0.849253794264263,ATAD5,0.9781021447089421
GO_BP,Upregulated in R,GOBP_GLIAL_CELL_DEVELOPMENT,1,65,200,0.849253794264263,NCSTN,0.9781021447089421
GO_BP,Downregulated in R,GOBP_LIPID_OXIDATION,1,65,200,0.849253794264263,IRS2,0.9781021447089421
GO_BP,Upregulated in R,GOBP_MEMBRANE_LIPID_BIOSYNTHETIC_PROCESS,1,65,200,0.849253794264263,PIGM,0.9781021447089421
GO_BP,Upregulated in R,GOBP_STRESS_FIBER_ASSEMBLY,1,65,200,0.849253794264263,STMN1,0.9781021447089421
GO_BP,Downregulated in R,GOBP_MEMBRANE_LIPID_BIOSYNTHETIC_PROCESS,1,65,200,0.849253794264263,A4GALT,0.9781021447089421
GO_BP,Upregulated in R,GOBP_REGULATION_OF_B_CELL_ACTIVATION,1,65,200,0.849253794264263,ATAD5,0.9781021447089421
GO_BP,Downregulated in R,GOBP_UNSATURATED_FATTY_ACID_METABOLIC_PROCESS,1,65,200,0.849253794264263,TNFRSF1A,0.9781021447089421
GO_BP,Downregulated in R,GOBP_REGULATION_OF_CELL_CYCLE,11,497,200,0.8501380823618884,"ACVR1, CCDC8, CTDSP1, GADD45A, HIPK2, HMGA2, LIF, PKD1, PLK3, TGFB1, ZFP36L2",0.9787905929720966
GO_BP,Upregulated in R,GOBP_GROWTH,9,418,200,0.8526318684014083,"AURKA, BRCA1, CCNB2, CDK1, EZH2, KIF14, PARP2, RMI1, TYMS",0.9794743933629961
GO_BP,Upregulated in R,GOBP_REGULATION_OF_CELL_PROJECTION_ASSEMBLY,2,117,200,0.8526511461903761,"CENPJ, RAB5A",0.9794743933629961
GO_BP,Downregulated in R,GOBP_CELLULAR_RESPONSE_TO_BIOTIC_STIMULUS,2,117,200,0.8526511461903761,"IRAK3, TLR2",0.9794743933629961
GO_BP,Downregulated in R,GOBP_ANATOMICAL_STRUCTURE_MATURATION,2,117,200,0.8526511461903761,"EXT1, TGFB1",0.9794743933629961
GO_BP,Downregulated in R,GOBP_POSITIVE_REGULATION_OF_RESPONSE_TO_BIOTIC_STIMULUS,3,164,200,0.8531487540242069,"F2RL1, IRAK3, TLR2",0.9794743933629961
GO_BP,Downregulated in R,GOBP_RESPONSE_TO_HYDROGEN_PEROXIDE,1,66,200,0.8535993176351404,MAP3K5,0.9794743933629961
GO_BP,Upregulated in R,GOBP_POSITIVE_REGULATION_OF_PROTEIN_SERINE_THREONINE_KINASE_ACTIVITY,1,66,200,0.8535993176351404,EZH2,0.9794743933629961
GO_BP,Downregulated in R,GOBP_POSITIVE_REGULATION_OF_MITOTIC_CELL_CYCLE,1,66,200,0.8535993176351404,TGFB1,0.9794743933629961
GO_BP,Upregulated in R,GOBP_REGULATION_OF_EPITHELIAL_TO_MESENCHYMAL_TRANSITION,1,66,200,0.8535993176351404,EZH2,0.9794743933629961
GO_BP,Downregulated in R,GOBP_MONOATOMIC_ANION_TRANSPORT,1,66,200,0.8535993176351404,LRRC8A,0.9794743933629961
GO_BP,Downregulated in R,GOBP_PROTEIN_LOCALIZATION_TO_ORGANELLE,9,419,200,0.8545229934316072,"CEP68, DYNC2H1, GLI3, MSN, OBSCN, SYNE1, TGFB1, WWTR1, YAP1",0.9799388889049018
GO_BP,Downregulated in R,GOBP_LIPID_BIOSYNTHETIC_PROCESS,7,337,200,0.8545778542294211,"A4GALT, CES1, GGT5, IGFBP7, LCAT, LDLR, PRKG1",0.9799388889049018
GO_BP,Upregulated in R,GOBP_REGULATION_OF_PROTEIN_STABILITY,3,165,200,0.8559976435020423,"AURKA, NDC80, PLK1",0.980638621645902
GO_BP,Upregulated in R,GOBP_CELL_CHEMOTAXIS,3,165,200,0.8559976435020423,"CXCL10, CXCL9, HMGB2",0.980638621645902
GO_BP,Upregulated in R,GOBP_SENSORY_ORGAN_DEVELOPMENT,5,254,200,0.8576015724883561,"ACTL6A, ATF6, CCNA2, DIAPH3, MCM2",0.980638621645902
GO_BP,Downregulated in R,GOBP_IMMUNE_RESPONSE_REGULATING_SIGNALING_PATHWAY,5,254,200,0.8576015724883561,"F2RL1, IRAK3, KIT, PDE4D, TLR2",0.980638621645902
GO_BP,Upregulated in R,GOBP_REGULATION_OF_EXOCYTOSIS,1,67,200,0.8578201820539051,RAB5A,0.980638621645902
GO_BP,Downregulated in R,GOBP_ISOPRENOID_METABOLIC_PROCESS,1,67,200,0.8578201820539051,LRP1,0.980638621645902
GO_BP,Upregulated in R,GOBP_SKIN_EPIDERMIS_DEVELOPMENT,1,67,200,0.8578201820539051,STMN1,0.980638621645902
GO_BP,Downregulated in R,GOBP_ACTION_POTENTIAL,1,67,200,0.8578201820539051,KCND3,0.980638621645902
GO_BP,Upregulated in R,GOBP_DEVELOPMENTAL_GROWTH,6,297,200,0.8584794509354982,"AURKA, CDK1, EZH2, PARP2, RMI1, TYMS",0.980638621645902
GO_BP,Downregulated in R,GOBP_SENSORY_PERCEPTION,3,166,200,0.8587984062718763,"KIT, PDE4A, PIEZO2",0.980638621645902
GO_BP,Upregulated in R,GOBP_NEGATIVE_REGULATION_OF_PROTEIN_MODIFICATION_PROCESS,4,211,200,0.8589507961771842,"CEP85, DNAJA1, ENSA, PLK1",0.980638621645902
GO_BP,Upregulated in R,GOBP_RESPONSE_TO_ENDOPLASMIC_RETICULUM_STRESS,2,119,200,0.8592070827242929,"ATF6, UFC1",0.980638621645902
GO_BP,Upregulated in R,GOBP_GLIAL_CELL_DIFFERENTIATION,2,119,200,0.8592070827242929,"CDK1, NCSTN",0.980638621645902
GO_BP,Downregulated in R,GOBP_RESPONSE_TO_ENDOPLASMIC_RETICULUM_STRESS,2,119,200,0.8592070827242929,"MAP3K5, TNFRSF10B",0.980638621645902
GO_BP,Downregulated in R,GOBP_ORGANIC_HYDROXY_COMPOUND_METABOLIC_PROCESS,5,255,200,0.8598986790957776,"CES1, KIT, LCAT, LDLR, PRKG1",0.9811001629229045
GO_BP,Upregulated in R,GOBP_NEGATIVE_REGULATION_OF_PROGRAMMED_CELL_DEATH,10,463,200,0.860905058001143,"ARL6IP1, ATAD5, AURKA, BRCA1, CDK1, DNAJA1, HELLS, HMGB2, KIF14, PLK1",0.9816413495911638
GO_BP,Downregulated in R,GOBP_INTERLEUKIN_1_PRODUCTION,1,68,200,0.8619199461238618,F2RL1,0.9816413495911638
GO_BP,Downregulated in R,GOBP_POSITIVE_REGULATION_OF_APOPTOTIC_SIGNALING_PATHWAY,1,68,200,0.8619199461238618,NFATC4,0.9816413495911638
GO_BP,Upregulated in R,GOBP_POSITIVE_REGULATION_OF_LYMPHOCYTE_DIFFERENTIATION,1,68,200,0.8619199461238618,ACTL6A,0.9816413495911638
GO_BP,Upregulated in R,GOBP_RETINA_DEVELOPMENT_IN_CAMERA_TYPE_EYE,1,68,200,0.8619199461238618,ACTL6A,0.9816413495911638
GO_BP,Upregulated in R,GOBP_REACTIVE_OXYGEN_SPECIES_METABOLIC_PROCESS,2,120,200,0.8623845697081624,"BRCA1, FOXM1",0.9816413495911638
GO_BP,Upregulated in R,GOBP_MYELOID_LEUKOCYTE_MIGRATION,2,120,200,0.8623845697081624,"CXCL10, CXCL9",0.9816413495911638
GO_BP,Downregulated in R,GOBP_AMIDE_METABOLIC_PROCESS,4,213,200,0.8638650765034519,"ALDOB, GGT5, IFNGR1, TNFRSF1A",0.9829990344223156
GO_BP,Upregulated in R,GOBP_POSITIVE_REGULATION_OF_ESTABLISHMENT_OF_PROTEIN_LOCALIZATION,3,168,200,0.8642579415640488,"CDK1, CENPJ, ECT2",0.9831185908700603
GO_BP,Upregulated in R,GOBP_PEPTIDYL_AMINO_ACID_MODIFICATION,8,384,200,0.8655628725894777,"AURKA, CDK1, CDK2, NDUFAB1, PLK1, TTK, UHMK1, VRK1",0.9840058090828494
GO_BP,Upregulated in R,GOBP_REGULATION_OF_LYMPHOCYTE_MEDIATED_IMMUNITY,1,69,200,0.8659020673603763,ATAD5,0.9840058090828494
GO_BP,Upregulated in R,GOBP_INORGANIC_ANION_TRANSPORT,1,69,200,0.8659020673603763,RACGAP1,0.9840058090828494
GO_BP,Upregulated in R,GOBP_TRANSFORMING_GROWTH_FACTOR_BETA_RECEPTOR_SIGNALING_PATHWAY,2,122,200,0.8685442525317444,"MTMR4, SUDS3",0.986024315935008
GO_BP,Upregulated in R,GOBP_GLYCEROLIPID_BIOSYNTHETIC_PROCESS,2,122,200,0.8685442525317444,"MTMR4, PIGM",0.986024315935008
GO_BP,Downregulated in R,GOBP_GLYCEROLIPID_BIOSYNTHETIC_PROCESS,2,122,200,0.8685442525317444,"LCAT, LDLR",0.986024315935008
GO_BP,Upregulated in R,GOBP_VIRAL_LIFE_CYCLE,3,170,200,0.8695321342835693,"CDK1, KPNA2, TOP2A",0.9861048774128526
GO_BP,Upregulated in R,GOBP_REGULATION_OF_NEURON_DIFFERENTIATION,1,70,200,0.8697699050482801,ECT2,0.9861048774128526
GO_BP,Upregulated in R,GOBP_AMINO_ACID_TRANSPORT,1,70,200,0.8697699050482801,ARL6IP1,0.9861048774128526
GO_BP,Upregulated in R,GOBP_SMOOTHENED_SIGNALING_PATHWAY,1,70,200,0.8697699050482801,CENPJ,0.9861048774128526
GO_BP,Downregulated in R,GOBP_ORGANELLE_FISSION,4,216,200,0.8709632333742476,"CCDC8, LIF, NFIA, TGFB1",0.9871160454004264
GO_BP,Downregulated in R,GOBP_AMINO_ACID_METABOLIC_PROCESS,2,123,200,0.8715286864542406,"AMT, GGT5",0.9871160454004264
GO_BP,Upregulated in R,GOBP_LEUKOCYTE_CHEMOTAXIS,2,123,200,0.8715286864542406,"CXCL10, CXCL9",0.9871160454004264
GO_BP,Upregulated in R,GOBP_LYMPHOCYTE_ACTIVATION,8,388,200,0.8727935316587591,"ACTL6A, ATAD5, EXO1, EZH2, FANCA, FANCD2, HELLS, NCSTN",0.9874147206593581
GO_BP,Upregulated in R,GOBP_REGULATION_OF_INSULIN_SECRETION,1,71,200,0.8735267230189052,ENSA,0.9874147206593581
GO_BP,Upregulated in R,GOBP_REGULATION_OF_LEUKOCYTE_CHEMOTAXIS,1,71,200,0.8735267230189052,CXCL10,0.9874147206593581
GO_BP,Downregulated in R,GOBP_DNA_INTEGRITY_CHECKPOINT_SIGNALING,1,71,200,0.8735267230189052,PLK3,0.9874147206593581
GO_BP,Upregulated in R,GOBP_CELL_CELL_JUNCTION_ASSEMBLY,1,71,200,0.8735267230189052,ECT2,0.9874147206593581
GO_BP,Upregulated in R,GOBP_SPROUTING_ANGIOGENESIS,1,71,200,0.8735267230189052,E2F8,0.9874147206593581
GO_BP,Downregulated in R,GOBP_DNA_RECOMBINATION,2,124,200,0.8744509897077011,"TEP1, TGFB1",0.9881325110292779
GO_BP,Upregulated in R,GOBP_LEUKOCYTE_DIFFERENTIATION,6,306,200,0.876757688906687,"ACTL6A, DIAPH3, EIF2AK1, EZH2, FANCA, FANCD2",0.989075465551833
GO_BP,Downregulated in R,GOBP_POSITIVE_REGULATION_OF_NEURON_PROJECTION_DEVELOPMENT,1,72,200,0.8771756923490004,ITGA6,0.989075465551833
GO_BP,Upregulated in R,GOBP_POSITIVE_REGULATION_OF_NEURON_PROJECTION_DEVELOPMENT,1,72,200,0.8771756923490004,EZH2,0.989075465551833
GO_BP,Upregulated in R,GOBP_MAINTENANCE_OF_LOCATION_IN_CELL,2,125,200,0.8773122542804608,"CXCL10, CXCL9",0.989075465551833
GO_BP,Upregulated in R,GOBP_PROTEIN_PROCESSING,2,125,200,0.8773122542804608,"NCSTN, PSENEN",0.989075465551833
GO_BP,Upregulated in R,GOBP_TELENCEPHALON_DEVELOPMENT,2,125,200,0.8773122542804608,"EZH2, KIF14",0.989075465551833
GO_BP,Upregulated in R,GOBP_PHOSPHOLIPID_BIOSYNTHETIC_PROCESS,2,125,200,0.8773122542804608,"MTMR4, PIGM",0.989075465551833
GO_BP,Upregulated in R,GOBP_RIBOSOME_BIOGENESIS,2,126,200,0.880113560828518,"ERI2, NOL7",0.9916081601345967
GO_BP,Upregulated in R,GOBP_REGULATION_OF_PATTERN_RECOGNITION_RECEPTOR_SIGNALING_PATHWAY,1,73,200,0.8807198939837139,BRCC3,0.9916081601345967
GO_BP,Upregulated in R,GOBP_RESPONSE_TO_ACID_CHEMICAL,1,73,200,0.8807198939837139,PCNA,0.9916081601345967
GO_BP,Upregulated in R,GOBP_VESICLE_MEDIATED_TRANSPORT_TO_THE_PLASMA_MEMBRANE,1,73,200,0.8807198939837139,RAB11FIP4,0.9916081601345967
GO_BP,Upregulated in R,GOBP_CELL_GROWTH,4,221,200,0.8820901912843357,"AURKA, BRCA1, KIF14, PARP2",0.9922136956347551
GO_BP,Downregulated in R,GOBP_POSITIVE_REGULATION_OF_DNA_METABOLIC_PROCESS,2,127,200,0.8828559784300809,"MAP3K4, TGFB1",0.9922136956347551
GO_BP,Upregulated in R,GOBP_MYELOID_LEUKOCYTE_DIFFERENTIATION,2,127,200,0.8828559784300809,"DIAPH3, EIF2AK1",0.9922136956347551
GO_BP,Upregulated in R,GOBP_POTASSIUM_ION_TRANSPORT,1,74,200,0.8841623212857712,CDK2,0.9922136956347551
GO_BP,Upregulated in R,GOBP_DETECTION_OF_STIMULUS,1,74,200,0.8841623212857712,TIMELESS,0.9922136956347551
GO_BP,Downregulated in R,GOBP_MALE_SEX_DIFFERENTIATION,1,74,200,0.8841623212857712,KIT,0.9922136956347551
GO_BP,Upregulated in R,GOBP_SUBSTRATE_ADHESION_DEPENDENT_CELL_SPREADING,1,74,200,0.8841623212857712,KIF14,0.9922136956347551
GO_BP,Downregulated in R,GOBP_POTASSIUM_ION_TRANSPORT,1,74,200,0.8841623212857712,KCND3,0.9922136956347551
GO_BP,Upregulated in R,GOBP_CELL_SURFACE_RECEPTOR_SIGNALING_PATHWAY_VIA_STAT,1,74,200,0.8841623212857712,CENPJ,0.9922136956347551
GO_BP,Upregulated in R,GOBP_DIGESTIVE_SYSTEM_DEVELOPMENT,1,74,200,0.8841623212857712,TYMS,0.9922136956347551
GO_BP,Upregulated in R,GOBP_RESPONSE_TO_PEPTIDE_HORMONE,4,223,200,0.8863037332441879,"BRIP1, CCNA2, CDC6, USF1",0.993144130902952
GO_BP,Upregulated in R,GOBP_REGULATION_OF_JNK_CASCADE,1,75,200,0.8875058825129101,DNAJA1,0.993144130902952
GO_BP,Downregulated in R,GOBP_T_CELL_RECEPTOR_SIGNALING_PATHWAY,1,75,200,0.8875058825129101,PDE4D,0.993144130902952
GO_BP,Upregulated in R,GOBP_NEURON_PROJECTION_EXTENSION,1,75,200,0.8875058825129101,AURKA,0.993144130902952
GO_BP,Downregulated in R,GOBP_CIRCADIAN_RHYTHM,1,75,200,0.8875058825129101,PRKG1,0.993144130902952
GO_BP,Upregulated in R,GOBP_REGULATION_OF_WOUND_HEALING,1,75,200,0.8875058825129101,USF1,0.993144130902952
GO_BP,Downregulated in R,GOBP_MONOCARBOXYLIC_ACID_CATABOLIC_PROCESS,1,75,200,0.8875058825129101,IRS2,0.993144130902952
GO_BP,Downregulated in R,GOBP_VESICLE_ORGANIZATION,2,129,200,0.8881683639053666,"AP3M2, RAB34",0.993144130902952
GO_BP,Upregulated in R,GOBP_MYELOID_CELL_DIFFERENTIATION,4,224,200,0.8883611944838045,"DIAPH3, EIF2AK1, HMGB2, RACGAP1",0.993144130902952
GO_BP,Upregulated in R,GOBP_VIRAL_PROCESS,4,224,200,0.8883611944838045,"CDK1, KPNA2, TOP2A, USF1",0.993144130902952
GO_BP,Upregulated in R,GOBP_PHAGOCYTOSIS,2,130,200,0.8907404101540402,"EIF2AK1, RAB5A",0.993144130902952
GO_BP,Downregulated in R,GOBP_L_AMINO_ACID_METABOLIC_PROCESS,1,76,200,0.8907534032255859,AMT,0.993144130902952
GO_BP,Upregulated in R,GOBP_NEGATIVE_REGULATION_OF_NEURON_APOPTOTIC_PROCESS,1,76,200,0.8907534032255859,KIF14,0.993144130902952
GO_BP,Downregulated in R,GOBP_PROTEIN_HOMOOLIGOMERIZATION,1,76,200,0.8907534032255859,KCND3,0.993144130902952
GO_BP,Upregulated in R,GOBP_REGULATION_OF_LIPID_BIOSYNTHETIC_PROCESS,1,76,200,0.8907534032255859,BRCA1,0.993144130902952
GO_BP,Upregulated in R,GOBP_REGULATION_OF_MACROAUTOPHAGY,1,76,200,0.8907534032255859,EIF2AK1,0.993144130902952
GO_BP,Downregulated in R,GOBP_MITOTIC_CELL_CYCLE_CHECKPOINT_SIGNALING,1,76,200,0.8907534032255859,PLK3,0.993144130902952
GO_BP,Upregulated in R,GOBP_REGULATION_OF_GROWTH,5,270,200,0.8908060939949194,"BRCA1, CCNB2, CDK1, KIF14, PARP2",0.993144130902952
GO_BP,Upregulated in R,GOBP_PROTEIN_MATURATION,5,270,200,0.8908060939949194,"ATF6, DNAJA1, NCSTN, NDUFAB1, PSENEN",0.993144130902952
GO_BP,Downregulated in R,GOBP_PROTEIN_MATURATION,5,270,200,0.8908060939949194,"DYNC2H1, GLI3, ITGB3, LTBP4, THBD",0.993144130902952
GO_BP,Upregulated in R,GOBP_RNA_SPLICING,2,131,200,0.8932577238670486,"FAM50A, GPATCH1",0.9941128538325463
GO_BP,Downregulated in R,GOBP_REGULATION_OF_DNA_REPAIR,1,77,200,0.8939076286268972,HMGA2,0.9941128538325463
GO_BP,Upregulated in R,GOBP_SENSORY_PERCEPTION_OF_MECHANICAL_STIMULUS,1,77,200,0.8939076286268972,DIAPH3,0.9941128538325463
GO_BP,Downregulated in R,GOBP_RESPONSE_TO_CALCIUM_ION,1,77,200,0.8939076286268972,CPNE8,0.9941128538325463
GO_BP,Upregulated in R,GOBP_MRNA_METABOLIC_PROCESS,4,227,200,0.8943409067500223,"CSTF2, FAM50A, GPATCH1, SLBP",0.9941128538325463
GO_BP,Upregulated in R,GOBP_REGULATION_OF_CELL_GROWTH,3,181,200,0.8954384266041274,"BRCA1, KIF14, PARP2",0.9941128538325463
GO_BP,Upregulated in R,GOBP_POSITIVE_REGULATION_OF_PROTEIN_TRANSPORT,2,132,200,0.8957213133219166,"CDK1, ECT2",0.9941128538325463
GO_BP,Downregulated in R,GOBP_ORGANOPHOSPHATE_BIOSYNTHETIC_PROCESS,5,273,200,0.8962356183699478,"ADCY9, GUCY1A2, LCAT, PRKG1, TGFB1",0.9941128538325463
GO_BP,Downregulated in R,GOBP_CYTOPLASMIC_PATTERN_RECOGNITION_RECEPTOR_SIGNALING_PATHWAY,1,78,200,0.8969712258366316,F2RL1,0.9941128538325463
GO_BP,Upregulated in R,GOBP_CYTOPLASMIC_PATTERN_RECOGNITION_RECEPTOR_SIGNALING_PATHWAY,1,78,200,0.8969712258366316,BRCC3,0.9941128538325463
GO_BP,Downregulated in R,GOBP_OLEFINIC_COMPOUND_METABOLIC_PROCESS,1,78,200,0.8969712258366316,PRKG1,0.9941128538325463
GO_BP,Upregulated in R,GOBP_ORGANIC_ACID_TRANSMEMBRANE_TRANSPORT,1,78,200,0.8969712258366316,ARL6IP1,0.9941128538325463
GO_BP,Upregulated in R,GOBP_CALCIUM_ION_TRANSPORT,3,182,200,0.8975495475062832,"CXCL10, CXCL9, EPB41",0.9941128538325463
GO_BP,Upregulated in R,GOBP_EPITHELIAL_CELL_DIFFERENTIATION,7,361,200,0.8978290773722746,"CDK1, CEP152, E2F8, EZH2, PCNA, PLK4, TYMS",0.9941128538325463
GO_BP,Upregulated in R,GOBP_CARBOHYDRATE_DERIVATIVE_BIOSYNTHETIC_PROCESS,6,318,200,0.8980352728984505,"NCSTN, NDUFAB1, NDUFS2, PIGM, SDHC, TYMS",0.9941128538325463
GO_BP,Upregulated in R,GOBP_POSITIVE_REGULATION_OF_PHOSPHORUS_METABOLIC_PROCESS,6,318,200,0.8980352728984505,"BORA, ECT2, EZH2, KIF14, PLK1, TPX2",0.9941128538325463
GO_BP,Upregulated in R,GOBP_LYMPHOCYTE_MEDIATED_IMMUNITY,2,133,200,0.8981321741931615,"ATAD5, EXO1",0.9941128538325463
GO_BP,Upregulated in R,GOBP_COGNITION,2,133,200,0.8981321741931615,"FEN1, NCSTN",0.9941128538325463
GO_BP,Downregulated in R,GOBP_DNA_METABOLIC_PROCESS,8,404,200,0.8986218163532944,"GADD45A, HMGA2, MAP3K4, NFIA, NFIX, NT5E, TEP1, TGFB1",0.9941128538325463
GO_BP,Downregulated in R,GOBP_VESICLE_LOCALIZATION,1,79,200,0.8999467861012777,AP3M2,0.9941128538325463
GO_BP,Upregulated in R,GOBP_INTEGRIN_MEDIATED_SIGNALING_PATHWAY,1,79,200,0.8999467861012777,DIAPH3,0.9941128538325463
GO_BP,Upregulated in R,GOBP_RESPONSE_TO_BMP,1,79,200,0.8999467861012777,MTMR4,0.9941128538325463
GO_BP,Downregulated in R,GOBP_AMIDE_BIOSYNTHETIC_PROCESS,1,79,200,0.8999467861012777,GGT5,0.9941128538325463
GO_BP,Upregulated in R,GOBP_NEGATIVE_REGULATION_OF_CELL_GROWTH,1,79,200,0.8999467861012777,BRCA1,0.9941128538325463
GO_BP,Upregulated in R,GOBP_ENDOMEMBRANE_SYSTEM_ORGANIZATION,4,230,200,0.9000395652163872,"ARL6IP1, CDK1, PLK1, VRK1",0.9941128538325463
GO_BP,Downregulated in R,GOBP_PROTEIN_TARGETING,2,134,200,0.9004912894466589,"KIF13B, LTBP2",0.9941128538325463
GO_BP,Upregulated in R,GOBP_NEGATIVE_REGULATION_OF_MOLECULAR_FUNCTION,6,320,200,0.9012603589081822,"ARL6IP1, AURKA, CEP85, DNAJA1, PLK1, STMN1",0.9941128538325463
GO_BP,Downregulated in R,GOBP_RESPONSE_TO_METAL_ION,3,184,200,0.9016577697483157,"CPNE8, KIT, NFATC4",0.9941128538325463
GO_BP,Upregulated in R,GOBP_RESPONSE_TO_MOLECULE_OF_BACTERIAL_ORIGIN,3,184,200,0.9016577697483157,"CXCL10, CXCL9, HMGB2",0.9941128538325463
GO_BP,Upregulated in R,GOBP_REGULATION_OF_TRANSMEMBRANE_RECEPTOR_PROTEIN_SERINE_THREONINE_KINASE_SIGNALING_PATHWAY,2,135,200,0.9027996292502167,"MTMR4, SUDS3",0.9941128538325463
GO_BP,Upregulated in R,GOBP_ENDOTHELIAL_CELL_PROLIFERATION,1,80,200,0.9028368269417952,HMGB2,0.9941128538325463
GO_BP,Upregulated in R,GOBP_LIPID_HOMEOSTASIS,1,80,200,0.9028368269417952,USF1,0.9941128538325463
GO_BP,Upregulated in R,GOBP_MICROTUBULE_BASED_TRANSPORT,1,80,200,0.9028368269417952,KIF4A,0.9941128538325463
GO_BP,Downregulated in R,GOBP_MEIOTIC_CELL_CYCLE_PROCESS,1,80,200,0.9028368269417952,LIF,0.9941128538325463
GO_BP,Downregulated in R,GOBP_NEGATIVE_REGULATION_OF_EPITHELIAL_CELL_PROLIFERATION,1,80,200,0.9028368269417952,TGFB1,0.9941128538325463
GO_BP,Upregulated in R,GOBP_REGULATION_OF_INFLAMMATORY_RESPONSE,3,185,200,0.903655984124027,"FANCA, FANCD2, PSMB4",0.9941128538325463
GO_BP,Downregulated in R,GOBP_PHOSPHOLIPID_METABOLIC_PROCESS,3,186,200,0.9056176692933019,"GPCPD1, LCAT, LDLR",0.9941128538325463
GO_BP,Upregulated in R,GOBP_REGULATION_OF_MONOATOMIC_ION_TRANSPORT,3,186,200,0.9056176692933019,"CXCL10, CXCL9, EPB41",0.9941128538325463
GO_BP,Upregulated in R,GOBP_LEUKOCYTE_PROLIFERATION,3,186,200,0.9056176692933019,"ATAD5, HELLS, NCSTN",0.9941128538325463
GO_BP,Upregulated in R,GOBP_POSITIVE_REGULATION_OF_CHEMOTAXIS,1,81,200,0.9056437942408911,CXCL10,0.9941128538325463
GO_BP,Upregulated in R,GOBP_REGULATION_OF_MONONUCLEAR_CELL_MIGRATION,1,81,200,0.9056437942408911,CXCL10,0.9941128538325463
GO_BP,Upregulated in R,GOBP_ENDOTHELIUM_DEVELOPMENT,1,81,200,0.9056437942408911,CXCL10,0.9941128538325463
GO_BP,Upregulated in R,GOBP_B_CELL_DIFFERENTIATION,1,81,200,0.9056437942408911,EZH2,0.9941128538325463
GO_BP,Downregulated in R,GOBP_CELL_CYCLE_G2_M_PHASE_TRANSITION,1,81,200,0.9056437942408911,PLK3,0.9941128538325463
GO_BP,Upregulated in R,GOBP_RNA_SPLICING_VIA_TRANSESTERIFICATION_REACTIONS,1,81,200,0.9056437942408911,GPATCH1,0.9941128538325463
GO_BP,Upregulated in R,GOBP_REGULATION_OF_EPITHELIAL_CELL_DIFFERENTIATION,1,81,200,0.9056437942408911,EZH2,0.9941128538325463
GO_BP,Downregulated in R,GOBP_SODIUM_ION_TRANSMEMBRANE_TRANSPORT,1,81,200,0.9056437942408911,SLC20A2,0.9941128538325463
GO_BP,Upregulated in R,GOBP_VESICLE_MEDIATED_TRANSPORT_IN_SYNAPSE,1,81,200,0.9056437942408911,RAB5A,0.9941128538325463
GO_BP,Upregulated in R,GOBP_CELL_ACTIVATION_INVOLVED_IN_IMMUNE_RESPONSE,2,137,200,0.907267798758655,"ATAD5, EXO1",0.9955755864309558
GO_BP,Downregulated in R,GOBP_PALLIUM_DEVELOPMENT,1,82,200,0.9083700642714924,GLI3,0.996465041602896
GO_BP,Upregulated in R,GOBP_REGULATION_OF_MONOATOMIC_ION_TRANSMEMBRANE_TRANSPORT,2,138,200,0.9094295042144448,"CXCL10, CXCL9",0.9969869019244363
GO_BP,Upregulated in R,GOBP_REGULATION_OF_DEVELOPMENTAL_GROWTH,2,138,200,0.9094295042144448,"CDK1, PARP2",0.9969869019244363
GO_BP,Upregulated in R,GOBP_MULTICELLULAR_ORGANISMAL_LEVEL_HOMEOSTASIS,8,412,200,0.9098035051022999,"CCNB2, DIAPH3, EIF2AK1, EZH2, HMGB2, NCSTN, RACGAP1, RMI1",0.9970769244239513
GO_BP,Upregulated in R,GOBP_REGULATION_OF_CYSTEINE_TYPE_ENDOPEPTIDASE_ACTIVITY_INVOLVED_IN_APOPTOTIC_PROCESS,1,83,200,0.9110179456680683,ARL6IP1,0.9973846694937364
GO_BP,Downregulated in R,GOBP_RNA_LOCALIZATION,1,83,200,0.9110179456680683,TGFBR2,0.9973846694937364
GO_BP,Upregulated in R,GOBP_INSULIN_SECRETION,1,83,200,0.9110179456680683,ENSA,0.9973846694937364
GO_BP,Upregulated in R,GOBP_REGULATION_OF_T_CELL_ACTIVATION,3,189,200,0.9112889901409459,"ACTL6A, FANCA, FANCD2",0.9973846694937364
GO_BP,Upregulated in R,GOBP_REGULATION_OF_LIPID_METABOLIC_PROCESS,2,139,200,0.9115441856438656,"BRCA1, MTMR4",0.9973846694937364
GO_BP,Downregulated in R,GOBP_GLYCEROLIPID_METABOLIC_PROCESS,3,190,200,0.9131099770076906,"GPCPD1, LCAT, LDLR",0.9977053553278913
GO_BP,Downregulated in R,GOBP_CELL_MATURATION,1,84,200,0.9135896813424016,TGFB1,0.9977053553278913
GO_BP,Upregulated in R,GOBP_REGULATION_OF_PEPTIDE_TRANSPORT,1,84,200,0.9135896813424016,ENSA,0.9977053553278913
GO_BP,Upregulated in R,GOBP_REGULATED_EXOCYTOSIS,1,84,200,0.9135896813424016,RAB5A,0.9977053553278913
GO_BP,Upregulated in R,GOBP_NEGATIVE_REGULATION_OF_INFLAMMATORY_RESPONSE,1,84,200,0.9135896813424016,PSMB4,0.9977053553278913
GO_BP,Upregulated in R,GOBP_POSITIVE_REGULATION_OF_LEUKOCYTE_PROLIFERATION,1,84,200,0.9135896813424016,ATAD5,0.9977053553278913
GO_BP,Upregulated in R,GOBP_REGULATION_OF_HYDROLASE_ACTIVITY,7,373,200,0.9150506310727187,"ARL6IP1, ECT2, EZH2, NCSTN, PCNA, PSENEN, STMN1",0.998862540662325
GO_BP,Upregulated in R,GOBP_NEURON_MIGRATION,1,85,200,0.9160874503453672,VRK1,0.998862540662325
GO_BP,Upregulated in R,GOBP_POSITIVE_REGULATION_OF_LEUKOCYTE_MIGRATION,1,85,200,0.9160874503453672,CXCL10,0.998862540662325
GO_BP,Downregulated in R,GOBP_REGULATION_OF_VIRAL_PROCESS,1,85,200,0.9160874503453672,HMGA2,0.998862540662325
GO_BP,Upregulated in R,GOBP_MEMBRANE_ORGANIZATION,6,330,200,0.9161113407186957,"ARL6IP1, CDK1, CEP55, DIAPH3, PLK1, VRK1",0.998862540662325
GO_BP,Downregulated in R,GOBP_ORGANELLE_LOCALIZATION,4,240,200,0.91713467132044,"AP3M2, KIT, PKD1, RAB34",0.9996592333218326
GO_BP,Upregulated in R,GOBP_REGULATION_OF_TRANSMEMBRANE_TRANSPORT,3,193,200,0.9183719730955815,"ARL6IP1, CXCL10, CXCL9",0.9999994504478971
GO_BP,Upregulated in R,GOBP_KERATINOCYTE_DIFFERENTIATION,1,86,200,0.9185133696762326,EZH2,0.9999994504478971
GO_BP,Upregulated in R,GOBP_JNK_CASCADE,1,86,200,0.9185133696762326,DNAJA1,0.9999994504478971
GO_BP,Upregulated in R,GOBP_CALCIUM_ION_TRANSMEMBRANE_TRANSPORT,2,144,200,0.9214434633143901,"CXCL10, CXCL9",0.9999994504478971
GO_BP,Upregulated in R,GOBP_REGULATION_OF_SUPRAMOLECULAR_FIBER_ORGANIZATION,3,195,200,0.9217176756432703,"DIAPH3, STMN1, TPX2",0.9999994504478971
GO_BP,Upregulated in R,GOBP_REGULATION_OF_LYMPHOCYTE_ACTIVATION,4,243,200,0.9217310718567859,"ACTL6A, ATAD5, FANCA, FANCD2",0.9999994504478971
GO_BP,Downregulated in R,GOBP_REGULATION_OF_PROTEIN_UBIQUITINATION,1,88,200,0.9231578275608767,SH3RF2,0.9999994504478971
GO_BP,Upregulated in R,GOBP_NEGATIVE_REGULATION_OF_PROTEIN_LOCALIZATION,1,88,200,0.9231578275608767,DNAJA1,0.9999994504478971
GO_BP,Downregulated in R,GOBP_ESTABLISHMENT_OF_ORGANELLE_LOCALIZATION,3,196,200,0.9233433653658769,"AP3M2, KIT, PKD1",0.9999994504478971
GO_BP,Downregulated in R,GOBP_CELLULAR_RESPONSE_TO_REACTIVE_OXYGEN_SPECIES,1,89,200,0.9253803054333025,MAP3K5,0.9999994504478971
GO_BP,Upregulated in R,GOBP_REGULATION_OF_CELL_DEVELOPMENT,7,383,200,0.9274467930048576,"ACTL6A, AURKA, EZH2, FANCA, FANCD2, HMGB2, KIF14",0.9999994504478971
GO_BP,Upregulated in R,GOBP_NEPHRON_DEVELOPMENT,1,90,200,0.9275388155451538,NUP107,0.9999994504478971
GO_BP,Downregulated in R,GOBP_PROTEIN_POLYUBIQUITINATION,1,90,200,0.9275388155451538,RNF217,0.9999994504478971
GO_BP,Upregulated in R,GOBP_REGULATION_OF_PRODUCTION_OF_MOLECULAR_MEDIATOR_OF_IMMUNE_RESPONSE,1,90,200,0.9275388155451538,ATAD5,0.9999994504478971
GO_BP,Downregulated in R,GOBP_MITOCHONDRION_ORGANIZATION,3,200,200,0.929543295539501,"ARHGAP26, PKD1, PLEC",0.9999994504478971
GO_BP,Upregulated in R,GOBP_REGULATION_OF_ADAPTIVE_IMMUNE_RESPONSE,1,91,200,0.9296351900411713,ATAD5,0.9999994504478971
GO_BP,Upregulated in R,GOBP_CYTOSKELETON_DEPENDENT_INTRACELLULAR_TRANSPORT,1,91,200,0.9296351900411713,KIF4A,0.9999994504478971
GO_BP,Downregulated in R,GOBP_REGULATION_OF_TRANSPORTER_ACTIVITY,1,91,200,0.9296351900411713,ADRB2,0.9999994504478971
GO_BP,Upregulated in R,GOBP_POST_TRANSCRIPTIONAL_REGULATION_OF_GENE_EXPRESSION,3,201,200,0.9310200011060824,"EIF2AK1, TYMS, UHMK1",0.9999994504478971
GO_BP,Downregulated in R,GOBP_POST_TRANSCRIPTIONAL_REGULATION_OF_GENE_EXPRESSION,3,201,200,0.9310200011060824,"SAMD4A, TGFB1, ZFP36L2",0.9999994504478971
GO_BP,Upregulated in R,GOBP_CELLULAR_KETONE_METABOLIC_PROCESS,1,92,200,0.9316712088478504,BRCA1,0.9999994504478971
GO_BP,Upregulated in R,GOBP_POSITIVE_REGULATION_OF_HEMOPOIESIS,1,92,200,0.9316712088478504,ACTL6A,0.9999994504478971
GO_BP,Upregulated in R,GOBP_BRANCHING_MORPHOGENESIS_OF_AN_EPITHELIAL_TUBE,1,92,200,0.9316712088478504,TIMELESS,0.9999994504478971
GO_BP,Downregulated in R,GOBP_DNA_REPLICATION,2,151,200,0.9335690179295947,"NFIA, NFIX",0.9999994504478971
GO_BP,Upregulated in R,GOBP_ORGANIC_ACID_BIOSYNTHETIC_PROCESS,2,151,200,0.9335690179295947,"BRCA1, NDUFAB1",0.9999994504478971
GO_BP,Upregulated in R,GOBP_MUSCLE_ORGAN_DEVELOPMENT,2,151,200,0.9335690179295947,"CENPF, CXCL10",0.9999994504478971
GO_BP,Upregulated in R,GOBP_LEUKOCYTE_MIGRATION,3,203,200,0.9338888088082887,"CXCL10, CXCL9, PODXL2",0.9999994504478971
GO_BP,Downregulated in R,GOBP_REGULATION_OF_DNA_METABOLIC_PROCESS,3,203,200,0.9338888088082887,"HMGA2, MAP3K4, TGFB1",0.9999994504478971
GO_BP,Upregulated in R,GOBP_REGULATION_OF_CATABOLIC_PROCESS,8,433,200,0.9343110157616283,"ATF6, AURKA, CDK2, DTL, EIF2AK1, MTMR4, PLK1, PSMC4",0.9999994504478971
GO_BP,Upregulated in R,GOBP_CALCIUM_ION_HOMEOSTASIS,2,152,200,0.935150049312901,"CXCL10, CXCL9",0.9999994504478971
GO_BP,Upregulated in R,GOBP_NEGATIVE_REGULATION_OF_HYDROLASE_ACTIVITY,1,94,200,0.9355690468517935,ARL6IP1,0.9999994504478971
GO_BP,Downregulated in R,GOBP_ALPHA_AMINO_ACID_METABOLIC_PROCESS,1,94,200,0.9355690468517935,AMT,0.9999994504478971
GO_BP,Upregulated in R,GOBP_IMPORT_ACROSS_PLASMA_MEMBRANE,1,94,200,0.9355690468517935,ARL6IP1,0.9999994504478971
GO_BP,Upregulated in R,GOBP_ADAPTIVE_IMMUNE_RESPONSE_BASED_ON_SOMATIC_RECOMBINATION_OF_IMMUNE_RECEPTORS_BUILT_FROM_IMMUNOGLOBULIN_SUPERFAMILY_DOMAINS,2,153,200,0.9366955552839509,"ATAD5, EXO1",0.9999994504478971
GO_BP,Downregulated in R,GOBP_RESPONSE_TO_NUTRIENT,1,95,200,0.9374341779314928,TGFB1,0.9999994504478971
GO_BP,Downregulated in R,GOBP_REGULATION_OF_INTRINSIC_APOPTOTIC_SIGNALING_PATHWAY,1,95,200,0.9374341779314928,TPT1,0.9999994504478971
GO_BP,Upregulated in R,GOBP_EMBRYONIC_ORGAN_DEVELOPMENT,3,206,200,0.9379874462241953,"E2F8, PLK4, POLE",0.9999994504478971
GO_BP,Upregulated in R,GOBP_FATTY_ACID_METABOLIC_PROCESS,3,206,200,0.9379874462241953,"ACAD9, BRCA1, NDUFAB1",0.9999994504478971
GO_BP,Upregulated in R,GOBP_LIPID_MODIFICATION,1,96,200,0.9392455798443041,MTMR4,0.9999994504478971
GO_BP,Upregulated in R,GOBP_REGULATION_OF_LEUKOCYTE_MEDIATED_IMMUNITY,1,96,200,0.9392455798443041,ATAD5,0.9999994504478971
GO_BP,Upregulated in R,GOBP_MEMBRANE_LIPID_METABOLIC_PROCESS,1,96,200,0.9392455798443041,PIGM,0.9999994504478971
GO_BP,Upregulated in R,GOBP_GLYCEROPHOSPHOLIPID_METABOLIC_PROCESS,2,155,200,0.9396828839198851,"MTMR4, PIGM",0.9999994504478971
GO_BP,Upregulated in R,GOBP_MUSCLE_TISSUE_DEVELOPMENT,3,208,200,0.9405887568040646,"CDK1, CENPF, PARP2",0.9999994504478971
GO_BP,Upregulated in R,GOBP_REGULATION_OF_CELLULAR_CATABOLIC_PROCESS,3,208,200,0.9405887568040646,"ATF6, EIF2AK1, MTMR4",0.9999994504478971
GO_BP,Upregulated in R,GOBP_POSITIVE_REGULATION_OF_PROTEIN_CONTAINING_COMPLEX_ASSEMBLY,1,97,200,0.9410047928211595,BRCC3,0.9999994504478971
GO_BP,Upregulated in R,GOBP_REGULATION_OF_CYSTEINE_TYPE_ENDOPEPTIDASE_ACTIVITY,1,97,200,0.9410047928211595,ARL6IP1,0.9999994504478971
GO_BP,Upregulated in R,GOBP_REGULATION_OF_RESPONSE_TO_WOUNDING,1,97,200,0.9410047928211595,USF1,0.9999994504478971
GO_BP,Upregulated in R,GOBP_RESPONSE_TO_TRANSFORMING_GROWTH_FACTOR_BETA,2,156,200,0.9411261225401559,"MTMR4, SUDS3",0.9999994504478971
GO_BP,Upregulated in R,GOBP_CYTOPLASMIC_TRANSLATION,1,98,200,0.9427133131564864,SLBP,0.9999994504478971
GO_BP,Upregulated in R,GOBP_REGULATION_OF_MYELOID_CELL_DIFFERENTIATION,1,99,200,0.9443725944553572,HMGB2,0.9999994504478971
GO_BP,Upregulated in R,GOBP_MULTI_MULTICELLULAR_ORGANISM_PROCESS,1,99,200,0.9443725944553572,PARP2,0.9999994504478971
GO_BP,Upregulated in R,GOBP_VACUOLE_ORGANIZATION,1,99,200,0.9443725944553572,RAB5A,0.9999994504478971
GO_BP,Upregulated in R,GOBP_SYNAPTIC_SIGNALING,4,261,200,0.9448282438832102,"ANXA9, EZH2, NCSTN, RAB5A",0.9999994504478971
GO_BP,Upregulated in R,GOBP_REGULATION_OF_NERVOUS_SYSTEM_DEVELOPMENT,3,212,200,0.9454924267791761,"EZH2, HMGB2, KIF14",0.9999994504478971
GO_BP,Upregulated in R,GOBP_POSITIVE_REGULATION_OF_TRANSPORT,7,401,200,0.9458458357665384,"ARL6IP1, CDK1, CXCL10, CXCL9, ECT2, RAB5A, SPAG5",0.9999994504478971
GO_BP,Upregulated in R,GOBP_REGULATION_OF_PROTEIN_POLYMERIZATION,1,100,200,0.9459840488454105,STMN1,0.9999994504478971
GO_BP,Upregulated in R,GOBP_POSITIVE_REGULATION_OF_VASCULATURE_DEVELOPMENT,1,100,200,0.9459840488454105,BRCA1,0.9999994504478971
GO_BP,Upregulated in R,GOBP_RESPONSE_TO_STARVATION,1,100,200,0.9459840488454105,EIF2AK1,0.9999994504478971
GO_BP,Downregulated in R,GOBP_CALCIUM_MEDIATED_SIGNALING,1,100,200,0.9459840488454105,NFATC4,0.9999994504478971
GO_BP,Upregulated in R,GOBP_REGULATION_OF_CELLULAR_RESPONSE_TO_GROWTH_FACTOR_STIMULUS,2,160,200,0.9465788646530559,"MTMR4, SUDS3",0.9999994504478971
GO_BP,Upregulated in R,GOBP_POSITIVE_REGULATION_OF_CELL_DIFFERENTIATION,7,402,200,0.946735337681068,"ACTL6A, AURKA, CXCL9, ECT2, EZH2, HMGB2, PARP2",0.9999994504478971
GO_BP,Downregulated in R,GOBP_ANTIGEN_RECEPTOR_MEDIATED_SIGNALING_PATHWAY,1,101,200,0.9475490481545397,PDE4D,0.9999994504478971
GO_BP,Upregulated in R,GOBP_SYMBIONT_ENTRY_INTO_HOST,1,101,200,0.9475490481545397,CDK1,0.9999994504478971
GO_BP,Downregulated in R,GOBP_MEIOTIC_CELL_CYCLE,1,101,200,0.9475490481545397,LIF,0.9999994504478971
GO_BP,Upregulated in R,GOBP_REGULATION_OF_HORMONE_SECRETION,1,101,200,0.9475490481545397,ENSA,0.9999994504478971
GO_BP,Upregulated in R,GOBP_CENTRAL_NERVOUS_SYSTEM_DEVELOPMENT,8,448,200,0.9480788072580185,"ACTL6A, CENPF, EZH2, FANCD2, KIF14, NCSTN, SUDS3, UFC1",0.9999994504478971
GO_BP,Upregulated in R,GOBP_RESPONSE_TO_CYTOKINE,8,449,200,0.9488993547104482,"BRCA1, CACYBP, CXCL10, CXCL9, HELLS, MCM2, MYBL2, TYMS",0.9999994504478971
GO_BP,Downregulated in R,GOBP_CELL_CYCLE_CHECKPOINT_SIGNALING,1,102,200,0.9490689250553064,PLK3,0.9999994504478971
GO_BP,Upregulated in R,GOBP_BIOLOGICAL_PROCESS_INVOLVED_IN_SYMBIOTIC_INTERACTION,2,162,200,0.9491223124619259,"CDK1, RAB5A",0.9999994504478971
GO_BP,Upregulated in R,GOBP_NEGATIVE_REGULATION_OF_PROTEIN_METABOLIC_PROCESS,7,405,200,0.9493269038926655,"ARL6IP1, CEP85, DNAJA1, EIF2AK1, ENSA, PLK1, TYMS",0.9999994504478971
GO_BP,Upregulated in R,GOBP_SKIN_DEVELOPMENT,2,163,200,0.9503505257815525,"EZH2, STMN1",0.9999994504478971
GO_BP,Upregulated in R,GOBP_NEGATIVE_REGULATION_OF_IMMUNE_RESPONSE,1,103,200,0.950544974177019,PSMB4,0.9999994504478971
GO_BP,Upregulated in R,GOBP_POSITIVE_REGULATION_OF_RESPONSE_TO_BIOTIC_STIMULUS,2,164,200,0.9515505476551,"BRCC3, HMGB2",0.9999994504478971
GO_BP,Upregulated in R,GOBP_ACTIN_POLYMERIZATION_OR_DEPOLYMERIZATION,1,104,200,0.9519784531863807,DIAPH3,0.9999994504478971
GO_BP,Upregulated in R,GOBP_EPITHELIAL_TO_MESENCHYMAL_TRANSITION,1,105,200,0.9533705838375945,EZH2,0.9999994504478971
GO_BP,Downregulated in R,GOBP_GLYCEROPHOSPHOLIPID_BIOSYNTHETIC_PROCESS,1,105,200,0.9533705838375945,LCAT,0.9999994504478971
GO_BP,Upregulated in R,GOBP_REGULATION_OF_VASCULATURE_DEVELOPMENT,2,166,200,0.9538683975080757,"BRCA1, CXCL10",0.9999994504478971
GO_BP,Upregulated in R,GOBP_SENSORY_PERCEPTION,2,166,200,0.9538683975080757,"ATF6, DIAPH3",0.9999994504478971
GO_BP,Upregulated in R,GOBP_POSITIVE_REGULATION_OF_IMMUNE_EFFECTOR_PROCESS,1,106,200,0.9547225529927817,ATAD5,0.9999994504478971
GO_BP,Upregulated in R,GOBP_CARTILAGE_DEVELOPMENT,1,106,200,0.9547225529927817,TYMS,0.9999994504478971
GO_BP,Upregulated in R,GOBP_POSITIVE_REGULATION_OF_EPITHELIAL_CELL_PROLIFERATION,1,106,200,0.9547225529927817,HMGB2,0.9999994504478971
GO_BP,Upregulated in R,GOBP_NEGATIVE_REGULATION_OF_GROWTH,1,107,200,0.9560355136135508,BRCA1,0.9999994504478971
GO_BP,Upregulated in R,GOBP_RIBOSE_PHOSPHATE_METABOLIC_PROCESS,3,223,200,0.9571138205771799,"NDUFAB1, NDUFS2, SDHC",0.9999994504478971
GO_BP,Downregulated in R,GOBP_REGULATION_OF_CHROMOSOME_ORGANIZATION,1,108,200,0.9573105857245265,MAP3K4,0.9999994504478971
GO_BP,Downregulated in R,GOBP_REGULATION_OF_POST_TRANSLATIONAL_PROTEIN_MODIFICATION,1,108,200,0.9573105857245265,SH3RF2,0.9999994504478971
GO_BP,Upregulated in R,GOBP_RESPONSE_TO_CARBOHYDRATE,1,108,200,0.9573105857245265,RMI1,0.9999994504478971
GO_BP,Upregulated in R,GOBP_LEUKOCYTE_MEDIATED_IMMUNITY,2,170,200,0.9581913799728539,"ATAD5, EXO1",0.9999994504478971
GO_BP,Downregulated in R,GOBP_INTRACELLULAR_RECEPTOR_SIGNALING_PATHWAY,2,171,200,0.9592101984895863,"F2RL1, NR2F1",0.9999994504478971
GO_BP,Upregulated in R,GOBP_PEPTIDE_TRANSPORT,1,110,200,0.9597513854218783,ENSA,0.9999994504478971
GO_BP,Upregulated in R,GOBP_PROTEIN_LOCALIZATION_TO_CELL_PERIPHERY,2,172,200,0.9602053097211959,"EPB41, PLK1",0.9999994504478971
GO_BP,Upregulated in R,GOBP_REGULATION_OF_TRANS_SYNAPTIC_SIGNALING,2,172,200,0.9602053097211959,"NCSTN, RAB5A",0.9999994504478971
GO_BP,Upregulated in R,GOBP_NEGATIVE_REGULATION_OF_PROTEOLYSIS,1,111,200,0.9609191966674354,ARL6IP1,0.9999994504478971
GO_BP,Upregulated in R,GOBP_REGULATION_OF_CHEMOTAXIS,1,111,200,0.9609191966674354,CXCL10,0.9999994504478971
GO_BP,Upregulated in R,GOBP_CELL_CELL_JUNCTION_ORGANIZATION,1,111,200,0.9609191966674354,ECT2,0.9999994504478971
GO_BP,Upregulated in R,GOBP_REGULATION_OF_MUSCLE_SYSTEM_PROCESS,1,112,200,0.962053288464666,PARP2,0.9999994504478971
GO_BP,Upregulated in R,GOBP_CELLULAR_RESPONSE_TO_INSULIN_STIMULUS,1,112,200,0.962053288464666,USF1,0.9999994504478971
GO_BP,Upregulated in R,GOBP_TAXIS,3,229,200,0.9624360398736642,"CXCL10, CXCL9, HMGB2",0.9999994504478971
GO_BP,Upregulated in R,GOBP_TRANSLATION,4,281,200,0.9630984695749298,"EIF2AK1, SLBP, TYMS, UHMK1",0.9999994504478971
GO_BP,Downregulated in R,GOBP_PROTEIN_FOLDING,1,113,200,0.963154629678868,LTBP4,0.9999994504478971
GO_BP,Downregulated in R,GOBP_PROTEIN_AUTOPHOSPHORYLATION,1,113,200,0.963154629678868,KIT,0.9999994504478971
GO_BP,Upregulated in R,GOBP_G_PROTEIN_COUPLED_RECEPTOR_SIGNALING_PATHWAY,3,230,200,0.9632606628867559,"CXCL10, CXCL9, STMN1",0.9999994504478971
GO_BP,Upregulated in R,GOBP_T_CELL_ACTIVATION,4,282,200,0.9638458741010147,"ACTL6A, FANCA, FANCD2, NCSTN",0.9999994504478971
GO_BP,Upregulated in R,GOBP_DEFENSE_RESPONSE_TO_BACTERIUM,1,114,200,0.9642241614733856,HMGB2,0.9999994504478971
GO_BP,Upregulated in R,GOBP_EPIDERMAL_CELL_DIFFERENTIATION,1,114,200,0.9642241614733856,EZH2,0.9999994504478971
GO_BP,Upregulated in R,GOBP_DENDRITE_DEVELOPMENT,1,114,200,0.9642241614733856,EZH2,0.9999994504478971
GO_BP,Upregulated in R,GOBP_POSITIVE_REGULATION_OF_RESPONSE_TO_EXTERNAL_STIMULUS,4,283,200,0.9645792848135049,"BRCC3, CXCL10, HMGB2, USF1",0.9999994504478971
GO_BP,Upregulated in R,GOBP_POSITIVE_REGULATION_OF_CELL_PROJECTION_ORGANIZATION,2,177,200,0.9648429109921339,"CENPJ, EZH2",0.9999994504478971
GO_BP,Upregulated in R,GOBP_ESTABLISHMENT_OF_PROTEIN_LOCALIZATION_TO_MEMBRANE,1,115,200,0.9652627980977612,ARL6IP1,0.9999994504478971
GO_BP,Upregulated in R,GOBP_FOREBRAIN_DEVELOPMENT,2,178,200,0.9657062365003692,"EZH2, KIF14",0.9999994504478971
GO_BP,Upregulated in R,GOBP_RIBONUCLEOPROTEIN_COMPLEX_BIOGENESIS,2,178,200,0.9657062365003692,"ERI2, NOL7",0.9999994504478971
GO_BP,Upregulated in R,GOBP_MAINTENANCE_OF_LOCATION,2,178,200,0.9657062365003692,"CXCL10, CXCL9",0.9999994504478971
GO_BP,Upregulated in R,GOBP_DEVELOPMENTAL_GROWTH_INVOLVED_IN_MORPHOGENESIS,1,116,200,0.9662714276535753,AURKA,0.9999994504478971
GO_BP,Downregulated in R,GOBP_PROTEIN_STABILIZATION,1,116,200,0.9662714276535753,HIP1,0.9999994504478971
GO_BP,Upregulated in R,GOBP_REGULATION_OF_NEUROGENESIS,2,180,200,0.9673724060733149,"EZH2, HMGB2",0.9999994504478971
GO_BP,Upregulated in R,GOBP_RESPIRATORY_SYSTEM_DEVELOPMENT,1,118,200,0.9682020916698953,TIMELESS,0.9999994504478971
GO_BP,Upregulated in R,GOBP_MONONUCLEAR_CELL_MIGRATION,1,118,200,0.9682020916698953,CXCL10,0.9999994504478971
GO_BP,Upregulated in R,GOBP_BIOLOGICAL_PROCESS_INVOLVED_IN_INTERACTION_WITH_HOST,1,118,200,0.9682020916698953,CDK1,0.9999994504478971
GO_BP,Upregulated in R,GOBP_POSITIVE_REGULATION_OF_CANONICAL_NF_KAPPAB_SIGNAL_TRANSDUCTION,1,118,200,0.9682020916698953,ECT2,0.9999994504478971
GO_BP,Downregulated in R,GOBP_CHROMATIN_REMODELING,3,237,200,0.9685754134813385,"CHD9, HIPK2, HMGA2",0.9999994504478971
GO_BP,Upregulated in R,GOBP_RESPONSE_TO_MECHANICAL_STIMULUS,1,119,200,0.9691257781863835,CXCL10,0.9999994504478971
GO_BP,Upregulated in R,GOBP_T_CELL_PROLIFERATION,1,119,200,0.9691257781863835,NCSTN,0.9999994504478971
GO_BP,Upregulated in R,GOBP_SENSORY_SYSTEM_DEVELOPMENT,2,183,200,0.9697270477646649,"ACTL6A, ATF6",0.9999994504478971
GO_BP,Upregulated in R,GOBP_EPIDERMIS_DEVELOPMENT,2,183,200,0.9697270477646649,"EZH2, STMN1",0.9999994504478971
GO_BP,Upregulated in R,GOBP_MORPHOGENESIS_OF_A_BRANCHING_STRUCTURE,1,120,200,0.9700227631315785,TIMELESS,0.9999994504478971
GO_BP,Upregulated in R,GOBP_GOLGI_VESICLE_TRANSPORT,1,121,200,0.9708938146169315,COPA,0.9999994504478971
GO_BP,Upregulated in R,GOBP_PATTERN_SPECIFICATION_PROCESS,2,185,200,0.9712053249528966,"AURKA, TDRKH",0.9999994504478971
GO_BP,Upregulated in R,GOBP_CELL_SURFACE_RECEPTOR_PROTEIN_SERINE_THREONINE_KINASE_SIGNALING_PATHWAY,2,185,200,0.9712053249528966,"MTMR4, SUDS3",0.9999994504478971
GO_BP,Upregulated in R,GOBP_SUPRAMOLECULAR_FIBER_ORGANIZATION,7,438,200,0.9712572301594168,"CENPJ, DIAPH3, KIF14, KIF18A, KIF2C, STMN1, TPX2",0.9999994504478971
GO_BP,Upregulated in R,GOBP_PHOSPHOLIPID_METABOLIC_PROCESS,2,186,200,0.9719182342535443,"MTMR4, PIGM",0.9999994504478971
GO_BP,Upregulated in R,GOBP_SIGNAL_RELEASE,2,186,200,0.9719182342535443,"ENSA, RAB5A",0.9999994504478971
GO_BP,Upregulated in R,GOBP_RESPONSE_TO_TUMOR_NECROSIS_FACTOR,1,123,200,0.972561080342725,BRCA1,0.9999994504478971
GO_BP,Upregulated in R,GOBP_EPITHELIAL_CELL_DEVELOPMENT,1,123,200,0.972561080342725,TYMS,0.9999994504478971
GO_BP,Downregulated in R,GOBP_DOUBLE_STRAND_BREAK_REPAIR,1,123,200,0.972561080342725,HMGA2,0.9999994504478971
GO_BP,Upregulated in R,GOBP_POSITIVE_REGULATION_OF_CYTOKINE_PRODUCTION,3,244,200,0.9731613831392979,"BRCA1, HMGB2, KPNA2",0.9999994504478971
GO_BP,Upregulated in R,GOBP_ORGANIC_CYCLIC_COMPOUND_CATABOLIC_PROCESS,3,244,200,0.9731613831392979,"DNA2, FEN1, RNASEH2A",0.9999994504478971
GO_BP,Upregulated in R,GOBP_REGULATION_OF_PROTEIN_SECRETION,1,124,200,0.9733587233560179,ENSA,0.9999994504478971
GO_BP,Upregulated in R,GOBP_EPITHELIAL_TUBE_MORPHOGENESIS,2,189,200,0.9739566896863906,"CXCL10, TIMELESS",0.9999994504478971
GO_BP,Upregulated in R,GOBP_POSITIVE_REGULATION_OF_CELL_ACTIVATION,2,189,200,0.9739566896863906,"ACTL6A, ATAD5",0.9999994504478971
GO_BP,Downregulated in R,GOBP_PHOSPHOLIPID_BIOSYNTHETIC_PROCESS,1,125,200,0.9741332916550143,LCAT,0.9999994504478971
GO_BP,Upregulated in R,GOBP_REGULATION_OF_LEUKOCYTE_MIGRATION,1,125,200,0.9741332916550143,CXCL10,0.9999994504478971
GO_BP,Upregulated in R,GOBP_REGULATION_OF_CELL_ACTIVATION,4,299,200,0.9745905310884478,"ACTL6A, ATAD5, FANCA, FANCD2",0.9999994504478971
GO_BP,Upregulated in R,GOBP_GLYCEROLIPID_METABOLIC_PROCESS,2,190,200,0.9746039951404193,"MTMR4, PIGM",0.9999994504478971
GO_BP,Downregulated in R,GOBP_POSITIVE_REGULATION_OF_CELL_CYCLE_PROCESS,1,128,200,0.9763250962848159,TGFB1,0.9999994504478971
GO_BP,Upregulated in R,GOBP_REGULATION_OF_SMALL_MOLECULE_METABOLIC_PROCESS,1,128,200,0.9763250962848159,BRCA1,0.9999994504478971
GO_BP,Downregulated in R,GOBP_ESTABLISHMENT_OF_PROTEIN_LOCALIZATION_TO_ORGANELLE,2,193,200,0.976454387015083,"GLI3, TGFB1",0.9999994504478971
GO_BP,Upregulated in R,GOBP_VESICLE_ORGANIZATION,1,129,200,0.9770138207565303,DIAPH3,0.9999994504478971
GO_BP,Upregulated in R,GOBP_REGULATION_OF_INNATE_IMMUNE_RESPONSE,2,194,200,0.9770418211206198,"BRCC3, HMGB2",0.9999994504478971
GO_BP,Upregulated in R,GOBP_INORGANIC_ION_HOMEOSTASIS,3,251,200,0.9771108836695374,"CXCL10, CXCL9, EIF2AK1",0.9999994504478971
GO_BP,Upregulated in R,GOBP_STEM_CELL_DIFFERENTIATION,1,130,200,0.9776826068852318,EZH2,0.9999994504478971
GO_BP,Upregulated in R,GOBP_ACTIVATION_OF_INNATE_IMMUNE_RESPONSE,1,130,200,0.9776826068852318,BRCC3,0.9999994504478971
GO_BP,Upregulated in R,GOBP_POSITIVE_REGULATION_OF_SECRETION,1,130,200,0.9776826068852318,RAB5A,0.9999994504478971
GO_BP,Upregulated in R,GOBP_HORMONE_TRANSPORT,1,130,200,0.9776826068852318,ENSA,0.9999994504478971
GO_BP,Upregulated in R,GOBP_REGULATION_OF_DEFENSE_RESPONSE,5,356,200,0.9777990366548294,"BRCC3, FANCA, FANCD2, HMGB2, PSMB4",0.9999994504478971
GO_BP,Upregulated in R,GOBP_PURINE_CONTAINING_COMPOUND_METABOLIC_PROCESS,3,253,200,0.9781341414735377,"NDUFAB1, NDUFS2, SDHC",0.9999994504478971
GO_BP,Upregulated in R,GOBP_BEHAVIOR,3,253,200,0.9781341414735377,"FEN1, NCSTN, RMI1",0.9999994504478971
GO_BP,Upregulated in R,GOBP_MUSCLE_SYSTEM_PROCESS,2,196,200,0.9781746310385849,"EZH2, PARP2",0.9999994504478971
GO_BP,Downregulated in R,GOBP_RNA_SPLICING,1,131,200,0.9783320290622948,CLK4,0.9999994504478971
GO_BP,Upregulated in R,GOBP_HEMOSTASIS,1,132,200,0.9789626452129847,USF1,0.9999994504478971
GO_BP,Upregulated in R,GOBP_RESPONSE_TO_GROWTH_FACTOR,5,359,200,0.9790896851590254,"CCNA2, CSTF2, KNSTRN, MTMR4, SUDS3",0.9999994504478971
GO_BP,Upregulated in R,GOBP_EXOCYTOSIS,1,133,200,0.9795749972661651,RAB5A,0.9999994504478971
GO_BP,Upregulated in R,GOBP_NEGATIVE_REGULATION_OF_RESPONSE_TO_EXTERNAL_STIMULUS,2,199,200,0.9797734353867674,"PSMB4, USF1",0.9999994504478971
GO_BP,Upregulated in R,GOBP_NUCLEOBASE_CONTAINING_SMALL_MOLECULE_METABOLIC_PROCESS,4,310,200,0.9798683294518241,"NDUFAB1, NDUFS2, SDHC, TYMS",0.9999994504478971
GO_BP,Upregulated in R,GOBP_PROTEIN_TARGETING,1,134,200,0.9801696116106727,ARL6IP1,0.9999994504478971
GO_BP,Upregulated in R,GOBP_NEGATIVE_REGULATION_OF_CYTOKINE_PRODUCTION,1,134,200,0.9801696116106727,EZH2,0.9999994504478971
GO_BP,Upregulated in R,GOBP_NEGATIVE_REGULATION_OF_DEFENSE_RESPONSE,1,134,200,0.9801696116106727,PSMB4,0.9999994504478971
GO_BP,Upregulated in R,GOBP_REGULATION_OF_BODY_FLUID_LEVELS,2,200,200,0.9802808105367398,"COPA, USF1",0.9999994504478971
GO_BP,Upregulated in R,GOBP_RECEPTOR_MEDIATED_ENDOCYTOSIS,1,137,200,0.9818520684041434,RAB5A,0.9999994504478971
GO_BP,Upregulated in R,GOBP_REGULATION_OF_ACTIN_FILAMENT_BASED_PROCESS,2,204,200,0.9821902002511794,"ECT2, STMN1",0.9999994504478971
GO_BP,Upregulated in R,GOBP_CANONICAL_WNT_SIGNALING_PATHWAY,1,139,200,0.9828940083364679,RAB5A,0.9999994504478971
GO_BP,Upregulated in R,GOBP_REGULATION_OF_LEUKOCYTE_PROLIFERATION,1,139,200,0.9828940083364679,ATAD5,0.9999994504478971
GO_BP,Upregulated in R,GOBP_HEART_DEVELOPMENT,4,318,200,0.9830409144398283,"CACYBP, CDK1, PARP2, PCNA",0.9999994504478971
GO_BP,Upregulated in R,GOBP_REGULATION_OF_ACTIN_FILAMENT_ORGANIZATION,1,141,200,0.9838764085948064,STMN1,0.9999994504478971
GO_BP,Upregulated in R,GOBP_RESPONSE_TO_INSULIN,1,141,200,0.9838764085948064,USF1,0.9999994504478971
GO_BP,Upregulated in R,GOBP_AMIDE_TRANSPORT,1,141,200,0.9838764085948064,ENSA,0.9999994504478971
GO_BP,Upregulated in R,GOBP_POSITIVE_REGULATION_OF_DEFENSE_RESPONSE,2,208,200,0.9839203827060973,"BRCC3, HMGB2",0.9999994504478971
GO_BP,Downregulated in R,GOBP_CHROMOSOME_ORGANIZATION,3,268,200,0.9845369034976285,"HMGA2, MAP3K4, TEP1",0.9999994504478971
GO_BP,Upregulated in R,GOBP_CELL_CELL_SIGNALING,7,473,200,0.9847769501751543,"ANXA9, CXCL10, CXCL9, ENSA, EZH2, NCSTN, RAB5A",0.9999994504478971
GO_BP,Upregulated in R,GOBP_WNT_SIGNALING_PATHWAY,2,211,200,0.98511016089313,"CCNE1, RAB5A",0.9999994504478971
GO_BP,Upregulated in R,GOBP_AMIDE_METABOLIC_PROCESS,2,213,200,0.9858555194794254,"NCSTN, PSENEN",0.9999994504478971
GO_BP,Upregulated in R,GOBP_POSITIVE_REGULATION_OF_LEUKOCYTE_CELL_CELL_ADHESION,1,146,200,0.9860936758464148,ACTL6A,0.9999994504478971
GO_BP,Upregulated in R,GOBP_POSITIVE_REGULATION_OF_CELL_DEVELOPMENT,2,215,200,0.9865646852759504,"ACTL6A, AURKA",0.9999994504478971
GO_BP,Downregulated in R,GOBP_PROTEIN_MODIFICATION_BY_SMALL_PROTEIN_CONJUGATION,3,275,200,0.9868717081579902,"RNF217, SH3RF2, WWTR1",0.9999994504478971
GO_BP,Upregulated in R,GOBP_LEUKOCYTE_CELL_CELL_ADHESION,2,216,200,0.9869062257620036,"ACTL6A, PODXL2",0.9999994504478971
GO_BP,Upregulated in R,GOBP_MESENCHYMAL_CELL_DIFFERENTIATION,1,149,200,0.9872755253448408,EZH2,0.9999994504478971
GO_BP,Upregulated in R,GOBP_CYTOKINE_PRODUCTION,5,384,200,0.9874284084841282,"BRCA1, EZH2, HMGB2, KPNA2, UFC1",0.9999994504478971
GO_BP,Downregulated in R,GOBP_REGULATION_OF_TRANSLATION,1,150,200,0.9876468260350992,SAMD4A,0.9999994504478971
GO_BP,Upregulated in R,GOBP_CELL_PROJECTION_ASSEMBLY,3,278,200,0.9877656819752729,"CENPJ, PLK4, RAB5A",0.9999994504478971
GO_BP,Upregulated in R,GOBP_REGULATION_OF_RESPONSE_TO_EXTERNAL_STIMULUS,7,487,200,0.9883011733373172,"BRCC3, CXCL10, FANCA, FANCD2, HMGB2, PSMB4, USF1",0.9999994504478971
GO_BP,Upregulated in R,GOBP_ADAPTIVE_IMMUNE_RESPONSE,2,221,200,0.9884915220514717,"ATAD5, EXO1",0.9999994504478971
GO_BP,Upregulated in R,GOBP_CONNECTIVE_TISSUE_DEVELOPMENT,1,153,200,0.9886972735817443,TYMS,0.9999994504478971
GO_BP,Upregulated in R,GOBP_LIPID_BIOSYNTHETIC_PROCESS,4,337,200,0.9887921531994385,"BRCA1, MTMR4, NDUFAB1, PIGM",0.9999994504478971
GO_BP,Downregulated in R,GOBP_POST_TRANSLATIONAL_PROTEIN_MODIFICATION,4,338,200,0.9890366684530458,"RNF217, SH3RF2, TPST1, WWTR1",0.9999994504478971
GO_BP,Upregulated in R,GOBP_MONOATOMIC_ION_HOMEOSTASIS,3,285,200,0.9896307870503536,"CXCL10, CXCL9, EIF2AK1",0.9999994504478971
GO_BP,Downregulated in R,GOBP_POSITIVE_REGULATION_OF_CELL_CYCLE,1,156,200,0.9896588052908201,TGFB1,0.9999994504478971
GO_BP,Upregulated in R,GOBP_CYTOKINE_MEDIATED_SIGNALING_PATHWAY,2,226,200,0.9898898921227713,"CXCL10, CXCL9",0.9999994504478971
GO_BP,Upregulated in R,GOBP_ORGANIC_ACID_TRANSPORT,1,157,200,0.9899608702742925,ARL6IP1,0.9999994504478971
GO_BP,Downregulated in R,GOBP_MRNA_METABOLIC_PROCESS,2,227,200,0.9901490500776249,"SAMD4A, ZFP36L2",0.9999994504478971
GO_BP,Downregulated in R,GOBP_NUCLEIC_ACID_CATABOLIC_PROCESS,2,229,200,0.9906481423518644,"SAMD4A, ZFP36L2",0.9999994504478971
GO_BP,Upregulated in R,GOBP_REGULATION_OF_SYSTEM_PROCESS,2,230,200,0.9908883833998039,"EPB41, PARP2",0.9999994504478971
GO_BP,Upregulated in R,GOBP_REGULATION_OF_RESPONSE_TO_BIOTIC_STIMULUS,2,231,200,0.991122619726515,"BRCC3, HMGB2",0.9999994504478971
GO_BP,Upregulated in R,GOBP_GLYCOPROTEIN_BIOSYNTHETIC_PROCESS,1,162,200,0.9913444597964273,NCSTN,0.9999994504478971
GO_BP,Upregulated in R,GOBP_PHOSPHATIDYLINOSITOL_3_KINASE_PROTEIN_KINASE_B_SIGNAL_TRANSDUCTION,1,162,200,0.9913444597964273,CEP55,0.9999994504478971
GO_BP,Upregulated in R,GOBP_EPITHELIAL_CELL_PROLIFERATION,2,232,200,0.9913509960846172,"HMGB2, NCSTN",0.9999994504478971
GO_BP,Upregulated in R,GOBP_INNATE_IMMUNE_RESPONSE,5,402,200,0.991372408554334,"BRCC3, CXCL10, HMGB2, HMGB3, SKP2",0.9999994504478971
GO_BP,Upregulated in R,GOBP_ERK1_AND_ERK2_CASCADE,1,163,200,0.9915975087718277,CDK1,0.9999994504478971
GO_BP,Upregulated in R,GOBP_NEGATIVE_REGULATION_OF_CELL_DIFFERENTIATION,3,295,200,0.9918292564130653,"ACTL6A, CXCL10, EZH2",0.9999994504478971
GO_BP,Upregulated in R,GOBP_CANONICAL_NF_KAPPAB_SIGNAL_TRANSDUCTION,1,165,200,0.9920817335749842,ECT2,0.9999994504478971
GO_BP,Downregulated in R,GOBP_REGULATION_OF_PROTEIN_STABILITY,1,165,200,0.9920817335749842,HIP1,0.9999994504478971
GO_BP,Upregulated in R,GOBP_REGULATION_OF_IMMUNE_EFFECTOR_PROCESS,1,166,200,0.9923133295511473,ATAD5,0.9999994504478971
GO_BP,Upregulated in R,GOBP_NEGATIVE_REGULATION_OF_LOCOMOTION,1,169,200,0.9929684473774298,SUDS3,0.9999994504478971
GO_BP,Upregulated in R,GOBP_PROTEIN_LOCALIZATION_TO_EXTRACELLULAR_REGION,1,170,200,0.9931742288413622,ENSA,0.9999994504478971
GO_BP,Downregulated in R,GOBP_DNA_REPAIR,2,242,200,0.9933420246933827,"GADD45A, HMGA2",0.9999994504478971
GO_BP,Upregulated in R,GOBP_POSITIVE_REGULATION_OF_CELL_CELL_ADHESION,1,172,200,0.9935679863051027,ACTL6A,0.9999994504478971
GO_BP,Upregulated in R,GOBP_ACTIN_FILAMENT_ORGANIZATION,2,244,200,0.9936828037966545,"DIAPH3, STMN1",0.9999994504478971
GO_BP,Upregulated in R,GOBP_REGULATION_OF_CELLULAR_COMPONENT_SIZE,1,175,200,0.9941166398569768,RAB5A,0.9999994504478971
GO_BP,Upregulated in R,GOBP_MESENCHYME_DEVELOPMENT,1,177,200,0.9944562774203458,EZH2,0.9999994504478971
GO_BP,Upregulated in R,GOBP_REGULATION_OF_SECRETION,2,249,200,0.9944620605568032,"ENSA, RAB5A",0.9999994504478971
GO_BP,Upregulated in R,GOBP_NERVOUS_SYSTEM_PROCESS,4,370,200,0.9946559924086912,"ATF6, DIAPH3, FEN1, NCSTN",0.9999994504478971
GO_BP,Upregulated in R,GOBP_MAPK_CASCADE,4,370,200,0.9946559924086912,"CDK1, DNAJA1, EZH2, FOXM1",0.9999994504478971
GO_BP,Upregulated in R,GOBP_ORGANOPHOSPHATE_METABOLIC_PROCESS,6,477,200,0.9946982395385097,"MTMR4, NDUFAB1, NDUFS2, PIGM, SDHC, TYMS",0.9999994504478971
GO_BP,Upregulated in R,GOBP_RESPONSE_TO_BACTERIUM,3,314,200,0.9948359257484324,"CXCL10, CXCL9, HMGB2",0.9999994504478971
GO_BP,Upregulated in R,GOBP_RESPONSE_TO_WOUNDING,3,318,200,0.9953159654126607,"AURKA, CDK1, USF1",0.9999994504478971
GO_BP,Downregulated in R,GOBP_PROTEIN_DNA_COMPLEX_ORGANIZATION,3,320,200,0.9955395267221296,"CHD9, HIPK2, HMGA2",0.9999994504478971
GO_BP,Upregulated in R,GOBP_MONOCARBOXYLIC_ACID_METABOLIC_PROCESS,3,323,200,0.995855646002428,"ACAD9, BRCA1, NDUFAB1",0.9999994504478971
GO_BP,Upregulated in R,GOBP_ACTIN_FILAMENT_BASED_PROCESS,5,441,200,0.9962835559951587,"DIAPH3, ECT2, EPB41, RACGAP1, STMN1",0.9999994504478971
GO_BP,Upregulated in R,GOBP_REGULATION_OF_EPITHELIAL_CELL_PROLIFERATION,1,193,200,0.9965570315311918,HMGB2,0.9999994504478971
GO_BP,Upregulated in R,GOBP_ORGANIC_ANION_TRANSPORT,1,194,200,0.9966581466110394,ARL6IP1,0.9999994504478971
GO_BP,Upregulated in R,GOBP_POSITIVE_REGULATION_OF_IMMUNE_RESPONSE,3,332,200,0.9966793521419738,"ATAD5, BRCC3, HMGB2",0.9999994504478971
GO_BP,Upregulated in R,GOBP_REGULATION_OF_CELL_PROJECTION_ORGANIZATION,3,332,200,0.9966793521419738,"CENPJ, EZH2, RAB5A",0.9999994504478971
GO_BP,Upregulated in R,GOBP_GLYCOPROTEIN_METABOLIC_PROCESS,1,195,200,0.9967563064990981,NCSTN,0.9999994504478971
GO_BP,Upregulated in R,GOBP_SMALL_MOLECULE_BIOSYNTHETIC_PROCESS,2,275,200,0.9972256440685011,"BRCA1, NDUFAB1",0.9999994504478971
GO_BP,Upregulated in R,GOBP_MORPHOGENESIS_OF_AN_EPITHELIUM,2,276,200,0.9972989960928287,"CXCL10, TIMELESS",0.9999994504478971
GO_BP,Upregulated in R,GOBP_MONOATOMIC_CATION_TRANSPORT,4,404,200,0.9975707034249061,"CDK2, CXCL10, CXCL9, EPB41",0.9999994504478971
GO_BP,Upregulated in R,GOBP_REGULATION_OF_NEURON_PROJECTION_DEVELOPMENT,1,207,200,0.9977326525203468,EZH2,0.9999994504478971
GO_BP,Upregulated in R,GOBP_NEGATIVE_REGULATION_OF_CELL_POPULATION_PROLIFERATION,3,349,200,0.9978241498868811,"BRIP1, CDC6, EIF2AK1",0.9999994504478971
GO_BP,Upregulated in R,GOBP_CELL_JUNCTION_ASSEMBLY,1,209,200,0.9978641502506918,ECT2,0.9999994504478971
GO_BP,Upregulated in R,GOBP_REGULATION_OF_IMMUNE_RESPONSE,4,414,200,0.9980820279387269,"ATAD5, BRCC3, HMGB2, PSMB4",0.9999994504478971
GO_BP,Upregulated in R,GOBP_NEGATIVE_REGULATION_OF_DEVELOPMENTAL_PROCESS,4,415,200,0.9981270231653575,"ACTL6A, CXCL10, EZH2, SUDS3",0.9999994504478971
GO_BP,Upregulated in R,GOBP_BLOOD_VESSEL_MORPHOGENESIS,3,356,200,0.9981745540028395,"BRCA1, CXCL10, E2F8",0.9999994504478971
GO_BP,Upregulated in R,GOBP_MONOATOMIC_ION_TRANSPORT,5,473,200,0.9981832056979789,"CDK2, CXCL10, CXCL9, EPB41, RACGAP1",0.9999994504478971
GO_BP,Upregulated in R,GOBP_CHEMICAL_HOMEOSTASIS,5,473,200,0.9981832056979789,"CXCL10, CXCL9, EIF2AK1, RMI1, USF1",0.9999994504478971
GO_BP,Upregulated in R,GOBP_IMMUNE_EFFECTOR_PROCESS,2,291,200,0.9981961170077445,"ATAD5, EXO1",0.9999994504478971
GO_BP,Downregulated in R,GOBP_RNA_PROCESSING,3,358,200,0.9982641519875003,"ATXN1, CLK4, TGFB1",0.9999994504478971
GO_BP,Upregulated in R,GOBP_CELLULAR_LIPID_METABOLIC_PROCESS,5,486,200,0.9986494923401285,"ACAD9, BRCA1, MTMR4, NDUFAB1, PIGM",0.9999994504478971
GO_BP,Upregulated in R,GOBP_POSITIVE_REGULATION_OF_MAPK_CASCADE,1,225,200,0.9986765361506459,EZH2,0.9999994504478971
GO_BP,Upregulated in R,GOBP_POSITIVE_REGULATION_OF_IMMUNE_SYSTEM_PROCESS,5,496,200,0.9989273321826728,"ACTL6A, ATAD5, BRCC3, CXCL10, HMGB2",0.9999994504478971
GO_BP,Upregulated in R,GOBP_REGULATION_OF_ANATOMICAL_STRUCTURE_SIZE,1,233,200,0.9989586518939623,RAB5A,0.9999994504478971
GO_BP,Upregulated in R,GOBP_REGULATION_OF_VESICLE_MEDIATED_TRANSPORT,1,233,200,0.9989586518939623,RAB5A,0.9999994504478971
GO_BP,Upregulated in R,GOBP_LOCALIZATION_WITHIN_MEMBRANE,2,312,200,0.9989802790718052,"ARL6IP1, RAB11FIP4",0.9999994504478971
GO_BP,Upregulated in R,GOBP_CELL_SUBSTRATE_ADHESION,1,238,200,0.9991036865799174,KIF14,0.9999994504478971
GO_BP,Upregulated in R,GOBP_CELL_PROJECTION_MORPHOGENESIS,2,317,200,0.9991105399653448,"AURKA, STMN1",0.9999994504478971
GO_BP,Upregulated in R,GOBP_AXON_DEVELOPMENT,1,240,200,0.9991559040783922,STMN1,0.9999994504478971
GO_BP,Upregulated in R,GOBP_REGULATION_OF_HORMONE_LEVELS,1,242,200,0.9992050938109599,ENSA,0.9999994504478971
GO_BP,Upregulated in R,GOBP_MONOATOMIC_CATION_TRANSMEMBRANE_TRANSPORT,2,326,200,0.999305068729759,"CXCL10, CXCL9",0.9999994504478971
GO_BP,Upregulated in R,GOBP_NEGATIVE_REGULATION_OF_IMMUNE_SYSTEM_PROCESS,1,248,200,0.9993361941098609,PSMB4,0.9999994504478971
GO_BP,Upregulated in R,GOBP_TISSUE_MORPHOGENESIS,2,328,200,0.9993422455597369,"CXCL10, TIMELESS",0.9999994504478971
GO_BP,Upregulated in R,GOBP_SKELETAL_SYSTEM_DEVELOPMENT,1,249,200,0.9993558478741876,TYMS,0.9999994504478971
GO_BP,Upregulated in R,GOBP_WOUND_HEALING,1,251,200,0.999393435144817,USF1,0.9999994504478971
GO_BP,Upregulated in R,GOBP_IMMUNE_RESPONSE_REGULATING_SIGNALING_PATHWAY,1,254,200,0.9994457627423905,BRCC3,0.9999994504478971
GO_BP,Upregulated in R,GOBP_REGULATION_OF_CELL_CELL_ADHESION,1,257,200,0.9994935967234875,ACTL6A,0.9999994504478971
GO_BP,Upregulated in R,GOBP_POSITIVE_REGULATION_OF_LOCOMOTION,2,338,200,0.9995007045048873,"CXCL10, EZH2",0.9999994504478971
GO_BP,Upregulated in R,GOBP_SECRETION,3,410,200,0.9995416301361082,"COPA, ENSA, RAB5A",0.9999994504478971
GO_BP,Upregulated in R,GOBP_ACTIVATION_OF_IMMUNE_RESPONSE,1,263,200,0.9995772876160898,BRCC3,0.9999994504478971
GO_BP,Upregulated in R,GOBP_ENDOCYTOSIS,2,352,200,0.9996612269609864,"EIF2AK1, RAB5A",0.9999994504478971
GO_BP,Upregulated in R,GOBP_REGULATION_OF_ANATOMICAL_STRUCTURE_MORPHOGENESIS,3,422,200,0.9996648708990498,"AURKA, BRCA1, CXCL10",0.9999994504478971
GO_BP,Upregulated in R,GOBP_VASCULATURE_DEVELOPMENT,3,423,200,0.999673533933718,"BRCA1, CXCL10, E2F8",0.9999994504478971
GO_BP,Upregulated in R,GOBP_TUBE_MORPHOGENESIS,4,487,200,0.9996764428723485,"BRCA1, CXCL10, E2F8, TIMELESS",0.9999994504478971
GO_BP,Upregulated in R,GOBP_POSITIVE_REGULATION_OF_CELL_ADHESION,1,274,200,0.9996965879331201,ACTL6A,0.9999994504478971
GO_BP,Upregulated in R,GOBP_CELL_MORPHOGENESIS_INVOLVED_IN_NEURON_DIFFERENTIATION,1,280,200,0.9997468487835418,STMN1,0.9999994504478971
GO_BP,Downregulated in R,GOBP_TRANSLATION,1,281,200,0.9997543796839272,SAMD4A,0.9999994504478971
GO_BP,Upregulated in R,GOBP_EXPORT_FROM_CELL,2,372,200,0.9998060892929254,"ENSA, RAB5A",0.9999994504478971
GO_BP,Upregulated in R,GOBP_IMPORT_INTO_CELL,3,447,200,0.9998265975027993,"ARL6IP1, EIF2AK1, RAB5A",0.9999994504478971
GO_BP,Upregulated in R,GOBP_CIRCULATORY_SYSTEM_PROCESS,1,296,200,0.9998439404869375,CXCL10,0.9999994504478971
GO_BP,Upregulated in R,GOBP_ORGANIC_ACID_METABOLIC_PROCESS,3,455,200,0.9998598112737993,"ACAD9, BRCA1, NDUFAB1",0.9999994504478971
GO_BP,Upregulated in R,GOBP_CELLULAR_HOMEOSTASIS,2,384,200,0.9998615425352373,"CXCL10, CXCL9",0.9999994504478971
GO_BP,Upregulated in R,GOBP_MONOATOMIC_ION_TRANSMEMBRANE_TRANSPORT,2,386,200,0.999869120478269,"CXCL10, CXCL9",0.9999994504478971
GO_BP,Upregulated in R,GOBP_CELL_MORPHOGENESIS,3,479,200,0.9999262870374601,"AURKA, ECT2, STMN1",0.9999994504478971
GO_BP,Upregulated in R,GOBP_CELL_SURFACE_RECEPTOR_PROTEIN_TYROSINE_KINASE_SIGNALING_PATHWAY,1,328,200,0.9999409010245416,STMN1,0.9999994504478971
GO_BP,Upregulated in R,GOBP_ENZYME_LINKED_RECEPTOR_PROTEIN_SIGNALING_PATHWAY,3,490,200,0.999945228770749,"MTMR4, STMN1, SUDS3",0.9999994504478971
GO_BP,Upregulated in R,GOBP_CELL_JUNCTION_ORGANIZATION,1,362,200,0.999979046442014,ECT2,0.9999994504478971
GO_BP,Upregulated in R,GOBP_REGULATION_OF_CELL_ADHESION,2,457,200,0.999982701019268,"ACTL6A, KIF14",0.9999994504478971
GO_BP,Upregulated in R,GOBP_ANIMAL_ORGAN_MORPHOGENESIS,1,480,200,0.9999994504478971,FANCD2,0.9999994504478971
